season,season_start,Date,HomeTeam,AwayTeam,Referee,FTHG,FTAG,HF,AF,HY,AY,HR,AR,crowd,ghost,partial,attendance,low_fouls,card_diff,cpf_diff,foul_diff,red_diff,var,trend
2010/11,2010,2010-08-14,Aston Villa,West Ham,M Dean,3,0,15,15,1,2,0,0,full,0,0,,0,1,0.06666666666666667,0,0,0,0
2010/11,2010,2010-08-14,Blackburn,Everton,P Dowd,1,0,19,14,2,1,0,0,full,0,0,,0,-1,-0.03383458646616541,-5,0,0,0
2010/11,2010,2010-08-14,Bolton,Fulham,S Attwell,0,0,12,13,1,3,0,0,full,0,0,,0,2,0.14743589743589747,1,0,0,0
2010/11,2010,2010-08-14,Chelsea,West Brom,M Clattenburg,6,0,10,10,1,0,0,0,full,0,0,,0,-1,-0.1,0,0,0,0
2010/11,2010,2010-08-14,Sunderland,Birmingham,A Taylor,2,2,13,10,3,3,1,0,full,0,0,,0,0,0.0692307692307692,-3,-1,0,0
2010/11,2010,2010-08-14,Tottenham,Man City,A Marriner,0,0,13,16,0,2,0,0,full,0,0,,0,2,0.125,3,0,0,0
2010/11,2010,2010-08-14,Wigan,Blackpool,M Halsey,0,4,8,11,1,1,0,0,full,0,0,,0,0,-0.03409090909090909,3,0,0,0
2010/11,2010,2010-08-14,Wolves,Stoke,L Probert,2,1,17,13,0,2,0,0,full,0,0,,0,2,0.15384615384615385,-4,0,0,0
2010/11,2010,2010-08-15,Liverpool,Arsenal,M Atkinson,1,1,13,15,1,3,1,1,full,0,0,,0,2,0.12307692307692308,2,0,0,0
2010/11,2010,2010-08-16,Man United,Newcastle,C Foy,3,0,9,5,2,2,0,0,full,0,0,,0,0,0.1777777777777778,-4,0,0,0
2010/11,2010,2010-08-21,Arsenal,Blackpool,M Jones,6,0,9,3,0,0,0,1,full,0,0,,0,0,0.0,-6,1,0,0
2010/11,2010,2010-08-21,Birmingham,Blackburn,M Oliver,2,1,13,14,2,3,0,0,full,0,0,,0,1,0.06043956043956042,1,0,0,0
2010/11,2010,2010-08-21,Everton,Wolves,L Mason,1,1,18,15,1,2,0,0,full,0,0,,0,1,0.07777777777777778,-3,0,0,0
2010/11,2010,2010-08-21,Stoke,Tottenham,C Foy,1,2,15,4,3,1,0,0,full,0,0,,0,-2,0.04999999999999999,-11,0,0,0
2010/11,2010,2010-08-21,West Brom,Sunderland,K Friend,1,0,16,12,2,2,0,0,full,0,0,,0,0,0.04166666666666666,-4,0,0,0
2010/11,2010,2010-08-21,West Ham,Bolton,A Marriner,1,3,11,18,2,4,0,0,full,0,0,,0,2,0.04040404040404039,7,0,0,0
2010/11,2010,2010-08-21,Wigan,Chelsea,M Dean,0,6,12,7,1,2,0,0,full,0,0,,0,1,0.20238095238095238,-5,0,0,0
2010/11,2010,2010-08-22,Fulham,Man United,P Walton,2,2,7,6,2,2,0,0,full,0,0,,0,0,0.047619047619047616,-1,0,0,0
2010/11,2010,2010-08-22,Newcastle,Aston Villa,M Atkinson,6,0,15,12,3,1,0,0,full,0,0,,0,-2,-0.11666666666666668,-3,0,0,0
2010/11,2010,2010-08-23,Man City,Liverpool,P Dowd,3,0,13,12,1,1,0,0,full,0,0,,0,0,0.006410256410256401,-1,0,0,0
2010/11,2010,2010-08-28,Blackburn,Arsenal,C Foy,1,2,9,7,1,0,0,0,full,0,0,,0,-1,-0.1111111111111111,-2,0,0,0
2010/11,2010,2010-08-28,Blackpool,Fulham,M Oliver,2,2,13,16,1,0,0,0,full,0,0,,0,-1,-0.07692307692307693,3,0,0,0
2010/11,2010,2010-08-28,Chelsea,Stoke,M Atkinson,2,0,5,10,0,2,0,0,full,0,0,,0,2,0.2,5,0,0,0
2010/11,2010,2010-08-28,Man United,West Ham,M Clattenburg,3,0,6,11,1,2,0,0,full,0,0,,0,1,0.015151515151515166,5,0,0,0
2010/11,2010,2010-08-28,Tottenham,Wigan,P Dowd,0,1,10,11,3,2,0,0,full,0,0,,0,-1,-0.11818181818181817,1,0,0,0
2010/11,2010,2010-08-28,Wolves,Newcastle,S Attwell,1,1,20,17,7,4,0,0,full,0,0,,0,-3,-0.11470588235294116,-3,0,0,0
2010/11,2010,2010-08-29,Aston Villa,Everton,M Jones,1,0,19,10,4,0,0,0,full,0,0,,0,-4,-0.21052631578947367,-9,0,0,0
2010/11,2010,2010-08-29,Bolton,Birmingham,K Friend,2,2,19,17,2,3,1,0,full,0,0,,0,1,0.07120743034055729,-2,-1,0,0
2010/11,2010,2010-08-29,Liverpool,West Brom,L Probert,1,0,9,8,0,0,0,1,full,0,0,,0,0,0.0,-1,1,0,0
2010/11,2010,2010-08-29,Sunderland,Man City,M Dean,1,0,5,9,0,3,0,0,full,0,0,,0,3,0.3333333333333333,4,0,0,0
2010/11,2010,2010-09-11,Arsenal,Bolton,S Attwell,4,1,11,11,2,2,0,1,full,0,0,,0,0,0.0,0,1,0,0
2010/11,2010,2010-09-11,Everton,Man United,M Atkinson,3,3,11,18,1,1,0,0,full,0,0,,0,0,-0.03535353535353536,7,0,0,0
2010/11,2010,2010-09-11,Fulham,Wolves,P Dowd,2,1,9,17,3,6,0,1,full,0,0,,0,3,0.019607843137254943,8,1,0,0
2010/11,2010,2010-09-11,Man City,Blackburn,M Clattenburg,1,1,12,10,2,1,0,0,full,0,0,,0,-1,-0.06666666666666665,-2,0,0,0
2010/11,2010,2010-09-11,Newcastle,Blackpool,L Mason,0,2,15,14,2,3,0,0,full,0,0,,0,1,0.08095238095238094,-1,0,0,0
2010/11,2010,2010-09-11,West Brom,Tottenham,H Webb,1,1,12,9,2,1,0,0,full,0,0,,0,-1,-0.05555555555555555,-3,0,0,0
2010/11,2010,2010-09-11,West Ham,Chelsea,C Foy,1,3,13,10,2,2,0,0,full,0,0,,0,0,0.046153846153846156,-3,0,0,0
2010/11,2010,2010-09-11,Wigan,Sunderland,A Marriner,1,1,19,11,4,2,0,1,full,0,0,,0,-2,-0.02870813397129185,-8,1,0,0
2010/11,2010,2010-09-12,Birmingham,Liverpool,M Halsey,0,0,8,9,1,0,0,0,full,0,0,,0,-1,-0.125,1,0,0,0
2010/11,2010,2010-09-13,Stoke,Aston Villa,L Probert,2,1,11,14,1,2,0,0,full,0,0,,0,1,0.05194805194805194,3,0,0,0
2010/11,2010,2010-09-18,Aston Villa,Bolton,M Dean,1,1,15,8,1,2,0,0,full,0,0,,0,1,0.18333333333333335,-7,0,0,0
2010/11,2010,2010-09-18,Blackburn,Fulham,A Taylor,1,1,15,10,0,1,0,0,full,0,0,,0,1,0.1,-5,0,0,0
2010/11,2010,2010-09-18,Everton,Newcastle,A Marriner,0,1,15,21,2,3,0,0,full,0,0,,0,1,0.009523809523809518,6,0,0,0
2010/11,2010,2010-09-18,Stoke,West Ham,L Mason,1,1,14,8,3,2,0,0,full,0,0,,0,-1,0.035714285714285726,-6,0,0,0
2010/11,2010,2010-09-18,Sunderland,Arsenal,P Dowd,1,1,11,13,2,2,0,1,full,0,0,,0,0,-0.02797202797202797,2,1,0,0
2010/11,2010,2010-09-18,Tottenham,Wolves,M Jones,3,1,7,11,3,3,0,0,full,0,0,,0,0,-0.15584415584415584,4,0,0,0
2010/11,2010,2010-09-18,West Brom,Birmingham,C Foy,3,1,11,8,1,1,0,0,full,0,0,,0,0,0.03409090909090909,-3,0,0,0
2010/11,2010,2010-09-19,Chelsea,Blackpool,M Clattenburg,4,0,7,4,1,2,0,0,full,0,0,,0,1,0.35714285714285715,-3,0,0,0
2010/11,2010,2010-09-19,Man United,Liverpool,H Webb,3,2,15,10,4,1,0,0,full,0,0,,0,-3,-0.16666666666666666,-5,0,0,0
2010/11,2010,2010-09-19,Wigan,Man City,L Probert,0,2,10,14,1,2,0,0,full,0,0,,0,1,0.042857142857142844,4,0,0,0
2010/11,2010,2010-09-25,Arsenal,West Brom,M Oliver,2,3,15,14,4,3,0,0,full,0,0,,0,-1,-0.05238095238095239,-1,0,0,0
2010/11,2010,2010-09-25,Birmingham,Wigan,M Clattenburg,0,0,12,18,2,3,1,0,full,0,0,,0,1,0.0,6,-1,0,0
2010/11,2010,2010-09-25,Blackpool,Blackburn,M Dean,1,2,12,11,2,1,0,0,full,0,0,,0,-1,-0.07575757575757575,-1,0,0,0
2010/11,2010,2010-09-25,Fulham,Everton,H Webb,0,0,15,13,2,1,0,0,full,0,0,,0,-1,-0.056410256410256404,-2,0,0,0
2010/11,2010,2010-09-25,Liverpool,Sunderland,S Attwell,2,2,15,7,3,1,0,0,full,0,0,,0,-2,-0.05714285714285716,-8,0,0,0
2010/11,2010,2010-09-25,Man City,Chelsea,A Marriner,1,0,10,12,2,3,0,0,full,0,0,,0,1,0.04999999999999999,2,0,0,0
2010/11,2010,2010-09-25,West Ham,Tottenham,M Atkinson,1,0,10,11,2,0,0,0,full,0,0,,0,-2,-0.2,1,0,0,0
2010/11,2010,2010-09-26,Bolton,Man United,P Dowd,2,2,16,18,1,2,0,0,full,0,0,,0,1,0.048611111111111105,2,0,0,0
2010/11,2010,2010-09-26,Newcastle,Stoke,M Jones,1,2,8,11,0,1,0,0,full,0,0,,0,1,0.09090909090909091,3,0,0,0
2010/11,2010,2010-09-26,Wolves,Aston Villa,M Halsey,1,2,15,19,1,2,0,0,full,0,0,,0,1,0.03859649122807017,4,0,0,0
2010/11,2010,2010-10-02,Birmingham,Everton,P Dowd,0,2,5,11,0,0,0,0,full,0,0,,0,0,0.0,6,0,0,0
2010/11,2010,2010-10-02,Stoke,Blackburn,H Webb,1,0,8,13,2,3,0,0,full,0,0,,0,1,-0.019230769230769218,5,0,0,0
2010/11,2010,2010-10-02,Sunderland,Man United,C Foy,0,0,10,6,1,2,0,0,full,0,0,,0,1,0.2333333333333333,-4,0,0,0
2010/11,2010,2010-10-02,Tottenham,Aston Villa,M Clattenburg,2,1,12,19,1,3,0,0,full,0,0,,0,2,0.07456140350877193,7,0,0,0
2010/11,2010,2010-10-02,West Brom,Bolton,P Walton,1,1,8,10,3,2,0,0,full,0,0,,0,-1,-0.175,2,0,0,0
2010/11,2010,2010-10-02,West Ham,Fulham,A Marriner,1,1,15,8,3,1,0,0,full,0,0,,0,-2,-0.07500000000000001,-7,0,0,0
2010/11,2010,2010-10-02,Wigan,Wolves,L Mason,2,0,9,12,1,2,0,1,full,0,0,,0,1,0.05555555555555555,3,1,0,0
2010/11,2010,2010-10-03,Chelsea,Arsenal,M Dean,2,0,7,12,1,1,0,0,full,0,0,,0,0,-0.05952380952380952,5,0,0,0
2010/11,2010,2010-10-03,Liverpool,Blackpool,M Jones,1,2,11,10,2,1,0,0,full,0,0,,0,-1,-0.08181818181818182,-1,0,0,0
2010/11,2010,2010-10-03,Man City,Newcastle,M Atkinson,2,1,11,13,3,2,0,0,full,0,0,,0,-1,-0.11888111888111885,2,0,0,0
2010/11,2010,2010-10-16,Arsenal,Birmingham,M Atkinson,2,1,16,9,2,2,1,0,full,0,0,,0,0,0.09722222222222221,-7,-1,0,0
2010/11,2010,2010-10-16,Aston Villa,Chelsea,L Mason,0,0,11,11,4,3,0,0,full,0,0,,0,-1,-0.09090909090909094,0,0,0,0
2010/11,2010,2010-10-16,Bolton,Stoke,P Walton,2,1,10,8,2,2,1,0,full,0,0,,0,0,0.04999999999999999,-2,-1,0,0
2010/11,2010,2010-10-16,Fulham,Tottenham,M Dean,1,2,9,10,1,1,0,0,full,0,0,,0,0,-0.0111111111111111,1,0,0,0
2010/11,2010,2010-10-16,Man United,West Brom,M Jones,2,2,10,7,1,2,0,0,full,0,0,,0,1,0.1857142857142857,-3,0,0,0
2010/11,2010,2010-10-16,Newcastle,Wigan,M Halsey,2,2,13,14,2,1,0,0,full,0,0,,0,-1,-0.08241758241758243,1,0,0,0
2010/11,2010,2010-10-16,Wolves,West Ham,M Clattenburg,1,1,10,8,0,1,0,0,full,0,0,,0,1,0.125,-2,0,0,0
2010/11,2010,2010-10-17,Blackpool,Man City,P Dowd,2,3,9,9,0,2,0,0,full,0,0,,0,2,0.2222222222222222,0,0,0,0
2010/11,2010,2010-10-17,Everton,Liverpool,H Webb,2,0,10,9,2,2,0,0,full,0,0,,0,0,0.0222222222222222,-1,0,0,0
2010/11,2010,2010-10-18,Blackburn,Sunderland,L Probert,0,0,12,11,2,1,1,0,full,0,0,,0,-1,-0.07575757575757575,-1,-1,0,0
2010/11,2010,2010-10-23,Birmingham,Blackpool,A Taylor,2,0,8,16,1,1,0,0,full,0,0,,0,0,-0.0625,8,0,0,0
2010/11,2010,2010-10-23,Chelsea,Wolves,L Probert,2,0,8,8,1,2,0,0,full,0,0,,0,1,0.125,0,0,0,0
2010/11,2010,2010-10-23,Sunderland,Aston Villa,M Halsey,1,0,11,13,1,2,0,0,full,0,0,,0,1,0.06293706293706294,2,0,0,0
2010/11,2010,2010-10-23,Tottenham,Everton,M Jones,1,1,15,14,3,1,0,0,full,0,0,,0,-2,-0.1285714285714286,-1,0,0,0
2010/11,2010,2010-10-23,West Brom,Fulham,K Friend,2,1,3,8,0,0,0,0,full,0,0,,0,0,0.0,5,0,0,0
2010/11,2010,2010-10-23,West Ham,Newcastle,C Foy,1,2,12,6,0,0,0,0,full,0,0,,0,0,0.0,-6,0,0,0
2010/11,2010,2010-10-23,Wigan,Bolton,H Webb,1,1,8,14,0,2,0,0,full,0,0,,0,2,0.14285714285714285,6,0,0,0
2010/11,2010,2010-10-24,Liverpool,Blackburn,P Dowd,2,1,17,12,2,3,0,0,full,0,0,,0,1,0.1323529411764706,-5,0,0,0
2010/11,2010,2010-10-24,Man City,Arsenal,M Clattenburg,0,3,11,10,2,4,1,0,full,0,0,,0,2,0.2181818181818182,-1,-1,0,0
2010/11,2010,2010-10-24,Stoke,Man United,A Marriner,1,2,6,13,2,2,0,0,full,0,0,,0,0,-0.17948717948717946,7,0,0,0
2010/11,2010,2010-10-30,Arsenal,West Ham,M Jones,1,0,14,18,2,2,0,0,full,0,0,,0,0,-0.031746031746031744,4,0,0,0
2010/11,2010,2010-10-30,Blackburn,Chelsea,P Walton,1,2,12,14,2,2,0,0,full,0,0,,0,0,-0.023809523809523808,2,0,0,0
2010/11,2010,2010-10-30,Everton,Stoke,L Probert,1,0,16,14,1,1,0,0,full,0,0,,0,0,0.008928571428571425,-2,0,0,0
2010/11,2010,2010-10-30,Fulham,Wigan,A Marriner,2,0,7,12,0,0,0,0,full,0,0,,0,0,0.0,5,0,0,0
2010/11,2010,2010-10-30,Man United,Tottenham,M Clattenburg,2,0,12,10,0,3,0,0,full,0,0,,0,3,0.3,-2,0,0,0
2010/11,2010,2010-10-30,Wolves,Man City,M Dean,2,1,5,14,1,2,0,0,full,0,0,,0,1,-0.05714285714285716,9,0,0,0
2010/11,2010,2010-10-31,Aston Villa,Birmingham,H Webb,0,0,13,11,2,3,0,0,full,0,0,,0,1,0.11888111888111885,-2,0,0,0
2010/11,2010,2010-10-31,Bolton,Liverpool,M Atkinson,0,1,15,13,2,2,0,0,full,0,0,,0,0,0.020512820512820523,-2,0,0,0
2010/11,2010,2010-10-31,Newcastle,Sunderland,P Dowd,5,1,8,18,3,6,0,1,full,0,0,,0,3,-0.041666666666666685,10,1,0,0
2010/11,2010,2010-11-01,Blackpool,West Brom,M Oliver,2,1,16,13,2,3,0,2,full,0,0,,0,1,0.10576923076923078,-3,2,0,0
2010/11,2010,2010-11-06,Birmingham,West Ham,M Oliver,2,2,12,14,0,1,0,0,full,0,0,,0,1,0.07142857142857142,2,0,0,0
2010/11,2010,2010-11-06,Blackburn,Wigan,K Friend,2,1,16,15,0,2,0,0,full,0,0,,0,2,0.13333333333333333,-1,0,0,0
2010/11,2010,2010-11-06,Blackpool,Everton,A Marriner,2,2,14,12,2,1,0,0,full,0,0,,0,-1,-0.05952380952380952,-2,0,0,0
2010/11,2010,2010-11-06,Bolton,Tottenham,C Foy,4,2,13,9,1,0,0,0,full,0,0,,0,-1,-0.07692307692307693,-4,0,0,0
2010/11,2010,2010-11-06,Fulham,Aston Villa,P Walton,1,1,12,4,1,0,0,0,full,0,0,,0,-1,-0.08333333333333333,-8,0,0,0
2010/11,2010,2010-11-06,Man United,Wolves,P Dowd,2,1,6,11,1,0,0,0,full,0,0,,0,-1,-0.16666666666666666,5,0,0,0
2010/11,2010,2010-11-06,Sunderland,Stoke,M Atkinson,2,0,10,13,0,5,0,0,full,0,0,,0,5,0.38461538461538464,3,0,0,0
2010/11,2010,2010-11-07,Arsenal,Newcastle,M Dean,0,1,16,12,3,1,1,0,full,0,0,,0,-2,-0.10416666666666667,-4,-1,0,0
2010/11,2010,2010-11-07,Liverpool,Chelsea,H Webb,2,0,15,17,0,2,0,0,full,0,0,,0,2,0.11764705882352941,2,0,0,0
2010/11,2010,2010-11-07,West Brom,Man City,L Probert,0,2,15,16,3,4,1,1,full,0,0,,0,1,0.04999999999999999,1,0,0,0
2010/11,2010,2010-11-09,Stoke,Birmingham,M Clattenburg,3,2,6,8,0,0,0,0,full,0,0,,0,0,0.0,2,0,0,0
2010/11,2010,2010-11-09,Tottenham,Sunderland,H Webb,1,1,6,15,2,1,0,0,full,0,0,,0,-1,-0.26666666666666666,9,0,0,0
2010/11,2010,2010-11-10,Aston Villa,Blackpool,A Taylor,3,2,7,10,2,3,0,0,full,0,0,,0,1,0.01428571428571429,3,0,0,0
2010/11,2010,2010-11-10,Chelsea,Fulham,M Atkinson,1,0,14,15,2,0,1,0,full,0,0,,0,-2,-0.14285714285714285,1,-1,0,0
2010/11,2010,2010-11-10,Everton,Bolton,P Dowd,1,1,8,12,0,3,1,0,full,0,0,,0,3,0.25,4,-1,0,0
2010/11,2010,2010-11-10,Man City,Man United,C Foy,0,0,10,12,0,2,0,0,full,0,0,,0,2,0.16666666666666666,2,0,0,0
2010/11,2010,2010-11-10,Newcastle,Blackburn,M Jones,1,2,16,15,3,4,0,0,full,0,0,,0,1,0.07916666666666666,-1,0,0,0
2010/11,2010,2010-11-10,West Ham,West Brom,M Dean,2,2,13,5,3,0,0,0,full,0,0,,0,-3,-0.23076923076923078,-8,0,0,0
2010/11,2010,2010-11-10,Wigan,Liverpool,P Walton,1,1,7,10,0,2,0,0,full,0,0,,0,2,0.2,3,0,0,0
2010/11,2010,2010-11-10,Wolves,Arsenal,M Halsey,0,2,7,14,1,2,0,0,full,0,0,,0,1,0.0,7,0,0,0
2010/11,2010,2010-11-13,Aston Villa,Man United,M Dean,2,2,11,9,3,4,0,0,full,0,0,,0,1,0.1717171717171717,-2,0,0,0
2010/11,2010,2010-11-13,Man City,Birmingham,M Jones,0,0,15,11,2,0,0,0,full,0,0,,0,-2,-0.13333333333333333,-4,0,0,0
2010/11,2010,2010-11-13,Newcastle,Fulham,L Probert,0,0,11,19,2,2,0,0,full,0,0,,0,0,-0.07655502392344499,8,0,0,0
2010/11,2010,2010-11-13,Stoke,Liverpool,M Halsey,2,0,14,10,2,3,0,1,full,0,0,,0,1,0.15714285714285714,-4,1,0,0
2010/11,2010,2010-11-13,Tottenham,Blackburn,A Marriner,4,2,11,11,2,2,0,0,full,0,0,,0,0,0.0,0,0,0,0
2010/11,2010,2010-11-13,West Ham,Blackpool,K Friend,0,0,7,7,0,1,0,0,full,0,0,,0,1,0.14285714285714285,0,0,0,0
2010/11,2010,2010-11-13,Wigan,West Brom,A Taylor,1,0,13,13,1,1,0,0,full,0,0,,0,0,0.0,0,0,0,0
2010/11,2010,2010-11-13,Wolves,Bolton,P Walton,2,3,10,10,1,0,0,0,full,0,0,,0,-1,-0.1,0,0,0,0
2010/11,2010,2010-11-14,Chelsea,Sunderland,C Foy,0,3,9,13,1,2,0,0,full,0,0,,0,1,0.04273504273504275,4,0,0,0
2010/11,2010,2010-11-14,Everton,Arsenal,H Webb,1,2,15,14,2,2,0,0,full,0,0,,0,0,0.009523809523809518,-1,0,0,0
2010/11,2010,2010-11-20,Arsenal,Tottenham,P Dowd,2,3,17,16,3,1,0,0,full,0,0,,0,-2,-0.11397058823529413,-1,0,0,0
2010/11,2010,2010-11-20,Birmingham,Chelsea,M Halsey,1,0,9,2,2,0,0,0,full,0,0,,1,-2,,-7,0,0,0
2010/11,2010,2010-11-20,Blackpool,Wolves,M Clattenburg,2,1,7,9,0,2,0,0,full,0,0,,0,2,0.2222222222222222,2,0,0,0
2010/11,2010,2010-11-20,Bolton,Newcastle,H Webb,5,1,13,9,0,2,0,1,full,0,0,,0,2,0.2222222222222222,-4,1,0,0
2010/11,2010,2010-11-20,Liverpool,West Ham,L Probert,3,0,8,8,0,1,0,0,full,0,0,,0,1,0.125,0,0,0,0
2010/11,2010,2010-11-20,Man United,Wigan,M Atkinson,2,0,10,14,0,2,0,2,full,0,0,,0,2,0.14285714285714285,4,2,0,0
2010/11,2010,2010-11-20,West Brom,Stoke,C Foy,0,3,10,9,0,0,0,0,full,0,0,,0,0,0.0,-1,0,0,0
2010/11,2010,2010-11-21,Blackburn,Aston Villa,M Oliver,2,0,15,10,0,1,0,0,full,0,0,,0,1,0.1,-5,0,0,0
2010/11,2010,2010-11-21,Fulham,Man City,L Mason,1,4,13,16,2,1,0,0,full,0,0,,0,-1,-0.09134615384615385,3,0,0,0
2010/11,2010,2010-11-22,Sunderland,Everton,P Walton,2,2,5,7,0,2,0,0,full,0,0,,0,2,0.2857142857142857,2,0,0,0
2010/11,2010,2010-11-27,Aston Villa,Arsenal,M Clattenburg,2,4,10,7,1,1,0,0,full,0,0,,0,0,0.042857142857142844,-3,0,0,0
2010/11,2010,2010-11-27,Bolton,Blackpool,M Dean,2,2,8,14,2,2,0,0,full,0,0,,0,0,-0.10714285714285715,6,0,0,0
2010/11,2010,2010-11-27,Everton,West Brom,L Mason,1,4,11,18,1,3,1,1,full,0,0,,0,2,0.07575757575757575,7,0,0,0
2010/11,2010,2010-11-27,Fulham,Birmingham,H Webb,1,1,10,9,1,0,0,0,full,0,0,,0,-1,-0.1,-1,0,0,0
2010/11,2010,2010-11-27,Man United,Blackburn,L Probert,7,1,6,6,0,2,0,0,full,0,0,,0,2,0.3333333333333333,0,0,0,0
2010/11,2010,2010-11-27,Stoke,Man City,P Walton,1,1,8,10,2,2,0,0,full,0,0,,0,0,-0.04999999999999999,2,0,0,0
2010/11,2010,2010-11-27,West Ham,Wigan,M Halsey,3,1,8,8,0,0,0,0,full,0,0,,0,0,0.0,0,0,0,0
2010/11,2010,2010-11-27,Wolves,Sunderland,M Jones,3,2,11,10,2,3,0,0,full,0,0,,0,1,0.11818181818181817,-1,0,0,0
2010/11,2010,2010-11-28,Newcastle,Chelsea,A Marriner,1,1,9,11,2,1,0,0,full,0,0,,0,-1,-0.1313131313131313,2,0,0,0
2010/11,2010,2010-11-28,Tottenham,Liverpool,M Atkinson,2,1,6,16,0,5,0,0,full,0,0,,0,5,0.3125,10,0,0,0
2010/11,2010,2010-12-04,Arsenal,Fulham,C Foy,2,1,7,5,0,0,0,0,full,0,0,,0,0,0.0,-2,0,0,0
2010/11,2010,2010-12-04,Birmingham,Tottenham,K Friend,1,1,14,7,1,1,0,0,full,0,0,,0,0,0.07142857142857142,-7,0,0,0
2010/11,2010,2010-12-04,Blackburn,Wolves,H Webb,3,0,9,11,0,2,0,0,full,0,0,,0,2,0.18181818181818182,2,0,0,0
2010/11,2010,2010-12-04,Chelsea,Everton,L Probert,1,1,7,11,1,4,0,0,full,0,0,,0,3,0.2207792207792208,4,0,0,0
2010/11,2010,2010-12-04,Man City,Bolton,A Marriner,1,0,12,18,3,2,1,0,full,0,0,,0,-1,-0.1388888888888889,6,-1,0,0
2010/11,2010,2010-12-04,Wigan,Stoke,M Jones,2,2,11,10,1,4,0,0,full,0,0,,0,3,0.3090909090909091,-1,0,0,0
2010/11,2010,2010-12-05,Sunderland,West Ham,M Atkinson,1,0,6,8,1,3,0,0,full,0,0,,0,2,0.20833333333333334,2,0,0,0
2010/11,2010,2010-12-05,West Brom,Newcastle,M Dean,3,1,11,9,0,5,0,0,full,0,0,,0,5,0.5555555555555556,-2,0,0,0
2010/11,2010,2010-12-06,Liverpool,Aston Villa,P Dowd,3,0,12,13,0,1,0,0,full,0,0,,0,1,0.07692307692307693,1,0,0,0
2010/11,2010,2010-12-11,Aston Villa,West Brom,M Halsey,2,1,8,14,0,2,0,0,full,0,0,,0,2,0.14285714285714285,6,0,0,0
2010/11,2010,2010-12-11,Everton,Wigan,M Oliver,0,0,13,18,2,4,0,0,full,0,0,,0,2,0.06837606837606836,5,0,0,0
2010/11,2010,2010-12-11,Fulham,Sunderland,N Swarbrick,0,0,14,10,0,1,0,0,full,0,0,,0,1,0.1,-4,0,0,0
2010/11,2010,2010-12-11,Newcastle,Liverpool,L Mason,3,1,19,13,2,1,0,0,full,0,0,,0,-1,-0.02834008097165991,-6,0,0,0
2010/11,2010,2010-12-11,Stoke,Blackpool,A Taylor,0,1,12,11,0,2,0,0,full,0,0,,0,2,0.18181818181818182,-1,0,0,0
2010/11,2010,2010-12-11,West Ham,Man City,P Dowd,1,3,10,13,1,3,0,0,full,0,0,,0,2,0.13076923076923078,3,0,0,0
2010/11,2010,2010-12-12,Bolton,Blackburn,M Clattenburg,2,1,12,13,4,3,1,0,full,0,0,,0,-1,-0.10256410256410253,1,-1,0,0
2010/11,2010,2010-12-12,Tottenham,Chelsea,M Dean,1,1,9,13,2,2,0,0,full,0,0,,0,0,-0.06837606837606836,4,0,0,0
2010/11,2010,2010-12-12,Wolves,Birmingham,M Atkinson,1,0,9,15,2,4,0,0,full,0,0,,0,2,0.04444444444444445,6,0,0,0
2010/11,2010,2010-12-13,Man United,Arsenal,H Webb,1,0,7,16,0,4,0,0,full,0,0,,0,4,0.25,9,0,0,0
2010/11,2010,2010-12-18,Blackburn,West Ham,M Dean,1,1,12,10,2,3,0,0,full,0,0,,0,1,0.13333333333333333,-2,0,0,0
2010/11,2010,2010-12-18,Sunderland,Bolton,C Foy,1,0,6,13,1,3,0,0,full,0,0,,0,2,0.06410256410256412,7,0,0,0
2010/11,2010,2010-12-20,Man City,Everton,P Walton,1,2,8,13,3,2,1,1,full,0,0,,0,-1,-0.22115384615384615,5,0,0,0
2010/11,2010,2010-12-26,Aston Villa,Tottenham,M Atkinson,1,2,13,11,3,3,0,1,full,0,0,,0,0,0.041958041958041925,-2,1,0,0
2010/11,2010,2010-12-26,Blackburn,Stoke,M Jones,0,2,12,20,1,4,0,0,full,0,0,,0,3,0.11666666666666668,8,0,0,0
2010/11,2010,2010-12-26,Bolton,West Brom,H Webb,2,0,8,8,1,1,0,0,full,0,0,,0,0,0.0,0,0,0,0
2010/11,2010,2010-12-26,Fulham,West Ham,M Halsey,1,3,12,10,1,1,0,0,full,0,0,,0,0,0.016666666666666677,-2,0,0,0
2010/11,2010,2010-12-26,Man United,Sunderland,P Dowd,2,0,9,10,0,2,0,0,full,0,0,,0,2,0.2,1,0,0,0
2010/11,2010,2010-12-26,Newcastle,Man City,C Foy,1,3,7,15,1,5,0,0,full,0,0,,0,4,0.19047619047619047,8,0,0,0
2010/11,2010,2010-12-26,Wolves,Wigan,M Dean,1,2,7,14,1,3,0,0,full,0,0,,0,2,0.07142857142857142,7,0,0,0
2010/11,2010,2010-12-27,Arsenal,Chelsea,M Clattenburg,3,1,12,16,2,3,0,0,full,0,0,,0,1,0.020833333333333343,4,0,0,0
2010/11,2010,2010-12-28,Birmingham,Man United,L Mason,1,1,10,11,3,3,0,0,full,0,0,,0,0,-0.027272727272727282,1,0,0,0
2010/11,2010,2010-12-28,Man City,Aston Villa,M Oliver,4,0,14,12,1,2,0,0,full,0,0,,0,1,0.09523809523809523,-2,0,0,0
2010/11,2010,2010-12-28,Stoke,Fulham,K Friend,0,2,8,12,1,2,0,0,full,0,0,,0,1,0.04166666666666666,4,0,0,0
2010/11,2010,2010-12-28,Sunderland,Blackpool,A Marriner,0,2,6,5,2,0,0,0,full,0,0,,0,-2,-0.3333333333333333,-1,0,0,0
2010/11,2010,2010-12-28,Tottenham,Newcastle,A Taylor,2,0,9,16,2,4,1,0,full,0,0,,0,2,0.02777777777777779,7,-1,0,0
2010/11,2010,2010-12-28,West Brom,Blackburn,P Dowd,1,3,9,13,1,3,1,1,full,0,0,,0,2,0.11965811965811968,4,0,0,0
2010/11,2010,2010-12-28,West Ham,Everton,H Webb,1,1,12,15,1,0,0,0,full,0,0,,0,-1,-0.08333333333333333,3,0,0,0
2010/11,2010,2010-12-29,Chelsea,Bolton,M Jones,1,0,12,24,1,1,0,0,full,0,0,,0,0,-0.041666666666666664,12,0,0,0
2010/11,2010,2010-12-29,Liverpool,Wolves,P Walton,0,1,8,11,1,1,0,0,full,0,0,,0,0,-0.03409090909090909,3,0,0,0
2010/11,2010,2010-12-29,Wigan,Arsenal,L Probert,2,2,16,11,1,0,1,0,full,0,0,,0,-1,-0.0625,-5,-1,0,0
2010/11,2010,2011-01-01,Birmingham,Arsenal,P Walton,0,3,7,9,3,1,0,0,full,0,0,,0,-2,-0.31746031746031744,2,0,0,0
2010/11,2010,2011-01-01,Liverpool,Bolton,K Friend,2,1,11,16,2,2,0,0,full,0,0,,0,0,-0.05681818181818182,5,0,0,0
2010/11,2010,2011-01-01,Man City,Blackpool,M Clattenburg,1,0,11,9,0,0,0,0,full,0,0,,0,0,0.0,-2,0,0,0
2010/11,2010,2011-01-01,Stoke,Everton,A Marriner,2,0,14,8,4,1,0,0,full,0,0,,0,-3,-0.1607142857142857,-6,0,0,0
2010/11,2010,2011-01-01,Sunderland,Blackburn,M Dean,3,0,13,9,1,2,0,0,full,0,0,,0,1,0.14529914529914528,-4,0,0,0
2010/11,2010,2011-01-01,Tottenham,Fulham,M Jones,1,0,11,9,2,1,0,0,full,0,0,,0,-1,-0.07070707070707072,-2,0,0,0
2010/11,2010,2011-01-01,West Brom,Man United,C Foy,1,2,8,13,1,3,0,0,full,0,0,,0,2,0.10576923076923078,5,0,0,0
2010/11,2010,2011-01-01,West Ham,Wolves,L Probert,2,0,7,14,0,1,0,0,full,0,0,,0,1,0.07142857142857142,7,0,0,0
2010/11,2010,2011-01-02,Chelsea,Aston Villa,L Mason,3,3,17,11,2,7,0,0,full,0,0,,0,5,0.5187165775401069,-6,0,0,0
2010/11,2010,2011-01-02,Wigan,Newcastle,H Webb,0,1,15,14,2,2,0,0,full,0,0,,0,0,0.009523809523809518,-1,0,0,0
2010/11,2010,2011-01-04,Blackpool,Birmingham,J Moss,1,2,9,6,0,1,0,0,full,0,0,,0,1,0.16666666666666666,-3,0,0,0
2010/11,2010,2011-01-04,Fulham,West Brom,M Atkinson,3,0,7,9,0,1,0,0,full,0,0,,0,1,0.1111111111111111,2,0,0,0
2010/11,2010,2011-01-04,Man United,Stoke,M Clattenburg,2,1,6,11,0,0,0,0,full,0,0,,0,0,0.0,5,0,0,0
2010/11,2010,2011-01-05,Arsenal,Man City,M Jones,0,0,6,12,0,2,1,1,full,0,0,,0,2,0.16666666666666666,6,0,0,0
2010/11,2010,2011-01-05,Aston Villa,Sunderland,P Walton,0,1,9,12,3,3,1,1,full,0,0,,0,0,-0.08333333333333331,3,0,0,0
2010/11,2010,2011-01-05,Blackburn,Liverpool,A Marriner,3,1,14,13,1,1,0,0,full,0,0,,0,0,0.005494505494505503,-1,0,0,0
2010/11,2010,2011-01-05,Bolton,Wigan,P Dowd,1,1,9,8,0,4,0,0,full,0,0,,0,4,0.5,-1,0,0,0
2010/11,2010,2011-01-05,Everton,Tottenham,L Probert,2,1,16,12,1,0,0,0,full,0,0,,0,-1,-0.0625,-4,0,0,0
2010/11,2010,2011-01-05,Newcastle,West Ham,M Dean,5,0,10,10,0,4,0,0,full,0,0,,0,4,0.4,0,0,0,0
2010/11,2010,2011-01-05,Wolves,Chelsea,M Halsey,1,0,15,12,0,1,0,0,full,0,0,,0,1,0.08333333333333333,-3,0,0,0
2010/11,2010,2011-01-12,Blackpool,Liverpool,M Oliver,2,1,6,13,1,3,0,0,full,0,0,,0,2,0.06410256410256412,7,0,0,0
2010/11,2010,2011-01-15,Chelsea,Blackburn,M Atkinson,2,0,10,6,1,0,0,0,full,0,0,,0,-1,-0.1,-4,0,0,0
2010/11,2010,2011-01-15,Man City,Wolves,L Mason,4,3,9,9,0,0,0,0,full,0,0,,0,0,0.0,0,0,0,0
2010/11,2010,2011-01-15,Stoke,Bolton,M Oliver,2,0,8,13,0,2,0,0,full,0,0,,0,2,0.15384615384615385,5,0,0,0
2010/11,2010,2011-01-15,West Brom,Blackpool,S Attwell,3,2,10,11,1,2,0,0,full,0,0,,0,1,0.08181818181818182,1,0,0,0
2010/11,2010,2011-01-15,West Ham,Arsenal,A Marriner,0,3,8,7,1,0,0,0,full,0,0,,0,-1,-0.125,-1,0,0,0
2010/11,2010,2011-01-15,Wigan,Fulham,A Taylor,1,1,21,7,4,2,0,0,full,0,0,,0,-2,0.09523809523809523,-14,0,0,0
2010/11,2010,2011-01-16,Birmingham,Aston Villa,M Clattenburg,1,1,14,14,1,2,0,0,full,0,0,,0,1,0.07142857142857142,0,0,0,0
2010/11,2010,2011-01-16,Liverpool,Everton,P Dowd,2,2,16,17,3,0,0,0,full,0,0,,0,-3,-0.1875,1,0,0,0
2010/11,2010,2011-01-16,Sunderland,Newcastle,H Webb,1,1,17,5,1,1,0,0,full,0,0,,0,0,0.1411764705882353,-12,0,0,0
2010/11,2010,2011-01-16,Tottenham,Man United,M Dean,0,0,9,18,2,4,0,1,full,0,0,,0,2,0.0,9,1,0,0
2010/11,2010,2011-01-22,Arsenal,Wigan,K Friend,3,0,6,14,0,1,0,1,full,0,0,,0,1,0.07142857142857142,8,1,0,0
2010/11,2010,2011-01-22,Aston Villa,Man City,H Webb,1,0,11,11,1,1,0,0,full,0,0,,0,0,0.0,0,0,0,0
2010/11,2010,2011-01-22,Blackpool,Sunderland,L Mason,1,2,13,9,2,0,0,0,full,0,0,,0,-2,-0.15384615384615385,-4,0,0,0
2010/11,2010,2011-01-22,Everton,West Ham,P Walton,2,2,8,12,1,2,0,1,full,0,0,,0,1,0.04166666666666666,4,1,0,0
2010/11,2010,2011-01-22,Fulham,Stoke,S Attwell,2,0,11,10,1,1,0,1,full,0,0,,0,0,0.009090909090909094,-1,1,0,0
2010/11,2010,2011-01-22,Man United,Birmingham,M Jones,5,0,10,5,0,0,0,0,full,0,0,,0,0,0.0,-5,0,0,0
2010/11,2010,2011-01-22,Newcastle,Tottenham,M Halsey,1,1,13,7,0,0,0,0,full,0,0,,0,0,0.0,-6,0,0,0
2010/11,2010,2011-01-22,Wolves,Liverpool,M Atkinson,0,3,6,17,0,3,0,0,full,0,0,,0,3,0.17647058823529413,11,0,0,0
2010/11,2010,2011-01-23,Blackburn,West Brom,M Clattenburg,2,0,4,6,0,1,0,0,full,0,0,,0,1,0.16666666666666666,2,0,0,0
2010/11,2010,2011-01-24,Bolton,Chelsea,C Foy,0,4,7,4,0,0,0,0,full,0,0,,0,0,0.0,-3,0,0,0
2010/11,2010,2011-01-25,Blackpool,Man United,P Walton,2,3,10,10,1,2,0,0,full,0,0,,0,1,0.1,0,0,0,0
2010/11,2010,2011-01-25,Wigan,Aston Villa,J Moss,1,2,9,13,2,3,0,0,full,0,0,,0,1,0.008547008547008572,4,0,0,0
2010/11,2010,2011-01-26,Liverpool,Fulham,L Probert,1,0,11,10,0,0,0,0,full,0,0,,0,0,0.0,-1,0,0,0
2010/11,2010,2011-02-01,Arsenal,Everton,L Mason,2,1,12,14,3,5,0,0,full,0,0,,0,2,0.10714285714285715,2,0,0,0
2010/11,2010,2011-02-01,Man United,Aston Villa,C Foy,3,1,6,6,0,0,0,0,full,0,0,,0,0,0.0,0,0,0,0
2010/11,2010,2011-02-01,Sunderland,Chelsea,M Halsey,2,4,10,10,1,2,0,0,full,0,0,,0,1,0.1,0,0,0,0
2010/11,2010,2011-02-01,West Brom,Wigan,P Dowd,2,2,13,12,4,5,0,0,full,0,0,,0,1,0.10897435897435898,-1,0,0,0
2010/11,2010,2011-02-02,Birmingham,Man City,K Friend,2,2,9,12,0,2,0,0,full,0,0,,0,2,0.16666666666666666,3,0,0,0
2010/11,2010,2011-02-02,Blackburn,Tottenham,A Marriner,0,1,14,11,2,1,0,0,full,0,0,,0,-1,-0.05194805194805194,-3,0,0,0
2010/11,2010,2011-02-02,Blackpool,West Ham,S Attwell,1,3,9,12,0,1,0,0,full,0,0,,0,1,0.08333333333333333,3,0,0,0
2010/11,2010,2011-02-02,Bolton,Wolves,P Walton,1,0,16,8,1,3,0,0,full,0,0,,0,2,0.3125,-8,0,0,0
2010/11,2010,2011-02-02,Fulham,Newcastle,M Jones,1,0,14,19,0,3,0,0,full,0,0,,0,3,0.15789473684210525,5,0,0,0
2010/11,2010,2011-02-02,Liverpool,Stoke,A Taylor,2,0,6,8,1,4,0,0,full,0,0,,0,3,0.33333333333333337,2,0,0,0
2010/11,2010,2011-02-05,Aston Villa,Fulham,L Mason,2,2,15,11,3,2,0,0,full,0,0,,0,-1,-0.018181818181818188,-4,0,0,0
2010/11,2010,2011-02-05,Everton,Blackpool,K Friend,5,3,8,17,0,1,0,0,full,0,0,,0,1,0.058823529411764705,9,0,0,0
2010/11,2010,2011-02-05,Man City,West Brom,M Atkinson,3,0,13,10,1,2,0,0,full,0,0,,0,1,0.12307692307692308,-3,0,0,0
2010/11,2010,2011-02-05,Newcastle,Arsenal,P Dowd,4,4,13,15,2,3,0,1,full,0,0,,0,1,0.046153846153846156,2,1,0,0
2010/11,2010,2011-02-05,Stoke,Sunderland,L Probert,3,2,7,15,1,3,0,0,full,0,0,,0,2,0.05714285714285716,8,0,0,0
2010/11,2010,2011-02-05,Tottenham,Bolton,M Clattenburg,2,1,13,11,1,3,0,0,full,0,0,,0,2,0.19580419580419578,-2,0,0,0
2010/11,2010,2011-02-05,Wigan,Blackburn,M Dean,4,3,11,12,1,2,0,0,full,0,0,,0,1,0.07575757575757575,1,0,0,0
2010/11,2010,2011-02-05,Wolves,Man United,M Oliver,2,1,6,11,2,2,0,0,full,0,0,,0,0,-0.1515151515151515,5,0,0,0
2010/11,2010,2011-02-06,Chelsea,Liverpool,A Marriner,0,1,9,9,1,1,0,0,full,0,0,,0,0,0.0,0,0,0,0
2010/11,2010,2011-02-06,West Ham,Birmingham,C Foy,0,1,18,13,3,1,0,0,full,0,0,,0,-2,-0.08974358974358973,-5,0,0,0
2010/11,2010,2011-02-12,Arsenal,Wolves,C Foy,2,0,15,9,0,1,0,0,full,0,0,,0,1,0.1111111111111111,-6,0,0,0
2010/11,2010,2011-02-12,Birmingham,Stoke,M Halsey,1,0,15,14,1,0,0,0,full,0,0,,0,-1,-0.06666666666666667,-1,0,0,0
2010/11,2010,2011-02-12,Blackburn,Newcastle,S Attwell,0,0,11,11,1,3,0,0,full,0,0,,0,2,0.1818181818181818,0,0,0,0
2010/11,2010,2011-02-12,Blackpool,Aston Villa,H Webb,1,1,13,14,2,1,0,1,full,0,0,,0,-1,-0.08241758241758243,1,1,0,0
2010/11,2010,2011-02-12,Liverpool,Wigan,K Friend,1,1,11,17,1,3,0,0,full,0,0,,0,2,0.08556149732620322,6,0,0,0
2010/11,2010,2011-02-12,Man United,Man City,A Marriner,2,1,15,13,2,2,0,0,full,0,0,,0,0,0.020512820512820523,-2,0,0,0
2010/11,2010,2011-02-12,Sunderland,Tottenham,M Jones,1,2,14,12,2,4,0,0,full,0,0,,0,2,0.19047619047619047,-2,0,0,0
2010/11,2010,2011-02-12,West Brom,West Ham,L Mason,3,3,12,13,2,3,0,0,full,0,0,,0,1,0.06410256410256412,1,0,0,0
2010/11,2010,2011-02-13,Bolton,Everton,L Probert,2,0,15,12,1,0,0,0,full,0,0,,0,-1,-0.06666666666666667,-3,0,0,0
2010/11,2010,2011-02-14,Fulham,Chelsea,M Dean,0,0,10,13,2,1,0,0,full,0,0,,0,-1,-0.12307692307692308,3,0,0,0
2010/11,2010,2011-02-15,Birmingham,Newcastle,L Mason,0,2,13,14,1,3,0,0,full,0,0,,0,2,0.13736263736263735,1,0,0,0
2010/11,2010,2011-02-20,West Brom,Wolves,M Dean,1,1,6,6,0,0,0,0,full,0,0,,0,0,0.0,0,0,0,0
2010/11,2010,2011-02-22,Blackpool,Tottenham,C Foy,3,1,11,8,2,0,0,0,full,0,0,,0,-2,-0.18181818181818182,-3,0,0,0
2010/11,2010,2011-02-23,Arsenal,Stoke,P Walton,1,0,8,9,1,2,0,0,full,0,0,,0,1,0.09722222222222221,1,0,0,0
2010/11,2010,2011-02-26,Aston Villa,Blackburn,M Atkinson,4,1,4,12,0,3,0,1,full,0,0,,0,3,0.25,8,1,0,0
2010/11,2010,2011-02-26,Everton,Sunderland,S Attwell,2,0,11,8,0,0,0,0,full,0,0,,0,0,0.0,-3,0,0,0
2010/11,2010,2011-02-26,Newcastle,Bolton,C Foy,1,1,7,11,0,2,1,0,full,0,0,,0,2,0.18181818181818182,4,-1,0,0
2010/11,2010,2011-02-26,Wigan,Man United,M Clattenburg,0,4,13,11,0,1,0,0,full,0,0,,0,1,0.09090909090909091,-2,0,0,0
2010/11,2010,2011-02-26,Wolves,Blackpool,N Swarbrick,4,0,16,10,1,1,0,1,full,0,0,,0,0,0.037500000000000006,-6,1,0,0
2010/11,2010,2011-02-27,Man City,Fulham,P Walton,1,1,17,13,1,2,0,0,full,0,0,,0,1,0.09502262443438915,-4,0,0,0
2010/11,2010,2011-02-27,West Ham,Liverpool,M Halsey,3,1,10,8,0,1,0,0,full,0,0,,0,1,0.125,-2,0,0,0
2010/11,2010,2011-02-28,Stoke,West Brom,M Oliver,1,1,17,14,2,2,0,0,full,0,0,,0,0,0.02521008403361344,-3,0,0,0
2010/11,2010,2011-03-01,Chelsea,Man United,M Atkinson,2,1,11,14,3,2,0,1,full,0,0,,0,-1,-0.12987012987012986,3,1,0,0
2010/11,2010,2011-03-05,Arsenal,Sunderland,A Taylor,0,0,13,10,3,3,0,0,full,0,0,,0,0,0.0692307692307692,-3,0,0,0
2010/11,2010,2011-03-05,Birmingham,West Brom,M Jones,1,3,8,10,3,1,0,0,full,0,0,,0,-2,-0.275,2,0,0,0
2010/11,2010,2011-03-05,Bolton,Aston Villa,K Friend,3,2,18,11,5,2,0,0,full,0,0,,0,-3,-0.09595959595959597,-7,0,0,0
2010/11,2010,2011-03-05,Fulham,Blackburn,M Clattenburg,3,2,12,17,2,3,0,0,full,0,0,,0,1,0.009803921568627472,5,0,0,0
2010/11,2010,2011-03-05,Man City,Wigan,S Attwell,1,0,17,8,3,1,0,0,full,0,0,,0,-2,-0.05147058823529413,-9,0,0,0
2010/11,2010,2011-03-05,Newcastle,Everton,H Webb,1,2,12,14,2,4,0,0,full,0,0,,0,2,0.11904761904761904,2,0,0,0
2010/11,2010,2011-03-05,West Ham,Stoke,A Marriner,3,0,9,10,0,3,0,0,full,0,0,,0,3,0.3,1,0,0,0
2010/11,2010,2011-03-06,Liverpool,Man United,P Dowd,3,1,12,12,2,3,0,0,full,0,0,,0,1,0.08333333333333334,0,0,0,0
2010/11,2010,2011-03-06,Wolves,Tottenham,M Halsey,3,3,10,11,0,3,0,0,full,0,0,,0,3,0.2727272727272727,1,0,0,0
2010/11,2010,2011-03-07,Blackpool,Chelsea,M Dean,1,3,5,8,0,0,0,0,full,0,0,,0,0,0.0,3,0,0,0
2010/11,2010,2011-03-09,Everton,Birmingham,P Walton,1,1,8,12,1,3,0,0,full,0,0,,0,2,0.125,4,0,0,0
2010/11,2010,2011-03-19,Aston Villa,Wolves,P Dowd,0,1,15,19,1,3,0,0,full,0,0,,0,2,0.09122807017543859,4,0,0,0
2010/11,2010,2011-03-19,Blackburn,Blackpool,H Webb,2,2,15,12,1,1,0,0,full,0,0,,0,0,0.016666666666666663,-3,0,0,0
2010/11,2010,2011-03-19,Everton,Fulham,M Oliver,2,1,15,19,2,0,0,0,full,0,0,,0,-2,-0.13333333333333333,4,0,0,0
2010/11,2010,2011-03-19,Man United,Bolton,A Marriner,1,0,8,11,0,0,1,0,full,0,0,,0,0,0.0,3,-1,0,0
2010/11,2010,2011-03-19,Stoke,Newcastle,L Mason,4,0,16,9,1,1,0,0,full,0,0,,0,0,0.048611111111111105,-7,0,0,0
2010/11,2010,2011-03-19,Tottenham,West Ham,M Dean,0,0,6,13,0,4,0,0,full,0,0,,0,4,0.3076923076923077,7,0,0,0
2010/11,2010,2011-03-19,West Brom,Arsenal,S Attwell,2,2,9,7,1,3,0,0,full,0,0,,0,2,0.31746031746031744,-2,0,0,0
2010/11,2010,2011-03-19,Wigan,Birmingham,L Probert,2,1,13,13,3,1,0,0,full,0,0,,0,-2,-0.15384615384615385,0,0,0,0
2010/11,2010,2011-03-20,Chelsea,Man City,C Foy,2,0,16,13,2,5,0,0,full,0,0,,0,3,0.25961538461538464,-3,0,0,0
2010/11,2010,2011-03-20,Sunderland,Liverpool,K Friend,0,2,11,7,3,3,1,0,full,0,0,,0,0,0.15584415584415584,-4,-1,0,0
2010/11,2010,2011-04-02,Arsenal,Blackburn,P Dowd,0,0,10,9,1,2,0,1,full,0,0,,0,1,0.1222222222222222,-1,1,0,0
2010/11,2010,2011-04-02,Birmingham,Bolton,M Oliver,2,1,11,16,0,2,0,0,full,0,0,,0,2,0.125,5,0,0,0
2010/11,2010,2011-04-02,Everton,Aston Villa,M Jones,2,2,13,16,3,2,0,0,full,0,0,,0,-1,-0.10576923076923078,3,0,0,0
2010/11,2010,2011-04-02,Newcastle,Wolves,M Dean,4,1,19,10,5,3,0,0,full,0,0,,0,-2,0.0368421052631579,-9,0,0,0
2010/11,2010,2011-04-02,Stoke,Chelsea,P Walton,1,1,9,10,1,2,0,0,full,0,0,,0,1,0.0888888888888889,1,0,0,0
2010/11,2010,2011-04-02,West Brom,Liverpool,M Atkinson,2,1,10,15,2,3,0,0,full,0,0,,0,1,0.0,5,0,0,0
2010/11,2010,2011-04-02,West Ham,Man United,L Mason,2,4,10,9,1,2,0,0,full,0,0,,0,1,0.1222222222222222,-1,0,0,0
2010/11,2010,2011-04-02,Wigan,Tottenham,A Marriner,0,0,11,13,1,1,0,0,full,0,0,,0,0,-0.013986013986013984,2,0,0,0
2010/11,2010,2011-04-03,Fulham,Blackpool,S Attwell,3,0,14,5,2,1,0,0,full,0,0,,0,-1,0.05714285714285716,-9,0,0,0
2010/11,2010,2011-04-03,Man City,Sunderland,H Webb,5,0,9,20,2,3,0,0,full,0,0,,0,1,-0.07222222222222222,11,0,0,0
2010/11,2010,2011-04-09,Blackburn,Birmingham,C Foy,1,1,10,10,2,3,0,0,full,0,0,,0,1,0.09999999999999998,0,0,0,0
2010/11,2010,2011-04-09,Bolton,West Ham,L Probert,3,0,6,10,1,0,0,0,full,0,0,,0,-1,-0.16666666666666666,4,0,0,0
2010/11,2010,2011-04-09,Chelsea,Wigan,H Webb,1,0,11,12,1,2,0,0,full,0,0,,0,1,0.07575757575757575,1,0,0,0
2010/11,2010,2011-04-09,Man United,Fulham,M Jones,2,0,12,8,0,0,0,0,full,0,0,,0,0,0.0,-4,0,0,0
2010/11,2010,2011-04-09,Sunderland,West Brom,P Walton,2,3,10,11,3,1,0,0,full,0,0,,0,-2,-0.20909090909090908,1,0,0,0
2010/11,2010,2011-04-09,Tottenham,Stoke,K Friend,3,2,11,16,1,3,0,0,full,0,0,,0,2,0.09659090909090909,5,0,0,0
2010/11,2010,2011-04-09,Wolves,Everton,P Dowd,0,3,13,14,0,1,0,0,full,0,0,,0,1,0.07142857142857142,1,0,0,0
2010/11,2010,2011-04-10,Aston Villa,Newcastle,S Attwell,1,0,8,10,2,2,0,0,full,0,0,,0,0,-0.04999999999999999,2,0,0,0
2010/11,2010,2011-04-10,Blackpool,Arsenal,L Mason,1,3,13,9,2,2,0,0,full,0,0,,0,0,0.06837606837606836,-4,0,0,0
2010/11,2010,2011-04-11,Liverpool,Man City,M Halsey,3,0,6,3,1,0,0,0,full,0,0,,0,-1,-0.16666666666666666,-3,0,0,0
2010/11,2010,2011-04-16,Birmingham,Sunderland,P Dowd,2,0,7,10,0,0,0,0,full,0,0,,0,0,0.0,3,0,0,0
2010/11,2010,2011-04-16,Blackpool,Wigan,P Walton,1,3,13,12,2,2,0,0,full,0,0,,0,0,0.012820512820512803,-1,0,0,0
2010/11,2010,2011-04-16,Everton,Blackburn,K Friend,2,0,9,17,2,3,0,0,full,0,0,,0,1,-0.04575163398692808,8,0,0,0
2010/11,2010,2011-04-16,West Brom,Chelsea,L Probert,1,3,7,10,1,0,0,0,full,0,0,,0,-1,-0.14285714285714285,3,0,0,0
2010/11,2010,2011-04-16,West Ham,Aston Villa,M Halsey,1,2,8,3,0,0,0,0,full,0,0,,0,0,0.0,-5,0,0,0
2010/11,2010,2011-04-17,Arsenal,Liverpool,A Marriner,1,1,13,13,2,4,0,0,full,0,0,,0,2,0.15384615384615385,0,0,0,0
2010/11,2010,2011-04-19,Newcastle,Man United,L Probert,0,0,9,10,2,2,0,0,full,0,0,,0,0,-0.0222222222222222,1,0,0,0
2010/11,2010,2011-04-20,Chelsea,Birmingham,M Jones,3,1,9,11,0,1,0,0,full,0,0,,0,1,0.09090909090909091,2,0,0,0
2010/11,2010,2011-04-20,Tottenham,Arsenal,M Atkinson,3,3,8,13,0,3,0,0,full,0,0,,0,3,0.23076923076923078,5,0,0,0
2010/11,2010,2011-04-23,Aston Villa,Stoke,C Foy,1,1,9,9,0,3,0,0,full,0,0,,0,3,0.3333333333333333,0,0,0,0
2010/11,2010,2011-04-23,Blackpool,Newcastle,M Atkinson,1,1,17,8,1,1,0,0,full,0,0,,0,0,0.0661764705882353,-9,0,0,0
2010/11,2010,2011-04-23,Chelsea,West Ham,P Dowd,3,0,7,13,1,2,0,0,full,0,0,,0,1,0.010989010989011005,6,0,0,0
2010/11,2010,2011-04-23,Liverpool,Birmingham,H Webb,5,0,7,12,1,0,0,0,full,0,0,,0,-1,-0.14285714285714285,5,0,0,0
2010/11,2010,2011-04-23,Man United,Everton,P Walton,1,0,10,9,1,2,0,0,full,0,0,,0,1,0.1222222222222222,-1,0,0,0
2010/11,2010,2011-04-23,Sunderland,Wigan,L Probert,4,2,11,9,1,2,0,0,full,0,0,,0,1,0.1313131313131313,-2,0,0,0
2010/11,2010,2011-04-23,Tottenham,West Brom,S Attwell,2,2,8,9,1,1,0,0,full,0,0,,0,0,-0.013888888888888895,1,0,0,0
2010/11,2010,2011-04-23,Wolves,Fulham,M Oliver,1,1,15,17,2,2,0,0,full,0,0,,0,0,-0.01568627450980392,2,0,0,0
2010/11,2010,2011-04-24,Bolton,Arsenal,M Jones,2,1,13,14,3,3,0,0,full,0,0,,0,0,-0.016483516483516508,1,0,0,0
2010/11,2010,2011-04-25,Blackburn,Man City,A Marriner,0,1,15,15,2,3,0,0,full,0,0,,0,1,0.06666666666666668,0,0,0,0
2010/11,2010,2011-04-26,Stoke,Wolves,L Mason,3,0,12,10,3,2,0,0,full,0,0,,0,-1,-0.04999999999999999,-2,0,0,0
2010/11,2010,2011-04-27,Fulham,Bolton,A Taylor,3,0,12,8,1,1,0,0,full,0,0,,0,0,0.04166666666666667,-4,0,0,0
2010/11,2010,2011-04-30,Blackburn,Bolton,M Dean,1,0,7,9,2,1,0,0,full,0,0,,0,-1,-0.1746031746031746,2,0,0,0
2010/11,2010,2011-04-30,Blackpool,Stoke,M Clattenburg,0,0,10,11,0,0,0,0,full,0,0,,0,0,0.0,1,0,0,0
2010/11,2010,2011-04-30,Chelsea,Tottenham,A Marriner,2,1,11,11,3,1,0,0,full,0,0,,0,-2,-0.1818181818181818,0,0,0,0
2010/11,2010,2011-04-30,Sunderland,Fulham,M Atkinson,0,3,7,12,1,0,0,0,full,0,0,,0,-1,-0.14285714285714285,5,0,0,0
2010/11,2010,2011-04-30,West Brom,Aston Villa,P Dowd,2,1,12,12,3,1,1,0,full,0,0,,0,-2,-0.16666666666666669,0,-1,0,0
2010/11,2010,2011-04-30,Wigan,Everton,L Mason,1,1,12,12,2,2,0,0,full,0,0,,0,0,0.0,0,0,0,0
2010/11,2010,2011-05-01,Arsenal,Man United,C Foy,1,0,15,7,2,3,0,0,full,0,0,,0,1,0.2952380952380952,-8,0,0,0
2010/11,2010,2011-05-01,Birmingham,Wolves,K Friend,1,1,10,16,3,3,1,0,full,0,0,,0,0,-0.11249999999999999,6,-1,0,0
2010/11,2010,2011-05-01,Liverpool,Newcastle,P Walton,3,0,15,10,1,2,0,0,full,0,0,,0,1,0.13333333333333336,-5,0,0,0
2010/11,2010,2011-05-01,Man City,West Ham,H Webb,2,1,13,8,3,1,0,0,full,0,0,,0,-2,-0.10576923076923078,-5,0,0,0
2010/11,2010,2011-05-07,Aston Villa,Wigan,M Jones,1,1,6,11,2,0,0,0,full,0,0,,0,-2,-0.3333333333333333,5,0,0,0
2010/11,2010,2011-05-07,Bolton,Sunderland,K Friend,1,2,14,10,1,0,0,0,full,0,0,,0,-1,-0.07142857142857142,-4,0,0,0
2010/11,2010,2011-05-07,Everton,Man City,P Dowd,2,1,13,15,4,2,0,0,full,0,0,,0,-2,-0.17435897435897438,2,0,0,0
2010/11,2010,2011-05-07,Newcastle,Birmingham,C Foy,2,1,10,12,1,4,0,1,full,0,0,,0,3,0.2333333333333333,2,1,0,0
2010/11,2010,2011-05-07,Tottenham,Blackpool,L Probert,1,1,5,13,3,2,0,0,full,0,0,,0,-1,-0.4461538461538461,8,0,0,0
2010/11,2010,2011-05-07,West Ham,Blackburn,P Walton,1,1,7,14,3,0,0,0,full,0,0,,0,-3,-0.42857142857142855,7,0,0,0
2010/11,2010,2011-05-08,Man United,Chelsea,H Webb,2,1,12,14,2,4,0,0,full,0,0,,0,2,0.11904761904761904,2,0,0,0
2010/11,2010,2011-05-08,Stoke,Arsenal,M Halsey,3,1,7,10,1,2,0,0,full,0,0,,0,1,0.05714285714285716,3,0,0,0
2010/11,2010,2011-05-08,Wolves,West Brom,M Dean,3,1,9,7,3,1,0,0,full,0,0,,0,-2,-0.19047619047619047,-2,0,0,0
2010/11,2010,2011-05-09,Fulham,Liverpool,L Mason,2,5,18,11,5,2,0,0,full,0,0,,0,-3,-0.09595959595959597,-7,0,0,0
2010/11,2010,2011-05-10,Man City,Tottenham,M Dean,1,0,7,8,1,1,0,0,full,0,0,,0,0,-0.01785714285714285,1,0,0,0
2010/11,2010,2011-05-14,Blackburn,Man United,P Dowd,1,1,11,11,3,0,0,0,full,0,0,,0,-3,-0.2727272727272727,0,0,0,0
2010/11,2010,2011-05-14,Blackpool,Bolton,A Marriner,4,3,16,12,2,4,0,0,full,0,0,,0,2,0.20833333333333331,-4,0,0,0
2010/11,2010,2011-05-14,Sunderland,Wolves,M Jones,1,3,8,19,0,0,0,0,full,0,0,,0,0,0.0,11,0,0,0
2010/11,2010,2011-05-14,West Brom,Everton,A Taylor,1,0,15,9,2,2,0,1,full,0,0,,0,0,0.08888888888888888,-6,1,0,0
2010/11,2010,2011-05-15,Arsenal,Aston Villa,M Oliver,1,2,9,10,1,4,0,0,full,0,0,,0,3,0.2888888888888889,1,0,0,0
2010/11,2010,2011-05-15,Birmingham,Fulham,P Walton,0,2,7,15,0,5,0,0,full,0,0,,0,5,0.3333333333333333,8,0,0,0
2010/11,2010,2011-05-15,Chelsea,Newcastle,L Mason,2,2,17,13,4,2,0,0,full,0,0,,0,-2,-0.08144796380090497,-4,0,0,0
2010/11,2010,2011-05-15,Liverpool,Tottenham,H Webb,0,2,13,7,2,1,0,0,full,0,0,,0,-1,-0.010989010989011005,-6,0,0,0
2010/11,2010,2011-05-15,Wigan,West Ham,M Dean,3,2,7,10,1,1,0,0,full,0,0,,0,0,-0.042857142857142844,3,0,0,0
2010/11,2010,2011-05-17,Man City,Stoke,L Probert,3,0,6,9,0,3,0,0,full,0,0,,0,3,0.3333333333333333,3,0,0,0
2010/11,2010,2011-05-22,Aston Villa,Liverpool,L Probert,1,0,12,12,2,2,0,0,full,0,0,,0,0,0.0,0,0,0,0
2010/11,2010,2011-05-22,Bolton,Man City,C Foy,0,2,11,10,1,1,1,0,full,0,0,,0,0,0.009090909090909094,-1,-1,0,0
2010/11,2010,2011-05-22,Everton,Chelsea,P Walton,1,0,12,14,3,2,1,0,full,0,0,,0,-1,-0.10714285714285715,2,-1,0,0
2010/11,2010,2011-05-22,Fulham,Arsenal,M Atkinson,2,2,12,5,2,1,1,0,full,0,0,,0,-1,0.033333333333333354,-7,-1,0,0
2010/11,2010,2011-05-22,Man United,Blackpool,M Dean,4,2,8,5,2,1,0,0,full,0,0,,0,-1,-0.04999999999999999,-3,0,0,0
2010/11,2010,2011-05-22,Newcastle,West Brom,M Halsey,3,3,5,8,0,0,0,0,full,0,0,,0,0,0.0,3,0,0,0
2010/11,2010,2011-05-22,Stoke,Wigan,A Marriner,0,1,10,9,1,4,0,0,full,0,0,,0,3,0.34444444444444444,-1,0,0,0
2010/11,2010,2011-05-22,Tottenham,Birmingham,M Clattenburg,2,1,5,15,0,3,0,0,full,0,0,,0,3,0.2,10,0,0,0
2010/11,2010,2011-05-22,West Ham,Sunderland,A Taylor,0,3,7,8,0,2,0,0,full,0,0,,0,2,0.25,1,0,0,0
2010/11,2010,2011-05-22,Wolves,Blackburn,H Webb,2,3,12,9,3,1,0,0,full,0,0,,0,-2,-0.1388888888888889,-3,0,0,0
2011/12,2011,2011-08-13,Blackburn,Wolves,K Friend,1,2,14,10,4,2,0,0,full,0,0,,0,-2,-0.08571428571428569,-4,0,0,1
2011/12,2011,2011-08-13,Fulham,Aston Villa,L Mason,0,0,10,18,2,4,0,0,full,0,0,,0,2,0.0222222222222222,8,0,0,1
2011/12,2011,2011-08-13,Liverpool,Sunderland,P Dowd,1,1,17,12,4,4,0,0,full,0,0,,0,0,0.0980392156862745,-5,0,0,1
2011/12,2011,2011-08-13,Newcastle,Arsenal,P Walton,0,0,9,11,3,5,0,1,full,0,0,,0,2,0.12121212121212122,2,1,0,1
2011/12,2011,2011-08-13,QPR,Bolton,M Atkinson,0,4,9,16,1,2,1,0,full,0,0,,0,1,0.013888888888888895,7,-1,0,1
2011/12,2011,2011-08-13,Wigan,Norwich,S Attwell,1,1,11,8,2,2,0,0,full,0,0,,0,0,0.06818181818181818,-3,0,0,1
2011/12,2011,2011-08-14,Stoke,Chelsea,M Halsey,0,0,12,12,2,2,0,0,full,0,0,,0,0,0.0,0,0,0,1
2011/12,2011,2011-08-14,West Brom,Man United,M Jones,1,2,16,9,3,2,0,0,full,0,0,,0,-1,0.03472222222222221,-7,0,0,1
2011/12,2011,2011-08-15,Man City,Swansea,M Dean,4,0,9,2,0,0,0,0,full,0,0,,1,0,,-7,0,0,1
2011/12,2011,2011-08-20,Arsenal,Liverpool,M Atkinson,0,2,11,6,2,2,1,0,full,0,0,,0,0,0.1515151515151515,-5,-1,0,1
2011/12,2011,2011-08-20,Aston Villa,Blackburn,S Attwell,3,1,9,13,3,0,0,0,full,0,0,,0,-3,-0.3333333333333333,4,0,0,1
2011/12,2011,2011-08-20,Chelsea,West Brom,L Mason,2,1,12,8,2,4,0,0,full,0,0,,0,2,0.33333333333333337,-4,0,0,1
2011/12,2011,2011-08-20,Everton,QPR,K Friend,0,1,12,9,1,1,0,0,full,0,0,,0,0,0.027777777777777776,-3,0,0,1
2011/12,2011,2011-08-20,Sunderland,Newcastle,H Webb,0,1,17,7,3,3,1,0,full,0,0,,0,0,0.25210084033613445,-10,-1,0,1
2011/12,2011,2011-08-20,Swansea,Wigan,P Dowd,0,0,8,18,0,3,0,0,full,0,0,,0,3,0.16666666666666666,10,0,0,1
2011/12,2011,2011-08-21,Bolton,Man City,M Jones,2,3,19,14,2,0,0,0,full,0,0,,0,-2,-0.10526315789473684,-5,0,0,1
2011/12,2011,2011-08-21,Norwich,Stoke,N Swarbrick,1,1,13,12,0,2,1,0,full,0,0,,0,2,0.16666666666666666,-1,-1,0,1
2011/12,2011,2011-08-21,Wolves,Fulham,M Dean,2,0,7,10,2,2,0,0,full,0,0,,0,0,-0.08571428571428569,3,0,0,1
2011/12,2011,2011-08-22,Man United,Tottenham,L Probert,3,0,12,9,1,2,0,0,full,0,0,,0,1,0.1388888888888889,-3,0,0,1
2011/12,2011,2011-08-27,Aston Villa,Wolves,M Atkinson,0,0,10,9,1,3,0,0,full,0,0,,0,2,0.2333333333333333,-1,0,0,1
2011/12,2011,2011-08-27,Blackburn,Everton,L Mason,0,1,17,13,5,2,0,0,full,0,0,,0,-3,-0.14027149321266968,-4,0,0,1
2011/12,2011,2011-08-27,Chelsea,Norwich,M Jones,3,1,17,14,2,2,0,1,full,0,0,,0,0,0.02521008403361344,-3,1,0,1
2011/12,2011,2011-08-27,Liverpool,Bolton,L Probert,3,1,5,7,0,2,0,0,full,0,0,,0,2,0.2857142857142857,2,0,0,1
2011/12,2011,2011-08-27,Swansea,Sunderland,M Halsey,0,0,7,10,1,1,0,0,full,0,0,,0,0,-0.042857142857142844,3,0,0,1
2011/12,2011,2011-08-27,Wigan,QPR,M Oliver,2,0,13,8,2,0,0,0,full,0,0,,0,-2,-0.15384615384615385,-5,0,0,1
2011/12,2011,2011-08-28,Man United,Arsenal,H Webb,8,2,9,7,2,3,0,1,full,0,0,,0,1,0.20634920634920634,-2,1,0,1
2011/12,2011,2011-08-28,Newcastle,Fulham,K Friend,2,1,19,8,2,1,0,0,full,0,0,,0,-1,0.019736842105263164,-11,0,0,1
2011/12,2011,2011-08-28,Tottenham,Man City,P Dowd,1,5,11,9,2,4,0,0,full,0,0,,0,2,0.2626262626262626,-2,0,0,1
2011/12,2011,2011-08-28,West Brom,Stoke,M Dean,0,1,9,12,0,0,0,0,full,0,0,,0,0,0.0,3,0,0,1
2011/12,2011,2011-09-10,Arsenal,Swansea,S Attwell,1,0,10,7,3,2,0,0,full,0,0,,0,-1,-0.01428571428571429,-3,0,0,1
2011/12,2011,2011-09-10,Bolton,Man United,A Marriner,0,5,14,1,2,0,0,0,full,0,0,,1,-2,,-13,0,0,1
2011/12,2011,2011-09-10,Everton,Aston Villa,M Oliver,2,2,13,11,1,1,0,0,full,0,0,,0,0,0.013986013986013984,-2,0,0,1
2011/12,2011,2011-09-10,Man City,Wigan,M Atkinson,3,0,6,9,0,0,0,0,full,0,0,,0,0,0.0,3,0,0,1
2011/12,2011,2011-09-10,Stoke,Liverpool,M Clattenburg,1,0,12,13,0,1,0,0,full,0,0,,0,1,0.07692307692307693,1,0,0,1
2011/12,2011,2011-09-10,Sunderland,Chelsea,L Probert,1,2,7,3,1,1,0,0,full,0,0,,0,0,0.19047619047619047,-4,0,0,1
2011/12,2011,2011-09-10,Wolves,Tottenham,P Walton,0,2,5,12,3,2,0,0,full,0,0,,0,-1,-0.43333333333333335,7,0,0,1
2011/12,2011,2011-09-11,Fulham,Blackburn,H Webb,1,1,7,12,3,1,0,0,full,0,0,,0,-2,-0.34523809523809523,5,0,0,1
2011/12,2011,2011-09-11,Norwich,West Brom,M Halsey,0,1,10,11,1,2,0,0,full,0,0,,0,1,0.08181818181818182,1,0,0,1
2011/12,2011,2011-09-12,QPR,Newcastle,P Dowd,0,0,10,15,1,3,0,0,full,0,0,,0,2,0.1,5,0,0,1
2011/12,2011,2011-09-17,Aston Villa,Newcastle,N Swarbrick,1,1,13,10,1,1,0,0,full,0,0,,0,0,0.023076923076923078,-3,0,0,1
2011/12,2011,2011-09-17,Blackburn,Arsenal,A Marriner,4,3,14,9,2,1,0,0,full,0,0,,0,-1,-0.031746031746031744,-5,0,0,1
2011/12,2011,2011-09-17,Bolton,Norwich,H Webb,1,2,8,8,3,1,1,0,full,0,0,,0,-2,-0.25,0,-1,0,1
2011/12,2011,2011-09-17,Everton,Wigan,P Walton,3,1,14,8,2,1,0,0,full,0,0,,0,-1,-0.01785714285714285,-6,0,0,1
2011/12,2011,2011-09-17,Swansea,West Brom,M Atkinson,3,0,4,9,1,2,0,0,full,0,0,,0,1,-0.02777777777777779,5,0,0,1
2011/12,2011,2011-09-17,Wolves,QPR,A Taylor,0,3,15,13,2,3,0,0,full,0,0,,0,1,0.09743589743589745,-2,0,0,1
2011/12,2011,2011-09-18,Fulham,Man City,M Clattenburg,2,2,10,9,1,1,0,0,full,0,0,,0,0,0.0111111111111111,-1,0,0,1
2011/12,2011,2011-09-18,Man United,Chelsea,P Dowd,3,1,11,12,2,3,0,0,full,0,0,,0,1,0.06818181818181818,1,0,0,1
2011/12,2011,2011-09-18,Sunderland,Stoke,K Friend,4,0,15,12,1,2,0,0,full,0,0,,0,1,0.09999999999999999,-3,0,0,1
2011/12,2011,2011-09-18,Tottenham,Liverpool,M Jones,4,0,10,9,1,4,0,2,full,0,0,,0,3,0.34444444444444444,-1,2,0,1
2011/12,2011,2011-09-24,Arsenal,Bolton,M Clattenburg,3,0,7,9,0,1,0,1,full,0,0,,0,1,0.1111111111111111,2,1,0,1
2011/12,2011,2011-09-24,Chelsea,Swansea,M Dean,4,1,15,11,3,3,1,0,full,0,0,,0,0,0.0727272727272727,-4,-1,0,1
2011/12,2011,2011-09-24,Liverpool,Wolves,K Friend,2,1,15,6,3,4,0,0,full,0,0,,0,1,0.4666666666666666,-9,0,0,1
2011/12,2011,2011-09-24,Man City,Everton,H Webb,2,0,9,13,1,5,0,0,full,0,0,,0,4,0.27350427350427353,4,0,0,1
2011/12,2011,2011-09-24,Newcastle,Blackburn,M Atkinson,3,1,6,16,0,4,0,1,full,0,0,,0,4,0.25,10,1,0,1
2011/12,2011,2011-09-24,Stoke,Man United,P Walton,1,1,10,3,1,0,0,0,full,0,0,,0,-1,-0.1,-7,0,0,1
2011/12,2011,2011-09-24,West Brom,Fulham,S Attwell,0,0,6,14,0,3,0,0,full,0,0,,0,3,0.21428571428571427,8,0,0,1
2011/12,2011,2011-09-24,Wigan,Tottenham,J Moss,1,2,13,6,3,1,1,0,full,0,0,,0,-2,-0.06410256410256412,-7,-1,0,1
2011/12,2011,2011-09-25,QPR,Aston Villa,M Oliver,1,1,14,19,1,6,1,0,full,0,0,,0,5,0.24436090225563908,5,-1,0,1
2011/12,2011,2011-09-26,Norwich,Sunderland,C Foy,2,1,3,7,2,1,0,0,full,0,0,,0,-1,-0.5238095238095237,4,0,0,1
2011/12,2011,2011-10-01,Aston Villa,Wigan,M Clattenburg,2,0,12,6,0,1,0,0,full,0,0,,0,1,0.16666666666666666,-6,0,0,1
2011/12,2011,2011-10-01,Blackburn,Man City,P Dowd,0,4,9,14,1,1,0,0,full,0,0,,0,0,-0.03968253968253968,5,0,0,1
2011/12,2011,2011-10-01,Everton,Liverpool,M Atkinson,0,2,15,9,1,1,1,0,full,0,0,,0,0,0.04444444444444444,-6,-1,0,1
2011/12,2011,2011-10-01,Man United,Norwich,S Attwell,2,0,9,6,1,0,0,0,full,0,0,,0,-1,-0.1111111111111111,-3,0,0,1
2011/12,2011,2011-10-01,Sunderland,West Brom,L Mason,2,2,9,13,2,0,0,0,full,0,0,,0,-2,-0.2222222222222222,4,0,0,1
2011/12,2011,2011-10-01,Wolves,Newcastle,M Halsey,1,2,7,10,1,2,0,0,full,0,0,,0,1,0.05714285714285716,3,0,0,1
2011/12,2011,2011-10-02,Bolton,Chelsea,P Walton,1,5,10,11,1,2,0,0,full,0,0,,0,1,0.08181818181818182,1,0,0,1
2011/12,2011,2011-10-02,Fulham,QPR,A Marriner,6,0,10,7,2,3,0,0,full,0,0,,0,1,0.22857142857142854,-3,0,0,1
2011/12,2011,2011-10-02,Swansea,Stoke,M Jones,2,0,14,18,3,5,0,0,full,0,0,,0,2,0.06349206349206352,4,0,0,1
2011/12,2011,2011-10-02,Tottenham,Arsenal,M Dean,2,1,11,8,2,1,0,0,full,0,0,,0,-1,-0.05681818181818182,-3,0,0,1
2011/12,2011,2011-10-15,Chelsea,Everton,M Jones,3,1,13,11,2,2,0,0,full,0,0,,0,0,0.02797202797202797,-2,0,0,1
2011/12,2011,2011-10-15,Liverpool,Man United,A Marriner,1,1,8,11,1,3,0,0,full,0,0,,0,2,0.1477272727272727,3,0,0,1
2011/12,2011,2011-10-15,Man City,Aston Villa,A Taylor,4,1,10,6,1,1,0,0,full,0,0,,0,0,0.06666666666666665,-4,0,0,1
2011/12,2011,2011-10-15,Norwich,Swansea,J Moss,3,1,6,5,0,1,0,0,full,0,0,,0,1,0.2,-1,0,0,1
2011/12,2011,2011-10-15,QPR,Blackburn,M Clattenburg,1,1,10,13,3,2,0,0,full,0,0,,0,-1,-0.14615384615384613,3,0,0,1
2011/12,2011,2011-10-15,Stoke,Fulham,M Atkinson,2,0,14,15,4,4,0,0,full,0,0,,0,0,-0.019047619047619035,1,0,0,1
2011/12,2011,2011-10-15,Wigan,Bolton,M Dean,1,3,16,14,4,4,0,0,full,0,0,,0,0,0.0357142857142857,-2,0,0,1
2011/12,2011,2011-10-16,Arsenal,Sunderland,H Webb,2,1,9,19,3,3,0,0,full,0,0,,0,0,-0.17543859649122806,10,0,0,1
2011/12,2011,2011-10-16,Newcastle,Tottenham,L Probert,2,2,11,15,1,2,0,0,full,0,0,,0,1,0.04242424242424242,4,0,0,1
2011/12,2011,2011-10-16,West Brom,Wolves,C Foy,2,0,14,12,0,1,0,0,full,0,0,,0,1,0.08333333333333333,-2,0,0,1
2011/12,2011,2011-10-22,Aston Villa,West Brom,P Dowd,1,2,11,8,2,3,1,0,full,0,0,,0,1,0.19318181818181818,-3,-1,0,1
2011/12,2011,2011-10-22,Bolton,Sunderland,M Jones,0,2,15,14,0,3,0,0,full,0,0,,0,3,0.21428571428571427,-1,0,0,1
2011/12,2011,2011-10-22,Liverpool,Norwich,P Walton,1,1,6,8,0,1,0,0,full,0,0,,0,1,0.125,2,0,0,1
2011/12,2011,2011-10-22,Newcastle,Wigan,N Swarbrick,1,0,7,22,3,2,0,0,full,0,0,,0,-1,-0.33766233766233766,15,0,0,1
2011/12,2011,2011-10-22,Wolves,Swansea,M Oliver,2,2,14,11,2,0,0,0,full,0,0,,0,-2,-0.14285714285714285,-3,0,0,1
2011/12,2011,2011-10-23,Arsenal,Stoke,L Mason,3,1,9,13,0,2,0,0,full,0,0,,0,2,0.15384615384615385,4,0,0,1
2011/12,2011,2011-10-23,Blackburn,Tottenham,S Attwell,1,2,19,7,4,1,0,0,full,0,0,,0,-3,-0.06766917293233082,-12,0,0,1
2011/12,2011,2011-10-23,Fulham,Everton,L Probert,1,3,12,8,3,1,0,0,full,0,0,,0,-2,-0.125,-4,0,0,1
2011/12,2011,2011-10-23,Man United,Man City,M Clattenburg,1,6,15,11,4,4,1,0,full,0,0,,0,0,0.09696969696969698,-4,-1,0,1
2011/12,2011,2011-10-23,QPR,Chelsea,C Foy,1,0,17,17,2,7,0,2,full,0,0,,0,5,0.2941176470588235,0,2,0,1
2011/12,2011,2011-10-29,Chelsea,Arsenal,A Marriner,3,5,7,18,2,3,0,0,full,0,0,,0,1,-0.11904761904761904,11,0,0,1
2011/12,2011,2011-10-29,Everton,Man United,M Halsey,0,1,12,8,3,0,0,0,full,0,0,,0,-3,-0.25,-4,0,0,1
2011/12,2011,2011-10-29,Man City,Wolves,S Attwell,3,1,17,5,2,1,1,0,full,0,0,,0,-1,0.0823529411764706,-12,-1,0,1
2011/12,2011,2011-10-29,Norwich,Blackburn,A Taylor,3,3,9,10,2,1,0,0,full,0,0,,0,-1,-0.1222222222222222,1,0,0,1
2011/12,2011,2011-10-29,Sunderland,Aston Villa,C Foy,2,2,7,13,1,3,0,0,full,0,0,,0,2,0.08791208791208793,6,0,0,1
2011/12,2011,2011-10-29,Swansea,Bolton,M Clattenburg,3,1,9,14,3,4,0,1,full,0,0,,0,1,-0.047619047619047616,5,1,0,1
2011/12,2011,2011-10-29,West Brom,Liverpool,L Mason,0,2,12,9,1,0,0,0,full,0,0,,0,-1,-0.08333333333333333,-3,0,0,1
2011/12,2011,2011-10-29,Wigan,Fulham,M Jones,0,2,17,14,2,5,0,0,full,0,0,,0,3,0.23949579831932774,-3,0,0,1
2011/12,2011,2011-10-30,Tottenham,QPR,H Webb,3,1,12,14,0,0,0,0,full,0,0,,0,0,0.0,2,0,0,1
2011/12,2011,2011-10-31,Stoke,Newcastle,M Dean,1,3,8,14,0,1,0,0,full,0,0,,0,1,0.07142857142857142,6,0,0,1
2011/12,2011,2011-11-05,Arsenal,West Brom,M Oliver,3,0,12,12,0,0,0,0,full,0,0,,0,0,0.0,0,0,0,1
2011/12,2011,2011-11-05,Aston Villa,Norwich,K Friend,3,2,11,9,1,5,0,0,full,0,0,,0,4,0.46464646464646464,-2,0,0,1
2011/12,2011,2011-11-05,Blackburn,Chelsea,M Dean,0,1,12,10,4,2,0,0,full,0,0,,0,-2,-0.1333333333333333,-2,0,0,1
2011/12,2011,2011-11-05,Liverpool,Swansea,P Dowd,0,0,13,5,2,1,0,0,full,0,0,,0,-1,0.046153846153846156,-8,0,0,1
2011/12,2011,2011-11-05,Man United,Sunderland,L Mason,1,0,6,14,0,2,0,0,full,0,0,,0,2,0.14285714285714285,8,0,0,1
2011/12,2011,2011-11-05,Newcastle,Everton,A Marriner,2,1,12,15,2,3,0,0,full,0,0,,0,1,0.033333333333333354,3,0,0,1
2011/12,2011,2011-11-05,QPR,Man City,M Atkinson,2,3,5,14,1,1,0,0,full,0,0,,0,0,-0.1285714285714286,9,0,0,1
2011/12,2011,2011-11-06,Bolton,Stoke,H Webb,5,0,10,9,0,1,0,0,full,0,0,,0,1,0.1111111111111111,-1,0,0,1
2011/12,2011,2011-11-06,Fulham,Tottenham,P Walton,1,3,5,9,0,1,0,0,full,0,0,,0,1,0.1111111111111111,4,0,0,1
2011/12,2011,2011-11-06,Wolves,Wigan,L Probert,3,1,11,13,2,1,0,0,full,0,0,,0,-1,-0.1048951048951049,2,0,0,1
2011/12,2011,2011-11-19,Everton,Wolves,J Moss,2,1,14,13,1,2,0,0,full,0,0,,0,1,0.08241758241758243,-1,0,0,1
2011/12,2011,2011-11-19,Man City,Newcastle,C Foy,3,1,10,7,0,0,0,0,full,0,0,,0,0,0.0,-3,0,0,1
2011/12,2011,2011-11-19,Norwich,Arsenal,P Dowd,1,2,11,9,3,0,0,0,full,0,0,,0,-3,-0.2727272727272727,-2,0,0,1
2011/12,2011,2011-11-19,Stoke,QPR,M Jones,2,3,17,10,4,2,0,0,full,0,0,,0,-2,-0.03529411764705881,-7,0,0,1
2011/12,2011,2011-11-19,Sunderland,Fulham,A Taylor,0,0,8,12,1,1,0,0,full,0,0,,0,0,-0.04166666666666667,4,0,0,1
2011/12,2011,2011-11-19,Swansea,Man United,M Dean,0,1,6,9,0,1,0,0,full,0,0,,0,1,0.1111111111111111,3,0,0,1
2011/12,2011,2011-11-19,West Brom,Bolton,N Swarbrick,2,1,12,12,1,0,0,0,full,0,0,,0,-1,-0.08333333333333333,0,0,0,1
2011/12,2011,2011-11-19,Wigan,Blackburn,A Marriner,3,3,14,13,2,3,0,1,full,0,0,,0,1,0.08791208791208793,-1,1,0,1
2011/12,2011,2011-11-20,Chelsea,Liverpool,L Probert,1,2,13,11,3,2,0,0,full,0,0,,0,-1,-0.04895104895104896,-2,0,0,1
2011/12,2011,2011-11-21,Tottenham,Aston Villa,M Halsey,2,0,4,5,0,2,0,0,full,0,0,,0,2,0.4,1,0,0,1
2011/12,2011,2011-11-26,Arsenal,Fulham,M Dean,1,1,9,7,1,3,0,0,full,0,0,,0,2,0.31746031746031744,-2,0,0,1
2011/12,2011,2011-11-26,Bolton,Everton,M Oliver,0,2,9,10,1,1,1,0,full,0,0,,0,0,-0.0111111111111111,1,-1,0,1
2011/12,2011,2011-11-26,Chelsea,Wolves,L Mason,3,0,10,10,1,2,0,0,full,0,0,,0,1,0.1,0,0,0,1
2011/12,2011,2011-11-26,Man United,Newcastle,M Jones,1,1,12,15,1,4,0,1,full,0,0,,0,3,0.18333333333333335,3,1,0,1
2011/12,2011,2011-11-26,Norwich,QPR,M Clattenburg,2,1,15,7,1,0,0,0,full,0,0,,0,-1,-0.06666666666666667,-8,0,0,1
2011/12,2011,2011-11-26,Stoke,Blackburn,M Halsey,3,1,10,5,0,0,0,0,full,0,0,,0,0,0.0,-5,0,0,1
2011/12,2011,2011-11-26,Sunderland,Wigan,K Friend,1,2,12,13,3,1,0,0,full,0,0,,0,-2,-0.17307692307692307,1,0,0,1
2011/12,2011,2011-11-26,West Brom,Tottenham,L Probert,1,3,11,13,2,1,0,0,full,0,0,,0,-1,-0.1048951048951049,2,0,0,1
2011/12,2011,2011-11-27,Liverpool,Man City,M Atkinson,1,1,11,13,1,4,0,1,full,0,0,,0,3,0.2167832167832168,2,1,0,1
2011/12,2011,2011-11-27,Swansea,Aston Villa,N Swarbrick,0,0,9,17,3,4,0,0,full,0,0,,0,1,-0.0980392156862745,8,0,0,1
2011/12,2011,2011-12-03,Aston Villa,Man United,L Probert,0,1,4,11,0,0,0,0,full,0,0,,0,0,0.0,7,0,0,1
2011/12,2011,2011-12-03,Blackburn,Swansea,C Foy,4,2,12,13,1,1,0,1,full,0,0,,0,0,-0.006410256410256401,1,1,0,1
2011/12,2011,2011-12-03,Man City,Norwich,H Webb,5,1,8,7,0,1,0,0,full,0,0,,0,1,0.14285714285714285,-1,0,0,1
2011/12,2011,2011-12-03,Newcastle,Chelsea,M Dean,0,3,7,6,2,3,0,0,full,0,0,,0,1,0.2142857142857143,-1,0,0,1
2011/12,2011,2011-12-03,QPR,West Brom,M Atkinson,1,1,7,9,0,3,0,0,full,0,0,,0,3,0.3333333333333333,2,0,0,1
2011/12,2011,2011-12-03,Tottenham,Bolton,S Attwell,3,0,10,5,0,2,0,1,full,0,0,,0,2,0.4,-5,1,0,1
2011/12,2011,2011-12-03,Wigan,Arsenal,M Clattenburg,0,4,8,12,3,2,0,0,full,0,0,,0,-1,-0.20833333333333334,4,0,0,1
2011/12,2011,2011-12-04,Everton,Stoke,L Mason,0,1,14,13,0,1,0,0,full,0,0,,0,1,0.07692307692307693,-1,0,0,1
2011/12,2011,2011-12-04,Wolves,Sunderland,P Dowd,2,1,10,12,2,3,0,0,full,0,0,,0,1,0.04999999999999999,2,0,0,1
2011/12,2011,2011-12-05,Fulham,Liverpool,K Friend,1,0,12,9,3,1,0,1,full,0,0,,0,-2,-0.1388888888888889,-3,1,0,1
2011/12,2011,2011-12-10,Arsenal,Everton,H Webb,1,0,7,14,2,2,0,0,full,0,0,,0,0,-0.14285714285714285,7,0,0,1
2011/12,2011,2011-12-10,Bolton,Aston Villa,P Dowd,1,2,10,7,1,2,0,0,full,0,0,,0,1,0.1857142857142857,-3,0,0,1
2011/12,2011,2011-12-10,Liverpool,QPR,L Mason,1,0,12,5,2,0,0,0,full,0,0,,0,-2,-0.16666666666666666,-7,0,0,1
2011/12,2011,2011-12-10,Man United,Wolves,M Oliver,4,1,7,8,1,0,0,0,full,0,0,,0,-1,-0.14285714285714285,1,0,0,1
2011/12,2011,2011-12-10,Norwich,Newcastle,M Atkinson,4,2,9,8,3,2,0,1,full,0,0,,0,-1,-0.08333333333333331,-1,1,0,1
2011/12,2011,2011-12-10,Swansea,Fulham,J Moss,2,0,8,7,1,1,0,0,full,0,0,,0,0,0.01785714285714285,-1,0,0,1
2011/12,2011,2011-12-10,West Brom,Wigan,M Dean,1,2,9,7,1,1,0,0,full,0,0,,0,0,0.031746031746031744,-2,0,0,1
2011/12,2011,2011-12-11,Stoke,Tottenham,C Foy,2,1,8,7,2,2,0,1,full,0,0,,0,0,0.0357142857142857,-1,1,0,1
2011/12,2011,2011-12-11,Sunderland,Blackburn,P Walton,2,1,11,7,2,2,0,0,full,0,0,,0,0,0.10389610389610388,-4,0,0,1
2011/12,2011,2011-12-12,Chelsea,Man City,M Clattenburg,2,1,11,18,4,2,0,1,full,0,0,,0,-2,-0.25252525252525254,7,1,0,1
2011/12,2011,2011-12-17,Blackburn,West Brom,M Clattenburg,1,2,7,10,1,1,0,0,full,0,0,,0,0,-0.042857142857142844,3,0,0,1
2011/12,2011,2011-12-17,Everton,Norwich,L Probert,1,1,9,12,1,1,0,0,full,0,0,,0,0,-0.027777777777777776,3,0,0,1
2011/12,2011,2011-12-17,Fulham,Bolton,C Foy,2,0,6,11,1,3,0,0,full,0,0,,0,2,0.10606060606060605,5,0,0,1
2011/12,2011,2011-12-17,Newcastle,Swansea,L Mason,0,0,11,11,1,1,0,0,full,0,0,,0,0,0.0,0,0,0,1
2011/12,2011,2011-12-17,Wigan,Chelsea,M Atkinson,1,1,8,6,0,0,0,0,full,0,0,,0,0,0.0,-2,0,0,1
2011/12,2011,2011-12-17,Wolves,Stoke,A Taylor,1,2,8,11,2,4,0,0,full,0,0,,0,2,0.11363636363636365,3,0,0,1
2011/12,2011,2011-12-18,Aston Villa,Liverpool,P Walton,0,2,5,14,1,2,0,0,full,0,0,,0,1,-0.05714285714285716,9,0,0,1
2011/12,2011,2011-12-18,Man City,Arsenal,P Dowd,1,0,13,10,2,3,0,0,full,0,0,,0,1,0.14615384615384613,-3,0,0,1
2011/12,2011,2011-12-18,QPR,Man United,H Webb,0,2,5,7,1,2,0,0,full,0,0,,0,1,0.08571428571428569,2,0,0,1
2011/12,2011,2011-12-18,Tottenham,Sunderland,M Dean,1,0,6,8,1,2,0,0,full,0,0,,0,1,0.08333333333333334,2,0,0,1
2011/12,2011,2011-12-20,Blackburn,Bolton,M Atkinson,1,2,10,7,3,0,0,0,full,0,0,,0,-3,-0.3,-3,0,0,1
2011/12,2011,2011-12-20,Wolves,Norwich,C Foy,2,2,5,11,2,2,0,0,full,0,0,,0,0,-0.2181818181818182,6,0,0,1
2011/12,2011,2011-12-21,Aston Villa,Arsenal,J Moss,1,2,10,8,2,3,1,0,full,0,0,,0,1,0.175,-2,-1,0,1
2011/12,2011,2011-12-21,Everton,Swansea,K Friend,1,0,8,13,1,2,0,0,full,0,0,,0,1,0.028846153846153855,5,0,0,1
2011/12,2011,2011-12-21,Fulham,Man United,M Halsey,0,5,7,8,1,0,0,0,full,0,0,,0,-1,-0.14285714285714285,1,0,0,1
2011/12,2011,2011-12-21,Man City,Stoke,M Dean,3,0,7,5,2,1,0,0,full,0,0,,0,-1,-0.08571428571428569,-2,0,0,1
2011/12,2011,2011-12-21,Newcastle,West Brom,A Taylor,2,3,9,10,1,0,0,0,full,0,0,,0,-1,-0.1111111111111111,1,0,0,1
2011/12,2011,2011-12-21,QPR,Sunderland,A Marriner,2,3,10,11,2,2,0,0,full,0,0,,0,0,-0.018181818181818188,1,0,0,1
2011/12,2011,2011-12-21,Wigan,Liverpool,M Oliver,0,0,16,12,1,2,0,0,full,0,0,,0,1,0.10416666666666666,-4,0,0,1
2011/12,2011,2011-12-22,Tottenham,Chelsea,H Webb,1,1,14,8,2,2,0,0,full,0,0,,0,0,0.10714285714285715,-6,0,0,1
2011/12,2011,2011-12-26,Bolton,Newcastle,P Walton,0,2,9,11,1,1,0,0,full,0,0,,0,0,-0.020202020202020193,2,0,0,1
2011/12,2011,2011-12-26,Chelsea,Fulham,K Friend,1,1,10,12,1,1,0,0,full,0,0,,0,0,-0.016666666666666677,2,0,0,1
2011/12,2011,2011-12-26,Liverpool,Blackburn,M Jones,1,1,5,15,1,0,0,0,full,0,0,,0,-1,-0.2,10,0,0,1
2011/12,2011,2011-12-26,Man United,Wigan,P Dowd,5,0,12,10,2,1,0,1,full,0,0,,0,-1,-0.06666666666666665,-2,1,0,1
2011/12,2011,2011-12-26,Stoke,Aston Villa,M Clattenburg,0,0,13,10,3,0,0,0,full,0,0,,0,-3,-0.23076923076923078,-3,0,0,1
2011/12,2011,2011-12-26,Sunderland,Everton,H Webb,1,1,6,14,0,1,0,0,full,0,0,,0,1,0.07142857142857142,8,0,0,1
2011/12,2011,2011-12-26,West Brom,Man City,L Mason,0,0,8,8,0,1,0,0,full,0,0,,0,1,0.125,0,0,0,1
2011/12,2011,2011-12-27,Arsenal,Wolves,S Attwell,1,1,3,12,2,3,0,1,full,0,0,,0,1,-0.41666666666666663,9,1,0,1
2011/12,2011,2011-12-27,Norwich,Tottenham,M Oliver,0,2,7,6,1,1,0,0,full,0,0,,0,0,0.023809523809523808,-1,0,0,1
2011/12,2011,2011-12-27,Swansea,QPR,L Probert,1,1,9,12,1,3,0,0,full,0,0,,0,2,0.1388888888888889,3,0,0,1
2011/12,2011,2011-12-30,Liverpool,Newcastle,L Probert,3,1,7,11,0,2,0,0,full,0,0,,0,2,0.18181818181818182,4,0,0,1
2011/12,2011,2011-12-31,Arsenal,QPR,M Atkinson,1,0,11,13,2,2,0,0,full,0,0,,0,0,-0.02797202797202797,2,0,0,1
2011/12,2011,2011-12-31,Bolton,Wolves,M Clattenburg,1,1,11,8,0,0,0,0,full,0,0,,0,0,0.0,-3,0,0,1
2011/12,2011,2011-12-31,Chelsea,Aston Villa,M Halsey,1,3,7,13,1,1,0,0,full,0,0,,0,0,-0.06593406593406592,6,0,0,1
2011/12,2011,2011-12-31,Man United,Blackburn,M Dean,2,3,8,10,2,2,0,0,full,0,0,,0,0,-0.04999999999999999,2,0,0,1
2011/12,2011,2011-12-31,Norwich,Fulham,H Webb,1,1,9,6,0,0,0,0,full,0,0,,0,0,0.0,-3,0,0,1
2011/12,2011,2011-12-31,Stoke,Wigan,M Oliver,2,2,14,5,2,3,0,1,full,0,0,,0,1,0.45714285714285713,-9,1,0,1
2011/12,2011,2011-12-31,Swansea,Tottenham,P Dowd,1,1,8,4,1,2,0,0,full,0,0,,0,1,0.375,-4,0,0,1
2011/12,2011,2012-01-01,Sunderland,Man City,K Friend,1,0,7,6,1,1,0,0,full,0,0,,0,0,0.023809523809523808,-1,0,0,1
2011/12,2011,2012-01-01,West Brom,Everton,S Attwell,0,1,10,8,0,2,0,0,full,0,0,,0,2,0.25,-2,0,0,1
2011/12,2011,2012-01-02,Aston Villa,Swansea,A Taylor,0,2,11,6,2,4,0,0,full,0,0,,0,2,0.4848484848484848,-5,0,0,1
2011/12,2011,2012-01-02,Blackburn,Stoke,L Mason,1,2,8,7,2,1,0,0,full,0,0,,0,-1,-0.10714285714285715,-1,0,0,1
2011/12,2011,2012-01-02,Fulham,Arsenal,L Probert,2,1,6,12,0,1,0,1,full,0,0,,0,1,0.08333333333333333,6,1,0,1
2011/12,2011,2012-01-02,QPR,Norwich,N Swarbrick,1,2,12,12,2,1,1,0,full,0,0,,0,-1,-0.08333333333333333,0,-1,0,1
2011/12,2011,2012-01-02,Wolves,Chelsea,P Walton,1,2,9,10,3,2,0,0,full,0,0,,0,-1,-0.1333333333333333,1,0,0,1
2011/12,2011,2012-01-03,Man City,Liverpool,M Jones,3,0,13,7,1,2,1,0,full,0,0,,0,1,0.20879120879120877,-6,-1,0,1
2011/12,2011,2012-01-03,Tottenham,West Brom,M Halsey,1,0,3,14,0,5,0,0,full,0,0,,0,5,0.35714285714285715,11,0,0,1
2011/12,2011,2012-01-03,Wigan,Sunderland,M Dean,1,4,9,6,1,0,0,0,full,0,0,,0,-1,-0.1111111111111111,-3,0,0,1
2011/12,2011,2012-01-04,Everton,Bolton,P Dowd,1,2,7,11,1,3,0,0,full,0,0,,0,2,0.12987012987012986,4,0,0,1
2011/12,2011,2012-01-04,Newcastle,Man United,H Webb,3,0,16,15,1,2,0,0,full,0,0,,0,1,0.07083333333333333,-1,0,0,1
2011/12,2011,2012-01-11,Tottenham,Everton,M Atkinson,2,0,5,15,1,3,0,0,full,0,0,,0,2,0.0,10,0,0,1
2011/12,2011,2012-01-14,Aston Villa,Everton,M Clattenburg,1,1,12,11,1,1,0,0,full,0,0,,0,0,0.007575757575757583,-1,0,0,1
2011/12,2011,2012-01-14,Blackburn,Fulham,A Taylor,3,1,14,11,1,1,1,0,full,0,0,,0,0,0.019480519480519487,-3,-1,0,1
2011/12,2011,2012-01-14,Chelsea,Sunderland,P Dowd,1,0,9,9,3,1,0,0,full,0,0,,0,-2,-0.2222222222222222,0,0,0,1
2011/12,2011,2012-01-14,Liverpool,Stoke,H Webb,0,0,6,11,0,3,0,0,full,0,0,,0,3,0.2727272727272727,5,0,0,1
2011/12,2011,2012-01-14,Man United,Bolton,P Walton,3,0,7,7,0,1,0,0,full,0,0,,0,1,0.14285714285714285,0,0,0,1
2011/12,2011,2012-01-14,Tottenham,Wolves,M Jones,1,1,6,12,1,3,0,0,full,0,0,,0,2,0.08333333333333334,6,0,0,1
2011/12,2011,2012-01-14,West Brom,Norwich,M Dean,1,2,6,14,0,1,0,0,full,0,0,,0,1,0.07142857142857142,8,0,0,1
2011/12,2011,2012-01-15,Newcastle,QPR,C Foy,1,0,5,9,0,4,0,0,full,0,0,,0,4,0.4444444444444444,4,0,0,1
2011/12,2011,2012-01-15,Swansea,Arsenal,M Oliver,3,2,9,9,0,0,0,0,full,0,0,,0,0,0.0,0,0,0,1
2011/12,2011,2012-01-16,Wigan,Man City,M Atkinson,0,1,16,15,3,3,0,0,full,0,0,,0,0,0.012500000000000011,-1,0,0,1
2011/12,2011,2012-01-21,Bolton,Liverpool,K Friend,3,1,10,13,0,2,0,0,full,0,0,,0,2,0.15384615384615385,3,0,0,1
2011/12,2011,2012-01-21,Everton,Blackburn,M Halsey,1,1,15,13,2,2,0,0,full,0,0,,0,0,0.020512820512820523,-2,0,0,1
2011/12,2011,2012-01-21,Fulham,Newcastle,L Mason,5,2,8,12,0,4,0,0,full,0,0,,0,4,0.3333333333333333,4,0,0,1
2011/12,2011,2012-01-21,Norwich,Chelsea,M Clattenburg,0,0,5,4,0,0,0,0,full,0,0,,0,0,0.0,-1,0,0,1
2011/12,2011,2012-01-21,QPR,Wigan,J Moss,3,1,10,15,2,2,0,0,full,0,0,,0,0,-0.06666666666666668,5,0,0,1
2011/12,2011,2012-01-21,Stoke,West Brom,A Taylor,1,2,10,10,0,0,0,0,full,0,0,,0,0,0.0,0,0,0,1
2011/12,2011,2012-01-21,Sunderland,Swansea,C Foy,2,0,9,6,0,0,0,0,full,0,0,,0,0,0.0,-3,0,0,1
2011/12,2011,2012-01-21,Wolves,Aston Villa,M Oliver,2,3,11,8,1,0,1,0,full,0,0,,0,-1,-0.09090909090909091,-3,-1,0,1
2011/12,2011,2012-01-22,Arsenal,Man United,M Dean,1,2,15,6,5,2,0,0,full,0,0,,0,-3,0.0,-9,0,0,1
2011/12,2011,2012-01-22,Man City,Tottenham,H Webb,3,2,7,10,2,1,0,0,full,0,0,,0,-1,-0.1857142857142857,3,0,0,1
2011/12,2011,2012-01-31,Everton,Man City,P Walton,1,0,12,9,1,2,0,0,full,0,0,,0,1,0.1388888888888889,-3,0,0,1
2011/12,2011,2012-01-31,Man United,Stoke,M Jones,2,0,9,14,1,3,0,0,full,0,0,,0,2,0.10317460317460317,5,0,0,1
2011/12,2011,2012-01-31,Swansea,Chelsea,A Marriner,1,1,10,19,2,3,0,1,full,0,0,,0,1,-0.04210526315789476,9,1,0,1
2011/12,2011,2012-01-31,Tottenham,Wigan,L Probert,3,1,7,7,0,1,0,0,full,0,0,,0,1,0.14285714285714285,0,0,0,1
2011/12,2011,2012-01-31,Wolves,Liverpool,A Taylor,0,3,6,8,1,3,0,0,full,0,0,,0,2,0.20833333333333334,2,0,0,1
2011/12,2011,2012-02-01,Aston Villa,QPR,N Swarbrick,2,2,3,12,0,1,0,0,full,0,0,,0,1,0.08333333333333333,9,0,0,1
2011/12,2011,2012-02-01,Blackburn,Newcastle,P Dowd,0,2,9,17,1,2,0,0,full,0,0,,0,1,0.006535947712418305,8,0,0,1
2011/12,2011,2012-02-01,Bolton,Arsenal,C Foy,0,0,8,10,1,1,0,0,full,0,0,,0,0,-0.024999999999999994,2,0,0,1
2011/12,2011,2012-02-01,Fulham,West Brom,M Halsey,1,1,6,7,1,0,0,0,full,0,0,,0,-1,-0.16666666666666666,1,0,0,1
2011/12,2011,2012-02-01,Sunderland,Norwich,L Mason,3,0,6,14,1,1,0,0,full,0,0,,0,0,-0.09523809523809523,8,0,0,1
2011/12,2011,2012-02-04,Arsenal,Blackburn,A Marriner,7,1,9,14,2,3,0,1,full,0,0,,0,1,-0.007936507936507936,5,1,0,1
2011/12,2011,2012-02-04,Man City,Fulham,M Dean,3,0,8,7,1,3,0,0,full,0,0,,0,2,0.30357142857142855,-1,0,0,1
2011/12,2011,2012-02-04,Norwich,Bolton,L Probert,2,0,6,6,0,0,0,0,full,0,0,,0,0,0.0,0,0,0,1
2011/12,2011,2012-02-04,QPR,Wolves,M Clattenburg,1,2,7,14,0,3,1,0,full,0,0,,0,3,0.21428571428571427,7,-1,0,1
2011/12,2011,2012-02-04,Stoke,Sunderland,M Atkinson,0,1,12,6,0,1,1,0,full,0,0,,0,1,0.16666666666666666,-6,-1,0,1
2011/12,2011,2012-02-04,West Brom,Swansea,J Moss,1,2,11,6,2,1,0,0,full,0,0,,0,-1,-0.015151515151515166,-5,0,0,1
2011/12,2011,2012-02-04,Wigan,Everton,A Taylor,1,1,12,8,2,0,0,0,full,0,0,,0,-2,-0.16666666666666666,-4,0,0,1
2011/12,2011,2012-02-05,Chelsea,Man United,H Webb,3,3,14,13,2,1,0,0,full,0,0,,0,-1,-0.06593406593406592,-1,0,0,1
2011/12,2011,2012-02-05,Newcastle,Aston Villa,M Halsey,2,1,6,11,1,2,0,0,full,0,0,,0,1,0.015151515151515166,5,0,0,1
2011/12,2011,2012-02-06,Liverpool,Tottenham,M Oliver,0,0,6,11,2,2,0,0,full,0,0,,0,0,-0.1515151515151515,5,0,0,1
2011/12,2011,2012-02-11,Blackburn,QPR,M Dean,3,2,11,10,1,1,0,0,full,0,0,,0,0,0.009090909090909094,-1,0,0,1
2011/12,2011,2012-02-11,Bolton,Wigan,H Webb,1,2,19,10,3,2,0,0,full,0,0,,0,-1,0.04210526315789476,-9,0,0,1
2011/12,2011,2012-02-11,Everton,Chelsea,M Jones,2,0,13,12,0,3,0,0,full,0,0,,0,3,0.25,-1,0,0,1
2011/12,2011,2012-02-11,Fulham,Stoke,C Foy,2,1,12,6,1,2,0,0,full,0,0,,0,1,0.25,-6,0,0,1
2011/12,2011,2012-02-11,Man United,Liverpool,P Dowd,2,1,10,11,1,1,0,0,full,0,0,,0,0,-0.009090909090909094,1,0,0,1
2011/12,2011,2012-02-11,Sunderland,Arsenal,N Swarbrick,1,2,7,7,2,1,0,0,full,0,0,,0,-1,-0.14285714285714285,0,0,0,1
2011/12,2011,2012-02-11,Swansea,Norwich,M Atkinson,2,3,6,12,0,2,0,0,full,0,0,,0,2,0.16666666666666666,6,0,0,1
2011/12,2011,2012-02-11,Tottenham,Newcastle,A Marriner,5,0,7,9,2,1,0,0,full,0,0,,0,-1,-0.1746031746031746,2,0,0,1
2011/12,2011,2012-02-12,Aston Villa,Man City,M Oliver,0,1,15,5,3,0,0,0,full,0,0,,0,-3,-0.2,-10,0,0,1
2011/12,2011,2012-02-12,Wolves,West Brom,L Mason,1,5,6,11,1,0,0,0,full,0,0,,0,-1,-0.16666666666666666,5,0,0,1
2011/12,2011,2012-02-25,Chelsea,Bolton,M Oliver,3,0,7,13,0,1,0,0,full,0,0,,0,1,0.07692307692307693,6,0,0,1
2011/12,2011,2012-02-25,Man City,Blackburn,M Jones,3,0,6,10,0,2,0,0,full,0,0,,0,2,0.2,4,0,0,1
2011/12,2011,2012-02-25,Newcastle,Wolves,P Walton,2,2,8,8,1,1,0,0,full,0,0,,0,0,0.0,0,0,0,1
2011/12,2011,2012-02-25,QPR,Fulham,P Dowd,0,1,17,12,1,4,1,0,full,0,0,,0,3,0.2745098039215686,-5,-1,0,1
2011/12,2011,2012-02-25,West Brom,Sunderland,C Foy,4,0,6,8,1,1,0,0,full,0,0,,0,0,-0.04166666666666666,2,0,0,1
2011/12,2011,2012-02-25,Wigan,Aston Villa,K Friend,0,0,8,8,0,4,0,0,full,0,0,,0,4,0.5,0,0,0,1
2011/12,2011,2012-02-26,Arsenal,Tottenham,M Dean,5,2,15,12,3,3,0,1,full,0,0,,0,0,0.04999999999999999,-3,1,0,1
2011/12,2011,2012-02-26,Norwich,Man United,A Marriner,1,2,9,10,1,2,0,0,full,0,0,,0,1,0.0888888888888889,1,0,0,1
2011/12,2011,2012-02-26,Stoke,Swansea,H Webb,2,0,13,7,1,0,0,0,full,0,0,,0,-1,-0.07692307692307693,-6,0,0,1
2011/12,2011,2012-03-03,Blackburn,Aston Villa,H Webb,1,1,9,5,1,0,0,0,full,0,0,,0,-1,-0.1111111111111111,-4,0,0,1
2011/12,2011,2012-03-03,Liverpool,Arsenal,M Halsey,1,2,11,9,0,1,0,0,full,0,0,,0,1,0.1111111111111111,-2,0,0,1
2011/12,2011,2012-03-03,Man City,Bolton,M Clattenburg,2,0,13,8,0,0,0,0,full,0,0,,0,0,0.0,-5,0,0,1
2011/12,2011,2012-03-03,QPR,Everton,K Friend,1,1,16,15,1,2,0,0,full,0,0,,0,1,0.07083333333333333,-1,0,0,1
2011/12,2011,2012-03-03,Stoke,Norwich,M Oliver,1,0,10,16,0,2,0,0,full,0,0,,0,2,0.125,6,0,0,1
2011/12,2011,2012-03-03,West Brom,Chelsea,P Dowd,1,0,9,10,3,1,0,0,full,0,0,,0,-2,-0.2333333333333333,1,0,0,1
2011/12,2011,2012-03-03,Wigan,Swansea,A Marriner,0,2,15,7,2,2,0,1,full,0,0,,0,0,0.15238095238095237,-8,1,0,1
2011/12,2011,2012-03-04,Fulham,Wolves,M Jones,5,0,7,9,1,2,0,0,full,0,0,,0,1,0.07936507936507936,2,0,0,1
2011/12,2011,2012-03-04,Newcastle,Sunderland,M Dean,1,1,14,14,5,3,0,1,full,0,0,,0,-2,-0.14285714285714288,0,1,0,1
2011/12,2011,2012-03-04,Tottenham,Man United,M Atkinson,1,3,8,10,1,2,0,0,full,0,0,,0,1,0.07500000000000001,2,0,0,1
2011/12,2011,2012-03-10,Aston Villa,Fulham,J Moss,1,0,9,11,2,0,0,0,full,0,0,,0,-2,-0.2222222222222222,2,0,0,1
2011/12,2011,2012-03-10,Bolton,QPR,M Atkinson,2,1,13,13,2,2,0,0,full,0,0,,0,0,0.0,0,0,0,1
2011/12,2011,2012-03-10,Chelsea,Stoke,A Marriner,1,0,12,15,1,2,0,1,full,0,0,,0,1,0.05,3,1,0,1
2011/12,2011,2012-03-10,Everton,Tottenham,M Halsey,1,0,13,11,2,2,0,0,full,0,0,,0,0,0.02797202797202797,-2,0,0,1
2011/12,2011,2012-03-10,Sunderland,Liverpool,A Taylor,1,0,13,15,1,1,0,0,full,0,0,,0,0,-0.010256410256410262,2,0,0,1
2011/12,2011,2012-03-10,Wolves,Blackburn,C Foy,0,2,10,10,1,2,0,0,full,0,0,,0,1,0.1,0,0,0,1
2011/12,2011,2012-03-11,Man United,West Brom,L Probert,2,0,5,13,0,1,0,1,full,0,0,,0,1,0.07692307692307693,8,1,0,1
2011/12,2011,2012-03-11,Norwich,Wigan,K Friend,1,1,12,7,4,4,0,0,full,0,0,,0,0,0.23809523809523808,-5,0,0,1
2011/12,2011,2012-03-11,Swansea,Man City,L Mason,1,0,9,14,0,2,0,0,full,0,0,,0,2,0.14285714285714285,5,0,0,1
2011/12,2011,2012-03-12,Arsenal,Newcastle,H Webb,2,1,11,12,2,3,0,0,full,0,0,,0,1,0.06818181818181818,1,0,0,1
2011/12,2011,2012-03-13,Liverpool,Everton,P Dowd,3,0,6,7,1,4,0,0,full,0,0,,0,3,0.40476190476190477,1,0,0,1
2011/12,2011,2012-03-17,Fulham,Swansea,M Halsey,0,3,8,7,0,0,0,0,full,0,0,,0,0,0.0,-1,0,0,1
2011/12,2011,2012-03-17,Wigan,West Brom,M Oliver,1,1,8,10,2,4,0,0,full,0,0,,0,2,0.15000000000000002,2,0,0,1
2011/12,2011,2012-03-18,Newcastle,Norwich,P Dowd,1,0,8,15,0,3,0,0,full,0,0,,0,3,0.2,7,0,0,1
2011/12,2011,2012-03-18,Wolves,Man United,A Taylor,0,5,6,11,1,1,1,0,full,0,0,,0,0,-0.07575757575757575,5,-1,0,1
2011/12,2011,2012-03-20,Blackburn,Sunderland,M Atkinson,2,0,13,10,0,1,0,0,full,0,0,,0,1,0.1,-3,0,0,1
2011/12,2011,2012-03-21,Everton,Arsenal,L Mason,0,1,11,11,2,1,0,0,full,0,0,,0,-1,-0.09090909090909091,0,0,0,1
2011/12,2011,2012-03-21,Man City,Chelsea,M Dean,2,1,8,7,1,2,0,0,full,0,0,,0,1,0.1607142857142857,-1,0,0,1
2011/12,2011,2012-03-21,QPR,Liverpool,H Webb,3,2,8,6,0,0,0,0,full,0,0,,0,0,0.0,-2,0,0,1
2011/12,2011,2012-03-21,Tottenham,Stoke,M Jones,1,1,10,10,1,1,0,0,full,0,0,,0,0,0.0,0,0,0,1
2011/12,2011,2012-03-24,Arsenal,Aston Villa,P Dowd,3,0,6,13,0,5,0,0,full,0,0,,0,5,0.38461538461538464,7,0,0,1
2011/12,2011,2012-03-24,Bolton,Blackburn,A Marriner,2,1,8,3,0,2,0,0,full,0,0,,0,2,0.6666666666666666,-5,0,0,1
2011/12,2011,2012-03-24,Chelsea,Tottenham,M Atkinson,0,0,9,11,1,2,0,0,full,0,0,,0,1,0.07070707070707072,2,0,0,1
2011/12,2011,2012-03-24,Liverpool,Wigan,L Mason,1,2,14,10,1,2,0,0,full,0,0,,0,1,0.1285714285714286,-4,0,0,1
2011/12,2011,2012-03-24,Norwich,Wolves,M Clattenburg,2,1,13,7,2,2,1,0,full,0,0,,0,0,0.13186813186813184,-6,-1,0,1
2011/12,2011,2012-03-24,Stoke,Man City,H Webb,1,1,15,12,1,2,0,0,full,0,0,,0,1,0.09999999999999999,-3,0,0,1
2011/12,2011,2012-03-24,Sunderland,QPR,M Jones,3,1,11,9,2,3,0,1,full,0,0,,0,1,0.1515151515151515,-2,1,0,1
2011/12,2011,2012-03-24,Swansea,Everton,N Swarbrick,0,2,10,10,1,2,0,0,full,0,0,,0,1,0.1,0,0,0,1
2011/12,2011,2012-03-25,West Brom,Newcastle,C Foy,1,3,10,4,0,1,0,0,full,0,0,,0,1,0.25,-6,0,0,1
2011/12,2011,2012-03-26,Man United,Fulham,M Oliver,1,0,17,6,1,0,0,0,full,0,0,,0,-1,-0.058823529411764705,-11,0,0,1
2011/12,2011,2012-03-31,Aston Villa,Chelsea,L Mason,2,4,13,5,1,0,0,0,full,0,0,,0,-1,-0.07692307692307693,-8,0,0,1
2011/12,2011,2012-03-31,Everton,West Brom,P Walton,2,0,8,12,2,1,0,0,full,0,0,,0,-1,-0.16666666666666669,4,0,0,1
2011/12,2011,2012-03-31,Fulham,Norwich,A Taylor,2,1,11,9,1,2,0,0,full,0,0,,0,1,0.1313131313131313,-2,0,0,1
2011/12,2011,2012-03-31,Man City,Sunderland,P Dowd,3,3,11,13,1,1,0,0,full,0,0,,0,0,-0.013986013986013984,2,0,0,1
2011/12,2011,2012-03-31,QPR,Arsenal,M Dean,2,1,13,9,5,2,0,0,full,0,0,,0,-3,-0.16239316239316243,-4,0,0,1
2011/12,2011,2012-03-31,Wigan,Stoke,M Clattenburg,2,0,14,13,2,4,0,0,full,0,0,,0,2,0.16483516483516486,-1,0,0,1
2011/12,2011,2012-03-31,Wolves,Bolton,J Moss,2,3,11,11,1,1,0,0,full,0,0,,0,0,0.0,0,0,0,1
2011/12,2011,2012-04-01,Newcastle,Liverpool,M Atkinson,2,0,10,11,3,3,0,1,full,0,0,,0,0,-0.027272727272727282,1,1,0,1
2011/12,2011,2012-04-01,Tottenham,Swansea,A Marriner,3,1,11,12,0,0,0,0,full,0,0,,0,0,0.0,1,0,0,1
2011/12,2011,2012-04-02,Blackburn,Man United,H Webb,0,2,8,5,1,1,0,0,full,0,0,,0,0,0.07500000000000001,-3,0,0,1
2011/12,2011,2012-04-06,Swansea,Newcastle,H Webb,0,2,10,7,1,1,0,0,full,0,0,,0,0,0.042857142857142844,-3,0,0,1
2011/12,2011,2012-04-07,Bolton,Fulham,M Dean,0,3,11,9,1,0,0,0,full,0,0,,0,-1,-0.09090909090909091,-2,0,0,1
2011/12,2011,2012-04-07,Chelsea,Wigan,M Jones,2,1,14,11,2,2,0,0,full,0,0,,0,0,0.038961038961038974,-3,0,0,1
2011/12,2011,2012-04-07,Liverpool,Aston Villa,M Oliver,1,1,4,9,1,1,0,0,full,0,0,,0,0,-0.1388888888888889,5,0,0,1
2011/12,2011,2012-04-07,Norwich,Everton,A Marriner,2,2,7,17,0,3,0,0,full,0,0,,0,3,0.17647058823529413,10,0,0,1
2011/12,2011,2012-04-07,Stoke,Wolves,M Halsey,2,1,7,11,1,1,0,0,full,0,0,,0,0,-0.05194805194805194,4,0,0,1
2011/12,2011,2012-04-07,Sunderland,Tottenham,C Foy,0,0,12,10,2,2,0,0,full,0,0,,0,0,0.033333333333333354,-2,0,0,1
2011/12,2011,2012-04-07,West Brom,Blackburn,L Probert,3,0,5,7,1,1,0,1,full,0,0,,0,0,-0.05714285714285716,2,1,0,1
2011/12,2011,2012-04-08,Arsenal,Man City,M Atkinson,1,0,13,14,2,4,0,1,full,0,0,,0,2,0.13186813186813184,1,1,0,1
2011/12,2011,2012-04-08,Man United,QPR,L Mason,2,0,13,10,1,0,0,1,full,0,0,,0,-1,-0.07692307692307693,-3,1,0,1
2011/12,2011,2012-04-09,Aston Villa,Stoke,M Dean,1,1,9,9,3,0,0,0,full,0,0,,0,-3,-0.3333333333333333,0,0,0,1
2011/12,2011,2012-04-09,Everton,Sunderland,K Friend,4,0,7,12,0,2,0,0,full,0,0,,0,2,0.16666666666666666,5,0,0,1
2011/12,2011,2012-04-09,Fulham,Chelsea,M Clattenburg,1,1,5,16,1,3,0,0,full,0,0,,0,2,-0.012500000000000011,11,0,0,1
2011/12,2011,2012-04-09,Newcastle,Bolton,M Jones,2,0,7,18,1,1,0,0,full,0,0,,0,0,-0.0873015873015873,11,0,0,1
2011/12,2011,2012-04-09,Tottenham,Norwich,M Oliver,1,2,12,12,1,2,0,0,full,0,0,,0,1,0.08333333333333333,0,0,0,1
2011/12,2011,2012-04-10,Blackburn,Liverpool,A Taylor,2,3,16,12,4,5,0,1,full,0,0,,0,1,0.16666666666666669,-4,1,0,1
2011/12,2011,2012-04-11,Man City,West Brom,K Friend,4,0,7,9,0,0,0,0,full,0,0,,0,0,0.0,2,0,0,1
2011/12,2011,2012-04-11,QPR,Swansea,L Probert,3,0,9,10,2,0,0,0,full,0,0,,0,-2,-0.2222222222222222,1,0,0,1
2011/12,2011,2012-04-11,Wigan,Man United,P Dowd,1,0,8,14,1,2,0,0,full,0,0,,0,1,0.01785714285714285,6,0,0,1
2011/12,2011,2012-04-11,Wolves,Arsenal,N Swarbrick,0,3,9,4,3,0,1,0,full,0,0,,0,-3,-0.3333333333333333,-5,-1,0,1
2011/12,2011,2012-04-14,Norwich,Man City,C Foy,1,6,10,5,1,2,0,0,full,0,0,,0,1,0.30000000000000004,-5,0,0,1
2011/12,2011,2012-04-14,Sunderland,Wolves,M Jones,0,0,4,11,0,1,0,0,full,0,0,,0,1,0.09090909090909091,7,0,0,1
2011/12,2011,2012-04-14,Swansea,Blackburn,M Clattenburg,3,0,8,12,0,2,0,0,full,0,0,,0,2,0.16666666666666666,4,0,0,1
2011/12,2011,2012-04-14,West Brom,QPR,J Moss,1,0,13,11,3,1,0,0,full,0,0,,0,-2,-0.13986013986013987,-2,0,0,1
2011/12,2011,2012-04-15,Man United,Aston Villa,M Halsey,4,0,9,7,3,3,0,0,full,0,0,,0,0,0.09523809523809523,-2,0,0,1
2011/12,2011,2012-04-16,Arsenal,Wigan,A Marriner,1,2,15,13,2,3,0,0,full,0,0,,0,1,0.09743589743589745,-2,0,0,1
2011/12,2011,2012-04-21,Arsenal,Chelsea,M Dean,0,0,11,11,3,4,0,0,full,0,0,,0,1,0.09090909090909094,0,0,0,1
2011/12,2011,2012-04-21,Aston Villa,Sunderland,A Taylor,0,0,11,8,0,2,0,1,full,0,0,,0,2,0.25,-3,1,0,1
2011/12,2011,2012-04-21,Blackburn,Norwich,K Friend,2,0,8,13,1,1,0,0,full,0,0,,0,0,-0.04807692307692307,5,0,0,1
2011/12,2011,2012-04-21,Bolton,Swansea,P Dowd,1,1,19,7,2,1,0,0,full,0,0,,0,-1,0.03759398496240601,-12,0,0,1
2011/12,2011,2012-04-21,Fulham,Wigan,L Mason,2,1,11,16,1,2,0,0,full,0,0,,0,1,0.03409090909090909,5,0,0,1
2011/12,2011,2012-04-21,Newcastle,Stoke,A Marriner,3,0,8,10,0,2,0,0,full,0,0,,0,2,0.2,2,0,0,1
2011/12,2011,2012-04-21,QPR,Tottenham,M Clattenburg,1,0,13,10,4,0,1,0,full,0,0,,0,-4,-0.3076923076923077,-3,-1,0,1
2011/12,2011,2012-04-22,Liverpool,West Brom,N Swarbrick,0,1,10,8,2,0,0,0,full,0,0,,0,-2,-0.2,-2,0,0,1
2011/12,2011,2012-04-22,Man United,Everton,M Jones,4,4,8,11,1,2,0,0,full,0,0,,0,1,0.05681818181818182,3,0,0,1
2011/12,2011,2012-04-22,Wolves,Man City,L Probert,0,2,6,10,0,1,0,0,full,0,0,,0,1,0.1,4,0,0,1
2011/12,2011,2012-04-24,Aston Villa,Bolton,C Foy,1,2,9,16,1,2,0,0,full,0,0,,0,1,0.013888888888888895,7,0,0,1
2011/12,2011,2012-04-28,Everton,Fulham,P Dowd,4,0,13,8,1,1,0,0,full,0,0,,0,0,0.04807692307692307,-5,0,0,1
2011/12,2011,2012-04-28,Norwich,Liverpool,M Halsey,0,3,9,4,4,0,0,0,full,0,0,,0,-4,-0.4444444444444444,-5,0,0,1
2011/12,2011,2012-04-28,Stoke,Arsenal,C Foy,1,1,8,10,1,2,0,0,full,0,0,,0,1,0.07500000000000001,2,0,0,1
2011/12,2011,2012-04-28,Sunderland,Bolton,L Probert,2,2,8,16,1,0,0,0,full,0,0,,0,-1,-0.125,8,0,0,1
2011/12,2011,2012-04-28,Swansea,Wolves,J Moss,4,4,8,8,2,1,0,0,full,0,0,,0,-1,-0.125,0,0,0,1
2011/12,2011,2012-04-28,West Brom,Aston Villa,M Clattenburg,0,0,14,16,0,4,0,0,full,0,0,,0,4,0.25,2,0,0,1
2011/12,2011,2012-04-28,Wigan,Newcastle,M Dean,4,0,14,12,2,1,0,0,full,0,0,,0,-1,-0.05952380952380952,-2,0,0,1
2011/12,2011,2012-04-29,Chelsea,QPR,H Webb,6,1,9,8,0,1,0,0,full,0,0,,0,1,0.125,-1,0,0,1
2011/12,2011,2012-04-29,Tottenham,Blackburn,M Jones,2,0,5,14,0,0,0,0,full,0,0,,0,0,0.0,9,0,0,1
2011/12,2011,2012-04-30,Man City,Man United,A Marriner,1,0,11,14,3,2,0,0,full,0,0,,0,-1,-0.12987012987012986,3,0,0,1
2011/12,2011,2012-05-01,Liverpool,Fulham,L Probert,0,1,11,7,0,0,0,0,full,0,0,,0,0,0.0,-4,0,0,1
2011/12,2011,2012-05-01,Stoke,Everton,A Taylor,1,1,6,14,2,1,0,0,full,0,0,,0,-1,-0.26190476190476186,8,0,0,1
2011/12,2011,2012-05-02,Bolton,Tottenham,M Dean,1,4,6,9,2,1,0,0,full,0,0,,0,-1,-0.2222222222222222,3,0,0,1
2011/12,2011,2012-05-02,Chelsea,Newcastle,M Halsey,0,2,9,5,0,3,0,0,full,0,0,,0,3,0.6,-4,0,0,1
2011/12,2011,2012-05-05,Arsenal,Norwich,A Taylor,3,3,8,15,2,3,0,0,full,0,0,,0,1,-0.04999999999999999,7,0,0,1
2011/12,2011,2012-05-06,Aston Villa,Tottenham,L Probert,1,1,10,8,1,2,0,1,full,0,0,,0,1,0.15,-2,1,0,1
2011/12,2011,2012-05-06,Bolton,West Brom,K Friend,2,2,14,8,1,4,0,0,full,0,0,,0,3,0.4285714285714286,-6,0,0,1
2011/12,2011,2012-05-06,Fulham,Sunderland,M Atkinson,2,1,9,13,0,0,0,0,full,0,0,,0,0,0.0,4,0,0,1
2011/12,2011,2012-05-06,Man United,Swansea,C Foy,2,0,12,6,1,0,0,0,full,0,0,,0,-1,-0.08333333333333333,-6,0,0,1
2011/12,2011,2012-05-06,Newcastle,Man City,H Webb,0,2,12,7,4,3,0,0,full,0,0,,0,-1,0.09523809523809523,-5,0,0,1
2011/12,2011,2012-05-06,QPR,Stoke,A Marriner,1,0,11,14,0,0,0,0,full,0,0,,0,0,0.0,3,0,0,1
2011/12,2011,2012-05-06,Wolves,Everton,L Mason,0,0,7,10,0,0,0,0,full,0,0,,0,0,0.0,3,0,0,1
2011/12,2011,2012-05-07,Blackburn,Wigan,M Clattenburg,0,1,14,12,2,1,0,0,full,0,0,,0,-1,-0.05952380952380952,-2,0,0,1
2011/12,2011,2012-05-08,Liverpool,Chelsea,K Friend,4,1,15,13,2,4,0,0,full,0,0,,0,2,0.17435897435897438,-2,0,0,1
2011/12,2011,2012-05-13,Chelsea,Blackburn,L Mason,2,1,13,4,1,0,0,0,full,0,0,,0,-1,-0.07692307692307693,-9,0,0,1
2011/12,2011,2012-05-13,Everton,Newcastle,A Marriner,3,1,15,16,2,1,0,0,full,0,0,,0,-1,-0.07083333333333333,1,0,0,1
2011/12,2011,2012-05-13,Man City,QPR,M Dean,3,2,4,6,1,1,0,1,full,0,0,,0,0,-0.08333333333333334,2,1,0,1
2011/12,2011,2012-05-13,Norwich,Aston Villa,M Atkinson,2,0,6,10,1,2,0,0,full,0,0,,0,1,0.033333333333333354,4,0,0,1
2011/12,2011,2012-05-13,Stoke,Bolton,C Foy,2,2,10,5,1,1,0,0,full,0,0,,0,0,0.1,-5,0,0,1
2011/12,2011,2012-05-13,Sunderland,Man United,H Webb,0,1,14,11,3,3,0,0,full,0,0,,0,0,0.05844155844155843,-3,0,0,1
2011/12,2011,2012-05-13,Swansea,Liverpool,M Halsey,1,0,5,5,1,1,0,0,full,0,0,,0,0,0.0,0,0,0,1
2011/12,2011,2012-05-13,Tottenham,Fulham,P Dowd,2,0,8,12,0,2,0,0,full,0,0,,0,2,0.16666666666666666,4,0,0,1
2011/12,2011,2012-05-13,West Brom,Arsenal,M Jones,2,3,12,10,0,1,0,0,full,0,0,,0,1,0.1,-2,0,0,1
2011/12,2011,2012-05-13,Wigan,Wolves,M Oliver,3,2,15,9,1,2,0,0,full,0,0,,0,1,0.15555555555555556,-6,0,0,1
2012/13,2012,2012-08-18,Arsenal,Sunderland,C Foy,0,0,12,8,0,0,0,0,full,0,0,,0,0,0.0,-4,0,0,2
2012/13,2012,2012-08-18,Fulham,Norwich,M Oliver,5,0,12,11,0,0,0,0,full,0,0,,0,0,0.0,-1,0,0,2
2012/13,2012,2012-08-18,Newcastle,Tottenham,M Atkinson,2,1,12,8,2,2,0,0,full,0,0,,0,0,0.08333333333333334,-4,0,0,2
2012/13,2012,2012-08-18,QPR,Swansea,L Probert,0,5,11,14,2,2,0,0,full,0,0,,0,0,-0.038961038961038974,3,0,0,2
2012/13,2012,2012-08-18,Reading,Stoke,K Friend,1,1,9,14,2,4,0,1,full,0,0,,0,2,0.06349206349206349,5,1,0,2
2012/13,2012,2012-08-18,West Brom,Liverpool,P Dowd,3,0,10,11,1,4,0,1,full,0,0,,0,3,0.26363636363636367,1,1,0,2
2012/13,2012,2012-08-18,West Ham,Aston Villa,M Dean,1,0,17,8,0,1,0,0,full,0,0,,0,1,0.125,-9,0,0,2
2012/13,2012,2012-08-19,Man City,Southampton,H Webb,3,2,4,6,1,2,0,0,full,0,0,,0,1,0.08333333333333331,2,0,0,2
2012/13,2012,2012-08-19,Wigan,Chelsea,M Jones,0,2,16,11,2,2,0,0,full,0,0,,0,0,0.05681818181818182,-5,0,0,2
2012/13,2012,2012-08-20,Everton,Man United,A Marriner,1,0,12,11,1,2,0,0,full,0,0,,0,1,0.0984848484848485,-1,0,0,2
2012/13,2012,2012-08-22,Chelsea,Reading,L Mason,4,2,11,14,0,2,0,0,full,0,0,,0,2,0.14285714285714285,3,0,0,2
2012/13,2012,2012-08-25,Aston Villa,Everton,M Oliver,1,3,10,7,1,0,1,0,full,0,0,,0,-1,-0.1,-3,-1,0,2
2012/13,2012,2012-08-25,Chelsea,Newcastle,P Dowd,2,0,8,10,1,0,0,0,full,0,0,,0,-1,-0.125,2,0,0,2
2012/13,2012,2012-08-25,Man United,Fulham,K Friend,3,2,12,7,0,1,0,0,full,0,0,,0,1,0.14285714285714285,-5,0,0,2
2012/13,2012,2012-08-25,Norwich,QPR,M Clattenburg,1,1,15,14,0,2,0,0,full,0,0,,0,2,0.14285714285714285,-1,0,0,2
2012/13,2012,2012-08-25,Southampton,Wigan,A Taylor,0,2,11,9,0,0,0,0,full,0,0,,0,0,0.0,-2,0,0,2
2012/13,2012,2012-08-25,Swansea,West Ham,M Atkinson,3,0,13,17,2,4,0,0,full,0,0,,0,2,0.08144796380090497,4,0,0,2
2012/13,2012,2012-08-25,Tottenham,West Brom,M Dean,1,1,8,7,1,2,0,0,full,0,0,,0,1,0.1607142857142857,-1,0,0,2
2012/13,2012,2012-08-26,Liverpool,Man City,A Marriner,2,2,10,7,1,0,0,0,full,0,0,,0,-1,-0.1,-3,0,0,2
2012/13,2012,2012-08-26,Stoke,Arsenal,L Mason,0,0,9,9,2,0,0,0,full,0,0,,0,-2,-0.2222222222222222,0,0,0,2
2012/13,2012,2012-09-01,Man City,QPR,C Foy,3,1,12,3,2,1,0,0,full,0,0,,0,-1,0.16666666666666666,-9,0,0,2
2012/13,2012,2012-09-01,Swansea,Sunderland,R East,2,2,11,7,1,1,1,0,full,0,0,,0,0,0.05194805194805194,-4,-1,0,2
2012/13,2012,2012-09-01,Tottenham,Norwich,M Halsey,1,1,7,12,1,0,1,0,full,0,0,,0,-1,-0.14285714285714285,5,-1,0,2
2012/13,2012,2012-09-01,West Brom,Everton,J Moss,2,0,11,15,1,4,0,0,full,0,0,,0,3,0.17575757575757575,4,0,0,2
2012/13,2012,2012-09-01,West Ham,Fulham,A Taylor,3,0,12,5,0,0,0,0,full,0,0,,0,0,0.0,-7,0,0,2
2012/13,2012,2012-09-01,Wigan,Stoke,M Atkinson,2,2,13,11,1,2,0,0,full,0,0,,0,1,0.1048951048951049,-2,0,0,2
2012/13,2012,2012-09-02,Liverpool,Arsenal,H Webb,0,2,12,7,2,2,0,0,full,0,0,,0,0,0.11904761904761904,-5,0,0,2
2012/13,2012,2012-09-02,Newcastle,Aston Villa,L Probert,1,1,6,20,1,4,0,0,full,0,0,,0,3,0.033333333333333354,14,0,0,2
2012/13,2012,2012-09-02,Southampton,Man United,M Dean,2,3,9,4,1,0,0,0,full,0,0,,0,-1,-0.1111111111111111,-5,0,0,2
2012/13,2012,2012-09-15,Arsenal,Southampton,K Friend,6,1,4,7,0,0,0,0,full,0,0,,0,0,0.0,3,0,0,2
2012/13,2012,2012-09-15,Aston Villa,Swansea,L Mason,2,0,11,4,3,1,0,0,full,0,0,,0,-2,-0.022727272727272707,-7,0,0,2
2012/13,2012,2012-09-15,Fulham,West Brom,R East,3,0,6,10,0,0,0,1,full,0,0,,0,0,0.0,4,1,0,2
2012/13,2012,2012-09-15,Man United,Wigan,M Oliver,4,0,10,14,2,2,0,0,full,0,0,,0,0,-0.05714285714285716,4,0,0,2
2012/13,2012,2012-09-15,Norwich,West Ham,C Foy,0,0,10,12,0,1,0,0,full,0,0,,0,1,0.08333333333333333,2,0,0,2
2012/13,2012,2012-09-15,QPR,Chelsea,A Marriner,0,0,16,17,0,2,0,0,full,0,0,,0,2,0.11764705882352941,1,0,0,2
2012/13,2012,2012-09-15,Stoke,Man City,M Clattenburg,1,1,12,12,0,1,0,0,full,0,0,,0,1,0.08333333333333333,0,0,0,2
2012/13,2012,2012-09-15,Sunderland,Liverpool,M Atkinson,1,1,18,10,1,2,0,0,full,0,0,,0,1,0.14444444444444446,-8,0,0,2
2012/13,2012,2012-09-16,Reading,Tottenham,H Webb,1,3,4,9,0,1,0,0,full,0,0,,0,1,0.1111111111111111,5,0,0,2
2012/13,2012,2012-09-17,Everton,Newcastle,M Jones,2,2,16,12,3,3,0,0,full,0,0,,0,0,0.0625,-4,0,0,2
2012/13,2012,2012-09-22,Chelsea,Stoke,M Oliver,1,0,12,15,2,1,0,0,full,0,0,,0,-1,-0.09999999999999999,3,0,0,2
2012/13,2012,2012-09-22,Southampton,Aston Villa,J Moss,4,1,5,13,1,3,0,0,full,0,0,,0,2,0.03076923076923077,8,0,0,2
2012/13,2012,2012-09-22,Swansea,Everton,A Taylor,0,3,23,7,4,1,1,0,full,0,0,,0,-3,-0.031055900621118016,-16,-1,0,2
2012/13,2012,2012-09-22,West Brom,Reading,C Foy,1,0,14,6,1,0,0,0,full,0,0,,0,-1,-0.07142857142857142,-8,0,0,2
2012/13,2012,2012-09-22,West Ham,Sunderland,L Mason,1,1,12,10,2,1,0,0,full,0,0,,0,-1,-0.06666666666666665,-2,0,0,2
2012/13,2012,2012-09-22,Wigan,Fulham,L Probert,1,2,7,13,0,3,0,0,full,0,0,,0,3,0.23076923076923078,6,0,0,2
2012/13,2012,2012-09-23,Liverpool,Man United,M Halsey,1,2,14,7,1,2,1,0,full,0,0,,0,1,0.21428571428571427,-7,-1,0,2
2012/13,2012,2012-09-23,Man City,Arsenal,M Dean,1,1,11,7,1,0,0,0,full,0,0,,0,-1,-0.09090909090909091,-4,0,0,2
2012/13,2012,2012-09-23,Newcastle,Norwich,N Swarbrick,1,0,11,19,1,1,0,0,full,0,0,,0,0,-0.038277511961722493,8,0,0,2
2012/13,2012,2012-09-23,Tottenham,QPR,P Dowd,2,1,7,12,0,2,0,0,full,0,0,,0,2,0.16666666666666666,5,0,0,2
2012/13,2012,2012-09-29,Arsenal,Chelsea,M Atkinson,1,2,14,13,2,3,0,0,full,0,0,,0,1,0.08791208791208793,-1,0,0,2
2012/13,2012,2012-09-29,Everton,Southampton,L Probert,3,1,2,3,0,0,0,0,full,0,0,,1,0,,1,0,0,2
2012/13,2012,2012-09-29,Fulham,Man City,M Halsey,1,2,7,12,0,1,0,0,full,0,0,,0,1,0.08333333333333333,5,0,0,2
2012/13,2012,2012-09-29,Man United,Tottenham,C Foy,2,3,5,7,0,0,0,0,full,0,0,,0,0,0.0,2,0,0,2
2012/13,2012,2012-09-29,Norwich,Liverpool,M Jones,2,5,5,2,1,0,0,0,full,0,0,,1,-1,,-3,0,0,2
2012/13,2012,2012-09-29,Reading,Newcastle,A Marriner,2,2,6,8,0,3,0,0,full,0,0,,0,3,0.375,2,0,0,2
2012/13,2012,2012-09-29,Stoke,Swansea,J Moss,2,0,10,8,1,1,0,0,full,0,0,,0,0,0.024999999999999994,-2,0,0,2
2012/13,2012,2012-09-29,Sunderland,Wigan,H Webb,1,0,20,16,2,5,0,1,full,0,0,,0,3,0.2125,-4,1,0,2
2012/13,2012,2012-09-30,Aston Villa,West Brom,A Taylor,1,1,9,11,1,1,0,0,full,0,0,,0,0,-0.020202020202020193,2,0,0,2
2012/13,2012,2012-10-01,QPR,West Ham,M Clattenburg,1,2,9,21,1,8,1,0,full,0,0,,0,7,0.2698412698412698,12,-1,0,2
2012/13,2012,2012-10-06,Chelsea,Norwich,A Taylor,4,1,7,1,0,0,0,0,full,0,0,,1,0,,-6,0,0,2
2012/13,2012,2012-10-06,Man City,Sunderland,L Probert,3,0,10,10,0,3,0,0,full,0,0,,0,3,0.3,0,0,0,2
2012/13,2012,2012-10-06,Swansea,Reading,M Dean,2,2,8,11,1,3,0,0,full,0,0,,0,2,0.1477272727272727,3,0,0,2
2012/13,2012,2012-10-06,West Brom,QPR,M Jones,3,2,16,12,2,2,0,0,full,0,0,,0,0,0.04166666666666666,-4,0,0,2
2012/13,2012,2012-10-06,West Ham,Arsenal,P Dowd,1,3,12,7,3,2,0,0,full,0,0,,0,-1,0.0357142857142857,-5,0,0,2
2012/13,2012,2012-10-06,Wigan,Everton,K Friend,2,2,14,14,2,5,0,0,full,0,0,,0,3,0.2142857142857143,0,0,0,2
2012/13,2012,2012-10-07,Liverpool,Stoke,L Mason,0,0,9,16,0,6,0,0,full,0,0,,0,6,0.375,7,0,0,2
2012/13,2012,2012-10-07,Newcastle,Man United,H Webb,0,3,15,12,4,4,0,0,full,0,0,,0,0,0.06666666666666665,-3,0,0,2
2012/13,2012,2012-10-07,Southampton,Fulham,M Clattenburg,2,2,13,5,4,0,0,0,full,0,0,,0,-4,-0.3076923076923077,-8,0,0,2
2012/13,2012,2012-10-07,Tottenham,Aston Villa,N Swarbrick,2,0,7,10,1,3,0,0,full,0,0,,0,2,0.15714285714285714,3,0,0,2
2012/13,2012,2012-10-20,Fulham,Aston Villa,C Foy,1,0,7,11,1,2,0,0,full,0,0,,0,1,0.038961038961038974,4,0,0,2
2012/13,2012,2012-10-20,Liverpool,Reading,R East,1,0,13,6,1,1,0,0,full,0,0,,0,0,0.08974358974358973,-7,0,0,2
2012/13,2012,2012-10-20,Man United,Stoke,A Taylor,4,2,9,10,1,1,0,0,full,0,0,,0,0,-0.0111111111111111,1,0,0,2
2012/13,2012,2012-10-20,Norwich,Arsenal,L Probert,1,0,9,9,4,0,0,0,full,0,0,,0,-4,-0.4444444444444444,0,0,0,2
2012/13,2012,2012-10-20,Swansea,Wigan,M Jones,2,1,13,11,2,3,0,0,full,0,0,,0,1,0.11888111888111885,-2,0,0,2
2012/13,2012,2012-10-20,Tottenham,Chelsea,M Dean,2,4,7,8,3,2,0,0,full,0,0,,0,-1,-0.17857142857142855,1,0,0,2
2012/13,2012,2012-10-20,West Brom,Man City,M Clattenburg,1,2,11,15,4,3,0,1,full,0,0,,0,-1,-0.16363636363636364,4,1,0,2
2012/13,2012,2012-10-20,West Ham,Southampton,N Swarbrick,4,1,10,12,0,2,0,0,full,0,0,,0,2,0.16666666666666666,2,0,0,2
2012/13,2012,2012-10-21,QPR,Everton,J Moss,1,1,12,18,2,1,0,1,full,0,0,,0,-1,-0.1111111111111111,6,1,0,2
2012/13,2012,2012-10-21,Sunderland,Newcastle,M Atkinson,1,1,14,15,0,4,0,1,full,0,0,,0,4,0.26666666666666666,1,1,0,2
2012/13,2012,2012-10-27,Arsenal,QPR,A Taylor,1,0,14,9,1,2,0,1,full,0,0,,0,1,0.15079365079365079,-5,1,0,2
2012/13,2012,2012-10-27,Aston Villa,Norwich,P Dowd,1,1,12,7,2,0,1,0,full,0,0,,0,-2,-0.16666666666666666,-5,-1,0,2
2012/13,2012,2012-10-27,Man City,Swansea,M Atkinson,1,0,8,10,1,2,0,0,full,0,0,,0,1,0.07500000000000001,2,0,0,2
2012/13,2012,2012-10-27,Reading,Fulham,M Jones,3,3,6,17,1,1,0,0,full,0,0,,0,0,-0.10784313725490195,11,0,0,2
2012/13,2012,2012-10-27,Stoke,Sunderland,M Halsey,0,0,12,6,2,2,0,0,full,0,0,,0,0,0.16666666666666666,-6,0,0,2
2012/13,2012,2012-10-27,Wigan,West Ham,J Moss,2,1,10,16,3,4,0,0,full,0,0,,0,1,-0.04999999999999999,6,0,0,2
2012/13,2012,2012-10-28,Chelsea,Man United,M Clattenburg,2,3,13,11,2,2,2,0,full,0,0,,0,0,0.02797202797202797,-2,-2,0,2
2012/13,2012,2012-10-28,Everton,Liverpool,A Marriner,2,2,16,18,4,3,0,0,full,0,0,,0,-1,-0.08333333333333334,2,0,0,2
2012/13,2012,2012-10-28,Newcastle,West Brom,C Foy,2,1,13,7,3,2,0,0,full,0,0,,0,-1,0.054945054945054916,-6,0,0,2
2012/13,2012,2012-10-28,Southampton,Tottenham,L Mason,1,2,14,8,0,3,0,0,full,0,0,,0,3,0.375,-6,0,0,2
2012/13,2012,2012-11-03,Fulham,Everton,N Swarbrick,2,2,16,9,3,1,0,0,full,0,0,,0,-2,-0.0763888888888889,-7,0,0,2
2012/13,2012,2012-11-03,Man United,Arsenal,M Dean,2,1,13,13,5,3,0,1,full,0,0,,0,-2,-0.15384615384615385,0,1,0,2
2012/13,2012,2012-11-03,Norwich,Stoke,A Marriner,1,0,11,13,1,5,0,0,full,0,0,,0,4,0.29370629370629375,2,0,0,2
2012/13,2012,2012-11-03,Sunderland,Aston Villa,M Jones,0,1,10,17,2,3,0,0,full,0,0,,0,1,-0.023529411764705882,7,0,0,2
2012/13,2012,2012-11-03,Swansea,Chelsea,K Friend,1,1,12,9,4,1,0,0,full,0,0,,0,-3,-0.2222222222222222,-3,0,0,2
2012/13,2012,2012-11-03,Tottenham,Wigan,M Atkinson,0,1,10,11,1,1,0,0,full,0,0,,0,0,-0.009090909090909094,1,0,0,2
2012/13,2012,2012-11-03,West Ham,Man City,H Webb,0,0,11,12,3,0,0,0,full,0,0,,0,-3,-0.2727272727272727,1,0,0,2
2012/13,2012,2012-11-04,Liverpool,Newcastle,A Taylor,1,1,10,13,0,1,0,1,full,0,0,,0,1,0.07692307692307693,3,1,0,2
2012/13,2012,2012-11-04,QPR,Reading,M Oliver,1,1,11,15,0,2,0,0,full,0,0,,0,2,0.13333333333333333,4,0,0,2
2012/13,2012,2012-11-05,West Brom,Southampton,M Halsey,2,0,6,12,1,0,0,0,full,0,0,,0,-1,-0.16666666666666666,6,0,0,2
2012/13,2012,2012-11-10,Arsenal,Fulham,P Dowd,3,3,12,10,1,2,0,0,full,0,0,,0,1,0.11666666666666668,-2,0,0,2
2012/13,2012,2012-11-10,Aston Villa,Man United,K Friend,2,3,12,7,1,1,0,0,full,0,0,,0,0,0.05952380952380952,-5,0,0,2
2012/13,2012,2012-11-10,Everton,Sunderland,L Mason,2,1,14,14,1,3,0,0,full,0,0,,0,2,0.14285714285714285,0,0,0,2
2012/13,2012,2012-11-10,Reading,Norwich,C Foy,0,0,9,16,0,1,0,0,full,0,0,,0,1,0.0625,7,0,0,2
2012/13,2012,2012-11-10,Southampton,Swansea,A Marriner,1,1,11,10,2,2,0,0,full,0,0,,0,0,0.018181818181818188,-1,0,0,2
2012/13,2012,2012-11-10,Stoke,QPR,M Atkinson,1,0,11,16,2,3,0,0,full,0,0,,0,1,0.005681818181818177,5,0,0,2
2012/13,2012,2012-11-10,Wigan,West Brom,N Swarbrick,1,2,9,13,1,4,0,0,full,0,0,,0,3,0.1965811965811966,4,0,0,2
2012/13,2012,2012-11-11,Chelsea,Liverpool,H Webb,1,1,12,13,1,3,0,0,full,0,0,,0,2,0.14743589743589747,1,0,0,2
2012/13,2012,2012-11-11,Man City,Tottenham,M Oliver,2,1,16,7,1,2,0,0,full,0,0,,0,1,0.2232142857142857,-9,0,0,2
2012/13,2012,2012-11-11,Newcastle,West Ham,M Dean,0,1,8,14,1,2,0,0,full,0,0,,0,1,0.01785714285714285,6,0,0,2
2012/13,2012,2012-11-17,Arsenal,Tottenham,H Webb,5,2,13,12,1,2,0,1,full,0,0,,0,1,0.08974358974358973,-1,1,0,2
2012/13,2012,2012-11-17,Liverpool,Wigan,K Friend,3,0,9,11,0,3,0,0,full,0,0,,0,3,0.2727272727272727,2,0,0,2
2012/13,2012,2012-11-17,Man City,Aston Villa,J Moss,5,0,9,4,0,1,0,0,full,0,0,,0,1,0.25,-5,0,0,2
2012/13,2012,2012-11-17,Newcastle,Swansea,P Dowd,1,2,7,7,1,3,0,0,full,0,0,,0,2,0.2857142857142857,0,0,0,2
2012/13,2012,2012-11-17,Norwich,Man United,A Taylor,1,0,10,7,0,1,0,0,full,0,0,,0,1,0.14285714285714285,-3,0,0,2
2012/13,2012,2012-11-17,QPR,Southampton,M Dean,1,3,12,9,1,0,0,0,full,0,0,,0,-1,-0.08333333333333333,-3,0,0,2
2012/13,2012,2012-11-17,Reading,Everton,M Atkinson,2,1,11,11,3,2,0,0,full,0,0,,0,-1,-0.09090909090909088,0,0,0,2
2012/13,2012,2012-11-17,West Brom,Chelsea,M Oliver,2,1,7,13,0,0,0,0,full,0,0,,0,0,0.0,6,0,0,2
2012/13,2012,2012-11-18,Fulham,Sunderland,L Probert,1,3,9,13,1,3,1,0,full,0,0,,0,2,0.11965811965811968,4,-1,0,2
2012/13,2012,2012-11-19,West Ham,Stoke,C Foy,1,1,8,9,1,0,0,0,full,0,0,,0,-1,-0.125,1,0,0,2
2012/13,2012,2012-11-24,Aston Villa,Arsenal,L Mason,0,0,6,9,1,0,0,0,full,0,0,,0,-1,-0.16666666666666666,3,0,0,2
2012/13,2012,2012-11-24,Everton,Norwich,M Jones,1,1,10,18,0,3,0,0,full,0,0,,0,3,0.16666666666666666,8,0,0,2
2012/13,2012,2012-11-24,Man United,QPR,L Probert,3,1,6,10,1,1,0,0,full,0,0,,0,0,-0.06666666666666665,4,0,0,2
2012/13,2012,2012-11-24,Stoke,Fulham,M Oliver,1,0,14,11,1,1,0,0,full,0,0,,0,0,0.019480519480519487,-3,0,0,2
2012/13,2012,2012-11-24,Sunderland,West Brom,M Dean,2,4,12,15,2,3,0,0,full,0,0,,0,1,0.033333333333333354,3,0,0,2
2012/13,2012,2012-11-24,Wigan,Reading,H Webb,3,2,15,9,2,0,0,0,full,0,0,,0,-2,-0.13333333333333333,-6,0,0,2
2012/13,2012,2012-11-25,Chelsea,Man City,C Foy,0,0,9,16,0,3,0,0,full,0,0,,0,3,0.1875,7,0,0,2
2012/13,2012,2012-11-25,Southampton,Newcastle,M Atkinson,2,0,12,14,2,2,0,0,full,0,0,,0,0,-0.023809523809523808,2,0,0,2
2012/13,2012,2012-11-25,Swansea,Liverpool,J Moss,0,0,6,10,1,0,0,0,full,0,0,,0,-1,-0.16666666666666666,4,0,0,2
2012/13,2012,2012-11-25,Tottenham,West Ham,A Marriner,3,1,9,10,1,2,0,0,full,0,0,,0,1,0.0888888888888889,1,0,0,2
2012/13,2012,2012-11-27,Aston Villa,Reading,L Probert,1,0,10,5,1,0,0,0,full,0,0,,0,-1,-0.1,-5,0,0,2
2012/13,2012,2012-11-27,Sunderland,QPR,A Marriner,0,0,10,15,1,3,0,0,full,0,0,,0,2,0.1,5,0,0,2
2012/13,2012,2012-11-28,Chelsea,Fulham,A Taylor,0,0,10,11,3,0,0,0,full,0,0,,0,-3,-0.3,1,0,0,2
2012/13,2012,2012-11-28,Everton,Arsenal,M Oliver,1,1,15,9,2,1,0,0,full,0,0,,0,-1,-0.022222222222222227,-6,0,0,2
2012/13,2012,2012-11-28,Man United,West Ham,M Jones,1,0,7,9,1,1,0,0,full,0,0,,0,0,-0.031746031746031744,2,0,0,2
2012/13,2012,2012-11-28,Southampton,Norwich,M Clattenburg,1,1,11,7,1,1,0,0,full,0,0,,0,0,0.05194805194805194,-4,0,0,2
2012/13,2012,2012-11-28,Stoke,Newcastle,H Webb,2,1,12,12,2,2,0,0,full,0,0,,0,0,0.0,0,0,0,2
2012/13,2012,2012-11-28,Swansea,West Brom,L Mason,3,1,10,16,0,4,0,0,full,0,0,,0,4,0.25,6,0,0,2
2012/13,2012,2012-11-28,Tottenham,Liverpool,P Dowd,2,1,4,14,1,2,0,0,full,0,0,,0,1,-0.10714285714285715,10,0,0,2
2012/13,2012,2012-11-28,Wigan,Man City,M Halsey,0,2,13,12,1,1,0,0,full,0,0,,0,0,0.006410256410256401,-1,0,0,2
2012/13,2012,2012-12-01,Arsenal,Swansea,M Clattenburg,0,2,11,9,1,0,0,0,full,0,0,,0,-1,-0.09090909090909091,-2,0,0,2
2012/13,2012,2012-12-01,Fulham,Tottenham,C Foy,0,3,10,8,0,2,0,0,full,0,0,,0,2,0.25,-2,0,0,2
2012/13,2012,2012-12-01,Liverpool,Southampton,M Oliver,1,0,10,8,2,0,0,0,full,0,0,,0,-2,-0.2,-2,0,0,2
2012/13,2012,2012-12-01,Man City,Everton,L Probert,1,1,16,12,2,1,0,0,full,0,0,,0,-1,-0.04166666666666667,-4,0,0,2
2012/13,2012,2012-12-01,QPR,Aston Villa,H Webb,1,1,5,6,1,2,0,0,full,0,0,,0,1,0.1333333333333333,1,0,0,2
2012/13,2012,2012-12-01,Reading,Man United,M Halsey,3,4,10,12,1,1,0,0,full,0,0,,0,0,-0.016666666666666677,2,0,0,2
2012/13,2012,2012-12-01,West Brom,Stoke,K Friend,0,1,8,15,0,3,0,0,full,0,0,,0,3,0.2,7,0,0,2
2012/13,2012,2012-12-01,West Ham,Chelsea,M Atkinson,3,1,15,6,1,2,0,0,full,0,0,,0,1,0.26666666666666666,-9,0,0,2
2012/13,2012,2012-12-02,Norwich,Sunderland,P Dowd,2,1,11,16,0,2,0,0,full,0,0,,0,2,0.125,5,0,0,2
2012/13,2012,2012-12-03,Newcastle,Wigan,M Jones,3,0,12,14,1,3,0,1,full,0,0,,0,2,0.13095238095238093,2,1,0,2
2012/13,2012,2012-12-08,Arsenal,West Brom,M Jones,2,0,11,12,2,3,0,0,full,0,0,,0,1,0.06818181818181818,1,0,0,2
2012/13,2012,2012-12-08,Aston Villa,Stoke,R East,0,0,8,13,0,1,0,1,full,0,0,,0,1,0.07692307692307693,5,1,0,2
2012/13,2012,2012-12-08,Southampton,Reading,J Moss,1,0,11,10,0,0,0,0,full,0,0,,0,0,0.0,-1,0,0,2
2012/13,2012,2012-12-08,Sunderland,Chelsea,M Halsey,1,3,11,14,1,3,0,0,full,0,0,,0,2,0.12337662337662336,3,0,0,2
2012/13,2012,2012-12-08,Swansea,Norwich,H Webb,3,4,12,9,2,1,0,0,full,0,0,,0,-1,-0.05555555555555555,-3,0,0,2
2012/13,2012,2012-12-08,Wigan,QPR,P Dowd,2,2,7,11,0,1,0,0,full,0,0,,0,1,0.09090909090909091,4,0,0,2
2012/13,2012,2012-12-09,Everton,Tottenham,K Friend,2,1,10,9,2,2,0,0,full,0,0,,0,0,0.0222222222222222,-1,0,0,2
2012/13,2012,2012-12-09,Man City,Man United,M Atkinson,2,3,11,9,4,3,0,0,full,0,0,,0,-1,-0.03030303030303033,-2,0,0,2
2012/13,2012,2012-12-09,West Ham,Liverpool,L Probert,2,3,12,10,1,2,0,0,full,0,0,,0,1,0.11666666666666668,-2,0,0,2
2012/13,2012,2012-12-10,Fulham,Newcastle,L Mason,2,1,13,11,0,0,0,0,full,0,0,,0,0,0.0,-2,0,0,2
2012/13,2012,2012-12-11,Sunderland,Reading,N Swarbrick,3,0,8,11,2,1,0,0,full,0,0,,0,-1,-0.1590909090909091,3,0,0,2
2012/13,2012,2012-12-15,Liverpool,Aston Villa,N Swarbrick,1,3,4,11,1,2,0,0,full,0,0,,0,1,-0.06818181818181818,7,0,0,2
2012/13,2012,2012-12-15,Man United,Sunderland,C Foy,3,1,13,10,0,0,0,0,full,0,0,,0,0,0.0,-3,0,0,2
2012/13,2012,2012-12-15,Newcastle,Man City,A Marriner,1,3,9,16,3,2,0,0,full,0,0,,0,-1,-0.20833333333333331,7,0,0,2
2012/13,2012,2012-12-15,Norwich,Wigan,L Probert,2,1,7,4,3,1,0,0,full,0,0,,0,-2,-0.17857142857142855,-3,0,0,2
2012/13,2012,2012-12-15,QPR,Fulham,M Atkinson,2,1,10,14,1,2,0,0,full,0,0,,0,1,0.042857142857142844,4,0,0,2
2012/13,2012,2012-12-15,Stoke,Everton,M Halsey,1,1,11,13,1,0,0,0,full,0,0,,0,-1,-0.09090909090909091,2,0,0,2
2012/13,2012,2012-12-16,Tottenham,Swansea,M Dean,1,0,12,8,2,3,0,0,full,0,0,,0,1,0.20833333333333334,-4,0,0,2
2012/13,2012,2012-12-16,West Brom,West Ham,P Dowd,0,0,12,9,3,3,0,0,full,0,0,,0,0,0.08333333333333331,-3,0,0,2
2012/13,2012,2012-12-17,Reading,Arsenal,A Taylor,2,5,8,4,1,1,0,0,full,0,0,,0,0,0.125,-4,0,0,2
2012/13,2012,2012-12-22,Liverpool,Fulham,M Clattenburg,4,0,13,6,1,2,0,0,full,0,0,,0,1,0.2564102564102564,-7,0,0,2
2012/13,2012,2012-12-22,Man City,Reading,M Dean,1,0,11,15,2,3,0,0,full,0,0,,0,1,0.018181818181818188,4,0,0,2
2012/13,2012,2012-12-22,Newcastle,QPR,K Friend,1,0,9,16,3,2,0,0,full,0,0,,0,-1,-0.20833333333333331,7,0,0,2
2012/13,2012,2012-12-22,Southampton,Sunderland,H Webb,0,1,11,15,0,3,0,0,full,0,0,,0,3,0.2,4,0,0,2
2012/13,2012,2012-12-22,Tottenham,Stoke,L Mason,0,0,8,11,2,5,0,0,full,0,0,,0,3,0.20454545454545453,3,0,0,2
2012/13,2012,2012-12-22,West Brom,Norwich,M Atkinson,2,1,14,9,1,1,0,0,full,0,0,,0,0,0.03968253968253968,-5,0,0,2
2012/13,2012,2012-12-22,West Ham,Everton,A Taylor,1,2,12,8,1,0,1,1,full,0,0,,0,-1,-0.08333333333333333,-4,0,0,2
2012/13,2012,2012-12-22,Wigan,Arsenal,J Moss,0,1,14,8,1,1,0,0,full,0,0,,0,0,0.053571428571428575,-6,0,0,2
2012/13,2012,2012-12-23,Chelsea,Aston Villa,P Dowd,8,0,6,11,0,0,0,0,full,0,0,,0,0,0.0,5,0,0,2
2012/13,2012,2012-12-23,Swansea,Man United,M Oliver,1,1,11,16,2,4,0,0,full,0,0,,0,2,0.06818181818181818,5,0,0,2
2012/13,2012,2012-12-26,Aston Villa,Tottenham,M Clattenburg,0,4,11,7,1,0,0,0,full,0,0,,0,-1,-0.09090909090909091,-4,0,0,2
2012/13,2012,2012-12-26,Everton,Wigan,L Mason,2,1,10,11,1,3,0,0,full,0,0,,0,2,0.1727272727272727,1,0,0,2
2012/13,2012,2012-12-26,Fulham,Southampton,M Oliver,1,1,14,12,3,0,0,0,full,0,0,,0,-3,-0.21428571428571427,-2,0,0,2
2012/13,2012,2012-12-26,Man United,Newcastle,M Dean,4,3,12,16,3,3,0,0,full,0,0,,0,0,-0.0625,4,0,0,2
2012/13,2012,2012-12-26,Norwich,Chelsea,J Moss,0,1,7,7,1,1,0,0,full,0,0,,0,0,0.0,0,0,0,2
2012/13,2012,2012-12-26,QPR,West Brom,C Foy,1,2,9,10,1,0,0,0,full,0,0,,0,-1,-0.1111111111111111,1,0,0,2
2012/13,2012,2012-12-26,Reading,Swansea,M Jones,0,0,14,17,2,1,0,0,full,0,0,,0,-1,-0.08403361344537814,3,0,0,2
2012/13,2012,2012-12-26,Stoke,Liverpool,H Webb,3,1,11,5,3,1,0,0,full,0,0,,0,-2,-0.0727272727272727,-6,0,0,2
2012/13,2012,2012-12-26,Sunderland,Man City,K Friend,1,0,14,16,1,3,0,0,full,0,0,,0,2,0.11607142857142858,2,0,0,2
2012/13,2012,2012-12-29,Arsenal,Newcastle,C Foy,7,3,8,10,0,1,0,0,full,0,0,,0,1,0.1,2,0,0,2
2012/13,2012,2012-12-29,Aston Villa,Wigan,K Friend,0,3,16,8,3,2,0,0,full,0,0,,0,-1,0.0625,-8,0,0,2
2012/13,2012,2012-12-29,Fulham,Swansea,A Marriner,1,2,14,12,2,1,0,0,full,0,0,,0,-1,-0.05952380952380952,-2,0,0,2
2012/13,2012,2012-12-29,Man United,West Brom,J Moss,2,0,9,7,1,0,0,0,full,0,0,,0,-1,-0.1111111111111111,-2,0,0,2
2012/13,2012,2012-12-29,Norwich,Man City,M Jones,3,4,8,10,3,1,0,1,full,0,0,,0,-2,-0.275,2,1,0,2
2012/13,2012,2012-12-29,Reading,West Ham,M Oliver,1,0,17,10,3,4,0,0,full,0,0,,0,1,0.2235294117647059,-7,0,0,2
2012/13,2012,2012-12-29,Stoke,Southampton,M Clattenburg,3,3,6,9,1,2,1,0,full,0,0,,0,1,0.05555555555555555,3,-1,0,2
2012/13,2012,2012-12-29,Sunderland,Tottenham,L Mason,1,2,9,15,1,3,0,0,full,0,0,,0,2,0.0888888888888889,6,0,0,2
2012/13,2012,2012-12-30,Everton,Chelsea,H Webb,1,2,14,12,2,3,0,0,full,0,0,,0,1,0.10714285714285715,-2,0,0,2
2012/13,2012,2012-12-30,QPR,Liverpool,A Taylor,0,3,10,8,2,1,0,0,full,0,0,,0,-1,-0.07500000000000001,-2,0,0,2
2012/13,2012,2013-01-01,Man City,Stoke,M Oliver,3,0,6,9,2,2,0,0,full,0,0,,0,0,-0.1111111111111111,3,0,0,2
2012/13,2012,2013-01-01,Southampton,Arsenal,L Probert,1,1,9,6,2,0,0,0,full,0,0,,0,-2,-0.2222222222222222,-3,0,0,2
2012/13,2012,2013-01-01,Swansea,Aston Villa,M Halsey,2,2,7,15,0,4,0,0,full,0,0,,0,4,0.26666666666666666,8,0,0,2
2012/13,2012,2013-01-01,Tottenham,Reading,H Webb,3,1,9,9,0,0,0,0,full,0,0,,0,0,0.0,0,0,0,2
2012/13,2012,2013-01-01,West Brom,Fulham,M Dean,1,2,14,6,0,0,0,0,full,0,0,,0,0,0.0,-8,0,0,2
2012/13,2012,2013-01-01,West Ham,Norwich,M Clattenburg,2,1,14,7,0,0,0,0,full,0,0,,0,0,0.0,-7,0,0,2
2012/13,2012,2013-01-01,Wigan,Man United,A Marriner,0,4,13,5,1,1,0,0,full,0,0,,0,0,0.12307692307692308,-8,0,0,2
2012/13,2012,2013-01-02,Chelsea,QPR,L Mason,0,1,12,8,1,1,0,0,full,0,0,,0,0,0.04166666666666667,-4,0,0,2
2012/13,2012,2013-01-02,Liverpool,Sunderland,P Dowd,3,0,8,5,0,1,0,0,full,0,0,,0,1,0.2,-3,0,0,2
2012/13,2012,2013-01-02,Newcastle,Everton,M Atkinson,1,2,21,7,3,2,0,0,full,0,0,,0,-1,0.14285714285714285,-14,0,0,2
2012/13,2012,2013-01-12,Aston Villa,Southampton,M Halsey,0,1,9,6,1,1,0,0,full,0,0,,0,0,0.05555555555555555,-3,0,0,2
2012/13,2012,2013-01-12,Everton,Swansea,P Dowd,0,0,13,9,1,4,0,0,full,0,0,,0,3,0.3675213675213675,-4,0,0,2
2012/13,2012,2013-01-12,Fulham,Wigan,M Clattenburg,1,1,8,15,0,1,0,0,full,0,0,,0,1,0.06666666666666667,7,0,0,2
2012/13,2012,2013-01-12,Norwich,Newcastle,A Taylor,0,0,5,6,0,1,0,0,full,0,0,,0,1,0.16666666666666666,1,0,0,2
2012/13,2012,2013-01-12,QPR,Tottenham,L Probert,0,0,10,7,1,1,0,0,full,0,0,,0,0,0.042857142857142844,-3,0,0,2
2012/13,2012,2013-01-12,Reading,West Brom,K Friend,3,2,6,13,1,1,0,0,full,0,0,,0,0,-0.08974358974358973,7,0,0,2
2012/13,2012,2013-01-12,Stoke,Chelsea,A Marriner,0,4,13,9,1,0,0,0,full,0,0,,0,-1,-0.07692307692307693,-4,0,0,2
2012/13,2012,2013-01-12,Sunderland,West Ham,N Swarbrick,3,0,10,13,0,3,0,0,full,0,0,,0,3,0.23076923076923078,3,0,0,2
2012/13,2012,2013-01-13,Arsenal,Man City,M Dean,0,2,11,18,2,4,1,1,full,0,0,,0,2,0.04040404040404039,7,0,0,2
2012/13,2012,2013-01-13,Man United,Liverpool,H Webb,2,1,14,16,1,4,0,0,full,0,0,,0,3,0.17857142857142858,2,0,0,2
2012/13,2012,2013-01-16,Chelsea,Southampton,M Oliver,2,2,10,11,1,0,0,0,full,0,0,,0,-1,-0.1,1,0,0,2
2012/13,2012,2013-01-19,Liverpool,Norwich,M Oliver,5,0,10,8,1,1,0,0,full,0,0,,0,0,0.024999999999999994,-2,0,0,2
2012/13,2012,2013-01-19,Man City,Fulham,J Moss,2,0,12,6,1,2,0,0,full,0,0,,0,1,0.25,-6,0,0,2
2012/13,2012,2013-01-19,Newcastle,Reading,A Marriner,1,2,9,10,2,3,0,0,full,0,0,,0,1,0.07777777777777778,1,0,0,2
2012/13,2012,2013-01-19,Swansea,Stoke,M Dean,3,1,11,9,0,0,0,0,full,0,0,,0,0,0.0,-2,0,0,2
2012/13,2012,2013-01-19,West Brom,Aston Villa,L Probert,2,2,8,10,3,3,0,0,full,0,0,,0,0,-0.07500000000000001,2,0,0,2
2012/13,2012,2013-01-19,West Ham,QPR,H Webb,1,1,6,11,1,0,0,0,full,0,0,,0,-1,-0.16666666666666666,5,0,0,2
2012/13,2012,2013-01-19,Wigan,Sunderland,A Taylor,2,3,10,16,3,2,0,0,full,0,0,,0,-1,-0.175,6,0,0,2
2012/13,2012,2013-01-20,Chelsea,Arsenal,M Atkinson,2,1,10,11,2,1,0,0,full,0,0,,0,-1,-0.1090909090909091,1,0,0,2
2012/13,2012,2013-01-20,Tottenham,Man United,C Foy,1,1,7,14,1,4,0,0,full,0,0,,0,3,0.14285714285714285,7,0,0,2
2012/13,2012,2013-01-21,Southampton,Everton,N Swarbrick,0,0,14,11,2,1,0,0,full,0,0,,0,-1,-0.05194805194805194,-3,0,0,2
2012/13,2012,2013-01-23,Arsenal,West Ham,A Marriner,5,1,9,10,0,1,0,0,full,0,0,,0,1,0.1,1,0,0,2
2012/13,2012,2013-01-29,Aston Villa,Newcastle,M Dean,1,2,16,9,5,2,0,0,full,0,0,,0,-3,-0.09027777777777779,-7,0,0,2
2012/13,2012,2013-01-29,QPR,Man City,P Dowd,0,0,9,9,2,2,0,0,full,0,0,,0,0,0.0,0,0,0,2
2012/13,2012,2013-01-29,Stoke,Wigan,M Jones,2,2,12,10,1,1,0,0,full,0,0,,0,0,0.016666666666666677,-2,0,0,2
2012/13,2012,2013-01-29,Sunderland,Swansea,A Marriner,0,0,11,11,1,2,0,0,full,0,0,,0,1,0.09090909090909091,0,0,0,2
2012/13,2012,2013-01-30,Arsenal,Liverpool,K Friend,2,2,9,11,3,1,0,0,full,0,0,,0,-2,-0.2424242424242424,2,0,0,2
2012/13,2012,2013-01-30,Everton,West Brom,M Oliver,2,1,9,14,0,2,0,0,full,0,0,,0,2,0.14285714285714285,5,0,0,2
2012/13,2012,2013-01-30,Fulham,West Ham,C Foy,3,1,8,9,2,0,0,0,full,0,0,,0,-2,-0.25,1,0,0,2
2012/13,2012,2013-01-30,Man United,Southampton,L Mason,2,1,10,10,2,1,0,0,full,0,0,,0,-1,-0.1,0,0,0,2
2012/13,2012,2013-01-30,Norwich,Tottenham,N Swarbrick,1,1,13,14,4,1,0,0,full,0,0,,0,-3,-0.23626373626373628,1,0,0,2
2012/13,2012,2013-01-30,Reading,Chelsea,M Halsey,2,2,8,20,1,2,0,0,full,0,0,,0,1,-0.024999999999999994,12,0,0,2
2012/13,2012,2013-02-02,Arsenal,Stoke,C Foy,1,0,3,13,0,3,0,0,full,0,0,,0,3,0.23076923076923078,10,0,0,2
2012/13,2012,2013-02-02,Everton,Aston Villa,M Jones,3,3,6,23,1,4,0,0,full,0,0,,0,3,0.007246376811594207,17,0,0,2
2012/13,2012,2013-02-02,Fulham,Man United,K Friend,0,1,8,15,1,1,0,0,full,0,0,,0,0,-0.058333333333333334,7,0,0,2
2012/13,2012,2013-02-02,Newcastle,Chelsea,H Webb,3,2,11,5,2,3,0,0,full,0,0,,0,1,0.41818181818181815,-6,0,0,2
2012/13,2012,2013-02-02,QPR,Norwich,J Moss,0,0,6,20,2,5,0,0,full,0,0,,0,3,-0.08333333333333331,14,0,0,2
2012/13,2012,2013-02-02,Reading,Sunderland,L Mason,2,1,12,15,1,3,0,0,full,0,0,,0,2,0.11666666666666668,3,0,0,2
2012/13,2012,2013-02-02,West Ham,Swansea,L Probert,1,0,7,9,1,1,0,0,full,0,0,,0,0,-0.031746031746031744,2,0,0,2
2012/13,2012,2013-02-02,Wigan,Southampton,A Marriner,2,2,6,16,0,2,0,0,full,0,0,,0,2,0.125,10,0,0,2
2012/13,2012,2013-02-03,Man City,Liverpool,A Taylor,2,2,14,7,2,4,0,0,full,0,0,,0,2,0.42857142857142855,-7,0,0,2
2012/13,2012,2013-02-03,West Brom,Tottenham,M Clattenburg,0,1,9,9,1,0,1,0,full,0,0,,0,-1,-0.1111111111111111,0,-1,0,2
2012/13,2012,2013-02-09,Chelsea,Wigan,M Dean,4,1,9,13,1,2,0,0,full,0,0,,0,1,0.04273504273504275,4,0,0,2
2012/13,2012,2013-02-09,Norwich,Fulham,H Webb,0,0,10,16,2,2,0,0,full,0,0,,0,0,-0.07500000000000001,6,0,0,2
2012/13,2012,2013-02-09,Southampton,Man City,M Atkinson,3,1,9,13,1,2,0,0,full,0,0,,0,1,0.04273504273504275,4,0,0,2
2012/13,2012,2013-02-09,Stoke,Reading,M Oliver,2,1,7,4,2,0,0,0,full,0,0,,0,-2,-0.2857142857142857,-3,0,0,2
2012/13,2012,2013-02-09,Sunderland,Arsenal,A Taylor,0,1,6,13,3,2,0,1,full,0,0,,0,-1,-0.34615384615384615,7,1,0,2
2012/13,2012,2013-02-09,Swansea,QPR,N Swarbrick,4,1,10,9,1,3,0,0,full,0,0,,0,2,0.2333333333333333,-1,0,0,2
2012/13,2012,2013-02-09,Tottenham,Newcastle,P Dowd,2,1,5,11,0,2,0,0,full,0,0,,0,2,0.18181818181818182,6,0,0,2
2012/13,2012,2013-02-10,Aston Villa,West Ham,M Clattenburg,2,1,15,12,3,2,0,0,full,0,0,,0,-1,-0.033333333333333354,-3,0,0,2
2012/13,2012,2013-02-10,Man United,Everton,M Halsey,2,0,12,9,0,2,0,0,full,0,0,,0,2,0.2222222222222222,-3,0,0,2
2012/13,2012,2013-02-11,Liverpool,West Brom,J Moss,0,2,9,9,1,4,0,0,full,0,0,,0,3,0.3333333333333333,0,0,0,2
2012/13,2012,2013-02-17,Liverpool,Swansea,H Webb,5,0,6,9,0,1,0,0,full,0,0,,0,1,0.1111111111111111,3,0,0,2
2012/13,2012,2013-02-23,Arsenal,Aston Villa,M Atkinson,2,1,7,12,1,2,0,0,full,0,0,,0,1,0.023809523809523808,5,0,0,2
2012/13,2012,2013-02-23,Fulham,Stoke,L Probert,1,0,4,9,1,3,0,0,full,0,0,,0,2,0.08333333333333331,5,0,0,2
2012/13,2012,2013-02-23,Norwich,Everton,L Mason,2,1,15,10,1,1,0,0,full,0,0,,0,0,0.03333333333333334,-5,0,0,2
2012/13,2012,2013-02-23,QPR,Man United,A Taylor,0,2,10,6,0,0,0,0,full,0,0,,0,0,0.0,-4,0,0,2
2012/13,2012,2013-02-23,Reading,Wigan,P Dowd,0,3,9,11,1,1,1,0,full,0,0,,0,0,-0.020202020202020193,2,-1,0,2
2012/13,2012,2013-02-23,West Brom,Sunderland,R East,2,1,13,9,2,1,0,0,full,0,0,,0,-1,-0.04273504273504275,-4,0,0,2
2012/13,2012,2013-02-24,Man City,Chelsea,A Marriner,2,0,19,5,3,1,0,0,full,0,0,,0,-2,0.04210526315789476,-14,0,0,2
2012/13,2012,2013-02-24,Newcastle,Southampton,C Foy,4,2,12,12,0,4,0,0,full,0,0,,0,4,0.3333333333333333,0,0,0,2
2012/13,2012,2013-02-25,West Ham,Tottenham,H Webb,2,3,12,7,4,1,0,0,full,0,0,,0,-3,-0.19047619047619047,-5,0,0,2
2012/13,2012,2013-03-02,Chelsea,West Brom,K Friend,1,0,12,16,1,2,0,0,full,0,0,,0,1,0.04166666666666667,4,0,0,2
2012/13,2012,2013-03-02,Everton,Reading,A Taylor,3,1,8,8,1,1,0,0,full,0,0,,0,0,0.0,0,0,0,2
2012/13,2012,2013-03-02,Man United,Norwich,N Swarbrick,4,0,5,15,0,4,0,0,full,0,0,,0,4,0.26666666666666666,10,0,0,2
2012/13,2012,2013-03-02,Southampton,QPR,H Webb,1,2,7,15,1,3,0,0,full,0,0,,0,2,0.05714285714285716,8,0,0,2
2012/13,2012,2013-03-02,Stoke,West Ham,J Moss,0,1,12,12,1,2,0,0,full,0,0,,0,1,0.08333333333333333,0,0,0,2
2012/13,2012,2013-03-02,Sunderland,Fulham,M Halsey,2,2,9,14,1,3,0,0,full,0,0,,0,2,0.10317460317460317,5,0,0,2
2012/13,2012,2013-03-02,Swansea,Newcastle,C Pawson,1,0,9,17,0,2,0,0,full,0,0,,0,2,0.11764705882352941,8,0,0,2
2012/13,2012,2013-03-02,Wigan,Liverpool,M Atkinson,0,4,11,15,2,2,0,0,full,0,0,,0,0,-0.04848484848484849,4,0,0,2
2012/13,2012,2013-03-03,Tottenham,Arsenal,M Clattenburg,2,1,17,13,3,1,0,0,full,0,0,,0,-2,-0.0995475113122172,-4,0,0,2
2012/13,2012,2013-03-04,Aston Villa,Man City,M Dean,0,1,10,14,2,0,0,0,full,0,0,,0,-2,-0.2,4,0,0,2
2012/13,2012,2013-03-09,Norwich,Southampton,M Clattenburg,0,0,9,10,2,3,0,0,full,0,0,,0,1,0.07777777777777778,1,0,0,2
2012/13,2012,2013-03-09,QPR,Sunderland,M Jones,3,1,4,19,0,2,0,0,full,0,0,,0,2,0.10526315789473684,15,0,0,2
2012/13,2012,2013-03-09,Reading,Aston Villa,J Moss,1,2,8,7,2,3,0,0,full,0,0,,0,1,0.17857142857142855,-1,0,0,2
2012/13,2012,2013-03-09,West Brom,Swansea,L Mason,2,1,9,10,1,1,0,0,full,0,0,,0,0,-0.0111111111111111,1,0,0,2
2012/13,2012,2013-03-10,Liverpool,Tottenham,M Oliver,3,2,9,8,1,1,0,0,full,0,0,,0,0,0.013888888888888895,-1,0,0,2
2012/13,2012,2013-03-10,Newcastle,Stoke,A Marriner,2,1,10,12,1,1,0,0,full,0,0,,0,0,-0.016666666666666677,2,0,0,2
2012/13,2012,2013-03-16,Aston Villa,QPR,K Friend,3,2,16,10,3,2,0,0,full,0,0,,0,-1,0.012500000000000011,-6,0,0,2
2012/13,2012,2013-03-16,Everton,Man City,L Probert,2,0,15,10,4,3,1,0,full,0,0,,0,-1,0.033333333333333326,-5,-1,0,2
2012/13,2012,2013-03-16,Man United,Reading,L Mason,1,0,5,16,0,2,0,0,full,0,0,,0,2,0.125,11,0,0,2
2012/13,2012,2013-03-16,Southampton,Liverpool,P Dowd,3,1,10,10,0,1,0,0,full,0,0,,0,1,0.1,0,0,0,2
2012/13,2012,2013-03-16,Stoke,West Brom,M Dean,0,0,15,11,2,2,0,0,full,0,0,,0,0,0.04848484848484849,-4,0,0,2
2012/13,2012,2013-03-16,Swansea,Arsenal,J Moss,0,2,2,7,1,1,0,0,full,0,0,,1,0,,5,0,0,2
2012/13,2012,2013-03-17,Chelsea,West Ham,M Oliver,2,0,5,14,0,2,0,0,full,0,0,,0,2,0.14285714285714285,9,0,0,2
2012/13,2012,2013-03-17,Sunderland,Norwich,C Foy,1,1,11,11,1,3,0,1,full,0,0,,0,2,0.1818181818181818,0,1,0,2
2012/13,2012,2013-03-17,Tottenham,Fulham,M Jones,0,1,10,5,1,1,0,0,full,0,0,,0,0,0.1,-5,0,0,2
2012/13,2012,2013-03-17,Wigan,Newcastle,M Halsey,2,1,7,12,1,1,0,0,full,0,0,,0,0,-0.05952380952380952,5,0,0,2
2012/13,2012,2013-03-30,Arsenal,Reading,C Foy,4,1,9,14,0,1,0,0,full,0,0,,0,1,0.07142857142857142,5,0,0,2
2012/13,2012,2013-03-30,Everton,Stoke,M Jones,1,0,13,18,1,3,0,0,full,0,0,,0,2,0.08974358974358973,5,0,0,2
2012/13,2012,2013-03-30,Man City,Newcastle,N Swarbrick,4,0,6,8,0,2,0,0,full,0,0,,0,2,0.25,2,0,0,2
2012/13,2012,2013-03-30,Southampton,Chelsea,J Moss,2,1,12,6,2,1,0,0,full,0,0,,0,-1,0.0,-6,0,0,2
2012/13,2012,2013-03-30,Sunderland,Man United,K Friend,0,1,11,9,3,1,0,0,full,0,0,,0,-2,-0.1616161616161616,-2,0,0,2
2012/13,2012,2013-03-30,Swansea,Tottenham,A Taylor,1,2,5,10,2,4,0,0,full,0,0,,0,2,0.0,5,0,0,2
2012/13,2012,2013-03-30,West Ham,West Brom,A Marriner,3,1,10,13,1,1,0,1,full,0,0,,0,0,-0.023076923076923078,3,1,0,2
2012/13,2012,2013-03-30,Wigan,Norwich,H Webb,1,0,13,9,1,2,0,0,full,0,0,,0,1,0.14529914529914528,-4,0,0,2
2012/13,2012,2013-03-31,Aston Villa,Liverpool,L Mason,1,2,9,8,1,1,0,0,full,0,0,,0,0,0.013888888888888895,-1,0,0,2
2012/13,2012,2013-04-01,Fulham,QPR,L Probert,3,2,11,7,2,1,1,0,full,0,0,,0,-1,-0.038961038961038974,-4,-1,0,2
2012/13,2012,2013-04-06,Norwich,Swansea,M Oliver,2,2,8,16,5,3,0,0,full,0,0,,0,-2,-0.4375,8,0,0,2
2012/13,2012,2013-04-06,Reading,Southampton,M Jones,0,2,5,11,0,0,0,0,full,0,0,,0,0,0.0,6,0,0,2
2012/13,2012,2013-04-06,Stoke,Aston Villa,M Clattenburg,1,3,16,11,3,1,0,0,full,0,0,,0,-2,-0.09659090909090909,-5,0,0,2
2012/13,2012,2013-04-06,West Brom,Arsenal,H Webb,1,2,7,15,2,4,0,1,full,0,0,,0,2,-0.019047619047619035,8,1,0,2
2012/13,2012,2013-04-07,Chelsea,Sunderland,N Swarbrick,2,1,9,15,0,2,0,0,full,0,0,,0,2,0.13333333333333333,6,0,0,2
2012/13,2012,2013-04-07,Liverpool,West Ham,A Taylor,0,0,8,4,0,1,0,0,full,0,0,,0,1,0.25,-4,0,0,2
2012/13,2012,2013-04-07,Newcastle,Fulham,K Friend,1,0,13,11,2,2,0,0,full,0,0,,0,0,0.02797202797202797,-2,0,0,2
2012/13,2012,2013-04-07,QPR,Wigan,P Dowd,1,1,9,12,2,3,1,0,full,0,0,,0,1,0.02777777777777779,3,-1,0,2
2012/13,2012,2013-04-07,Tottenham,Everton,A Marriner,2,2,14,8,1,1,0,0,full,0,0,,0,0,0.053571428571428575,-6,0,0,2
2012/13,2012,2013-04-08,Man United,Man City,M Dean,1,2,13,18,3,5,0,0,full,0,0,,0,2,0.04700854700854701,5,0,0,2
2012/13,2012,2013-04-13,Arsenal,Norwich,M Jones,3,1,8,10,1,2,0,0,full,0,0,,0,1,0.07500000000000001,2,0,0,2
2012/13,2012,2013-04-13,Aston Villa,Fulham,P Dowd,1,1,5,15,1,2,0,0,full,0,0,,0,1,-0.06666666666666668,10,0,0,2
2012/13,2012,2013-04-13,Everton,QPR,L Mason,2,0,6,12,3,3,0,0,full,0,0,,0,0,-0.25,6,0,0,2
2012/13,2012,2013-04-13,Reading,Liverpool,M Clattenburg,0,0,9,8,2,1,0,0,full,0,0,,0,-1,-0.09722222222222221,-1,0,0,2
2012/13,2012,2013-04-13,Southampton,West Ham,M Dean,1,1,9,18,2,3,0,0,full,0,0,,0,1,-0.05555555555555555,9,0,0,2
2012/13,2012,2013-04-14,Newcastle,Sunderland,H Webb,0,3,14,7,3,2,0,0,full,0,0,,0,-1,0.07142857142857142,-7,0,0,2
2012/13,2012,2013-04-14,Stoke,Man United,J Moss,0,2,9,9,1,1,0,0,full,0,0,,0,0,0.0,0,0,0,2
2012/13,2012,2013-04-16,Arsenal,Everton,N Swarbrick,0,0,11,12,2,3,0,0,full,0,0,,0,1,0.06818181818181818,1,0,0,2
2012/13,2012,2013-04-17,Fulham,Chelsea,M Dean,0,3,11,11,2,1,0,0,full,0,0,,0,-1,-0.09090909090909091,0,0,0,2
2012/13,2012,2013-04-17,Man City,Wigan,J Moss,1,0,12,5,2,1,0,0,full,0,0,,0,-1,0.033333333333333354,-7,0,0,2
2012/13,2012,2013-04-17,West Ham,Man United,L Probert,2,2,9,7,1,0,0,0,full,0,0,,0,-1,-0.1111111111111111,-2,0,0,2
2012/13,2012,2013-04-20,Fulham,Arsenal,A Marriner,0,1,13,8,0,2,1,1,full,0,0,,0,2,0.25,-5,0,0,2
2012/13,2012,2013-04-20,Norwich,Reading,M Dean,2,1,8,12,2,3,0,0,full,0,0,,0,1,0.0,4,0,0,2
2012/13,2012,2013-04-20,QPR,Stoke,C Foy,0,2,8,14,1,2,0,0,full,0,0,,0,1,0.01785714285714285,6,0,0,2
2012/13,2012,2013-04-20,Sunderland,Everton,P Dowd,1,0,6,15,1,2,0,0,full,0,0,,0,1,-0.033333333333333326,9,0,0,2
2012/13,2012,2013-04-20,Swansea,Southampton,M Halsey,0,0,11,13,0,0,0,0,full,0,0,,0,0,0.0,2,0,0,2
2012/13,2012,2013-04-20,West Brom,Newcastle,M Jones,1,1,9,10,0,2,0,0,full,0,0,,0,2,0.2,1,0,0,2
2012/13,2012,2013-04-20,West Ham,Wigan,N Swarbrick,2,0,12,11,3,1,0,0,full,0,0,,0,-2,-0.1590909090909091,-1,0,0,2
2012/13,2012,2013-04-21,Liverpool,Chelsea,K Friend,2,2,8,11,5,2,0,0,full,0,0,,0,-3,-0.4431818181818182,3,0,0,2
2012/13,2012,2013-04-21,Tottenham,Man City,L Mason,3,1,11,10,3,3,0,0,full,0,0,,0,0,0.027272727272727282,-1,0,0,2
2012/13,2012,2013-04-22,Man United,Aston Villa,A Taylor,3,0,10,6,1,0,0,0,full,0,0,,0,-1,-0.1,-4,0,0,2
2012/13,2012,2013-04-27,Everton,Fulham,J Moss,1,0,12,16,1,3,0,0,full,0,0,,0,2,0.10416666666666667,4,0,0,2
2012/13,2012,2013-04-27,Man City,West Ham,H Webb,2,1,9,7,1,3,0,0,full,0,0,,0,2,0.31746031746031744,-2,0,0,2
2012/13,2012,2013-04-27,Newcastle,Liverpool,A Marriner,0,6,14,7,3,2,1,0,full,0,0,,0,-1,0.07142857142857142,-7,-1,0,2
2012/13,2012,2013-04-27,Southampton,West Brom,R Madley,0,3,9,11,2,2,2,1,full,0,0,,0,0,-0.04040404040404039,2,-1,0,2
2012/13,2012,2013-04-27,Stoke,Norwich,A Taylor,1,0,10,8,4,2,0,0,full,0,0,,0,-2,-0.15000000000000002,-2,0,0,2
2012/13,2012,2013-04-27,Wigan,Tottenham,M Atkinson,2,2,12,10,3,1,0,0,full,0,0,,0,-2,-0.15,-2,0,0,2
2012/13,2012,2013-04-28,Arsenal,Man United,P Dowd,1,1,12,10,3,5,0,0,full,0,0,,0,2,0.25,-2,0,0,2
2012/13,2012,2013-04-28,Chelsea,Swansea,M Clattenburg,2,0,9,10,1,3,0,0,full,0,0,,0,2,0.18888888888888888,1,0,0,2
2012/13,2012,2013-04-28,Reading,QPR,K Friend,0,0,12,14,0,2,0,0,full,0,0,,0,2,0.14285714285714285,2,0,0,2
2012/13,2012,2013-04-29,Aston Villa,Sunderland,L Probert,6,1,10,15,0,3,0,1,full,0,0,,0,3,0.2,5,1,0,2
2012/13,2012,2013-05-04,Fulham,Reading,N Swarbrick,2,4,14,7,2,1,0,0,full,0,0,,0,-1,0.0,-7,0,0,2
2012/13,2012,2013-05-04,Norwich,Aston Villa,K Friend,1,2,15,13,2,3,0,0,full,0,0,,0,1,0.09743589743589745,-2,0,0,2
2012/13,2012,2013-05-04,QPR,Arsenal,J Moss,0,1,8,6,2,1,0,0,full,0,0,,0,-1,-0.08333333333333334,-2,0,0,2
2012/13,2012,2013-05-04,Swansea,Man City,M Jones,0,0,9,10,0,0,0,0,full,0,0,,0,0,0.0,1,0,0,2
2012/13,2012,2013-05-04,Tottenham,Southampton,M Clattenburg,1,0,8,9,1,1,0,0,full,0,0,,0,0,-0.013888888888888895,1,0,0,2
2012/13,2012,2013-05-04,West Brom,Wigan,L Probert,2,3,9,7,4,3,0,0,full,0,0,,0,-1,-0.015873015873015872,-2,0,0,2
2012/13,2012,2013-05-04,West Ham,Newcastle,P Dowd,0,0,12,12,1,1,0,0,full,0,0,,0,0,0.0,0,0,0,2
2012/13,2012,2013-05-05,Liverpool,Everton,M Oliver,0,0,10,10,1,2,0,0,full,0,0,,0,1,0.1,0,0,0,2
2012/13,2012,2013-05-05,Man United,Chelsea,H Webb,0,1,14,9,2,1,1,0,full,0,0,,0,-1,-0.031746031746031744,-5,-1,0,2
2012/13,2012,2013-05-06,Sunderland,Stoke,L Mason,1,1,6,12,2,2,1,0,full,0,0,,0,0,-0.16666666666666666,6,-1,0,2
2012/13,2012,2013-05-07,Man City,West Brom,P Dowd,1,0,10,9,2,1,0,0,full,0,0,,0,-1,-0.0888888888888889,-1,0,0,2
2012/13,2012,2013-05-07,Wigan,Swansea,K Friend,2,3,14,13,2,2,0,0,full,0,0,,0,0,0.010989010989011005,-1,0,0,2
2012/13,2012,2013-05-08,Chelsea,Tottenham,M Dean,2,2,6,16,1,2,0,0,full,0,0,,0,1,-0.04166666666666666,10,0,0,2
2012/13,2012,2013-05-11,Aston Villa,Chelsea,L Mason,1,2,13,8,2,3,1,1,full,0,0,,0,1,0.22115384615384615,-5,0,0,2
2012/13,2012,2013-05-12,Everton,West Ham,P Dowd,2,0,8,11,1,2,0,0,full,0,0,,0,1,0.05681818181818182,3,0,0,2
2012/13,2012,2013-05-12,Fulham,Liverpool,M Halsey,1,3,2,10,0,1,0,0,full,0,0,,1,1,,8,0,0,2
2012/13,2012,2013-05-12,Man United,Swansea,J Moss,2,1,5,6,0,0,0,0,full,0,0,,0,0,0.0,1,0,0,2
2012/13,2012,2013-05-12,Norwich,West Brom,H Webb,4,0,10,7,2,1,0,0,full,0,0,,0,-1,-0.05714285714285716,-3,0,0,2
2012/13,2012,2013-05-12,QPR,Newcastle,L Probert,1,2,8,8,1,3,0,1,full,0,0,,0,2,0.25,0,1,0,2
2012/13,2012,2013-05-12,Stoke,Tottenham,K Friend,1,2,11,5,4,1,1,0,full,0,0,,0,-3,-0.16363636363636364,-6,-1,0,2
2012/13,2012,2013-05-12,Sunderland,Southampton,M Dean,1,1,9,10,0,2,0,0,full,0,0,,0,2,0.2,1,0,0,2
2012/13,2012,2013-05-14,Arsenal,Wigan,M Dean,4,1,11,11,0,2,0,0,full,0,0,,0,2,0.18181818181818182,0,0,0,2
2012/13,2012,2013-05-14,Reading,Man City,M Atkinson,0,2,6,7,0,1,0,0,full,0,0,,0,1,0.14285714285714285,1,0,0,2
2012/13,2012,2013-05-19,Chelsea,Everton,A Taylor,2,1,7,8,2,2,0,0,full,0,0,,0,0,-0.0357142857142857,1,0,0,2
2012/13,2012,2013-05-19,Liverpool,QPR,M Atkinson,1,0,7,3,1,3,0,0,full,0,0,,0,2,0.8571428571428572,-4,0,0,2
2012/13,2012,2013-05-19,Man City,Norwich,M Halsey,2,3,10,8,1,0,0,0,full,0,0,,0,-1,-0.1,-2,0,0,2
2012/13,2012,2013-05-19,Newcastle,Arsenal,H Webb,0,1,17,10,1,2,0,0,full,0,0,,0,1,0.1411764705882353,-7,0,0,2
2012/13,2012,2013-05-19,Southampton,Stoke,L Probert,1,1,9,7,0,2,0,0,full,0,0,,0,2,0.2857142857142857,-2,0,0,2
2012/13,2012,2013-05-19,Swansea,Fulham,L Mason,0,3,12,9,2,1,0,0,full,0,0,,0,-1,-0.05555555555555555,-3,0,0,2
2012/13,2012,2013-05-19,Tottenham,Sunderland,A Marriner,1,0,6,12,1,3,0,1,full,0,0,,0,2,0.08333333333333334,6,1,0,2
2012/13,2012,2013-05-19,West Brom,Man United,M Oliver,5,5,10,6,0,1,0,0,full,0,0,,0,1,0.16666666666666666,-4,0,0,2
2012/13,2012,2013-05-19,West Ham,Reading,M Dean,4,2,14,8,2,1,0,0,full,0,0,,0,-1,-0.01785714285714285,-6,0,0,2
2012/13,2012,2013-05-19,Wigan,Aston Villa,N Swarbrick,2,2,8,12,2,1,0,0,full,0,0,,0,-1,-0.16666666666666669,4,0,0,2
2013/14,2013,2013-08-17,Arsenal,Aston Villa,A Taylor,1,3,15,18,4,5,1,0,full,0,0,,0,1,0.011111111111111127,3,-1,0,3
2013/14,2013,2013-08-17,Liverpool,Stoke,M Atkinson,1,0,11,11,1,1,0,0,full,0,0,,0,0,0.0,0,0,0,3
2013/14,2013,2013-08-17,Norwich,Everton,M Oliver,2,2,13,10,2,0,0,0,full,0,0,,0,-2,-0.15384615384615385,-3,0,0,3
2013/14,2013,2013-08-17,Sunderland,Fulham,N Swarbrick,0,1,14,14,0,3,0,0,full,0,0,,0,3,0.21428571428571427,0,0,0,3
2013/14,2013,2013-08-17,Swansea,Man United,P Dowd,1,4,13,10,1,3,0,0,full,0,0,,0,2,0.22307692307692306,-3,0,0,3
2013/14,2013,2013-08-17,West Brom,Southampton,K Friend,0,1,14,24,4,0,0,0,full,0,0,,0,-4,-0.2857142857142857,10,0,0,3
2013/14,2013,2013-08-17,West Ham,Cardiff,H Webb,2,0,10,7,0,1,0,0,full,0,0,,0,1,0.14285714285714285,-3,0,0,3
2013/14,2013,2013-08-18,Chelsea,Hull,J Moss,2,0,7,16,0,1,0,0,full,0,0,,0,1,0.0625,9,0,0,3
2013/14,2013,2013-08-18,Crystal Palace,Tottenham,M Clattenburg,0,1,6,9,1,0,0,0,full,0,0,,0,-1,-0.16666666666666666,3,0,0,3
2013/14,2013,2013-08-19,Man City,Newcastle,A Marriner,4,0,9,7,2,3,0,1,full,0,0,,0,1,0.20634920634920634,-2,1,0,3
2013/14,2013,2013-08-21,Chelsea,Aston Villa,K Friend,2,1,12,13,1,4,0,0,full,0,0,,0,3,0.2243589743589744,1,0,0,3
2013/14,2013,2013-08-24,Aston Villa,Liverpool,M Clattenburg,0,1,9,8,3,3,0,0,full,0,0,,0,0,0.041666666666666685,-1,0,0,3
2013/14,2013,2013-08-24,Everton,West Brom,R East,0,0,14,15,1,1,0,0,full,0,0,,0,0,-0.004761904761904759,1,0,0,3
2013/14,2013,2013-08-24,Fulham,Arsenal,H Webb,1,3,10,8,2,2,0,0,full,0,0,,0,0,0.04999999999999999,-2,0,0,3
2013/14,2013,2013-08-24,Hull,Norwich,M Jones,1,0,14,19,1,1,1,0,full,0,0,,0,0,-0.018796992481203006,5,-1,0,3
2013/14,2013,2013-08-24,Newcastle,West Ham,P Dowd,0,0,12,14,0,1,0,0,full,0,0,,0,1,0.07142857142857142,2,0,0,3
2013/14,2013,2013-08-24,Southampton,Sunderland,L Mason,1,1,12,13,2,2,0,0,full,0,0,,0,0,-0.012820512820512803,1,0,0,3
2013/14,2013,2013-08-24,Stoke,Crystal Palace,A Marriner,2,1,13,6,3,0,0,0,full,0,0,,0,-3,-0.23076923076923078,-7,0,0,3
2013/14,2013,2013-08-25,Cardiff,Man City,L Probert,3,2,2,9,0,0,0,0,full,0,0,,1,0,,7,0,0,3
2013/14,2013,2013-08-25,Tottenham,Swansea,N Swarbrick,1,0,10,15,1,4,0,0,full,0,0,,0,3,0.16666666666666666,5,0,0,3
2013/14,2013,2013-08-26,Man United,Chelsea,M Atkinson,0,0,9,9,0,2,0,0,full,0,0,,0,2,0.2222222222222222,0,0,0,3
2013/14,2013,2013-08-31,Cardiff,Everton,A Taylor,0,0,11,9,1,1,0,0,full,0,0,,0,0,0.020202020202020193,-2,0,0,3
2013/14,2013,2013-08-31,Crystal Palace,Sunderland,L Probert,3,1,6,6,1,0,0,1,full,0,0,,0,-1,-0.16666666666666666,0,1,0,3
2013/14,2013,2013-08-31,Man City,Hull,P Dowd,2,0,15,14,2,3,0,0,full,0,0,,0,1,0.08095238095238094,-1,0,0,3
2013/14,2013,2013-08-31,Newcastle,Fulham,C Foy,1,0,13,9,2,2,0,0,full,0,0,,0,0,0.06837606837606836,-4,0,0,3
2013/14,2013,2013-08-31,Norwich,Southampton,H Webb,1,0,11,15,0,0,0,0,full,0,0,,0,0,0.0,4,0,0,3
2013/14,2013,2013-08-31,West Ham,Stoke,J Moss,0,1,10,12,2,1,0,0,full,0,0,,0,-1,-0.11666666666666668,2,0,0,3
2013/14,2013,2013-09-01,Arsenal,Tottenham,M Oliver,1,0,15,14,2,2,0,0,full,0,0,,0,0,0.009523809523809518,-1,0,0,3
2013/14,2013,2013-09-01,Liverpool,Man United,A Marriner,1,0,15,15,2,4,0,0,full,0,0,,0,2,0.13333333333333333,0,0,0,3
2013/14,2013,2013-09-01,West Brom,Swansea,M Dean,0,2,10,14,4,3,0,0,full,0,0,,0,-1,-0.18571428571428575,4,0,0,3
2013/14,2013,2013-09-14,Aston Villa,Newcastle,M Dean,1,2,9,11,1,4,0,0,full,0,0,,0,3,0.25252525252525254,2,0,0,3
2013/14,2013,2013-09-14,Everton,Chelsea,H Webb,1,0,10,12,0,4,0,0,full,0,0,,0,4,0.3333333333333333,2,0,0,3
2013/14,2013,2013-09-14,Fulham,West Brom,L Probert,1,1,9,12,0,1,0,0,full,0,0,,0,1,0.08333333333333333,3,0,0,3
2013/14,2013,2013-09-14,Hull,Cardiff,R Madley,1,1,8,8,1,2,0,0,full,0,0,,0,1,0.125,0,0,0,3
2013/14,2013,2013-09-14,Man United,Crystal Palace,J Moss,2,0,8,11,1,2,0,1,full,0,0,,0,1,0.05681818181818182,3,1,0,3
2013/14,2013,2013-09-14,Stoke,Man City,M Clattenburg,0,0,13,11,1,1,0,0,full,0,0,,0,0,0.013986013986013984,-2,0,0,3
2013/14,2013,2013-09-14,Sunderland,Arsenal,M Atkinson,1,3,12,10,1,2,0,0,full,0,0,,0,1,0.11666666666666668,-2,0,0,3
2013/14,2013,2013-09-14,Tottenham,Norwich,L Mason,2,0,2,12,1,3,0,0,full,0,0,,1,2,,10,0,0,3
2013/14,2013,2013-09-15,Southampton,West Ham,A Marriner,0,0,12,10,1,3,0,0,full,0,0,,0,2,0.21666666666666667,-2,0,0,3
2013/14,2013,2013-09-16,Swansea,Liverpool,M Oliver,2,2,7,10,2,3,0,0,full,0,0,,0,1,0.01428571428571429,3,0,0,3
2013/14,2013,2013-09-21,Chelsea,Fulham,A Marriner,2,0,11,9,0,0,0,0,full,0,0,,0,0,0.0,-2,0,0,3
2013/14,2013,2013-09-21,Liverpool,Southampton,N Swarbrick,0,1,6,9,0,1,0,0,full,0,0,,0,1,0.1111111111111111,3,0,0,3
2013/14,2013,2013-09-21,Newcastle,Hull,M Atkinson,2,3,11,8,1,1,0,0,full,0,0,,0,0,0.03409090909090909,-3,0,0,3
2013/14,2013,2013-09-21,Norwich,Aston Villa,C Foy,0,1,15,10,1,0,0,0,full,0,0,,0,-1,-0.06666666666666667,-5,0,0,3
2013/14,2013,2013-09-21,West Brom,Sunderland,P Dowd,3,0,9,10,0,2,0,0,full,0,0,,0,2,0.2,1,0,0,3
2013/14,2013,2013-09-21,West Ham,Everton,L Mason,2,3,16,12,2,1,1,0,full,0,0,,0,-1,-0.04166666666666667,-4,-1,0,3
2013/14,2013,2013-09-22,Arsenal,Stoke,M Dean,3,1,8,15,0,2,0,0,full,0,0,,0,2,0.13333333333333333,7,0,0,3
2013/14,2013,2013-09-22,Cardiff,Tottenham,M Clattenburg,0,1,5,7,1,4,0,0,full,0,0,,0,3,0.3714285714285714,2,0,0,3
2013/14,2013,2013-09-22,Crystal Palace,Swansea,K Friend,0,2,13,9,2,2,0,0,full,0,0,,0,0,0.06837606837606836,-4,0,0,3
2013/14,2013,2013-09-22,Man City,Man United,H Webb,4,1,8,12,1,2,0,0,full,0,0,,0,1,0.04166666666666666,4,0,0,3
2013/14,2013,2013-09-28,Aston Villa,Man City,M Jones,3,2,13,9,1,1,0,0,full,0,0,,0,0,0.03418803418803418,-4,0,0,3
2013/14,2013,2013-09-28,Fulham,Cardiff,C Pawson,1,2,14,13,1,1,0,0,full,0,0,,0,0,0.005494505494505503,-1,0,0,3
2013/14,2013,2013-09-28,Hull,West Ham,K Friend,1,0,11,12,1,2,0,0,full,0,0,,0,1,0.07575757575757575,1,0,0,3
2013/14,2013,2013-09-28,Man United,West Brom,M Oliver,1,2,10,14,3,2,0,0,full,0,0,,0,-1,-0.15714285714285714,4,0,0,3
2013/14,2013,2013-09-28,Southampton,Crystal Palace,M Atkinson,2,0,11,12,1,2,0,0,full,0,0,,0,1,0.07575757575757575,1,0,0,3
2013/14,2013,2013-09-28,Swansea,Arsenal,M Clattenburg,1,2,5,11,3,2,0,0,full,0,0,,0,-1,-0.41818181818181815,6,0,0,3
2013/14,2013,2013-09-28,Tottenham,Chelsea,M Dean,1,1,14,14,5,1,0,1,full,0,0,,0,-4,-0.2857142857142857,0,1,0,3
2013/14,2013,2013-09-29,Stoke,Norwich,A Taylor,0,1,14,12,2,1,0,0,full,0,0,,0,-1,-0.05952380952380952,-2,0,0,3
2013/14,2013,2013-09-29,Sunderland,Liverpool,H Webb,1,3,8,10,2,1,0,0,full,0,0,,0,-1,-0.15,2,0,0,3
2013/14,2013,2013-09-30,Everton,Newcastle,P Dowd,3,2,5,15,3,1,0,0,full,0,0,,0,-2,-0.5333333333333333,10,0,0,3
2013/14,2013,2013-10-05,Cardiff,Newcastle,K Friend,1,2,11,8,1,0,0,0,full,0,0,,0,-1,-0.09090909090909091,-3,0,0,3
2013/14,2013,2013-10-05,Fulham,Stoke,R East,1,0,11,13,3,2,0,0,full,0,0,,0,-1,-0.11888111888111885,2,0,0,3
2013/14,2013,2013-10-05,Hull,Aston Villa,M Clattenburg,0,0,7,11,2,1,0,0,full,0,0,,0,-1,-0.1948051948051948,4,0,0,3
2013/14,2013,2013-10-05,Liverpool,Crystal Palace,A Taylor,3,1,11,6,2,1,0,0,full,0,0,,0,-1,-0.015151515151515166,-5,0,0,3
2013/14,2013,2013-10-05,Man City,Everton,J Moss,3,1,15,10,5,4,0,0,full,0,0,,0,-1,0.06666666666666671,-5,0,0,3
2013/14,2013,2013-10-05,Sunderland,Man United,C Foy,1,2,15,13,2,4,0,0,full,0,0,,0,2,0.17435897435897438,-2,0,0,3
2013/14,2013,2013-10-06,Norwich,Chelsea,N Swarbrick,1,3,12,9,1,1,0,0,full,0,0,,0,0,0.027777777777777776,-3,0,0,3
2013/14,2013,2013-10-06,Southampton,Swansea,M Dean,2,0,13,8,3,1,0,0,full,0,0,,0,-2,-0.10576923076923078,-5,0,0,3
2013/14,2013,2013-10-06,Tottenham,West Ham,L Probert,0,3,5,9,0,0,0,0,full,0,0,,0,0,0.0,4,0,0,3
2013/14,2013,2013-10-06,West Brom,Arsenal,L Mason,1,1,6,11,1,2,0,0,full,0,0,,0,1,0.015151515151515166,5,0,0,3
2013/14,2013,2013-10-19,Arsenal,Norwich,L Probert,4,1,8,7,0,0,0,0,full,0,0,,0,0,0.0,-1,0,0,3
2013/14,2013,2013-10-19,Chelsea,Cardiff,A Taylor,4,1,12,5,1,2,0,0,full,0,0,,0,1,0.3166666666666667,-7,0,0,3
2013/14,2013,2013-10-19,Everton,Hull,N Swarbrick,2,1,7,17,3,1,0,0,full,0,0,,0,-2,-0.36974789915966383,10,0,0,3
2013/14,2013,2013-10-19,Man United,Southampton,M Jones,1,1,10,19,2,3,0,0,full,0,0,,0,1,-0.04210526315789476,9,0,0,3
2013/14,2013,2013-10-19,Newcastle,Liverpool,A Marriner,2,2,8,10,2,3,1,0,full,0,0,,0,1,0.04999999999999999,2,-1,0,3
2013/14,2013,2013-10-19,Stoke,West Brom,H Webb,0,0,12,10,1,0,0,0,full,0,0,,0,-1,-0.08333333333333333,-2,0,0,3
2013/14,2013,2013-10-19,Swansea,Sunderland,C Pawson,4,0,12,13,1,2,0,0,full,0,0,,0,1,0.07051282051282053,1,0,0,3
2013/14,2013,2013-10-19,West Ham,Man City,M Oliver,1,3,7,12,1,2,0,0,full,0,0,,0,1,0.023809523809523808,5,0,0,3
2013/14,2013,2013-10-20,Aston Villa,Tottenham,P Dowd,0,2,13,12,3,4,0,0,full,0,0,,0,1,0.10256410256410253,-1,0,0,3
2013/14,2013,2013-10-21,Crystal Palace,Fulham,L Mason,1,4,10,13,0,1,0,0,full,0,0,,0,1,0.07692307692307693,3,0,0,3
2013/14,2013,2013-10-26,Aston Villa,Everton,A Taylor,0,2,14,8,0,2,0,0,full,0,0,,0,2,0.25,-6,0,0,3
2013/14,2013,2013-10-26,Crystal Palace,Arsenal,C Foy,0,2,12,8,0,0,0,1,full,0,0,,0,0,0.0,-4,1,0,3
2013/14,2013,2013-10-26,Liverpool,West Brom,J Moss,4,1,14,11,0,2,0,0,full,0,0,,0,2,0.18181818181818182,-3,0,0,3
2013/14,2013,2013-10-26,Man United,Stoke,L Mason,3,2,8,18,2,6,0,0,full,0,0,,0,4,0.08333333333333331,10,0,0,3
2013/14,2013,2013-10-26,Norwich,Cardiff,M Jones,0,0,8,10,1,1,0,0,full,0,0,,0,0,-0.024999999999999994,2,0,0,3
2013/14,2013,2013-10-26,Southampton,Fulham,A Marriner,2,0,12,8,0,2,0,0,full,0,0,,0,2,0.25,-4,0,0,3
2013/14,2013,2013-10-27,Chelsea,Man City,H Webb,2,1,11,15,2,3,0,0,full,0,0,,0,1,0.018181818181818188,4,0,0,3
2013/14,2013,2013-10-27,Sunderland,Newcastle,L Probert,2,1,13,14,1,1,0,0,full,0,0,,0,0,-0.005494505494505503,1,0,0,3
2013/14,2013,2013-10-27,Swansea,West Ham,P Dowd,0,0,12,14,1,3,0,0,full,0,0,,0,2,0.13095238095238093,2,0,0,3
2013/14,2013,2013-10-27,Tottenham,Hull,M Oliver,1,0,13,10,3,3,0,0,full,0,0,,0,0,0.0692307692307692,-3,0,0,3
2013/14,2013,2013-11-02,Arsenal,Liverpool,M Atkinson,2,0,11,7,2,1,0,0,full,0,0,,0,-1,-0.038961038961038974,-4,0,0,3
2013/14,2013,2013-11-02,Fulham,Man United,L Probert,1,3,6,12,2,1,0,0,full,0,0,,0,-1,-0.25,6,0,0,3
2013/14,2013,2013-11-02,Hull,Sunderland,A Marriner,1,0,17,11,2,0,0,2,full,0,0,,0,-2,-0.11764705882352941,-6,2,0,3
2013/14,2013,2013-11-02,Man City,Norwich,P Dowd,7,0,6,9,1,1,0,0,full,0,0,,0,0,-0.05555555555555555,3,0,0,3
2013/14,2013,2013-11-02,Newcastle,Chelsea,L Mason,2,0,13,11,2,2,0,0,full,0,0,,0,0,0.02797202797202797,-2,0,0,3
2013/14,2013,2013-11-02,Stoke,Southampton,C Foy,1,1,13,13,3,1,0,0,full,0,0,,0,-2,-0.15384615384615385,0,0,0,3
2013/14,2013,2013-11-02,West Brom,Crystal Palace,N Swarbrick,2,0,11,9,0,1,0,0,full,0,0,,0,1,0.1111111111111111,-2,0,0,3
2013/14,2013,2013-11-02,West Ham,Aston Villa,H Webb,0,0,8,15,0,2,0,0,full,0,0,,0,2,0.13333333333333333,7,0,0,3
2013/14,2013,2013-11-03,Cardiff,Swansea,M Dean,1,0,11,7,1,1,0,1,full,0,0,,0,0,0.05194805194805194,-4,1,0,3
2013/14,2013,2013-11-03,Everton,Tottenham,K Friend,0,0,11,9,4,1,0,0,full,0,0,,0,-3,-0.25252525252525254,-2,0,0,3
2013/14,2013,2013-11-09,Aston Villa,Cardiff,M Atkinson,2,0,10,3,1,1,0,0,full,0,0,,0,0,0.2333333333333333,-7,0,0,3
2013/14,2013,2013-11-09,Chelsea,West Brom,L Probert,2,2,11,15,3,7,0,0,full,0,0,,0,4,0.19393939393939397,4,0,0,3
2013/14,2013,2013-11-09,Crystal Palace,Everton,C Pawson,0,0,16,8,1,0,0,0,full,0,0,,0,-1,-0.0625,-8,0,0,3
2013/14,2013,2013-11-09,Liverpool,Fulham,M Jones,4,0,13,9,0,1,0,0,full,0,0,,0,1,0.1111111111111111,-4,0,0,3
2013/14,2013,2013-11-09,Norwich,West Ham,J Moss,3,1,12,11,1,1,0,0,full,0,0,,0,0,0.007575757575757583,-1,0,0,3
2013/14,2013,2013-11-09,Southampton,Hull,H Webb,4,1,10,15,1,2,0,0,full,0,0,,0,1,0.033333333333333326,5,0,0,3
2013/14,2013,2013-11-10,Man United,Arsenal,M Oliver,1,0,12,11,2,3,0,0,full,0,0,,0,1,0.10606060606060605,-1,0,0,3
2013/14,2013,2013-11-10,Sunderland,Man City,M Dean,1,0,6,13,0,1,0,0,full,0,0,,0,1,0.07692307692307693,7,0,0,3
2013/14,2013,2013-11-10,Swansea,Stoke,R Madley,3,3,12,15,5,3,0,0,full,0,0,,0,-2,-0.21666666666666667,3,0,0,3
2013/14,2013,2013-11-10,Tottenham,Newcastle,C Foy,0,1,5,15,1,2,0,0,full,0,0,,0,1,-0.06666666666666668,10,0,0,3
2013/14,2013,2013-11-23,Arsenal,Southampton,M Clattenburg,2,0,10,14,0,3,0,0,full,0,0,,0,3,0.21428571428571427,4,0,0,3
2013/14,2013,2013-11-23,Everton,Liverpool,P Dowd,3,3,16,15,4,3,0,0,full,0,0,,0,-1,-0.04999999999999999,-1,0,0,3
2013/14,2013,2013-11-23,Fulham,Swansea,A Marriner,1,2,11,9,3,1,0,0,full,0,0,,0,-2,-0.1616161616161616,-2,0,0,3
2013/14,2013,2013-11-23,Hull,Crystal Palace,A Taylor,0,1,8,11,2,1,0,1,full,0,0,,0,-1,-0.1590909090909091,3,1,0,3
2013/14,2013,2013-11-23,Newcastle,Norwich,M Dean,2,1,8,7,0,1,0,0,full,0,0,,0,1,0.14285714285714285,-1,0,0,3
2013/14,2013,2013-11-23,Stoke,Sunderland,K Friend,2,0,11,5,2,1,0,1,full,0,0,,0,-1,0.018181818181818188,-6,1,0,3
2013/14,2013,2013-11-23,West Ham,Chelsea,C Foy,0,3,12,10,0,0,0,0,full,0,0,,0,0,0.0,-2,0,0,3
2013/14,2013,2013-11-24,Cardiff,Man United,N Swarbrick,2,2,15,14,4,2,0,0,full,0,0,,0,-2,-0.12380952380952381,-1,0,0,3
2013/14,2013,2013-11-24,Man City,Tottenham,M Atkinson,6,0,7,11,1,3,0,0,full,0,0,,0,2,0.12987012987012986,4,0,0,3
2013/14,2013,2013-11-25,West Brom,Aston Villa,M Oliver,2,2,9,14,1,2,0,0,full,0,0,,0,1,0.031746031746031744,5,0,0,3
2013/14,2013,2013-11-30,Aston Villa,Sunderland,N Swarbrick,0,0,14,12,2,1,0,0,full,0,0,,0,-1,-0.05952380952380952,-2,0,0,3
2013/14,2013,2013-11-30,Cardiff,Arsenal,L Mason,0,3,6,8,0,3,0,0,full,0,0,,0,3,0.375,2,0,0,3
2013/14,2013,2013-11-30,Everton,Stoke,M Jones,4,0,9,16,0,3,0,0,full,0,0,,0,3,0.1875,7,0,0,3
2013/14,2013,2013-11-30,Newcastle,West Brom,P Dowd,2,1,15,15,1,2,0,0,full,0,0,,0,1,0.06666666666666667,0,0,0,3
2013/14,2013,2013-11-30,Norwich,Crystal Palace,C Foy,1,0,12,14,1,2,0,0,full,0,0,,0,1,0.05952380952380952,2,0,0,3
2013/14,2013,2013-11-30,West Ham,Fulham,M Atkinson,3,0,11,8,3,2,0,0,full,0,0,,0,-1,-0.022727272727272707,-3,0,0,3
2013/14,2013,2013-12-01,Chelsea,Southampton,M Oliver,3,1,15,14,1,4,0,0,full,0,0,,0,3,0.21904761904761905,-1,0,0,3
2013/14,2013,2013-12-01,Hull,Liverpool,H Webb,3,1,10,16,2,0,0,0,full,0,0,,0,-2,-0.2,6,0,0,3
2013/14,2013,2013-12-01,Man City,Swansea,M Clattenburg,3,0,7,8,1,0,0,0,full,0,0,,0,-1,-0.14285714285714285,1,0,0,3
2013/14,2013,2013-12-01,Tottenham,Man United,M Dean,2,2,9,15,1,3,0,0,full,0,0,,0,2,0.0888888888888889,6,0,0,3
2013/14,2013,2013-12-03,Crystal Palace,West Ham,L Mason,1,0,10,9,1,2,0,0,full,0,0,,0,1,0.1222222222222222,-1,0,0,3
2013/14,2013,2013-12-04,Arsenal,Hull,A Marriner,2,0,9,6,0,0,0,0,full,0,0,,0,0,0.0,-3,0,0,3
2013/14,2013,2013-12-04,Fulham,Tottenham,M Clattenburg,1,2,7,16,2,1,0,0,full,0,0,,0,-1,-0.2232142857142857,9,0,0,3
2013/14,2013,2013-12-04,Liverpool,Norwich,A Taylor,5,1,10,6,3,1,0,0,full,0,0,,0,-2,-0.13333333333333333,-4,0,0,3
2013/14,2013,2013-12-04,Man United,Everton,M Atkinson,0,1,12,12,2,0,0,0,full,0,0,,0,-2,-0.16666666666666666,0,0,0,3
2013/14,2013,2013-12-04,Southampton,Aston Villa,J Moss,2,3,9,13,3,2,0,0,full,0,0,,0,-1,-0.17948717948717946,4,0,0,3
2013/14,2013,2013-12-04,Stoke,Cardiff,M Oliver,0,0,11,12,2,2,0,0,full,0,0,,0,0,-0.015151515151515166,1,0,0,3
2013/14,2013,2013-12-04,Sunderland,Chelsea,P Dowd,3,4,15,14,4,3,0,0,full,0,0,,0,-1,-0.05238095238095239,-1,0,0,3
2013/14,2013,2013-12-04,Swansea,Newcastle,H Webb,3,0,4,8,0,2,0,0,full,0,0,,0,2,0.25,4,0,0,3
2013/14,2013,2013-12-04,West Brom,Man City,C Foy,2,3,8,10,1,1,0,0,full,0,0,,0,0,-0.024999999999999994,2,0,0,3
2013/14,2013,2013-12-07,Crystal Palace,Cardiff,M Jones,2,0,9,12,0,0,0,0,full,0,0,,0,0,0.0,3,0,0,3
2013/14,2013,2013-12-07,Liverpool,West Ham,M Oliver,4,1,9,12,0,3,0,1,full,0,0,,0,3,0.25,3,1,0,3
2013/14,2013,2013-12-07,Man United,Newcastle,A Marriner,0,1,11,18,0,2,0,0,full,0,0,,0,2,0.1111111111111111,7,0,0,3
2013/14,2013,2013-12-07,Southampton,Man City,A Taylor,1,1,6,9,0,2,0,0,full,0,0,,0,2,0.2222222222222222,3,0,0,3
2013/14,2013,2013-12-07,Stoke,Chelsea,J Moss,3,2,14,8,4,1,0,0,full,0,0,,0,-3,-0.1607142857142857,-6,0,0,3
2013/14,2013,2013-12-07,Sunderland,Tottenham,L Mason,1,2,14,9,2,0,0,0,full,0,0,,0,-2,-0.14285714285714285,-5,0,0,3
2013/14,2013,2013-12-07,West Brom,Norwich,M Clattenburg,0,2,10,6,1,3,0,0,full,0,0,,0,2,0.4,-4,0,0,3
2013/14,2013,2013-12-08,Arsenal,Everton,H Webb,1,1,13,11,0,4,0,0,full,0,0,,0,4,0.36363636363636365,-2,0,0,3
2013/14,2013,2013-12-08,Fulham,Aston Villa,M Dean,2,0,12,13,0,2,0,0,full,0,0,,0,2,0.15384615384615385,1,0,0,3
2013/14,2013,2013-12-09,Swansea,Hull,M Atkinson,1,1,8,7,3,3,0,0,full,0,0,,0,0,0.05357142857142855,-1,0,0,3
2013/14,2013,2013-12-14,Cardiff,West Brom,H Webb,1,0,16,12,2,1,0,0,full,0,0,,0,-1,-0.04166666666666667,-4,0,0,3
2013/14,2013,2013-12-14,Chelsea,Crystal Palace,M Clattenburg,2,1,13,7,2,1,0,0,full,0,0,,0,-1,-0.010989010989011005,-6,0,0,3
2013/14,2013,2013-12-14,Everton,Fulham,A Taylor,4,1,10,7,1,2,0,0,full,0,0,,0,1,0.1857142857142857,-3,0,0,3
2013/14,2013,2013-12-14,Hull,Stoke,M Dean,0,0,11,13,1,0,0,0,full,0,0,,0,-1,-0.09090909090909091,2,0,0,3
2013/14,2013,2013-12-14,Man City,Arsenal,M Atkinson,6,3,12,6,2,1,0,0,full,0,0,,0,-1,0.0,-6,0,0,3
2013/14,2013,2013-12-14,Newcastle,Southampton,M Jones,1,1,10,16,1,2,0,0,full,0,0,,0,1,0.024999999999999994,6,0,0,3
2013/14,2013,2013-12-14,West Ham,Sunderland,A Marriner,0,0,11,5,1,0,0,0,full,0,0,,0,-1,-0.09090909090909091,-6,0,0,3
2013/14,2013,2013-12-15,Aston Villa,Man United,C Foy,0,3,15,8,4,2,0,0,full,0,0,,0,-2,-0.016666666666666663,-7,0,0,3
2013/14,2013,2013-12-15,Norwich,Swansea,M Oliver,1,1,12,11,0,3,0,0,full,0,0,,0,3,0.2727272727272727,-1,0,0,3
2013/14,2013,2013-12-15,Tottenham,Liverpool,J Moss,0,5,17,15,3,0,1,0,full,0,0,,0,-3,-0.17647058823529413,-2,-1,0,3
2013/14,2013,2013-12-21,Crystal Palace,Newcastle,N Swarbrick,0,3,11,14,1,2,0,0,full,0,0,,0,1,0.05194805194805194,3,0,0,3
2013/14,2013,2013-12-21,Fulham,Man City,K Friend,2,4,7,15,1,1,0,0,full,0,0,,0,0,-0.07619047619047618,8,0,0,3
2013/14,2013,2013-12-21,Liverpool,Cardiff,L Probert,3,1,11,13,2,0,0,0,full,0,0,,0,-2,-0.18181818181818182,2,0,0,3
2013/14,2013,2013-12-21,Man United,West Ham,M Jones,3,1,7,16,1,4,0,0,full,0,0,,0,3,0.10714285714285715,9,0,0,3
2013/14,2013,2013-12-21,Stoke,Aston Villa,C Pawson,2,1,13,17,1,5,0,0,full,0,0,,0,4,0.2171945701357466,4,0,0,3
2013/14,2013,2013-12-21,Sunderland,Norwich,M Atkinson,0,0,13,10,2,1,1,0,full,0,0,,0,-1,-0.05384615384615385,-3,-1,0,3
2013/14,2013,2013-12-21,West Brom,Hull,J Moss,1,1,8,15,2,1,0,0,full,0,0,,0,-1,-0.18333333333333335,7,0,0,3
2013/14,2013,2013-12-22,Southampton,Tottenham,C Foy,2,3,10,18,1,1,0,0,full,0,0,,0,0,-0.04444444444444445,8,0,0,3
2013/14,2013,2013-12-22,Swansea,Everton,L Mason,1,2,11,10,1,0,0,0,full,0,0,,0,-1,-0.09090909090909091,-1,0,0,3
2013/14,2013,2013-12-23,Arsenal,Chelsea,M Dean,0,0,7,11,2,1,0,0,full,0,0,,0,-1,-0.1948051948051948,4,0,0,3
2013/14,2013,2013-12-26,Aston Villa,Crystal Palace,H Webb,0,1,11,8,2,2,0,0,full,0,0,,0,0,0.06818181818181818,-3,0,0,3
2013/14,2013,2013-12-26,Cardiff,Southampton,A Marriner,0,3,11,13,1,2,0,0,full,0,0,,0,1,0.06293706293706294,2,0,0,3
2013/14,2013,2013-12-26,Chelsea,Swansea,M Jones,1,0,14,9,1,0,0,0,full,0,0,,0,-1,-0.07142857142857142,-5,0,0,3
2013/14,2013,2013-12-26,Everton,Sunderland,L Probert,0,1,11,7,1,0,1,0,full,0,0,,0,-1,-0.09090909090909091,-4,-1,0,3
2013/14,2013,2013-12-26,Hull,Man United,M Oliver,2,3,12,14,2,2,0,1,full,0,0,,0,0,-0.023809523809523808,2,1,0,3
2013/14,2013,2013-12-26,Man City,Liverpool,L Mason,2,1,10,9,1,3,0,0,full,0,0,,0,2,0.2333333333333333,-1,0,0,3
2013/14,2013,2013-12-26,Newcastle,Stoke,M Atkinson,5,1,10,8,1,1,0,2,full,0,0,,0,0,0.024999999999999994,-2,2,0,3
2013/14,2013,2013-12-26,Norwich,Fulham,J Moss,1,2,14,10,3,0,0,0,full,0,0,,0,-3,-0.21428571428571427,-4,0,0,3
2013/14,2013,2013-12-26,Tottenham,West Brom,A Taylor,1,1,8,12,3,2,0,0,full,0,0,,0,-1,-0.20833333333333334,4,0,0,3
2013/14,2013,2013-12-26,West Ham,Arsenal,P Dowd,1,3,11,6,1,1,0,0,full,0,0,,0,0,0.07575757575757575,-5,0,0,3
2013/14,2013,2013-12-28,Aston Villa,Swansea,R East,1,1,13,9,3,2,0,0,full,0,0,,0,-1,-0.008547008547008572,-4,0,0,3
2013/14,2013,2013-12-28,Cardiff,Sunderland,C Foy,2,2,14,10,3,2,0,0,full,0,0,,0,-1,-0.014285714285714263,-4,0,0,3
2013/14,2013,2013-12-28,Hull,Fulham,R Madley,6,0,11,9,0,0,0,0,full,0,0,,0,0,0.0,-2,0,0,3
2013/14,2013,2013-12-28,Man City,Crystal Palace,A Marriner,1,0,12,7,1,1,0,0,full,0,0,,0,0,0.05952380952380952,-5,0,0,3
2013/14,2013,2013-12-28,Norwich,Man United,P Dowd,0,1,11,10,4,3,0,0,full,0,0,,0,-1,-0.06363636363636366,-1,0,0,3
2013/14,2013,2013-12-28,West Ham,West Brom,M Dean,3,3,10,13,3,2,0,0,full,0,0,,0,-1,-0.14615384615384613,3,0,0,3
2013/14,2013,2013-12-29,Chelsea,Liverpool,H Webb,2,1,17,17,4,1,0,0,full,0,0,,0,-3,-0.1764705882352941,0,0,0,3
2013/14,2013,2013-12-29,Everton,Southampton,M Clattenburg,2,1,9,14,2,4,0,0,full,0,0,,0,2,0.06349206349206349,5,0,0,3
2013/14,2013,2013-12-29,Newcastle,Arsenal,L Probert,0,1,10,8,0,3,0,0,full,0,0,,0,3,0.375,-2,0,0,3
2013/14,2013,2013-12-29,Tottenham,Stoke,K Friend,3,0,6,14,2,2,0,0,full,0,0,,0,0,-0.19047619047619047,8,0,0,3
2013/14,2013,2014-01-01,Arsenal,Cardiff,J Moss,2,0,6,11,1,2,0,0,full,0,0,,0,1,0.015151515151515166,5,0,0,3
2013/14,2013,2014-01-01,Crystal Palace,Norwich,M Dean,1,1,12,10,2,1,0,1,full,0,0,,0,-1,-0.06666666666666665,-2,1,0,3
2013/14,2013,2014-01-01,Fulham,West Ham,M Clattenburg,2,1,6,5,2,1,0,1,full,0,0,,0,-1,-0.1333333333333333,-1,1,0,3
2013/14,2013,2014-01-01,Liverpool,Hull,C Pawson,2,0,15,15,1,2,0,0,full,0,0,,0,1,0.06666666666666667,0,0,0,3
2013/14,2013,2014-01-01,Man United,Tottenham,H Webb,1,2,7,7,2,1,0,0,full,0,0,,0,-1,-0.14285714285714285,0,0,0,3
2013/14,2013,2014-01-01,Southampton,Chelsea,M Atkinson,0,3,13,10,4,1,0,0,full,0,0,,0,-3,-0.2076923076923077,-3,0,0,3
2013/14,2013,2014-01-01,Stoke,Everton,A Marriner,1,1,16,11,4,1,0,0,full,0,0,,0,-3,-0.1590909090909091,-5,0,0,3
2013/14,2013,2014-01-01,Sunderland,Aston Villa,M Jones,0,1,8,11,4,3,0,0,full,0,0,,0,-1,-0.2272727272727273,3,0,0,3
2013/14,2013,2014-01-01,Swansea,Man City,P Dowd,2,3,5,10,2,5,0,0,full,0,0,,0,3,0.09999999999999998,5,0,0,3
2013/14,2013,2014-01-01,West Brom,Newcastle,L Mason,1,0,7,15,0,0,0,1,full,0,0,,0,0,0.0,8,1,0,3
2013/14,2013,2014-01-11,Cardiff,West Ham,L Mason,0,2,7,16,1,3,0,1,full,0,0,,0,2,0.04464285714285715,9,1,0,3
2013/14,2013,2014-01-11,Everton,Norwich,K Friend,2,0,7,14,1,2,0,0,full,0,0,,0,1,0.0,7,0,0,3
2013/14,2013,2014-01-11,Fulham,Sunderland,M Dean,1,4,15,13,3,3,0,0,full,0,0,,0,0,0.03076923076923077,-2,0,0,3
2013/14,2013,2014-01-11,Hull,Chelsea,M Clattenburg,0,2,12,7,2,1,0,0,full,0,0,,0,-1,-0.023809523809523808,-5,0,0,3
2013/14,2013,2014-01-11,Man United,Swansea,C Foy,2,0,9,10,0,2,0,0,full,0,0,,0,2,0.2,1,0,0,3
2013/14,2013,2014-01-11,Southampton,West Brom,H Webb,1,0,11,17,1,2,0,0,full,0,0,,0,1,0.0267379679144385,6,0,0,3
2013/14,2013,2014-01-11,Tottenham,Crystal Palace,M Oliver,2,0,12,12,1,2,0,0,full,0,0,,0,1,0.08333333333333333,0,0,0,3
2013/14,2013,2014-01-12,Newcastle,Man City,M Jones,0,2,18,15,4,2,0,0,full,0,0,,0,-2,-0.08888888888888888,-3,0,0,3
2013/14,2013,2014-01-12,Stoke,Liverpool,A Taylor,3,5,10,8,1,1,0,0,full,0,0,,0,0,0.024999999999999994,-2,0,0,3
2013/14,2013,2014-01-13,Aston Villa,Arsenal,N Swarbrick,1,2,12,9,2,2,0,0,full,0,0,,0,0,0.05555555555555555,-3,0,0,3
2013/14,2013,2014-01-18,Arsenal,Fulham,L Probert,2,0,5,7,0,0,0,0,full,0,0,,0,0,0.0,2,0,0,3
2013/14,2013,2014-01-18,Crystal Palace,Stoke,M Clattenburg,1,0,9,13,0,2,0,0,full,0,0,,0,2,0.15384615384615385,4,0,0,3
2013/14,2013,2014-01-18,Liverpool,Aston Villa,J Moss,2,2,14,18,1,4,0,0,full,0,0,,0,3,0.15079365079365079,4,0,0,3
2013/14,2013,2014-01-18,Man City,Cardiff,N Swarbrick,4,2,6,5,2,0,0,0,full,0,0,,0,-2,-0.3333333333333333,-1,0,0,3
2013/14,2013,2014-01-18,Norwich,Hull,H Webb,1,0,8,16,1,2,0,1,full,0,0,,0,1,0.0,8,1,0,3
2013/14,2013,2014-01-18,Sunderland,Southampton,C Foy,2,2,8,8,2,0,0,0,full,0,0,,0,-2,-0.25,0,0,0,3
2013/14,2013,2014-01-18,West Ham,Newcastle,A Marriner,1,3,9,6,0,0,0,0,full,0,0,,0,0,0.0,-3,0,0,3
2013/14,2013,2014-01-19,Chelsea,Man United,P Dowd,3,1,15,21,1,3,0,1,full,0,0,,0,2,0.07619047619047618,6,1,0,3
2013/14,2013,2014-01-19,Swansea,Tottenham,M Atkinson,1,3,6,9,2,1,0,0,full,0,0,,0,-1,-0.2222222222222222,3,0,0,3
2013/14,2013,2014-01-20,West Brom,Everton,M Oliver,1,1,16,12,3,2,0,0,full,0,0,,0,-1,-0.020833333333333343,-4,0,0,3
2013/14,2013,2014-01-28,Crystal Palace,Hull,R East,1,0,14,8,4,0,0,1,full,0,0,,0,-4,-0.2857142857142857,-6,1,0,3
2013/14,2013,2014-01-28,Liverpool,Everton,M Atkinson,4,0,11,13,0,3,0,0,full,0,0,,0,3,0.23076923076923078,2,0,0,3
2013/14,2013,2014-01-28,Man United,Cardiff,C Pawson,2,0,9,9,0,1,0,0,full,0,0,,0,1,0.1111111111111111,0,0,0,3
2013/14,2013,2014-01-28,Norwich,Newcastle,C Foy,0,0,13,7,1,1,1,1,full,0,0,,0,0,0.06593406593406592,-6,0,0,3
2013/14,2013,2014-01-28,Southampton,Arsenal,L Mason,2,2,11,4,1,1,0,1,full,0,0,,0,0,0.1590909090909091,-7,1,0,3
2013/14,2013,2014-01-28,Swansea,Fulham,M Oliver,2,0,14,9,1,1,0,0,full,0,0,,0,0,0.03968253968253968,-5,0,0,3
2013/14,2013,2014-01-29,Aston Villa,West Brom,M Clattenburg,4,3,15,10,1,3,0,0,full,0,0,,0,2,0.23333333333333334,-5,0,0,3
2013/14,2013,2014-01-29,Chelsea,West Ham,N Swarbrick,0,0,12,11,1,3,0,0,full,0,0,,0,2,0.1893939393939394,-1,0,0,3
2013/14,2013,2014-01-29,Sunderland,Stoke,R Madley,1,0,16,15,2,2,0,1,full,0,0,,0,0,0.008333333333333331,-1,1,0,3
2013/14,2013,2014-01-29,Tottenham,Man City,A Marriner,1,5,11,10,1,4,1,0,full,0,0,,0,3,0.3090909090909091,-1,-1,0,3
2013/14,2013,2014-02-01,Cardiff,Norwich,M Clattenburg,2,1,8,9,1,4,0,0,full,0,0,,0,3,0.3194444444444444,1,0,0,3
2013/14,2013,2014-02-01,Everton,Aston Villa,R Madley,2,1,4,18,1,0,0,0,full,0,0,,0,-1,-0.25,14,0,0,3
2013/14,2013,2014-02-01,Fulham,Southampton,M Jones,0,3,10,9,0,3,0,0,full,0,0,,0,3,0.3333333333333333,-1,0,0,3
2013/14,2013,2014-02-01,Hull,Tottenham,A Taylor,1,1,13,9,1,1,0,0,full,0,0,,0,0,0.03418803418803418,-4,0,0,3
2013/14,2013,2014-02-01,Newcastle,Sunderland,P Dowd,0,3,18,13,2,2,0,0,full,0,0,,0,0,0.04273504273504275,-5,0,0,3
2013/14,2013,2014-02-01,Stoke,Man United,N Swarbrick,2,1,18,7,2,2,0,0,full,0,0,,0,0,0.1746031746031746,-11,0,0,3
2013/14,2013,2014-02-01,West Ham,Swansea,H Webb,2,0,7,7,1,0,1,0,full,0,0,,0,-1,-0.14285714285714285,0,-1,0,3
2013/14,2013,2014-02-02,Arsenal,Crystal Palace,J Moss,2,0,9,14,1,2,0,0,full,0,0,,0,1,0.031746031746031744,5,0,0,3
2013/14,2013,2014-02-02,West Brom,Liverpool,K Friend,1,1,13,15,4,2,0,0,full,0,0,,0,-2,-0.17435897435897438,2,0,0,3
2013/14,2013,2014-02-03,Man City,Chelsea,M Dean,0,1,11,13,3,3,0,0,full,0,0,,0,0,-0.041958041958041925,2,0,0,3
2013/14,2013,2014-02-08,Aston Villa,West Ham,M Dean,0,2,9,8,0,2,0,0,full,0,0,,0,2,0.25,-1,0,0,3
2013/14,2013,2014-02-08,Chelsea,Newcastle,H Webb,3,0,7,10,0,3,0,0,full,0,0,,0,3,0.3,3,0,0,3
2013/14,2013,2014-02-08,Crystal Palace,West Brom,C Foy,3,1,13,13,0,3,0,0,full,0,0,,0,3,0.23076923076923078,0,0,0,3
2013/14,2013,2014-02-08,Liverpool,Arsenal,M Oliver,5,1,14,14,1,2,0,0,full,0,0,,0,1,0.07142857142857142,0,0,0,3
2013/14,2013,2014-02-08,Norwich,Man City,J Moss,0,0,7,6,2,1,0,0,full,0,0,,0,-1,-0.11904761904761904,-1,0,0,3
2013/14,2013,2014-02-08,Southampton,Stoke,C Pawson,2,2,7,14,0,4,0,0,full,0,0,,0,4,0.2857142857142857,7,0,0,3
2013/14,2013,2014-02-08,Sunderland,Hull,M Jones,0,2,12,16,1,3,1,0,full,0,0,,0,2,0.10416666666666667,4,-1,0,3
2013/14,2013,2014-02-08,Swansea,Cardiff,A Marriner,3,0,7,8,1,1,0,0,full,0,0,,0,0,-0.01785714285714285,1,0,0,3
2013/14,2013,2014-02-09,Man United,Fulham,K Friend,2,2,3,6,0,0,0,0,full,0,0,,0,0,0.0,3,0,0,3
2013/14,2013,2014-02-09,Tottenham,Everton,M Clattenburg,1,0,9,13,1,0,0,0,full,0,0,,0,-1,-0.1111111111111111,4,0,0,3
2013/14,2013,2014-02-11,Cardiff,Aston Villa,C Foy,0,0,5,9,0,0,0,0,full,0,0,,0,0,0.0,4,0,0,3
2013/14,2013,2014-02-11,Hull,Southampton,M Atkinson,0,1,6,8,0,3,0,0,full,0,0,,0,3,0.375,2,0,0,3
2013/14,2013,2014-02-11,West Brom,Chelsea,A Taylor,1,1,9,13,3,4,0,0,full,0,0,,0,1,-0.025641025641025605,4,0,0,3
2013/14,2013,2014-02-11,West Ham,Norwich,M Oliver,2,0,12,16,1,3,0,0,full,0,0,,0,2,0.10416666666666667,4,0,0,3
2013/14,2013,2014-02-12,Arsenal,Man United,M Clattenburg,0,0,10,14,1,2,0,0,full,0,0,,0,1,0.042857142857142844,4,0,0,3
2013/14,2013,2014-02-12,Fulham,Liverpool,P Dowd,2,3,7,9,4,3,0,0,full,0,0,,0,-1,-0.23809523809523808,2,0,0,3
2013/14,2013,2014-02-12,Newcastle,Tottenham,N Swarbrick,0,4,6,11,0,0,0,0,full,0,0,,0,0,0.0,5,0,0,3
2013/14,2013,2014-02-12,Stoke,Swansea,J Moss,1,1,11,12,2,2,0,0,full,0,0,,0,0,-0.015151515151515166,1,0,0,3
2013/14,2013,2014-02-22,Arsenal,Sunderland,A Marriner,4,1,10,11,0,1,0,0,full,0,0,,0,1,0.09090909090909091,1,0,0,3
2013/14,2013,2014-02-22,Cardiff,Hull,H Webb,0,4,4,11,1,1,0,0,full,0,0,,0,0,-0.1590909090909091,7,0,0,3
2013/14,2013,2014-02-22,Chelsea,Everton,L Probert,1,0,15,12,1,2,0,0,full,0,0,,0,1,0.09999999999999999,-3,0,0,3
2013/14,2013,2014-02-22,Crystal Palace,Man United,M Oliver,0,2,12,10,0,2,0,0,full,0,0,,0,2,0.2,-2,0,0,3
2013/14,2013,2014-02-22,Man City,Stoke,C Foy,1,0,16,13,3,1,0,0,full,0,0,,0,-2,-0.11057692307692307,-3,0,0,3
2013/14,2013,2014-02-22,West Brom,Fulham,M Dean,1,1,13,15,3,3,0,0,full,0,0,,0,0,-0.03076923076923077,2,0,0,3
2013/14,2013,2014-02-22,West Ham,Southampton,M Clattenburg,3,1,10,8,0,1,0,0,full,0,0,,0,1,0.125,-2,0,0,3
2013/14,2013,2014-02-23,Liverpool,Swansea,M Jones,4,3,9,11,1,0,0,0,full,0,0,,0,-1,-0.1111111111111111,2,0,0,3
2013/14,2013,2014-02-23,Newcastle,Aston Villa,M Atkinson,1,0,12,10,2,2,0,0,full,0,0,,0,0,0.033333333333333354,-2,0,0,3
2013/14,2013,2014-02-23,Norwich,Tottenham,C Pawson,1,0,8,15,1,3,0,0,full,0,0,,0,2,0.07500000000000001,7,0,0,3
2013/14,2013,2014-03-01,Everton,West Ham,J Moss,1,0,9,8,1,1,0,0,full,0,0,,0,0,0.013888888888888895,-1,0,0,3
2013/14,2013,2014-03-01,Fulham,Chelsea,M Clattenburg,1,3,14,13,2,1,0,0,full,0,0,,0,-1,-0.06593406593406592,-1,0,0,3
2013/14,2013,2014-03-01,Hull,Newcastle,K Friend,1,4,13,10,3,2,0,0,full,0,0,,0,-1,-0.03076923076923077,-3,0,0,3
2013/14,2013,2014-03-01,Southampton,Liverpool,L Probert,0,3,10,6,1,2,0,0,full,0,0,,0,1,0.2333333333333333,-4,0,0,3
2013/14,2013,2014-03-01,Stoke,Arsenal,M Jones,1,0,13,11,3,1,0,0,full,0,0,,0,-2,-0.13986013986013987,-2,0,0,3
2013/14,2013,2014-03-02,Aston Villa,Norwich,A Taylor,4,1,12,10,0,3,0,0,full,0,0,,0,3,0.3,-2,0,0,3
2013/14,2013,2014-03-02,Swansea,Crystal Palace,M Dean,1,1,8,11,1,4,1,0,full,0,0,,0,3,0.23863636363636365,3,-1,0,3
2013/14,2013,2014-03-02,Tottenham,Cardiff,P Dowd,1,0,11,12,1,3,0,0,full,0,0,,0,2,0.1590909090909091,1,0,0,3
2013/14,2013,2014-03-08,Cardiff,Fulham,M Atkinson,3,1,9,12,1,0,0,0,full,0,0,,0,-1,-0.1111111111111111,3,0,0,3
2013/14,2013,2014-03-08,Chelsea,Tottenham,M Oliver,4,0,11,18,2,3,0,1,full,0,0,,0,1,-0.015151515151515166,7,1,0,3
2013/14,2013,2014-03-08,Crystal Palace,Southampton,H Webb,0,1,14,18,1,5,0,0,full,0,0,,0,4,0.20634920634920637,4,0,0,3
2013/14,2013,2014-03-08,Norwich,Stoke,A Marriner,1,1,9,12,0,2,0,1,full,0,0,,0,2,0.16666666666666666,3,1,0,3
2013/14,2013,2014-03-08,West Brom,Man United,J Moss,0,3,11,10,1,2,0,0,full,0,0,,0,1,0.1090909090909091,-1,0,0,3
2013/14,2013,2014-03-15,Aston Villa,Chelsea,C Foy,1,0,14,8,4,0,0,2,full,0,0,,0,-4,-0.2857142857142857,-6,2,0,3
2013/14,2013,2014-03-15,Everton,Cardiff,R East,2,1,10,10,1,3,0,0,full,0,0,,0,2,0.19999999999999998,0,0,0,3
2013/14,2013,2014-03-15,Fulham,Newcastle,H Webb,1,0,11,6,1,0,0,0,full,0,0,,0,-1,-0.09090909090909091,-5,0,0,3
2013/14,2013,2014-03-15,Hull,Man City,L Mason,0,2,9,14,2,2,0,1,full,0,0,,0,0,-0.07936507936507936,5,1,0,3
2013/14,2013,2014-03-15,Southampton,Norwich,K Friend,4,2,11,17,1,2,0,0,full,0,0,,0,1,0.0267379679144385,6,0,0,3
2013/14,2013,2014-03-15,Stoke,West Ham,C Pawson,3,1,13,13,1,1,0,0,full,0,0,,0,0,0.0,0,0,0,3
2013/14,2013,2014-03-15,Sunderland,Crystal Palace,N Swarbrick,0,0,16,14,4,4,0,0,full,0,0,,0,0,0.0357142857142857,-2,0,0,3
2013/14,2013,2014-03-15,Swansea,West Brom,M Atkinson,1,2,7,13,1,3,0,0,full,0,0,,0,2,0.08791208791208793,6,0,0,3
2013/14,2013,2014-03-16,Man United,Liverpool,M Clattenburg,0,3,13,12,1,4,1,0,full,0,0,,0,3,0.2564102564102564,-1,-1,0,3
2013/14,2013,2014-03-16,Tottenham,Arsenal,M Dean,0,1,18,11,5,3,0,0,full,0,0,,0,-2,-0.005050505050505083,-7,0,0,3
2013/14,2013,2014-03-22,Cardiff,Liverpool,N Swarbrick,3,6,14,11,2,3,0,0,full,0,0,,0,1,0.12987012987012986,-3,0,0,3
2013/14,2013,2014-03-22,Chelsea,Arsenal,A Marriner,6,0,14,8,0,1,0,1,full,0,0,,0,1,0.125,-6,1,0,3
2013/14,2013,2014-03-22,Everton,Swansea,M Oliver,3,2,9,6,0,0,0,0,full,0,0,,0,0,0.0,-3,0,0,3
2013/14,2013,2014-03-22,Hull,West Brom,C Foy,2,0,18,13,2,0,0,0,full,0,0,,0,-2,-0.1111111111111111,-5,0,0,3
2013/14,2013,2014-03-22,Man City,Fulham,J Moss,5,0,8,15,0,3,0,1,full,0,0,,0,3,0.2,7,1,0,3
2013/14,2013,2014-03-22,Newcastle,Crystal Palace,L Probert,1,0,4,8,0,1,0,0,full,0,0,,0,1,0.125,4,0,0,3
2013/14,2013,2014-03-22,Norwich,Sunderland,P Dowd,2,0,16,20,2,4,0,1,full,0,0,,0,2,0.07500000000000001,4,1,0,3
2013/14,2013,2014-03-22,West Ham,Man United,L Mason,0,2,8,8,2,1,0,0,full,0,0,,0,-1,-0.125,0,0,0,3
2013/14,2013,2014-03-23,Aston Villa,Stoke,M Clattenburg,1,4,16,10,5,1,0,0,full,0,0,,0,-4,-0.2125,-6,0,0,3
2013/14,2013,2014-03-23,Tottenham,Southampton,A Taylor,3,2,9,9,1,2,0,0,full,0,0,,0,1,0.1111111111111111,0,0,0,3
2013/14,2013,2014-03-25,Arsenal,Swansea,L Probert,2,2,11,12,0,1,0,0,full,0,0,,0,1,0.08333333333333333,1,0,0,3
2013/14,2013,2014-03-25,Man United,Man City,M Oliver,0,3,12,8,2,2,0,0,full,0,0,,0,0,0.08333333333333334,-4,0,0,3
2013/14,2013,2014-03-25,Newcastle,Everton,L Mason,0,3,8,10,0,1,0,0,full,0,0,,0,1,0.1,2,0,0,3
2013/14,2013,2014-03-26,Liverpool,Sunderland,K Friend,2,1,5,15,0,2,0,0,full,0,0,,0,2,0.13333333333333333,10,0,0,3
2013/14,2013,2014-03-26,West Ham,Hull,M Dean,2,1,12,9,0,1,0,1,full,0,0,,0,1,0.1111111111111111,-3,1,0,3
2013/14,2013,2014-03-29,Arsenal,Man City,M Dean,1,1,8,11,1,4,0,0,full,0,0,,0,3,0.23863636363636365,3,0,0,3
2013/14,2013,2014-03-29,Crystal Palace,Chelsea,L Mason,1,0,10,4,4,1,0,0,full,0,0,,0,-3,-0.15000000000000002,-6,0,0,3
2013/14,2013,2014-03-29,Man United,Aston Villa,M Atkinson,4,1,10,16,2,4,0,0,full,0,0,,0,2,0.04999999999999999,6,0,0,3
2013/14,2013,2014-03-29,Southampton,Newcastle,A Marriner,4,0,5,6,0,1,0,0,full,0,0,,0,1,0.16666666666666666,1,0,0,3
2013/14,2013,2014-03-29,Stoke,Hull,N Swarbrick,1,0,9,9,2,0,0,0,full,0,0,,0,-2,-0.2222222222222222,0,0,0,3
2013/14,2013,2014-03-29,Swansea,Norwich,J Moss,3,0,15,9,1,2,0,0,full,0,0,,0,1,0.15555555555555556,-6,0,0,3
2013/14,2013,2014-03-29,West Brom,Cardiff,M Oliver,3,3,12,13,1,1,0,0,full,0,0,,0,0,-0.006410256410256401,1,0,0,3
2013/14,2013,2014-03-30,Fulham,Everton,A Taylor,1,3,7,4,1,2,0,0,full,0,0,,0,1,0.35714285714285715,-3,0,0,3
2013/14,2013,2014-03-30,Liverpool,Tottenham,P Dowd,4,0,9,9,0,2,0,0,full,0,0,,0,2,0.2222222222222222,0,0,0,3
2013/14,2013,2014-03-31,Sunderland,West Ham,H Webb,1,2,11,14,2,4,0,0,full,0,0,,0,2,0.10389610389610388,3,0,0,3
2013/14,2013,2014-04-05,Aston Villa,Fulham,M Oliver,1,2,10,13,3,2,0,0,full,0,0,,0,-1,-0.14615384615384613,3,0,0,3
2013/14,2013,2014-04-05,Cardiff,Crystal Palace,P Dowd,0,3,5,13,2,4,0,0,full,0,0,,0,2,-0.09230769230769231,8,0,0,3
2013/14,2013,2014-04-05,Chelsea,Stoke,L Probert,3,0,8,18,0,0,0,0,full,0,0,,0,0,0.0,10,0,0,3
2013/14,2013,2014-04-05,Hull,Swansea,H Webb,1,0,6,18,0,2,0,0,full,0,0,,0,2,0.1111111111111111,12,0,0,3
2013/14,2013,2014-04-05,Man City,Southampton,C Foy,4,1,9,15,3,0,0,0,full,0,0,,0,-3,-0.3333333333333333,6,0,0,3
2013/14,2013,2014-04-05,Newcastle,Man United,K Friend,0,4,16,6,1,0,0,0,full,0,0,,0,-1,-0.0625,-10,0,0,3
2013/14,2013,2014-04-05,Norwich,West Brom,M Clattenburg,0,1,10,11,1,0,0,0,full,0,0,,0,-1,-0.1,1,0,0,3
2013/14,2013,2014-04-06,Everton,Arsenal,M Atkinson,3,0,6,5,1,2,0,0,full,0,0,,0,1,0.23333333333333336,-1,0,0,3
2013/14,2013,2014-04-06,West Ham,Liverpool,A Taylor,1,2,10,9,4,0,0,0,full,0,0,,0,-4,-0.4,-1,0,0,3
2013/14,2013,2014-04-07,Tottenham,Sunderland,L Mason,5,1,12,8,0,2,0,0,full,0,0,,0,2,0.25,-4,0,0,3
2013/14,2013,2014-04-12,Crystal Palace,Aston Villa,H Webb,1,0,7,12,0,2,0,0,full,0,0,,0,2,0.16666666666666666,5,0,0,3
2013/14,2013,2014-04-12,Fulham,Norwich,M Dean,1,0,10,12,1,3,0,0,full,0,0,,0,2,0.15,2,0,0,3
2013/14,2013,2014-04-12,Southampton,Cardiff,J Moss,0,1,9,7,0,0,0,0,full,0,0,,0,0,0.0,-2,0,0,3
2013/14,2013,2014-04-12,Stoke,Newcastle,M Jones,1,0,12,11,1,1,0,0,full,0,0,,0,0,0.007575757575757583,-1,0,0,3
2013/14,2013,2014-04-12,Sunderland,Everton,L Probert,0,1,17,15,3,1,0,0,full,0,0,,0,-2,-0.10980392156862746,-2,0,0,3
2013/14,2013,2014-04-12,West Brom,Tottenham,N Swarbrick,3,3,11,8,4,2,0,0,full,0,0,,0,-2,-0.11363636363636365,-3,0,0,3
2013/14,2013,2014-04-13,Liverpool,Man City,M Clattenburg,3,2,7,9,1,3,1,0,full,0,0,,0,2,0.19047619047619047,2,-1,0,3
2013/14,2013,2014-04-13,Swansea,Chelsea,P Dowd,0,1,8,13,0,2,1,0,full,0,0,,0,2,0.15384615384615385,5,-1,0,3
2013/14,2013,2014-04-15,Arsenal,West Ham,K Friend,3,1,14,12,2,2,0,0,full,0,0,,0,0,0.023809523809523808,-2,0,0,3
2013/14,2013,2014-04-16,Everton,Crystal Palace,A Marriner,2,3,6,10,1,2,0,0,full,0,0,,0,1,0.033333333333333354,4,0,0,3
2013/14,2013,2014-04-16,Man City,Sunderland,M Atkinson,2,2,14,10,1,2,0,0,full,0,0,,0,1,0.1285714285714286,-4,0,0,3
2013/14,2013,2014-04-19,Aston Villa,Southampton,L Mason,0,0,11,11,0,2,0,0,full,0,0,,0,2,0.18181818181818182,0,0,0,3
2013/14,2013,2014-04-19,Cardiff,Stoke,H Webb,1,1,6,12,2,3,0,0,full,0,0,,0,1,-0.08333333333333331,6,0,0,3
2013/14,2013,2014-04-19,Chelsea,Sunderland,M Dean,1,2,11,14,1,2,0,0,full,0,0,,0,1,0.05194805194805194,3,0,0,3
2013/14,2013,2014-04-19,Newcastle,Swansea,C Foy,1,2,6,9,2,0,0,0,full,0,0,,0,-2,-0.3333333333333333,3,0,0,3
2013/14,2013,2014-04-19,Tottenham,Fulham,L Probert,3,1,8,11,0,1,0,0,full,0,0,,0,1,0.09090909090909091,3,0,0,3
2013/14,2013,2014-04-19,West Ham,Crystal Palace,M Atkinson,0,1,7,16,1,1,0,0,full,0,0,,0,0,-0.08035714285714285,9,0,0,3
2013/14,2013,2014-04-20,Everton,Man United,M Clattenburg,2,0,9,8,2,2,0,0,full,0,0,,0,0,0.02777777777777779,-1,0,0,3
2013/14,2013,2014-04-20,Hull,Arsenal,J Moss,0,3,10,7,1,1,0,0,full,0,0,,0,0,0.042857142857142844,-3,0,0,3
2013/14,2013,2014-04-20,Norwich,Liverpool,A Marriner,2,3,16,10,3,2,0,0,full,0,0,,0,-1,0.012500000000000011,-6,0,0,3
2013/14,2013,2014-04-21,Man City,West Brom,P Dowd,3,1,9,7,1,1,0,0,full,0,0,,0,0,0.031746031746031744,-2,0,0,3
2013/14,2013,2014-04-26,Fulham,Hull,L Mason,2,2,8,7,1,3,0,0,full,0,0,,0,2,0.30357142857142855,-1,0,0,3
2013/14,2013,2014-04-26,Man United,Norwich,L Probert,4,0,13,9,1,1,0,0,full,0,0,,0,0,0.03418803418803418,-4,0,0,3
2013/14,2013,2014-04-26,Southampton,Everton,M Oliver,2,0,13,12,0,2,0,0,full,0,0,,0,2,0.16666666666666666,-1,0,0,3
2013/14,2013,2014-04-26,Stoke,Tottenham,A Marriner,0,1,11,6,1,2,1,0,full,0,0,,0,1,0.2424242424242424,-5,-1,0,3
2013/14,2013,2014-04-26,Swansea,Aston Villa,M Clattenburg,4,1,9,12,1,3,0,0,full,0,0,,0,2,0.1388888888888889,3,0,0,3
2013/14,2013,2014-04-26,West Brom,West Ham,M Dean,1,0,14,8,0,1,0,0,full,0,0,,0,1,0.125,-6,0,0,3
2013/14,2013,2014-04-27,Crystal Palace,Man City,H Webb,0,2,9,10,3,1,0,0,full,0,0,,0,-2,-0.2333333333333333,1,0,0,3
2013/14,2013,2014-04-27,Liverpool,Chelsea,M Atkinson,0,2,9,7,0,4,0,0,full,0,0,,0,4,0.5714285714285714,-2,0,0,3
2013/14,2013,2014-04-27,Sunderland,Cardiff,P Dowd,4,0,10,11,5,3,0,1,full,0,0,,0,-2,-0.2272727272727273,1,1,0,3
2013/14,2013,2014-04-28,Arsenal,Newcastle,N Swarbrick,3,0,9,8,3,2,0,0,full,0,0,,0,-1,-0.08333333333333331,-1,0,0,3
2013/14,2013,2014-05-03,Aston Villa,Hull,M Dean,3,1,14,9,0,0,0,0,full,0,0,,0,0,0.0,-5,0,0,3
2013/14,2013,2014-05-03,Everton,Man City,L Probert,2,3,3,9,0,3,0,0,full,0,0,,0,3,0.3333333333333333,6,0,0,3
2013/14,2013,2014-05-03,Man United,Sunderland,H Webb,0,1,11,12,2,1,0,0,full,0,0,,0,-1,-0.0984848484848485,1,0,0,3
2013/14,2013,2014-05-03,Newcastle,Cardiff,M Atkinson,3,0,9,6,1,0,0,0,full,0,0,,0,-1,-0.1111111111111111,-3,0,0,3
2013/14,2013,2014-05-03,Stoke,Fulham,C Foy,4,1,9,13,0,2,0,0,full,0,0,,0,2,0.15384615384615385,4,0,0,3
2013/14,2013,2014-05-03,Swansea,Southampton,A Taylor,0,1,11,5,1,1,0,0,full,0,0,,0,0,0.1090909090909091,-6,0,0,3
2013/14,2013,2014-05-03,West Ham,Tottenham,P Dowd,2,0,10,16,0,4,0,1,full,0,0,,0,4,0.25,6,1,0,3
2013/14,2013,2014-05-04,Arsenal,West Brom,M Jones,1,0,9,6,2,2,0,0,full,0,0,,0,0,0.1111111111111111,-3,0,0,3
2013/14,2013,2014-05-04,Chelsea,Norwich,N Swarbrick,0,0,9,17,1,3,0,0,full,0,0,,0,2,0.06535947712418302,8,0,0,3
2013/14,2013,2014-05-05,Crystal Palace,Liverpool,M Clattenburg,3,3,7,12,2,3,0,0,full,0,0,,0,1,-0.0357142857142857,5,0,0,3
2013/14,2013,2014-05-06,Man United,Hull,C Pawson,3,1,13,9,1,1,0,0,full,0,0,,0,0,0.03418803418803418,-4,0,0,3
2013/14,2013,2014-05-07,Man City,Aston Villa,M Oliver,4,0,8,9,1,2,0,0,full,0,0,,0,1,0.09722222222222221,1,0,0,3
2013/14,2013,2014-05-07,Sunderland,West Brom,L Mason,2,0,14,12,0,0,0,0,full,0,0,,0,0,0.0,-2,0,0,3
2013/14,2013,2014-05-11,Cardiff,Chelsea,M Oliver,1,2,7,9,1,2,0,0,full,0,0,,0,1,0.07936507936507936,2,0,0,3
2013/14,2013,2014-05-11,Fulham,Crystal Palace,K Friend,2,2,11,15,3,1,0,0,full,0,0,,0,-2,-0.20606060606060606,4,0,0,3
2013/14,2013,2014-05-11,Hull,Everton,H Webb,0,2,8,8,0,1,0,0,full,0,0,,0,1,0.125,0,0,0,3
2013/14,2013,2014-05-11,Liverpool,Newcastle,P Dowd,2,1,8,16,1,3,0,2,full,0,0,,0,2,0.0625,8,2,0,3
2013/14,2013,2014-05-11,Man City,West Ham,M Atkinson,2,0,7,9,2,2,0,0,full,0,0,,0,0,-0.06349206349206349,2,0,0,3
2013/14,2013,2014-05-11,Norwich,Arsenal,L Mason,0,2,6,5,1,0,0,0,full,0,0,,0,-1,-0.16666666666666666,-1,0,0,3
2013/14,2013,2014-05-11,Southampton,Man United,M Dean,1,1,16,5,3,2,0,0,full,0,0,,0,-1,0.21250000000000002,-11,0,0,3
2013/14,2013,2014-05-11,Sunderland,Swansea,C Foy,1,3,14,15,2,3,0,0,full,0,0,,0,1,0.05714285714285716,1,0,0,3
2013/14,2013,2014-05-11,Tottenham,Aston Villa,J Moss,3,0,11,11,1,0,0,0,full,0,0,,0,-1,-0.09090909090909091,0,0,0,3
2013/14,2013,2014-05-11,West Brom,Stoke,L Probert,1,2,4,7,0,0,0,0,full,0,0,,0,0,0.0,3,0,0,3
2014/15,2014,2014-08-16,Arsenal,Crystal Palace,J Moss,2,1,13,19,2,2,0,1,full,0,0,,0,0,-0.04858299595141702,6,1,0,4
2014/15,2014,2014-08-16,Leicester,Everton,M Jones,2,2,16,10,1,1,0,0,full,0,0,,0,0,0.037500000000000006,-6,0,0,4
2014/15,2014,2014-08-16,Man United,Swansea,M Dean,1,2,14,20,2,4,0,0,full,0,0,,0,2,0.05714285714285716,6,0,0,4
2014/15,2014,2014-08-16,QPR,Hull,C Pawson,0,1,10,10,1,2,0,0,full,0,0,,0,1,0.1,0,0,0,4
2014/15,2014,2014-08-16,Stoke,Aston Villa,A Taylor,0,1,14,9,0,3,0,0,full,0,0,,0,3,0.3333333333333333,-5,0,0,4
2014/15,2014,2014-08-16,West Brom,Sunderland,N Swarbrick,2,2,18,9,3,1,0,0,full,0,0,,0,-2,-0.05555555555555555,-9,0,0,4
2014/15,2014,2014-08-16,West Ham,Tottenham,C Foy,0,1,12,10,1,0,1,1,full,0,0,,0,-1,-0.08333333333333333,-2,0,0,4
2014/15,2014,2014-08-17,Liverpool,Southampton,M Clattenburg,2,1,8,11,1,2,0,0,full,0,0,,0,1,0.05681818181818182,3,0,0,4
2014/15,2014,2014-08-17,Newcastle,Man City,M Atkinson,0,2,8,11,1,5,0,0,full,0,0,,0,4,0.32954545454545453,3,0,0,4
2014/15,2014,2014-08-18,Burnley,Chelsea,M Oliver,1,3,6,7,1,1,0,0,full,0,0,,0,0,-0.023809523809523808,1,0,0,4
2014/15,2014,2014-08-23,Aston Villa,Newcastle,M Dean,0,0,11,8,4,0,0,1,full,0,0,,0,-4,-0.36363636363636365,-3,1,0,4
2014/15,2014,2014-08-23,Chelsea,Leicester,L Mason,2,0,11,11,0,1,0,0,full,0,0,,0,1,0.09090909090909091,0,0,0,4
2014/15,2014,2014-08-23,Crystal Palace,West Ham,M Clattenburg,1,3,14,11,1,3,0,0,full,0,0,,0,2,0.20129870129870128,-3,0,0,4
2014/15,2014,2014-08-23,Everton,Arsenal,K Friend,2,2,10,18,1,4,0,0,full,0,0,,0,3,0.1222222222222222,8,0,0,4
2014/15,2014,2014-08-23,Southampton,West Brom,R East,0,0,14,15,1,2,0,0,full,0,0,,0,1,0.06190476190476191,1,0,0,4
2014/15,2014,2014-08-23,Swansea,Burnley,C Pawson,1,0,14,13,2,1,0,0,full,0,0,,0,-1,-0.06593406593406592,-1,0,0,4
2014/15,2014,2014-08-24,Hull,Stoke,J Moss,1,1,10,10,1,3,1,0,full,0,0,,0,2,0.19999999999999998,0,-1,0,4
2014/15,2014,2014-08-24,Sunderland,Man United,M Atkinson,1,1,10,15,0,2,0,0,full,0,0,,0,2,0.13333333333333333,5,0,0,4
2014/15,2014,2014-08-24,Tottenham,QPR,A Taylor,4,0,12,6,0,1,0,0,full,0,0,,0,1,0.16666666666666666,-6,0,0,4
2014/15,2014,2014-08-25,Man City,Liverpool,M Oliver,3,1,13,7,1,1,0,0,full,0,0,,0,0,0.06593406593406592,-6,0,0,4
2014/15,2014,2014-08-30,Burnley,Man United,C Foy,0,0,10,14,2,2,0,0,full,0,0,,0,0,-0.05714285714285716,4,0,0,4
2014/15,2014,2014-08-30,Everton,Chelsea,J Moss,3,6,7,16,1,3,0,0,full,0,0,,0,2,0.04464285714285715,9,0,0,4
2014/15,2014,2014-08-30,Man City,Stoke,L Mason,0,1,14,5,2,1,0,0,full,0,0,,0,-1,0.05714285714285716,-9,0,0,4
2014/15,2014,2014-08-30,Newcastle,Crystal Palace,M Jones,3,3,12,19,1,3,0,0,full,0,0,,0,2,0.07456140350877193,7,0,0,4
2014/15,2014,2014-08-30,QPR,Sunderland,R Madley,1,0,8,9,1,2,0,0,full,0,0,,0,1,0.09722222222222221,1,0,0,4
2014/15,2014,2014-08-30,Swansea,West Brom,P Tierney,3,0,10,8,1,2,0,0,full,0,0,,0,1,0.15,-2,0,0,4
2014/15,2014,2014-08-30,West Ham,Southampton,M Dean,1,3,11,13,2,1,0,0,full,0,0,,0,-1,-0.1048951048951049,2,0,0,4
2014/15,2014,2014-08-31,Aston Villa,Hull,M Clattenburg,2,1,9,10,1,4,0,0,full,0,0,,0,3,0.2888888888888889,1,0,0,4
2014/15,2014,2014-08-31,Leicester,Arsenal,A Taylor,1,1,14,6,3,1,0,0,full,0,0,,0,-2,-0.047619047619047616,-8,0,0,4
2014/15,2014,2014-08-31,Tottenham,Liverpool,P Dowd,0,3,14,11,0,4,0,0,full,0,0,,0,4,0.36363636363636365,-3,0,0,4
2014/15,2014,2014-09-13,Arsenal,Man City,M Clattenburg,2,2,11,15,3,4,0,0,full,0,0,,0,1,-0.006060606060606044,4,0,0,4
2014/15,2014,2014-09-13,Chelsea,Swansea,K Friend,4,2,12,11,0,3,0,0,full,0,0,,0,3,0.2727272727272727,-1,0,0,4
2014/15,2014,2014-09-13,Crystal Palace,Burnley,M Dean,0,0,12,10,2,3,0,0,full,0,0,,0,1,0.13333333333333333,-2,0,0,4
2014/15,2014,2014-09-13,Liverpool,Aston Villa,L Mason,0,1,9,10,2,1,0,0,full,0,0,,0,-1,-0.1222222222222222,1,0,0,4
2014/15,2014,2014-09-13,Southampton,Newcastle,C Foy,4,0,15,7,0,2,0,0,full,0,0,,0,2,0.2857142857142857,-8,0,0,4
2014/15,2014,2014-09-13,Stoke,Leicester,M Oliver,0,1,8,15,3,0,0,0,full,0,0,,0,-3,-0.375,7,0,0,4
2014/15,2014,2014-09-13,Sunderland,Tottenham,C Pawson,2,2,10,13,5,1,0,0,full,0,0,,0,-4,-0.4230769230769231,3,0,0,4
2014/15,2014,2014-09-13,West Brom,Everton,A Taylor,0,2,12,8,2,3,0,0,full,0,0,,0,1,0.20833333333333334,-4,0,0,4
2014/15,2014,2014-09-14,Man United,QPR,P Dowd,4,0,11,8,1,0,0,0,full,0,0,,0,-1,-0.09090909090909091,-3,0,0,4
2014/15,2014,2014-09-15,Hull,West Ham,M Atkinson,2,2,12,7,3,1,0,0,full,0,0,,0,-2,-0.10714285714285715,-5,0,0,4
2014/15,2014,2014-09-20,Aston Villa,Arsenal,M Jones,0,3,11,9,1,3,0,0,full,0,0,,0,2,0.2424242424242424,-2,0,0,4
2014/15,2014,2014-09-20,Burnley,Sunderland,A Taylor,0,0,14,14,1,2,0,0,full,0,0,,0,1,0.07142857142857142,0,0,0,4
2014/15,2014,2014-09-20,Newcastle,Hull,N Swarbrick,2,2,11,11,4,2,0,0,full,0,0,,0,-2,-0.18181818181818182,0,0,0,4
2014/15,2014,2014-09-20,QPR,Stoke,M Atkinson,2,2,6,15,2,4,0,0,full,0,0,,0,2,-0.06666666666666665,9,0,0,4
2014/15,2014,2014-09-20,Swansea,Southampton,J Moss,0,1,11,15,0,4,1,0,full,0,0,,0,4,0.26666666666666666,4,-1,0,4
2014/15,2014,2014-09-20,West Ham,Liverpool,C Pawson,3,1,16,11,4,1,0,0,full,0,0,,0,-3,-0.1590909090909091,-5,0,0,4
2014/15,2014,2014-09-21,Everton,Crystal Palace,M Oliver,2,3,8,13,2,2,0,0,full,0,0,,0,0,-0.09615384615384615,5,0,0,4
2014/15,2014,2014-09-21,Leicester,Man United,M Clattenburg,5,3,11,9,1,1,0,1,full,0,0,,0,0,0.020202020202020193,-2,1,0,4
2014/15,2014,2014-09-21,Man City,Chelsea,M Dean,1,1,16,12,3,4,1,0,full,0,0,,0,1,0.14583333333333331,-4,-1,0,4
2014/15,2014,2014-09-21,Tottenham,West Brom,K Friend,0,1,12,7,2,2,0,0,full,0,0,,0,0,0.11904761904761904,-5,0,0,4
2014/15,2014,2014-09-27,Arsenal,Tottenham,M Oliver,1,1,7,16,3,6,0,0,full,0,0,,0,3,-0.05357142857142855,9,0,0,4
2014/15,2014,2014-09-27,Chelsea,Aston Villa,P Dowd,3,0,11,9,2,2,0,0,full,0,0,,0,0,0.04040404040404039,-2,0,0,4
2014/15,2014,2014-09-27,Crystal Palace,Leicester,K Stroud,2,0,14,9,0,2,0,0,full,0,0,,0,2,0.2222222222222222,-5,0,0,4
2014/15,2014,2014-09-27,Hull,Man City,A Taylor,2,4,10,6,0,2,0,0,full,0,0,,0,2,0.3333333333333333,-4,0,0,4
2014/15,2014,2014-09-27,Liverpool,Everton,M Atkinson,1,1,8,9,2,1,0,0,full,0,0,,0,-1,-0.1388888888888889,1,0,0,4
2014/15,2014,2014-09-27,Man United,West Ham,L Mason,2,1,10,12,1,3,1,0,full,0,0,,0,2,0.15,2,-1,0,4
2014/15,2014,2014-09-27,Southampton,QPR,M Clattenburg,2,1,12,11,2,1,0,0,full,0,0,,0,-1,-0.07575757575757575,-1,0,0,4
2014/15,2014,2014-09-27,Sunderland,Swansea,C Foy,0,0,13,15,2,1,0,1,full,0,0,,0,-1,-0.08717948717948719,2,1,0,4
2014/15,2014,2014-09-28,West Brom,Burnley,J Moss,4,0,7,9,1,2,0,0,full,0,0,,0,1,0.07936507936507936,2,0,0,4
2014/15,2014,2014-09-29,Stoke,Newcastle,C Pawson,1,0,20,15,1,2,0,0,full,0,0,,0,1,0.08333333333333333,-5,0,0,4
2014/15,2014,2014-10-04,Aston Villa,Man City,C Foy,0,2,4,6,0,1,0,0,full,0,0,,0,1,0.16666666666666666,2,0,0,4
2014/15,2014,2014-10-04,Hull,Crystal Palace,M Dean,2,0,6,14,1,2,0,0,full,0,0,,0,1,-0.023809523809523808,8,0,0,4
2014/15,2014,2014-10-04,Leicester,Burnley,P Dowd,2,2,16,12,2,2,0,0,full,0,0,,0,0,0.04166666666666666,-4,0,0,4
2014/15,2014,2014-10-04,Liverpool,West Brom,M Oliver,2,1,12,15,2,2,0,0,full,0,0,,0,0,-0.033333333333333326,3,0,0,4
2014/15,2014,2014-10-04,Sunderland,Stoke,N Swarbrick,3,1,10,17,3,4,0,0,full,0,0,,0,1,-0.06470588235294117,7,0,0,4
2014/15,2014,2014-10-04,Swansea,Newcastle,L Mason,2,2,11,15,1,3,0,0,full,0,0,,0,2,0.1090909090909091,4,0,0,4
2014/15,2014,2014-10-05,Chelsea,Arsenal,M Atkinson,2,0,14,10,4,3,0,0,full,0,0,,0,-1,0.01428571428571429,-4,0,0,4
2014/15,2014,2014-10-05,Man United,Everton,K Friend,2,1,18,11,4,3,0,0,full,0,0,,0,-1,0.0505050505050505,-7,0,0,4
2014/15,2014,2014-10-05,Tottenham,Southampton,M Jones,1,0,15,9,2,1,0,0,full,0,0,,0,-1,-0.022222222222222227,-6,0,0,4
2014/15,2014,2014-10-05,West Ham,QPR,A Taylor,2,0,10,11,2,2,0,0,full,0,0,,0,0,-0.018181818181818188,1,0,0,4
2014/15,2014,2014-10-18,Arsenal,Hull,R East,2,2,9,13,2,2,0,0,full,0,0,,0,0,-0.06837606837606836,4,0,0,4
2014/15,2014,2014-10-18,Burnley,West Ham,K Friend,1,3,3,10,0,1,0,0,full,0,0,,0,1,0.1,7,0,0,4
2014/15,2014,2014-10-18,Crystal Palace,Chelsea,C Pawson,1,2,13,7,1,1,1,1,full,0,0,,0,0,0.06593406593406592,-6,0,0,4
2014/15,2014,2014-10-18,Everton,Aston Villa,A Taylor,3,0,11,16,2,2,0,0,full,0,0,,0,0,-0.05681818181818182,5,0,0,4
2014/15,2014,2014-10-18,Man City,Tottenham,J Moss,4,1,11,9,1,2,0,1,full,0,0,,0,1,0.1313131313131313,-2,1,0,4
2014/15,2014,2014-10-18,Newcastle,Leicester,M Atkinson,1,0,13,15,0,3,0,0,full,0,0,,0,3,0.2,2,0,0,4
2014/15,2014,2014-10-18,Southampton,Sunderland,A Marriner,8,0,11,8,1,3,0,0,full,0,0,,0,2,0.28409090909090906,-3,0,0,4
2014/15,2014,2014-10-19,QPR,Liverpool,P Dowd,2,3,10,15,2,3,0,0,full,0,0,,0,1,0.0,5,0,0,4
2014/15,2014,2014-10-19,Stoke,Swansea,M Oliver,2,1,17,7,4,1,0,0,full,0,0,,0,-3,-0.09243697478991597,-10,0,0,4
2014/15,2014,2014-10-20,West Brom,Man United,M Dean,2,2,6,8,1,2,0,0,full,0,0,,0,1,0.08333333333333334,2,0,0,4
2014/15,2014,2014-10-25,Liverpool,Hull,N Swarbrick,0,0,12,17,3,2,0,0,full,0,0,,0,-1,-0.1323529411764706,5,0,0,4
2014/15,2014,2014-10-25,Southampton,Stoke,J Moss,1,0,10,12,0,2,0,0,full,0,0,,0,2,0.16666666666666666,2,0,0,4
2014/15,2014,2014-10-25,Sunderland,Arsenal,K Friend,0,2,11,9,3,3,0,0,full,0,0,,0,0,0.06060606060606061,-2,0,0,4
2014/15,2014,2014-10-25,Swansea,Leicester,M Jones,2,0,7,10,0,0,0,0,full,0,0,,0,0,0.0,3,0,0,4
2014/15,2014,2014-10-25,West Brom,Crystal Palace,M Clattenburg,2,2,14,8,3,1,0,0,full,0,0,,0,-2,-0.08928571428571427,-6,0,0,4
2014/15,2014,2014-10-25,West Ham,Man City,M Atkinson,2,1,12,14,2,1,0,0,full,0,0,,0,-1,-0.09523809523809523,2,0,0,4
2014/15,2014,2014-10-26,Burnley,Everton,A Marriner,1,3,12,7,4,2,0,0,full,0,0,,0,-2,-0.047619047619047616,-5,0,0,4
2014/15,2014,2014-10-26,Man United,Chelsea,P Dowd,1,1,13,14,3,5,0,1,full,0,0,,0,2,0.12637362637362637,1,1,0,4
2014/15,2014,2014-10-26,Tottenham,Newcastle,A Taylor,1,2,9,12,2,4,0,0,full,0,0,,0,2,0.1111111111111111,3,0,0,4
2014/15,2014,2014-10-27,QPR,Aston Villa,L Mason,2,0,11,14,0,2,0,0,full,0,0,,0,2,0.14285714285714285,3,0,0,4
2014/15,2014,2014-11-01,Arsenal,Burnley,C Pawson,3,0,5,9,0,1,0,0,full,0,0,,0,1,0.1111111111111111,4,0,0,4
2014/15,2014,2014-11-01,Chelsea,QPR,M Jones,2,1,8,12,0,0,0,0,full,0,0,,0,0,0.0,4,0,0,4
2014/15,2014,2014-11-01,Everton,Swansea,K Friend,0,0,10,15,2,3,0,1,full,0,0,,0,1,0.0,5,1,0,4
2014/15,2014,2014-11-01,Hull,Southampton,M Atkinson,0,1,6,9,1,0,0,0,full,0,0,,0,-1,-0.16666666666666666,3,0,0,4
2014/15,2014,2014-11-01,Leicester,West Brom,S Attwell,0,1,5,12,0,1,0,0,full,0,0,,0,1,0.08333333333333333,7,0,0,4
2014/15,2014,2014-11-01,Newcastle,Liverpool,A Marriner,1,0,13,8,4,3,0,0,full,0,0,,0,-1,0.06730769230769229,-5,0,0,4
2014/15,2014,2014-11-01,Stoke,West Ham,C Foy,2,2,14,13,1,1,0,0,full,0,0,,0,0,0.005494505494505503,-1,0,0,4
2014/15,2014,2014-11-02,Aston Villa,Tottenham,N Swarbrick,1,2,12,11,3,3,1,0,full,0,0,,0,0,0.022727272727272707,-1,-1,0,4
2014/15,2014,2014-11-02,Man City,Man United,M Oliver,1,0,15,9,3,1,0,1,full,0,0,,0,-2,-0.0888888888888889,-6,1,0,4
2014/15,2014,2014-11-03,Crystal Palace,Sunderland,P Dowd,1,3,12,19,0,3,1,0,full,0,0,,0,3,0.15789473684210525,7,-1,0,4
2014/15,2014,2014-11-08,Burnley,Hull,M Clattenburg,1,0,17,17,6,4,0,0,full,0,0,,0,-2,-0.11764705882352944,0,0,0,4
2014/15,2014,2014-11-08,Liverpool,Chelsea,A Taylor,1,2,9,12,2,5,0,0,full,0,0,,0,3,0.19444444444444448,3,0,0,4
2014/15,2014,2014-11-08,Man United,Crystal Palace,C Foy,1,0,8,12,1,3,0,0,full,0,0,,0,2,0.125,4,0,0,4
2014/15,2014,2014-11-08,QPR,Man City,M Dean,2,2,9,10,4,2,0,0,full,0,0,,0,-2,-0.2444444444444444,1,0,0,4
2014/15,2014,2014-11-08,Southampton,Leicester,M Oliver,2,0,10,12,2,2,0,0,full,0,0,,0,0,-0.033333333333333354,2,0,0,4
2014/15,2014,2014-11-08,West Ham,Aston Villa,J Moss,0,0,9,10,0,3,0,0,full,0,0,,0,3,0.3,1,0,0,4
2014/15,2014,2014-11-09,Sunderland,Everton,L Mason,1,1,11,13,1,2,0,0,full,0,0,,0,1,0.06293706293706294,2,0,0,4
2014/15,2014,2014-11-09,Swansea,Arsenal,P Dowd,2,1,10,16,5,5,0,0,full,0,0,,0,0,-0.1875,6,0,0,4
2014/15,2014,2014-11-09,Tottenham,Stoke,M Jones,1,2,20,13,3,2,1,0,full,0,0,,0,-1,0.0038461538461538602,-7,-1,0,4
2014/15,2014,2014-11-09,West Brom,Newcastle,C Pawson,0,2,12,6,0,0,0,0,full,0,0,,0,0,0.0,-6,0,0,4
2014/15,2014,2014-11-22,Arsenal,Man United,M Dean,1,2,12,8,2,1,0,0,full,0,0,,0,-1,-0.04166666666666666,-4,0,0,4
2014/15,2014,2014-11-22,Chelsea,West Brom,L Mason,2,0,7,9,1,0,0,1,full,0,0,,0,-1,-0.14285714285714285,2,1,0,4
2014/15,2014,2014-11-22,Everton,West Ham,M Clattenburg,2,1,10,13,2,3,0,0,full,0,0,,0,1,0.03076923076923077,3,0,0,4
2014/15,2014,2014-11-22,Leicester,Sunderland,R Madley,0,0,18,12,2,3,0,0,full,0,0,,0,1,0.1388888888888889,-6,0,0,4
2014/15,2014,2014-11-22,Man City,Swansea,N Swarbrick,2,1,13,9,2,1,0,0,full,0,0,,0,-1,-0.04273504273504275,-4,0,0,4
2014/15,2014,2014-11-22,Newcastle,QPR,C Foy,1,0,12,15,2,3,0,0,full,0,0,,0,1,0.033333333333333354,3,0,0,4
2014/15,2014,2014-11-22,Stoke,Burnley,M Atkinson,1,2,10,9,2,2,0,0,full,0,0,,0,0,0.0222222222222222,-1,0,0,4
2014/15,2014,2014-11-23,Crystal Palace,Liverpool,J Moss,3,1,21,10,1,2,0,0,full,0,0,,0,1,0.1523809523809524,-11,0,0,4
2014/15,2014,2014-11-23,Hull,Tottenham,C Pawson,1,2,15,9,3,1,1,0,full,0,0,,0,-2,-0.0888888888888889,-6,-1,0,4
2014/15,2014,2014-11-24,Aston Villa,Southampton,P Dowd,1,1,15,17,1,2,0,0,full,0,0,,0,1,0.050980392156862744,2,0,0,4
2014/15,2014,2014-11-29,Burnley,Aston Villa,G Scott,1,1,8,8,3,4,0,0,full,0,0,,0,1,0.125,0,0,0,4
2014/15,2014,2014-11-29,Liverpool,Stoke,C Pawson,1,0,11,9,0,3,0,0,full,0,0,,0,3,0.3333333333333333,-2,0,0,4
2014/15,2014,2014-11-29,Man United,Hull,A Taylor,3,0,12,12,2,2,0,0,full,0,0,,0,0,0.0,0,0,0,4
2014/15,2014,2014-11-29,QPR,Leicester,R East,3,2,8,17,3,2,0,0,full,0,0,,0,-1,-0.25735294117647056,9,0,0,4
2014/15,2014,2014-11-29,Sunderland,Chelsea,K Friend,0,0,13,10,3,2,0,0,full,0,0,,0,-1,-0.03076923076923077,-3,0,0,4
2014/15,2014,2014-11-29,Swansea,Crystal Palace,M Atkinson,1,1,6,12,0,2,0,0,full,0,0,,0,2,0.16666666666666666,6,0,0,4
2014/15,2014,2014-11-29,West Brom,Arsenal,C Foy,0,1,9,10,2,1,0,0,full,0,0,,0,-1,-0.1222222222222222,1,0,0,4
2014/15,2014,2014-11-29,West Ham,Newcastle,M Dean,1,0,9,16,3,2,0,1,full,0,0,,0,-1,-0.20833333333333331,7,1,0,4
2014/15,2014,2014-11-30,Southampton,Man City,M Jones,0,3,10,13,1,2,0,1,full,0,0,,0,1,0.05384615384615385,3,1,0,4
2014/15,2014,2014-11-30,Tottenham,Everton,M Oliver,2,1,15,5,5,1,0,0,full,0,0,,0,-4,-0.1333333333333333,-10,0,0,4
2014/15,2014,2014-12-02,Burnley,Newcastle,P Dowd,1,1,12,12,2,2,0,0,full,0,0,,0,0,0.0,0,0,0,4
2014/15,2014,2014-12-02,Crystal Palace,Aston Villa,M Oliver,0,1,16,15,2,2,0,0,full,0,0,,0,0,0.008333333333333331,-1,0,0,4
2014/15,2014,2014-12-02,Leicester,Liverpool,L Mason,1,3,11,10,1,2,1,0,full,0,0,,0,1,0.1090909090909091,-1,-1,0,4
2014/15,2014,2014-12-02,Man United,Stoke,J Moss,2,1,8,13,2,4,0,0,full,0,0,,0,2,0.05769230769230771,5,0,0,4
2014/15,2014,2014-12-02,Swansea,QPR,K Friend,2,0,8,12,2,2,0,0,full,0,0,,0,0,-0.08333333333333334,4,0,0,4
2014/15,2014,2014-12-02,West Brom,West Ham,M Jones,1,2,11,17,2,1,0,0,full,0,0,,0,-1,-0.12299465240641712,6,0,0,4
2014/15,2014,2014-12-03,Arsenal,Southampton,A Marriner,1,0,7,14,0,2,0,0,full,0,0,,0,2,0.14285714285714285,7,0,0,4
2014/15,2014,2014-12-03,Chelsea,Tottenham,M Dean,3,0,9,9,1,1,0,0,full,0,0,,0,0,0.0,0,0,0,4
2014/15,2014,2014-12-03,Everton,Hull,R Madley,1,1,8,12,1,1,0,0,full,0,0,,0,0,-0.04166666666666667,4,0,0,4
2014/15,2014,2014-12-03,Sunderland,Man City,C Pawson,1,4,9,8,1,1,0,0,full,0,0,,0,0,0.013888888888888895,-1,0,0,4
2014/15,2014,2014-12-06,Hull,West Brom,M Oliver,0,0,10,16,1,1,0,0,full,0,0,,0,0,-0.037500000000000006,6,0,0,4
2014/15,2014,2014-12-06,Liverpool,Sunderland,N Swarbrick,0,0,12,15,1,3,0,0,full,0,0,,0,2,0.11666666666666668,3,0,0,4
2014/15,2014,2014-12-06,Man City,Everton,A Marriner,1,0,8,11,3,3,0,0,full,0,0,,0,0,-0.10227272727272729,3,0,0,4
2014/15,2014,2014-12-06,Newcastle,Chelsea,M Atkinson,2,1,8,6,2,3,1,0,full,0,0,,0,1,0.25,-2,-1,0,4
2014/15,2014,2014-12-06,QPR,Burnley,J Moss,2,0,12,12,1,1,1,0,full,0,0,,0,0,0.0,0,-1,0,4
2014/15,2014,2014-12-06,Stoke,Arsenal,A Taylor,3,2,17,14,3,2,0,1,full,0,0,,0,-1,-0.03361344537815128,-3,1,0,4
2014/15,2014,2014-12-06,Tottenham,Crystal Palace,L Mason,0,0,11,10,1,0,0,0,full,0,0,,0,-1,-0.09090909090909091,-1,0,0,4
2014/15,2014,2014-12-07,Aston Villa,Leicester,C Pawson,2,1,9,14,4,4,0,1,full,0,0,,0,0,-0.15873015873015872,5,1,0,4
2014/15,2014,2014-12-07,West Ham,Swansea,C Foy,3,1,11,18,0,1,0,1,full,0,0,,0,1,0.05555555555555555,7,1,0,4
2014/15,2014,2014-12-08,Southampton,Man United,K Friend,1,2,12,9,2,1,0,0,full,0,0,,0,-1,-0.05555555555555555,-3,0,0,4
2014/15,2014,2014-12-13,Arsenal,Newcastle,L Mason,4,1,14,15,2,2,0,0,full,0,0,,0,0,-0.009523809523809518,1,0,0,4
2014/15,2014,2014-12-13,Burnley,Southampton,M Clattenburg,1,0,15,11,1,3,0,0,full,0,0,,0,2,0.20606060606060606,-4,0,0,4
2014/15,2014,2014-12-13,Chelsea,Hull,C Foy,2,0,13,13,3,3,0,1,full,0,0,,0,0,0.0,0,1,0,4
2014/15,2014,2014-12-13,Crystal Palace,Stoke,K Friend,1,1,12,11,2,0,0,0,full,0,0,,0,-2,-0.16666666666666666,-1,0,0,4
2014/15,2014,2014-12-13,Leicester,Man City,J Moss,0,1,15,13,0,2,0,0,full,0,0,,0,2,0.15384615384615385,-2,0,0,4
2014/15,2014,2014-12-13,Sunderland,West Ham,P Dowd,1,1,11,18,2,2,0,0,full,0,0,,0,0,-0.07070707070707072,7,0,0,4
2014/15,2014,2014-12-13,West Brom,Aston Villa,M Dean,1,0,17,12,4,2,0,1,full,0,0,,0,-2,-0.06862745098039216,-5,1,0,4
2014/15,2014,2014-12-14,Man United,Liverpool,M Atkinson,3,0,13,14,4,3,0,0,full,0,0,,0,-1,-0.09340659340659344,1,0,0,4
2014/15,2014,2014-12-14,Swansea,Tottenham,R Madley,1,2,7,17,3,4,0,0,full,0,0,,0,1,-0.19327731092436973,10,0,0,4
2014/15,2014,2014-12-15,Everton,QPR,N Swarbrick,3,1,11,12,1,1,0,0,full,0,0,,0,0,-0.007575757575757583,1,0,0,4
2014/15,2014,2014-12-20,Aston Villa,Man United,L Mason,1,1,9,10,1,1,1,0,full,0,0,,0,0,-0.0111111111111111,1,-1,0,4
2014/15,2014,2014-12-20,Hull,Swansea,M Clattenburg,0,1,14,16,2,2,0,0,full,0,0,,0,0,-0.01785714285714285,2,0,0,4
2014/15,2014,2014-12-20,Man City,Crystal Palace,P Dowd,3,0,17,5,2,1,0,0,full,0,0,,0,-1,0.0823529411764706,-12,0,0,4
2014/15,2014,2014-12-20,QPR,West Brom,C Pawson,3,2,16,8,1,0,0,0,full,0,0,,0,-1,-0.0625,-8,0,0,4
2014/15,2014,2014-12-20,Southampton,Everton,J Moss,3,0,11,10,1,1,0,0,full,0,0,,0,0,0.009090909090909094,-1,0,0,4
2014/15,2014,2014-12-20,Tottenham,Burnley,M Jones,2,1,9,8,1,0,0,0,full,0,0,,0,-1,-0.1111111111111111,-1,0,0,4
2014/15,2014,2014-12-20,West Ham,Leicester,M Atkinson,2,0,8,17,0,3,0,0,full,0,0,,0,3,0.17647058823529413,9,0,0,4
2014/15,2014,2014-12-21,Liverpool,Arsenal,M Oliver,2,2,6,14,0,3,1,0,full,0,0,,0,3,0.21428571428571427,8,-1,0,4
2014/15,2014,2014-12-21,Newcastle,Sunderland,A Taylor,0,1,15,15,4,4,0,0,full,0,0,,0,0,0.0,0,0,0,4
2014/15,2014,2014-12-22,Stoke,Chelsea,N Swarbrick,0,2,11,4,3,0,0,0,full,0,0,,0,-3,-0.2727272727272727,-7,0,0,4
2014/15,2014,2014-12-26,Arsenal,QPR,M Atkinson,2,1,6,15,1,4,1,0,full,0,0,,0,3,0.1,9,-1,0,4
2014/15,2014,2014-12-26,Burnley,Liverpool,A Taylor,0,1,7,5,0,1,0,0,full,0,0,,0,1,0.2,-2,0,0,4
2014/15,2014,2014-12-26,Chelsea,West Ham,M Oliver,2,0,8,14,0,3,0,0,full,0,0,,0,3,0.21428571428571427,6,0,0,4
2014/15,2014,2014-12-26,Crystal Palace,Southampton,M Dean,1,3,15,10,1,0,0,0,full,0,0,,0,-1,-0.06666666666666667,-5,0,0,4
2014/15,2014,2014-12-26,Everton,Stoke,L Mason,0,1,9,15,2,3,0,0,full,0,0,,0,1,-0.0222222222222222,6,0,0,4
2014/15,2014,2014-12-26,Leicester,Tottenham,N Swarbrick,1,2,10,14,1,2,0,0,full,0,0,,0,1,0.042857142857142844,4,0,0,4
2014/15,2014,2014-12-26,Man United,Newcastle,M Jones,3,1,16,9,1,2,0,0,full,0,0,,0,1,0.1597222222222222,-7,0,0,4
2014/15,2014,2014-12-26,Sunderland,Hull,A Marriner,1,3,12,6,4,2,0,0,full,0,0,,0,-2,0.0,-6,0,0,4
2014/15,2014,2014-12-26,Swansea,Aston Villa,R East,1,0,17,12,1,4,0,0,full,0,0,,0,3,0.2745098039215686,-5,0,0,4
2014/15,2014,2014-12-26,West Brom,Man City,M Clattenburg,1,3,5,9,0,1,0,0,full,0,0,,0,1,0.1111111111111111,4,0,0,4
2014/15,2014,2014-12-28,Aston Villa,Sunderland,M Atkinson,0,0,4,11,1,4,1,0,full,0,0,,0,3,0.11363636363636365,7,-1,0,4
2014/15,2014,2014-12-28,Hull,Leicester,P Dowd,0,1,12,12,0,1,1,1,full,0,0,,0,1,0.08333333333333333,0,0,0,4
2014/15,2014,2014-12-28,Man City,Burnley,K Friend,2,2,18,9,4,1,0,0,full,0,0,,0,-3,-0.1111111111111111,-9,0,0,4
2014/15,2014,2014-12-28,Newcastle,Everton,C Pawson,3,2,13,8,2,2,0,0,full,0,0,,0,0,0.09615384615384615,-5,0,0,4
2014/15,2014,2014-12-28,QPR,Crystal Palace,M Jones,0,0,11,17,2,1,0,0,full,0,0,,0,-1,-0.12299465240641712,6,0,0,4
2014/15,2014,2014-12-28,Southampton,Chelsea,A Taylor,1,1,23,14,2,2,1,0,full,0,0,,0,0,0.05590062111801242,-9,-1,0,4
2014/15,2014,2014-12-28,Stoke,West Brom,R East,2,0,11,14,0,2,0,0,full,0,0,,0,2,0.14285714285714285,3,0,0,4
2014/15,2014,2014-12-28,Tottenham,Man United,J Moss,0,0,11,19,2,4,0,0,full,0,0,,0,2,0.02870813397129185,8,0,0,4
2014/15,2014,2014-12-28,West Ham,Arsenal,N Swarbrick,1,2,12,13,3,3,0,0,full,0,0,,0,0,-0.019230769230769218,1,0,0,4
2014/15,2014,2014-12-29,Liverpool,Swansea,A Marriner,4,1,8,5,1,0,0,0,full,0,0,,0,-1,-0.125,-3,0,0,4
2014/15,2014,2015-01-01,Aston Villa,Crystal Palace,R Madley,0,0,11,12,1,1,0,0,full,0,0,,0,0,-0.007575757575757583,1,0,0,4
2014/15,2014,2015-01-01,Hull,Everton,K Friend,2,0,16,15,2,3,0,1,full,0,0,,0,1,0.07500000000000001,-1,1,0,4
2014/15,2014,2015-01-01,Liverpool,Leicester,M Jones,2,2,13,10,2,2,0,0,full,0,0,,0,0,0.046153846153846156,-3,0,0,4
2014/15,2014,2015-01-01,Man City,Sunderland,R East,3,2,14,7,2,3,0,0,full,0,0,,0,1,0.2857142857142857,-7,0,0,4
2014/15,2014,2015-01-01,Newcastle,Burnley,M Dean,3,3,12,13,2,4,0,0,full,0,0,,0,2,0.14102564102564105,1,0,0,4
2014/15,2014,2015-01-01,QPR,Swansea,A Taylor,1,1,22,5,4,0,0,1,full,0,0,,0,-4,-0.18181818181818182,-17,1,0,4
2014/15,2014,2015-01-01,Southampton,Arsenal,C Pawson,2,0,14,7,2,1,0,0,full,0,0,,0,-1,0.0,-7,0,0,4
2014/15,2014,2015-01-01,Stoke,Man United,M Oliver,1,1,8,12,0,0,0,0,full,0,0,,0,0,0.0,4,0,0,4
2014/15,2014,2015-01-01,Tottenham,Chelsea,P Dowd,5,3,14,10,3,1,0,0,full,0,0,,0,-2,-0.11428571428571427,-4,0,0,4
2014/15,2014,2015-01-01,West Ham,West Brom,J Moss,1,1,6,13,1,0,0,0,full,0,0,,0,-1,-0.16666666666666666,7,0,0,4
2014/15,2014,2015-01-10,Burnley,QPR,A Marriner,2,1,14,9,2,2,0,0,full,0,0,,0,0,0.07936507936507936,-5,0,0,4
2014/15,2014,2015-01-10,Chelsea,Newcastle,R East,2,0,13,13,2,3,0,0,full,0,0,,0,1,0.07692307692307693,0,0,0,4
2014/15,2014,2015-01-10,Crystal Palace,Tottenham,A Taylor,2,1,9,14,5,3,0,0,full,0,0,,0,-2,-0.3412698412698413,5,0,0,4
2014/15,2014,2015-01-10,Everton,Man City,M Atkinson,1,1,9,10,1,2,0,0,full,0,0,,0,1,0.0888888888888889,1,0,0,4
2014/15,2014,2015-01-10,Leicester,Aston Villa,M Oliver,1,0,18,6,1,1,1,1,full,0,0,,0,0,0.1111111111111111,-12,0,0,4
2014/15,2014,2015-01-10,Sunderland,Liverpool,C Pawson,0,1,12,11,1,4,1,0,full,0,0,,0,3,0.28030303030303033,-1,-1,0,4
2014/15,2014,2015-01-10,Swansea,West Ham,M Dean,1,1,9,7,0,1,0,0,full,0,0,,0,1,0.14285714285714285,-2,0,0,4
2014/15,2014,2015-01-10,West Brom,Hull,N Swarbrick,1,0,5,13,1,0,0,0,full,0,0,,0,-1,-0.2,8,0,0,4
2014/15,2014,2015-01-11,Arsenal,Stoke,J Moss,3,0,11,11,0,3,0,0,full,0,0,,0,3,0.2727272727272727,0,0,0,4
2014/15,2014,2015-01-11,Man United,Southampton,P Dowd,0,1,9,10,2,3,0,0,full,0,0,,0,1,0.07777777777777778,1,0,0,4
2014/15,2014,2015-01-17,Aston Villa,Liverpool,M Clattenburg,0,2,13,11,1,1,0,0,full,0,0,,0,0,0.013986013986013984,-2,0,0,4
2014/15,2014,2015-01-17,Burnley,Crystal Palace,P Dowd,2,3,10,20,1,3,0,0,full,0,0,,0,2,0.04999999999999999,10,0,0,4
2014/15,2014,2015-01-17,Leicester,Stoke,A Marriner,0,1,9,6,1,0,0,0,full,0,0,,0,-1,-0.1111111111111111,-3,0,0,4
2014/15,2014,2015-01-17,Newcastle,Southampton,R Madley,1,2,9,8,0,2,0,0,full,0,0,,0,2,0.25,-1,0,0,4
2014/15,2014,2015-01-17,QPR,Man United,N Swarbrick,0,2,12,10,3,2,0,0,full,0,0,,0,-1,-0.04999999999999999,-2,0,0,4
2014/15,2014,2015-01-17,Swansea,Chelsea,J Moss,0,5,9,13,0,0,0,0,full,0,0,,0,0,0.0,4,0,0,4
2014/15,2014,2015-01-17,Tottenham,Sunderland,C Foy,2,1,14,8,1,2,0,0,full,0,0,,0,1,0.17857142857142858,-6,0,0,4
2014/15,2014,2015-01-18,Man City,Arsenal,M Dean,0,2,12,5,3,3,0,0,full,0,0,,0,0,0.35,-7,0,0,4
2014/15,2014,2015-01-18,West Ham,Hull,M Atkinson,3,0,5,14,1,3,0,0,full,0,0,,0,2,0.014285714285714263,9,0,0,4
2014/15,2014,2015-01-19,Everton,West Brom,M Oliver,0,0,11,12,3,2,0,0,full,0,0,,0,-1,-0.10606060606060605,1,0,0,4
2014/15,2014,2015-01-31,Chelsea,Man City,M Clattenburg,1,1,12,14,0,2,0,0,full,0,0,,0,2,0.14285714285714285,2,0,0,4
2014/15,2014,2015-01-31,Crystal Palace,Everton,R East,0,1,12,14,0,3,0,0,full,0,0,,0,3,0.21428571428571427,2,0,0,4
2014/15,2014,2015-01-31,Hull,Newcastle,P Dowd,0,3,15,13,4,1,0,0,full,0,0,,0,-3,-0.18974358974358974,-2,0,0,4
2014/15,2014,2015-01-31,Liverpool,West Ham,A Marriner,2,0,12,12,1,1,0,0,full,0,0,,0,0,0.0,0,0,0,4
2014/15,2014,2015-01-31,Man United,Leicester,M Atkinson,3,1,8,12,0,1,0,0,full,0,0,,0,1,0.08333333333333333,4,0,0,4
2014/15,2014,2015-01-31,Stoke,QPR,M Dean,3,1,11,12,2,2,0,0,full,0,0,,0,0,-0.015151515151515166,1,0,0,4
2014/15,2014,2015-01-31,Sunderland,Burnley,L Mason,2,0,12,12,3,1,0,0,full,0,0,,0,-2,-0.16666666666666669,0,0,0,4
2014/15,2014,2015-01-31,West Brom,Tottenham,K Friend,0,3,8,13,2,1,0,0,full,0,0,,0,-1,-0.17307692307692307,5,0,0,4
2014/15,2014,2015-02-01,Arsenal,Aston Villa,A Taylor,5,0,6,10,0,2,0,0,full,0,0,,0,2,0.2,4,0,0,4
2014/15,2014,2015-02-01,Southampton,Swansea,M Oliver,0,1,11,9,1,1,1,0,full,0,0,,0,0,0.020202020202020193,-2,-1,0,4
2014/15,2014,2015-02-07,Aston Villa,Chelsea,N Swarbrick,1,2,8,7,3,2,0,0,full,0,0,,0,-1,-0.0892857142857143,-1,0,0,4
2014/15,2014,2015-02-07,Everton,Liverpool,A Taylor,0,0,11,7,4,1,0,0,full,0,0,,0,-3,-0.2207792207792208,-4,0,0,4
2014/15,2014,2015-02-07,Leicester,Crystal Palace,L Mason,0,1,15,6,4,1,0,0,full,0,0,,0,-3,-0.1,-9,0,0,4
2014/15,2014,2015-02-07,Man City,Hull,J Moss,1,1,9,8,2,4,0,0,full,0,0,,0,2,0.2777777777777778,-1,0,0,4
2014/15,2014,2015-02-07,QPR,Southampton,R East,0,1,13,16,2,2,0,0,full,0,0,,0,0,-0.028846153846153855,3,0,0,4
2014/15,2014,2015-02-07,Swansea,Sunderland,P Dowd,1,1,11,13,3,4,0,0,full,0,0,,0,1,0.034965034965035,2,0,0,4
2014/15,2014,2015-02-07,Tottenham,Arsenal,M Atkinson,2,1,8,12,3,5,0,0,full,0,0,,0,2,0.041666666666666685,4,0,0,4
2014/15,2014,2015-02-08,Burnley,West Brom,M Dean,2,2,10,15,0,4,0,0,full,0,0,,0,4,0.26666666666666666,5,0,0,4
2014/15,2014,2015-02-08,Newcastle,Stoke,K Friend,1,1,14,17,2,4,0,0,full,0,0,,0,2,0.09243697478991597,3,0,0,4
2014/15,2014,2015-02-08,West Ham,Man United,M Clattenburg,1,1,7,13,2,2,0,1,full,0,0,,0,0,-0.13186813186813184,6,1,0,4
2014/15,2014,2015-02-10,Arsenal,Leicester,M Jones,2,1,13,14,2,2,0,0,full,0,0,,0,0,-0.010989010989011005,1,0,0,4
2014/15,2014,2015-02-10,Hull,Aston Villa,M Oliver,2,0,16,11,1,2,0,0,full,0,0,,0,1,0.11931818181818182,-5,0,0,4
2014/15,2014,2015-02-10,Liverpool,Tottenham,P Dowd,3,2,13,17,3,6,0,0,full,0,0,,0,3,0.12217194570135748,4,0,0,4
2014/15,2014,2015-02-10,Sunderland,QPR,M Atkinson,0,2,8,12,2,3,0,0,full,0,0,,0,1,0.0,4,0,0,4
2014/15,2014,2015-02-11,Chelsea,Everton,J Moss,1,0,8,13,3,3,0,1,full,0,0,,0,0,-0.14423076923076922,5,1,0,4
2014/15,2014,2015-02-11,Crystal Palace,Newcastle,A Marriner,1,1,10,11,1,2,0,0,full,0,0,,0,1,0.08181818181818182,1,0,0,4
2014/15,2014,2015-02-11,Man United,Burnley,K Friend,3,1,15,8,4,3,0,0,full,0,0,,0,-1,0.10833333333333334,-7,0,0,4
2014/15,2014,2015-02-11,Southampton,West Ham,C Pawson,0,0,12,11,2,1,0,1,full,0,0,,0,-1,-0.07575757575757575,-1,1,0,4
2014/15,2014,2015-02-11,Stoke,Man City,L Mason,1,4,6,11,1,2,0,0,full,0,0,,0,1,0.015151515151515166,5,0,0,4
2014/15,2014,2015-02-11,West Brom,Swansea,R Madley,2,0,11,12,2,1,0,0,full,0,0,,0,-1,-0.0984848484848485,1,0,0,4
2014/15,2014,2015-02-21,Aston Villa,Stoke,R East,1,2,11,14,1,3,1,0,full,0,0,,0,2,0.12337662337662336,3,-1,0,4
2014/15,2014,2015-02-21,Chelsea,Burnley,M Atkinson,1,1,9,9,1,2,1,0,full,0,0,,0,1,0.1111111111111111,0,-1,0,4
2014/15,2014,2015-02-21,Crystal Palace,Arsenal,M Clattenburg,1,2,15,14,1,3,0,0,full,0,0,,0,2,0.1476190476190476,-1,0,0,4
2014/15,2014,2015-02-21,Hull,QPR,A Taylor,2,1,18,16,0,4,0,1,full,0,0,,0,4,0.25,-2,1,0,4
2014/15,2014,2015-02-21,Man City,Newcastle,C Foy,5,0,9,8,3,2,0,0,full,0,0,,0,-1,-0.08333333333333331,-1,0,0,4
2014/15,2014,2015-02-21,Sunderland,West Brom,M Jones,0,0,11,12,1,2,0,0,full,0,0,,0,1,0.07575757575757575,1,0,0,4
2014/15,2014,2015-02-21,Swansea,Man United,N Swarbrick,2,1,6,15,2,4,0,0,full,0,0,,0,2,-0.06666666666666665,9,0,0,4
2014/15,2014,2015-02-22,Everton,Leicester,P Dowd,2,2,7,6,0,1,0,0,full,0,0,,0,1,0.16666666666666666,-1,0,0,4
2014/15,2014,2015-02-22,Southampton,Liverpool,K Friend,0,2,11,14,2,3,0,0,full,0,0,,0,1,0.03246753246753245,3,0,0,4
2014/15,2014,2015-02-22,Tottenham,West Ham,J Moss,2,2,6,12,0,2,0,0,full,0,0,,0,2,0.16666666666666666,6,0,0,4
2014/15,2014,2015-02-28,Burnley,Swansea,J Moss,0,1,14,8,0,0,0,0,full,0,0,,0,0,0.0,-6,0,0,4
2014/15,2014,2015-02-28,Man United,Sunderland,R East,2,0,6,11,1,1,0,1,full,0,0,,0,0,-0.07575757575757575,5,1,0,4
2014/15,2014,2015-02-28,Newcastle,Aston Villa,L Mason,1,0,6,16,1,5,0,0,full,0,0,,0,4,0.14583333333333334,10,0,0,4
2014/15,2014,2015-02-28,Stoke,Hull,N Swarbrick,1,0,9,10,2,2,0,0,full,0,0,,0,0,-0.0222222222222222,1,0,0,4
2014/15,2014,2015-02-28,West Brom,Southampton,P Dowd,1,0,10,17,2,1,0,0,full,0,0,,0,-1,-0.1411764705882353,7,0,0,4
2014/15,2014,2015-02-28,West Ham,Crystal Palace,M Dean,1,3,12,19,2,2,0,1,full,0,0,,0,0,-0.06140350877192982,7,1,0,4
2014/15,2014,2015-03-01,Arsenal,Everton,A Marriner,2,0,12,5,2,0,0,0,full,0,0,,0,-2,-0.16666666666666666,-7,0,0,4
2014/15,2014,2015-03-01,Liverpool,Man City,M Clattenburg,2,1,8,16,1,3,0,0,full,0,0,,0,2,0.0625,8,0,0,4
2014/15,2014,2015-03-03,Aston Villa,West Brom,J Moss,2,1,15,13,2,4,0,0,full,0,0,,0,2,0.17435897435897438,-2,0,0,4
2014/15,2014,2015-03-03,Hull,Sunderland,M Dean,1,1,9,15,2,6,0,0,full,0,0,,0,4,0.1777777777777778,6,0,0,4
2014/15,2014,2015-03-03,Southampton,Crystal Palace,M Atkinson,1,0,11,10,0,2,0,0,full,0,0,,0,2,0.2,-1,0,0,4
2014/15,2014,2015-03-04,Liverpool,Burnley,L Mason,2,0,8,14,0,1,0,0,full,0,0,,0,1,0.07142857142857142,6,0,0,4
2014/15,2014,2015-03-04,Man City,Leicester,R Madley,2,0,11,3,0,1,0,0,full,0,0,,0,1,0.3333333333333333,-8,0,0,4
2014/15,2014,2015-03-04,Newcastle,Man United,A Taylor,0,1,6,14,1,2,0,0,full,0,0,,0,1,-0.023809523809523808,8,0,0,4
2014/15,2014,2015-03-04,QPR,Arsenal,K Friend,1,2,10,8,2,1,0,0,full,0,0,,0,-1,-0.07500000000000001,-2,0,0,4
2014/15,2014,2015-03-04,Stoke,Everton,M Clattenburg,2,0,11,14,2,2,0,0,full,0,0,,0,0,-0.038961038961038974,3,0,0,4
2014/15,2014,2015-03-04,Tottenham,Swansea,M Oliver,3,2,14,7,1,0,0,0,full,0,0,,0,-1,-0.07142857142857142,-7,0,0,4
2014/15,2014,2015-03-04,West Ham,Chelsea,A Marriner,0,1,10,10,3,4,0,0,full,0,0,,0,1,0.10000000000000003,0,0,0,4
2014/15,2014,2015-03-07,QPR,Tottenham,C Pawson,1,2,15,12,1,2,0,0,full,0,0,,0,1,0.09999999999999999,-3,0,0,4
2014/15,2014,2015-03-14,Arsenal,West Ham,A Taylor,3,0,10,9,1,1,0,0,full,0,0,,0,0,0.0111111111111111,-1,0,0,4
2014/15,2014,2015-03-14,Burnley,Man City,A Marriner,1,0,6,9,2,1,0,0,full,0,0,,0,-1,-0.2222222222222222,3,0,0,4
2014/15,2014,2015-03-14,Crystal Palace,QPR,L Mason,3,1,17,16,1,3,0,0,full,0,0,,0,2,0.12867647058823528,-1,0,0,4
2014/15,2014,2015-03-14,Leicester,Hull,J Moss,0,0,10,15,0,4,0,1,full,0,0,,0,4,0.26666666666666666,5,1,0,4
2014/15,2014,2015-03-14,Sunderland,Aston Villa,N Swarbrick,0,4,10,9,1,1,0,0,full,0,0,,0,0,0.0111111111111111,-1,0,0,4
2014/15,2014,2015-03-14,West Brom,Stoke,M Oliver,1,0,7,16,1,2,0,0,full,0,0,,0,1,-0.01785714285714285,9,0,0,4
2014/15,2014,2015-03-15,Chelsea,Southampton,M Dean,1,1,10,11,3,3,0,0,full,0,0,,0,0,-0.027272727272727282,1,0,0,4
2014/15,2014,2015-03-15,Everton,Newcastle,M Atkinson,3,0,11,9,1,2,0,1,full,0,0,,0,1,0.1313131313131313,-2,1,0,4
2014/15,2014,2015-03-15,Man United,Tottenham,M Clattenburg,3,0,12,10,1,1,0,0,full,0,0,,0,0,0.016666666666666677,-2,0,0,4
2014/15,2014,2015-03-16,Swansea,Liverpool,R East,0,1,13,16,0,3,0,0,full,0,0,,0,3,0.1875,3,0,0,4
2014/15,2014,2015-03-21,Aston Villa,Swansea,R Madley,0,1,13,9,0,0,0,0,full,0,0,,0,0,0.0,-4,0,0,4
2014/15,2014,2015-03-21,Man City,West Brom,N Swarbrick,3,0,6,5,0,0,0,1,full,0,0,,0,0,0.0,-1,1,0,4
2014/15,2014,2015-03-21,Newcastle,Arsenal,M Jones,1,2,11,7,0,0,0,0,full,0,0,,0,0,0.0,-4,0,0,4
2014/15,2014,2015-03-21,Southampton,Burnley,R East,2,0,10,7,0,0,0,0,full,0,0,,0,0,0.0,-3,0,0,4
2014/15,2014,2015-03-21,Stoke,Crystal Palace,A Marriner,1,2,15,14,3,4,0,0,full,0,0,,0,1,0.08571428571428569,-1,0,0,4
2014/15,2014,2015-03-21,Tottenham,Leicester,M Dean,4,3,8,9,2,1,0,0,full,0,0,,0,-1,-0.1388888888888889,1,0,0,4
2014/15,2014,2015-03-21,West Ham,Sunderland,L Mason,1,0,14,11,0,1,0,0,full,0,0,,0,1,0.09090909090909091,-3,0,0,4
2014/15,2014,2015-03-22,Hull,Chelsea,M Oliver,2,3,14,11,0,2,0,0,full,0,0,,0,2,0.18181818181818182,-3,0,0,4
2014/15,2014,2015-03-22,Liverpool,Man United,M Atkinson,1,2,14,17,2,2,1,0,full,0,0,,0,0,-0.02521008403361344,3,-1,0,4
2014/15,2014,2015-03-22,QPR,Everton,J Moss,1,2,11,12,2,1,0,0,full,0,0,,0,-1,-0.0984848484848485,1,0,0,4
2014/15,2014,2015-04-04,Arsenal,Liverpool,A Taylor,4,1,7,9,1,0,0,1,full,0,0,,0,-1,-0.14285714285714285,2,1,0,4
2014/15,2014,2015-04-04,Chelsea,Stoke,J Moss,2,1,5,22,1,6,0,0,full,0,0,,0,5,0.0727272727272727,17,0,0,4
2014/15,2014,2015-04-04,Everton,Southampton,L Mason,1,0,12,17,0,1,0,0,full,0,0,,0,1,0.058823529411764705,5,0,0,4
2014/15,2014,2015-04-04,Leicester,West Ham,M Clattenburg,2,1,12,10,0,3,0,0,full,0,0,,0,3,0.3,-2,0,0,4
2014/15,2014,2015-04-04,Man United,Aston Villa,R East,3,1,15,12,0,1,0,0,full,0,0,,0,1,0.08333333333333333,-3,0,0,4
2014/15,2014,2015-04-04,Swansea,Hull,A Marriner,3,1,11,14,1,5,0,1,full,0,0,,0,4,0.26623376623376627,3,1,0,4
2014/15,2014,2015-04-04,West Brom,QPR,L Probert,1,4,6,15,2,3,1,0,full,0,0,,0,1,-0.1333333333333333,9,-1,0,4
2014/15,2014,2015-04-05,Burnley,Tottenham,M Atkinson,0,0,9,5,2,0,0,0,full,0,0,,0,-2,-0.2222222222222222,-4,0,0,4
2014/15,2014,2015-04-05,Sunderland,Newcastle,M Dean,1,0,14,18,5,2,0,0,full,0,0,,0,-3,-0.24603174603174605,4,0,0,4
2014/15,2014,2015-04-06,Crystal Palace,Man City,M Oliver,2,1,11,11,2,1,0,0,full,0,0,,0,-1,-0.09090909090909091,0,0,0,4
2014/15,2014,2015-04-07,Aston Villa,QPR,C Pawson,3,3,8,12,0,4,0,0,full,0,0,,0,4,0.3333333333333333,4,0,0,4
2014/15,2014,2015-04-11,Burnley,Arsenal,M Dean,0,1,15,7,2,0,0,0,full,0,0,,0,-2,-0.13333333333333333,-8,0,0,4
2014/15,2014,2015-04-11,Southampton,Hull,K Friend,2,0,7,11,2,0,0,0,full,0,0,,0,-2,-0.2857142857142857,4,0,0,4
2014/15,2014,2015-04-11,Sunderland,Crystal Palace,A Taylor,1,4,15,17,2,2,0,0,full,0,0,,0,0,-0.01568627450980392,2,0,0,4
2014/15,2014,2015-04-11,Swansea,Everton,M Oliver,1,1,18,12,3,3,0,0,full,0,0,,0,0,0.08333333333333334,-6,0,0,4
2014/15,2014,2015-04-11,Tottenham,Aston Villa,L Probert,0,1,11,12,3,2,0,1,full,0,0,,0,-1,-0.10606060606060605,1,1,0,4
2014/15,2014,2015-04-11,West Brom,Leicester,M Atkinson,2,3,15,15,2,2,0,0,full,0,0,,0,0,0.0,0,0,0,4
2014/15,2014,2015-04-11,West Ham,Stoke,R East,1,1,17,13,3,1,0,0,full,0,0,,0,-2,-0.0995475113122172,-4,0,0,4
2014/15,2014,2015-04-12,Man United,Man City,M Clattenburg,4,2,9,16,0,3,0,0,full,0,0,,0,3,0.1875,7,0,0,4
2014/15,2014,2015-04-12,QPR,Chelsea,A Marriner,0,1,12,6,2,1,0,0,full,0,0,,0,-1,0.0,-6,0,0,4
2014/15,2014,2015-04-13,Liverpool,Newcastle,L Mason,2,0,8,17,2,0,0,1,full,0,0,,0,-2,-0.25,9,1,0,4
2014/15,2014,2015-04-18,Chelsea,Man United,M Dean,1,0,13,11,7,1,0,0,full,0,0,,0,-6,-0.4475524475524475,-2,0,0,4
2014/15,2014,2015-04-18,Crystal Palace,West Brom,J Moss,0,2,17,17,3,3,0,0,full,0,0,,0,0,0.0,0,0,0,4
2014/15,2014,2015-04-18,Everton,Burnley,M Jones,1,0,12,15,1,2,0,1,full,0,0,,0,1,0.05,3,1,0,4
2014/15,2014,2015-04-18,Leicester,Swansea,L Probert,2,0,6,5,0,2,0,0,full,0,0,,0,2,0.4,-1,0,0,4
2014/15,2014,2015-04-18,Stoke,Southampton,M Clattenburg,2,1,17,17,0,4,0,0,full,0,0,,0,4,0.23529411764705882,0,0,0,4
2014/15,2014,2015-04-19,Man City,West Ham,A Taylor,2,0,10,6,2,2,0,0,full,0,0,,0,0,0.1333333333333333,-4,0,0,4
2014/15,2014,2015-04-19,Newcastle,Tottenham,K Friend,1,3,11,13,2,4,0,0,full,0,0,,0,2,0.1258741258741259,2,0,0,4
2014/15,2014,2015-04-25,Burnley,Leicester,A Taylor,0,1,16,16,3,0,0,0,full,0,0,,0,-3,-0.1875,0,0,0,4
2014/15,2014,2015-04-25,Crystal Palace,Hull,M Clattenburg,0,2,15,10,0,0,0,0,full,0,0,,0,0,0.0,-5,0,0,4
2014/15,2014,2015-04-25,Man City,Aston Villa,M Dean,3,2,13,11,1,2,0,0,full,0,0,,0,1,0.1048951048951049,-2,0,0,4
2014/15,2014,2015-04-25,Newcastle,Swansea,N Swarbrick,2,3,14,9,1,2,0,0,full,0,0,,0,1,0.15079365079365079,-5,0,0,4
2014/15,2014,2015-04-25,QPR,West Ham,M Jones,0,0,14,12,1,0,0,0,full,0,0,,0,-1,-0.07142857142857142,-2,0,0,4
2014/15,2014,2015-04-25,Southampton,Tottenham,J Moss,2,2,9,10,1,3,0,0,full,0,0,,0,2,0.18888888888888888,1,0,0,4
2014/15,2014,2015-04-25,Stoke,Sunderland,M Atkinson,1,1,14,15,2,3,0,0,full,0,0,,0,1,0.05714285714285716,1,0,0,4
2014/15,2014,2015-04-25,West Brom,Liverpool,R East,0,0,12,11,1,0,0,0,full,0,0,,0,-1,-0.08333333333333333,-1,0,0,4
2014/15,2014,2015-04-26,Arsenal,Chelsea,M Oliver,0,0,17,11,4,3,0,0,full,0,0,,0,-1,0.03743315508021389,-6,0,0,4
2014/15,2014,2015-04-26,Everton,Man United,A Marriner,3,0,6,10,0,2,0,0,full,0,0,,0,2,0.2,4,0,0,4
2014/15,2014,2015-04-28,Hull,Liverpool,L Probert,1,0,10,10,2,0,0,0,full,0,0,,0,-2,-0.2,0,0,0,4
2014/15,2014,2015-04-29,Leicester,Chelsea,M Clattenburg,1,3,10,1,1,0,0,0,full,0,0,,1,-1,,-9,0,0,4
2014/15,2014,2015-05-02,Aston Villa,Everton,M Clattenburg,3,2,13,12,2,1,0,0,full,0,0,,0,-1,-0.07051282051282053,-1,0,0,4
2014/15,2014,2015-05-02,Leicester,Newcastle,M Dean,3,0,10,13,1,2,0,2,full,0,0,,0,1,0.05384615384615385,3,2,0,4
2014/15,2014,2015-05-02,Liverpool,QPR,M Atkinson,2,1,9,18,2,3,0,1,full,0,0,,0,1,-0.05555555555555555,9,1,0,4
2014/15,2014,2015-05-02,Man United,West Brom,A Taylor,0,1,10,11,1,0,0,0,full,0,0,,0,-1,-0.1,1,0,0,4
2014/15,2014,2015-05-02,Sunderland,Southampton,M Jones,2,1,12,13,2,2,0,1,full,0,0,,0,0,-0.012820512820512803,1,1,0,4
2014/15,2014,2015-05-02,Swansea,Stoke,C Pawson,2,0,9,18,1,2,0,1,full,0,0,,0,1,0.0,9,1,0,4
2014/15,2014,2015-05-02,West Ham,Burnley,J Moss,1,0,11,7,3,2,0,1,full,0,0,,0,-1,0.012987012987012991,-4,1,0,4
2014/15,2014,2015-05-03,Chelsea,Crystal Palace,K Friend,1,0,12,13,2,2,0,0,full,0,0,,0,0,-0.012820512820512803,1,0,0,4
2014/15,2014,2015-05-03,Tottenham,Man City,A Marriner,0,1,6,11,3,4,0,0,full,0,0,,0,1,-0.13636363636363635,5,0,0,4
2014/15,2014,2015-05-04,Hull,Arsenal,L Mason,1,3,8,11,2,0,0,0,full,0,0,,0,-2,-0.25,3,0,0,4
2014/15,2014,2015-05-09,Aston Villa,West Ham,L Mason,1,0,6,13,1,1,0,0,full,0,0,,0,0,-0.08974358974358973,7,0,0,4
2014/15,2014,2015-05-09,Crystal Palace,Man United,M Oliver,1,2,13,12,0,1,0,0,full,0,0,,0,1,0.08333333333333333,-1,0,0,4
2014/15,2014,2015-05-09,Everton,Sunderland,L Probert,0,2,10,9,2,3,0,0,full,0,0,,0,1,0.1333333333333333,-1,0,0,4
2014/15,2014,2015-05-09,Hull,Burnley,M Atkinson,0,1,16,12,1,1,0,0,full,0,0,,0,0,0.02083333333333333,-4,0,0,4
2014/15,2014,2015-05-09,Leicester,Southampton,R East,2,0,12,10,1,0,0,0,full,0,0,,0,-1,-0.08333333333333333,-2,0,0,4
2014/15,2014,2015-05-09,Newcastle,West Brom,C Foy,1,1,11,17,2,3,0,0,full,0,0,,0,1,-0.005347593582887694,6,0,0,4
2014/15,2014,2015-05-09,Stoke,Tottenham,M Clattenburg,3,0,14,12,0,0,0,1,full,0,0,,0,0,0.0,-2,1,0,4
2014/15,2014,2015-05-10,Chelsea,Liverpool,A Marriner,1,1,13,11,4,3,0,0,full,0,0,,0,-1,-0.034965034965035,-2,0,0,4
2014/15,2014,2015-05-10,Man City,QPR,M Dean,6,0,12,7,0,1,0,0,full,0,0,,0,1,0.14285714285714285,-5,0,0,4
2014/15,2014,2015-05-11,Arsenal,Swansea,K Friend,0,1,7,10,0,1,0,0,full,0,0,,0,1,0.1,3,0,0,4
2014/15,2014,2015-05-16,Burnley,Stoke,M Oliver,0,0,14,9,1,2,0,0,full,0,0,,0,1,0.15079365079365079,-5,0,0,4
2014/15,2014,2015-05-16,Liverpool,Crystal Palace,J Moss,1,3,10,17,2,3,0,0,full,0,0,,0,1,-0.023529411764705882,7,0,0,4
2014/15,2014,2015-05-16,QPR,Newcastle,L Probert,2,1,12,8,2,0,0,0,full,0,0,,0,-2,-0.16666666666666666,-4,0,0,4
2014/15,2014,2015-05-16,Southampton,Aston Villa,R Madley,6,1,19,7,1,1,0,0,full,0,0,,0,0,0.09022556390977443,-12,0,0,4
2014/15,2014,2015-05-16,Sunderland,Leicester,M Atkinson,0,0,14,15,4,1,0,0,full,0,0,,0,-3,-0.21904761904761905,1,0,0,4
2014/15,2014,2015-05-16,Tottenham,Hull,A Taylor,2,0,10,6,3,1,0,0,full,0,0,,0,-2,-0.13333333333333333,-4,0,0,4
2014/15,2014,2015-05-16,West Ham,Everton,K Friend,1,2,12,14,1,4,0,0,full,0,0,,0,3,0.20238095238095238,2,0,0,4
2014/15,2014,2015-05-17,Man United,Arsenal,M Dean,1,1,16,8,1,0,0,0,full,0,0,,0,-1,-0.0625,-8,0,0,4
2014/15,2014,2015-05-17,Swansea,Man City,M Clattenburg,2,4,8,8,0,3,0,0,full,0,0,,0,3,0.375,0,0,0,4
2014/15,2014,2015-05-18,West Brom,Chelsea,M Jones,3,0,12,11,3,2,0,1,full,0,0,,0,-1,-0.06818181818181818,-1,1,0,4
2014/15,2014,2015-05-20,Arsenal,Sunderland,A Taylor,0,0,6,8,1,0,0,0,full,0,0,,0,-1,-0.16666666666666666,2,0,0,4
2014/15,2014,2015-05-24,Arsenal,West Brom,R Madley,4,1,6,7,1,0,0,0,full,0,0,,0,-1,-0.16666666666666666,1,0,0,4
2014/15,2014,2015-05-24,Aston Villa,Burnley,M Jones,0,1,9,6,1,2,0,0,full,0,0,,0,1,0.2222222222222222,-3,0,0,4
2014/15,2014,2015-05-24,Chelsea,Sunderland,L Mason,3,1,12,8,2,1,0,0,full,0,0,,0,-1,-0.04166666666666666,-4,0,0,4
2014/15,2014,2015-05-24,Crystal Palace,Swansea,C Pawson,1,0,22,13,3,0,0,0,full,0,0,,0,-3,-0.13636363636363635,-9,0,0,4
2014/15,2014,2015-05-24,Everton,Tottenham,J Moss,0,1,12,8,1,2,0,0,full,0,0,,0,1,0.16666666666666669,-4,0,0,4
2014/15,2014,2015-05-24,Hull,Man United,L Probert,0,0,12,15,2,2,0,1,full,0,0,,0,0,-0.033333333333333326,3,1,0,4
2014/15,2014,2015-05-24,Leicester,QPR,M Oliver,5,1,7,6,0,0,0,0,full,0,0,,0,0,0.0,-1,0,0,4
2014/15,2014,2015-05-24,Man City,Southampton,C Foy,2,0,13,8,1,1,0,0,full,0,0,,0,0,0.04807692307692307,-5,0,0,4
2014/15,2014,2015-05-24,Newcastle,West Ham,M Atkinson,2,0,9,9,2,1,0,0,full,0,0,,0,-1,-0.1111111111111111,0,0,0,4
2014/15,2014,2015-05-24,Stoke,Liverpool,A Taylor,6,1,13,4,4,2,0,0,full,0,0,,0,-2,0.1923076923076923,-9,0,0,4
2015/16,2015,2015-08-08,Bournemouth,Aston Villa,M Clattenburg,0,1,13,13,3,4,0,0,full,0,0,,0,1,0.07692307692307693,0,0,0,5
2015/16,2015,2015-08-08,Chelsea,Swansea,M Oliver,2,2,15,16,1,3,1,0,full,0,0,,0,2,0.12083333333333333,1,-1,0,5
2015/16,2015,2015-08-08,Everton,Watford,M Jones,2,2,7,13,1,2,0,0,full,0,0,,0,1,0.010989010989011005,6,0,0,5
2015/16,2015,2015-08-08,Leicester,Sunderland,L Mason,4,2,13,17,2,4,0,0,full,0,0,,0,2,0.08144796380090497,4,0,0,5
2015/16,2015,2015-08-08,Man United,Tottenham,J Moss,1,0,12,12,2,3,0,0,full,0,0,,0,1,0.08333333333333334,0,0,0,5
2015/16,2015,2015-08-08,Norwich,Crystal Palace,S Hooper,1,3,14,20,1,0,0,0,full,0,0,,0,-1,-0.07142857142857142,6,0,0,5
2015/16,2015,2015-08-09,Arsenal,West Ham,M Atkinson,0,2,12,9,1,3,0,0,full,0,0,,0,2,0.25,-3,0,0,5
2015/16,2015,2015-08-09,Newcastle,Southampton,C Pawson,2,2,9,12,2,4,0,0,full,0,0,,0,2,0.1111111111111111,3,0,0,5
2015/16,2015,2015-08-09,Stoke,Liverpool,A Taylor,0,1,9,16,2,4,0,0,full,0,0,,0,2,0.02777777777777779,7,0,0,5
2015/16,2015,2015-08-10,West Brom,Man City,M Dean,0,3,12,9,4,1,0,0,full,0,0,,0,-3,-0.2222222222222222,-3,0,0,5
2015/16,2015,2015-08-14,Aston Villa,Man United,M Dean,0,1,14,10,2,2,0,0,full,0,0,,0,0,0.05714285714285716,-4,0,0,5
2015/16,2015,2015-08-15,Southampton,Everton,M Oliver,0,3,11,10,4,2,0,0,full,0,0,,0,-2,-0.16363636363636364,-1,0,0,5
2015/16,2015,2015-08-15,Sunderland,Norwich,K Friend,1,3,7,7,1,2,0,0,full,0,0,,0,1,0.14285714285714285,0,0,0,5
2015/16,2015,2015-08-15,Swansea,Newcastle,M Jones,2,0,11,8,2,1,0,1,full,0,0,,0,-1,-0.05681818181818182,-3,1,0,5
2015/16,2015,2015-08-15,Tottenham,Stoke,R Madley,2,2,15,11,2,2,0,0,full,0,0,,0,0,0.04848484848484849,-4,0,0,5
2015/16,2015,2015-08-15,Watford,West Brom,P Tierney,0,0,13,10,1,2,0,0,full,0,0,,0,1,0.12307692307692308,-3,0,0,5
2015/16,2015,2015-08-15,West Ham,Leicester,A Taylor,1,2,11,12,1,3,1,0,full,0,0,,0,2,0.1590909090909091,1,-1,0,5
2015/16,2015,2015-08-16,Crystal Palace,Arsenal,L Mason,1,2,14,12,1,1,0,0,full,0,0,,0,0,0.011904761904761904,-2,0,0,5
2015/16,2015,2015-08-16,Man City,Chelsea,M Atkinson,3,0,19,13,4,2,0,0,full,0,0,,0,-2,-0.05668016194331982,-6,0,0,5
2015/16,2015,2015-08-17,Liverpool,Bournemouth,C Pawson,1,0,11,18,1,4,0,0,full,0,0,,0,3,0.1313131313131313,7,0,0,5
2015/16,2015,2015-08-22,Crystal Palace,Aston Villa,K Stroud,2,1,12,15,3,3,0,0,full,0,0,,0,0,-0.04999999999999999,3,0,0,5
2015/16,2015,2015-08-22,Leicester,Tottenham,M Atkinson,1,1,7,14,1,4,0,0,full,0,0,,0,3,0.14285714285714285,7,0,0,5
2015/16,2015,2015-08-22,Man United,Newcastle,C Pawson,0,0,15,11,2,2,0,0,full,0,0,,0,0,0.04848484848484849,-4,0,0,5
2015/16,2015,2015-08-22,Norwich,Stoke,M Dean,1,1,16,5,4,1,0,0,full,0,0,,0,-3,-0.04999999999999999,-11,0,0,5
2015/16,2015,2015-08-22,Sunderland,Swansea,N Swarbrick,1,1,16,9,4,2,0,0,full,0,0,,0,-2,-0.02777777777777779,-7,0,0,5
2015/16,2015,2015-08-22,West Ham,Bournemouth,J Moss,3,4,8,11,0,0,1,0,full,0,0,,0,0,0.0,3,-1,0,5
2015/16,2015,2015-08-23,Everton,Man City,A Taylor,0,2,5,7,0,3,0,0,full,0,0,,0,3,0.42857142857142855,2,0,0,5
2015/16,2015,2015-08-23,Watford,Southampton,A Marriner,0,0,10,11,0,2,0,0,full,0,0,,0,2,0.18181818181818182,1,0,0,5
2015/16,2015,2015-08-23,West Brom,Chelsea,M Clattenburg,2,3,9,12,2,1,0,1,full,0,0,,0,-1,-0.1388888888888889,3,1,0,5
2015/16,2015,2015-08-24,Arsenal,Liverpool,M Oliver,0,0,2,13,1,4,0,0,full,0,0,,1,3,,11,0,0,5
2015/16,2015,2015-08-29,Aston Villa,Sunderland,R Madley,2,2,10,14,2,1,0,0,full,0,0,,0,-1,-0.1285714285714286,4,0,0,5
2015/16,2015,2015-08-29,Bournemouth,Leicester,N Swarbrick,1,1,9,19,2,4,0,0,full,0,0,,0,2,-0.011695906432748537,10,0,0,5
2015/16,2015,2015-08-29,Chelsea,Crystal Palace,C Pawson,1,2,9,15,1,1,0,0,full,0,0,,0,0,-0.04444444444444444,6,0,0,5
2015/16,2015,2015-08-29,Liverpool,West Ham,K Friend,0,3,17,11,3,1,1,1,full,0,0,,0,-2,-0.08556149732620322,-6,0,0,5
2015/16,2015,2015-08-29,Man City,Watford,M Clattenburg,2,0,9,12,1,2,0,0,full,0,0,,0,1,0.05555555555555555,3,0,0,5
2015/16,2015,2015-08-29,Newcastle,Arsenal,A Marriner,0,1,15,8,6,1,1,0,full,0,0,,0,-5,-0.275,-7,-1,0,5
2015/16,2015,2015-08-29,Stoke,West Brom,M Oliver,0,1,4,9,1,4,2,0,full,0,0,,0,3,0.19444444444444442,5,-2,0,5
2015/16,2015,2015-08-29,Tottenham,Everton,M Jones,0,0,20,9,4,1,0,0,full,0,0,,0,-3,-0.0888888888888889,-11,0,0,5
2015/16,2015,2015-08-30,Southampton,Norwich,J Moss,3,0,4,12,0,0,0,1,full,0,0,,0,0,0.0,8,1,0,5
2015/16,2015,2015-08-30,Swansea,Man United,M Atkinson,2,1,6,15,2,2,0,0,full,0,0,,0,0,-0.19999999999999998,9,0,0,5
2015/16,2015,2015-09-12,Arsenal,Stoke,J Moss,2,0,6,13,1,1,0,0,full,0,0,,0,0,-0.08974358974358973,7,0,0,5
2015/16,2015,2015-09-12,Crystal Palace,Man City,M Jones,0,1,13,13,2,3,0,0,full,0,0,,0,1,0.07692307692307693,0,0,0,5
2015/16,2015,2015-09-12,Everton,Chelsea,A Marriner,3,1,12,12,2,2,0,0,full,0,0,,0,0,0.0,0,0,0,5
2015/16,2015,2015-09-12,Man United,Liverpool,M Oliver,3,1,6,11,1,2,0,0,full,0,0,,0,1,0.015151515151515166,5,0,0,5
2015/16,2015,2015-09-12,Norwich,Bournemouth,M Atkinson,3,1,10,11,2,3,0,0,full,0,0,,0,1,0.0727272727272727,1,0,0,5
2015/16,2015,2015-09-12,Watford,Swansea,R Madley,1,0,11,14,1,1,1,0,full,0,0,,0,0,-0.019480519480519487,3,-1,0,5
2015/16,2015,2015-09-12,West Brom,Southampton,S Attwell,0,0,5,5,1,0,0,0,full,0,0,,0,-1,-0.2,0,0,0,5
2015/16,2015,2015-09-13,Leicester,Aston Villa,M Dean,3,2,8,13,2,1,0,0,full,0,0,,0,-1,-0.17307692307692307,5,0,0,5
2015/16,2015,2015-09-13,Sunderland,Tottenham,C Pawson,0,1,11,12,2,1,0,0,full,0,0,,0,-1,-0.0984848484848485,1,0,0,5
2015/16,2015,2015-09-14,West Ham,Newcastle,A Taylor,2,0,8,11,0,2,0,0,full,0,0,,0,2,0.18181818181818182,3,0,0,5
2015/16,2015,2015-09-19,Aston Villa,West Brom,M Atkinson,0,1,10,11,2,3,0,0,full,0,0,,0,1,0.0727272727272727,1,0,0,5
2015/16,2015,2015-09-19,Bournemouth,Sunderland,K Friend,2,0,14,15,2,4,0,1,full,0,0,,0,2,0.12380952380952381,1,1,0,5
2015/16,2015,2015-09-19,Chelsea,Arsenal,M Dean,2,0,12,11,3,1,0,2,full,0,0,,0,-2,-0.1590909090909091,-1,2,0,5
2015/16,2015,2015-09-19,Man City,West Ham,R Madley,1,2,10,7,1,2,0,0,full,0,0,,0,1,0.1857142857142857,-3,0,0,5
2015/16,2015,2015-09-19,Newcastle,Watford,R East,1,2,8,12,1,2,0,0,full,0,0,,0,1,0.04166666666666666,4,0,0,5
2015/16,2015,2015-09-19,Stoke,Leicester,A Marriner,2,2,7,12,1,4,0,0,full,0,0,,0,3,0.19047619047619047,5,0,0,5
2015/16,2015,2015-09-19,Swansea,Everton,S Attwell,0,0,12,11,2,2,0,1,full,0,0,,0,0,0.015151515151515166,-1,1,0,5
2015/16,2015,2015-09-20,Liverpool,Norwich,A Taylor,1,1,4,13,1,2,0,0,full,0,0,,0,1,-0.09615384615384615,9,0,0,5
2015/16,2015,2015-09-20,Southampton,Man United,M Clattenburg,2,3,6,13,2,0,0,0,full,0,0,,0,-2,-0.3333333333333333,7,0,0,5
2015/16,2015,2015-09-20,Tottenham,Crystal Palace,M Oliver,1,0,9,11,1,2,0,0,full,0,0,,0,1,0.07070707070707072,2,0,0,5
2015/16,2015,2015-09-26,Leicester,Arsenal,C Pawson,2,5,9,12,1,1,0,0,full,0,0,,0,0,-0.027777777777777776,3,0,0,5
2015/16,2015,2015-09-26,Liverpool,Aston Villa,J Moss,3,2,8,13,0,0,0,0,full,0,0,,0,0,0.0,5,0,0,5
2015/16,2015,2015-09-26,Man United,Sunderland,M Jones,3,0,12,17,0,3,0,0,full,0,0,,0,3,0.17647058823529413,5,0,0,5
2015/16,2015,2015-09-26,Newcastle,Chelsea,M Atkinson,2,2,12,15,1,2,0,0,full,0,0,,0,1,0.05,3,0,0,5
2015/16,2015,2015-09-26,Southampton,Swansea,R East,3,1,18,14,3,1,0,0,full,0,0,,0,-2,-0.09523809523809523,-4,0,0,5
2015/16,2015,2015-09-26,Stoke,Bournemouth,L Mason,2,1,13,11,1,0,0,0,full,0,0,,0,-1,-0.07692307692307693,-2,0,0,5
2015/16,2015,2015-09-26,Tottenham,Man City,M Clattenburg,4,1,17,6,5,1,0,0,full,0,0,,0,-4,-0.12745098039215688,-11,0,0,5
2015/16,2015,2015-09-26,West Ham,Norwich,M Dean,2,2,7,17,0,0,0,0,full,0,0,,0,0,0.0,10,0,0,5
2015/16,2015,2015-09-27,Watford,Crystal Palace,A Taylor,0,1,17,22,4,4,0,0,full,0,0,,0,0,-0.053475935828877,5,0,0,5
2015/16,2015,2015-09-28,West Brom,Everton,R Madley,2,3,9,8,0,3,0,0,full,0,0,,0,3,0.375,-1,0,0,5
2015/16,2015,2015-10-03,Aston Villa,Stoke,M Jones,0,1,12,12,1,0,0,0,full,0,0,,0,-1,-0.08333333333333333,0,0,0,5
2015/16,2015,2015-10-03,Bournemouth,Watford,M Oliver,1,1,8,13,1,1,0,0,full,0,0,,0,0,-0.04807692307692307,5,0,0,5
2015/16,2015,2015-10-03,Chelsea,Southampton,R Madley,1,3,14,14,2,5,0,0,full,0,0,,0,3,0.2142857142857143,0,0,0,5
2015/16,2015,2015-10-03,Crystal Palace,West Brom,J Moss,2,0,14,13,3,3,0,0,full,0,0,,0,0,0.016483516483516508,-1,0,0,5
2015/16,2015,2015-10-03,Man City,Newcastle,K Friend,6,1,13,8,3,1,0,0,full,0,0,,0,-2,-0.10576923076923078,-5,0,0,5
2015/16,2015,2015-10-03,Norwich,Leicester,M Clattenburg,1,2,4,4,0,1,0,0,full,0,0,,0,1,0.25,0,0,0,5
2015/16,2015,2015-10-03,Sunderland,West Ham,N Swarbrick,2,2,14,11,2,4,1,0,full,0,0,,0,2,0.2207792207792208,-3,-1,0,5
2015/16,2015,2015-10-04,Arsenal,Man United,A Taylor,3,0,8,17,1,3,0,0,full,0,0,,0,2,0.05147058823529413,9,0,0,5
2015/16,2015,2015-10-04,Everton,Liverpool,M Atkinson,1,1,10,19,3,3,0,0,full,0,0,,0,0,-0.14210526315789473,9,0,0,5
2015/16,2015,2015-10-04,Swansea,Tottenham,M Dean,2,2,8,19,1,4,0,0,full,0,0,,0,3,0.08552631578947367,11,0,0,5
2015/16,2015,2015-10-17,Chelsea,Aston Villa,R East,2,0,22,17,1,3,0,0,full,0,0,,0,2,0.1310160427807487,-5,0,0,5
2015/16,2015,2015-10-17,Crystal Palace,West Ham,M Clattenburg,1,3,9,11,1,3,1,0,full,0,0,,0,2,0.1616161616161616,2,-1,0,5
2015/16,2015,2015-10-17,Everton,Man United,J Moss,0,3,12,14,2,2,0,0,full,0,0,,0,0,-0.023809523809523808,2,0,0,5
2015/16,2015,2015-10-17,Man City,Bournemouth,M Dean,5,1,11,5,2,1,0,0,full,0,0,,0,-1,0.018181818181818188,-6,0,0,5
2015/16,2015,2015-10-17,Southampton,Leicester,P Tierney,2,2,16,10,2,0,0,0,full,0,0,,0,-2,-0.125,-6,0,0,5
2015/16,2015,2015-10-17,Tottenham,Liverpool,C Pawson,0,0,15,11,1,2,0,0,full,0,0,,0,1,0.11515151515151516,-4,0,0,5
2015/16,2015,2015-10-17,Watford,Arsenal,M Jones,0,3,11,12,2,1,0,0,full,0,0,,0,-1,-0.0984848484848485,1,0,0,5
2015/16,2015,2015-10-17,West Brom,Sunderland,M Atkinson,1,0,12,13,2,2,0,0,full,0,0,,0,0,-0.012820512820512803,1,0,0,5
2015/16,2015,2015-10-18,Newcastle,Norwich,A Taylor,6,2,10,10,1,1,0,0,full,0,0,,0,0,0.0,0,0,0,5
2015/16,2015,2015-10-19,Swansea,Stoke,R Madley,0,1,6,14,2,2,0,0,full,0,0,,0,0,-0.19047619047619047,8,0,0,5
2015/16,2015,2015-10-24,Arsenal,Everton,L Mason,2,1,11,14,2,0,0,1,full,0,0,,0,-2,-0.18181818181818182,3,1,0,5
2015/16,2015,2015-10-24,Aston Villa,Swansea,N Swarbrick,1,2,10,8,2,3,0,0,full,0,0,,0,1,0.175,-2,0,0,5
2015/16,2015,2015-10-24,Leicester,Crystal Palace,M Dean,1,0,7,11,3,1,0,0,full,0,0,,0,-2,-0.33766233766233766,4,0,0,5
2015/16,2015,2015-10-24,Norwich,West Brom,K Friend,0,1,11,6,1,2,0,0,full,0,0,,0,1,0.2424242424242424,-5,0,0,5
2015/16,2015,2015-10-24,Stoke,Watford,M Atkinson,0,2,10,18,3,1,0,0,full,0,0,,0,-2,-0.24444444444444444,8,0,0,5
2015/16,2015,2015-10-24,West Ham,Chelsea,J Moss,2,1,10,12,1,5,0,1,full,0,0,,0,4,0.31666666666666665,2,1,0,5
2015/16,2015,2015-10-25,Bournemouth,Tottenham,R East,1,5,8,15,0,1,0,0,full,0,0,,0,1,0.06666666666666667,7,0,0,5
2015/16,2015,2015-10-25,Liverpool,Southampton,A Marriner,1,1,8,11,1,0,0,1,full,0,0,,0,-1,-0.125,3,1,0,5
2015/16,2015,2015-10-25,Man United,Man City,M Clattenburg,0,0,17,13,2,2,0,0,full,0,0,,0,0,0.036199095022624445,-4,0,0,5
2015/16,2015,2015-10-25,Sunderland,Newcastle,R Madley,3,0,12,10,0,2,0,1,full,0,0,,0,2,0.2,-2,1,0,5
2015/16,2015,2015-10-31,Chelsea,Liverpool,M Clattenburg,1,3,9,21,1,4,0,0,full,0,0,,0,3,0.07936507936507936,12,0,0,5
2015/16,2015,2015-10-31,Crystal Palace,Man United,M Jones,0,0,12,15,3,3,0,0,full,0,0,,0,0,-0.04999999999999999,3,0,0,5
2015/16,2015,2015-10-31,Man City,Norwich,R Madley,2,1,4,13,2,2,0,1,full,0,0,,0,0,-0.34615384615384615,9,1,0,5
2015/16,2015,2015-10-31,Newcastle,Stoke,R East,0,0,6,16,1,3,0,0,full,0,0,,0,2,0.020833333333333343,10,0,0,5
2015/16,2015,2015-10-31,Swansea,Arsenal,K Friend,0,3,12,7,2,0,0,0,full,0,0,,0,-2,-0.16666666666666666,-5,0,0,5
2015/16,2015,2015-10-31,Watford,West Ham,K Stroud,2,0,16,12,3,0,0,1,full,0,0,,0,-3,-0.1875,-4,1,0,5
2015/16,2015,2015-10-31,West Brom,Leicester,A Taylor,2,3,3,11,0,2,0,0,full,0,0,,0,2,0.18181818181818182,8,0,0,5
2015/16,2015,2015-11-01,Everton,Sunderland,A Marriner,6,2,6,5,3,2,0,0,full,0,0,,0,-1,-0.09999999999999998,-1,0,0,5
2015/16,2015,2015-11-01,Southampton,Bournemouth,C Pawson,2,0,5,5,0,2,1,0,full,0,0,,0,2,0.4,0,-1,0,5
2015/16,2015,2015-11-02,Tottenham,Aston Villa,M Dean,3,1,6,15,0,3,0,0,full,0,0,,0,3,0.2,9,0,0,5
2015/16,2015,2015-11-07,Bournemouth,Newcastle,L Mason,0,1,9,11,2,2,0,0,full,0,0,,0,0,-0.04040404040404039,2,0,0,5
2015/16,2015,2015-11-07,Leicester,Watford,R East,2,1,10,10,0,1,0,0,full,0,0,,0,1,0.1,0,0,0,5
2015/16,2015,2015-11-07,Man United,West Brom,M Dean,2,0,11,10,1,3,0,1,full,0,0,,0,2,0.20909090909090908,-1,1,0,5
2015/16,2015,2015-11-07,Norwich,Swansea,M Clattenburg,1,0,12,7,1,0,0,0,full,0,0,,0,-1,-0.08333333333333333,-5,0,0,5
2015/16,2015,2015-11-07,Stoke,Chelsea,A Taylor,1,0,13,10,3,1,0,0,full,0,0,,0,-2,-0.13076923076923078,-3,0,0,5
2015/16,2015,2015-11-07,Sunderland,Southampton,M Jones,0,1,3,7,1,3,0,0,full,0,0,,0,2,0.09523809523809523,4,0,0,5
2015/16,2015,2015-11-07,West Ham,Everton,P Tierney,1,1,11,12,1,2,0,0,full,0,0,,0,1,0.07575757575757575,1,0,0,5
2015/16,2015,2015-11-08,Arsenal,Tottenham,M Atkinson,1,1,12,17,0,1,0,0,full,0,0,,0,1,0.058823529411764705,5,0,0,5
2015/16,2015,2015-11-08,Aston Villa,Man City,C Pawson,0,0,7,7,1,1,0,0,full,0,0,,0,0,0.0,0,0,0,5
2015/16,2015,2015-11-08,Liverpool,Crystal Palace,N Swarbrick,1,2,7,6,1,2,0,0,full,0,0,,0,1,0.19047619047619047,-1,0,0,5
2015/16,2015,2015-11-21,Chelsea,Norwich,C Pawson,1,0,4,12,1,4,0,0,full,0,0,,0,3,0.08333333333333331,8,0,0,5
2015/16,2015,2015-11-21,Everton,Aston Villa,M Oliver,4,0,6,9,0,0,0,0,full,0,0,,0,0,0.0,3,0,0,5
2015/16,2015,2015-11-21,Man City,Liverpool,J Moss,1,4,5,13,0,3,0,0,full,0,0,,0,3,0.23076923076923078,8,0,0,5
2015/16,2015,2015-11-21,Newcastle,Leicester,M Jones,0,3,9,12,4,1,0,0,full,0,0,,0,-3,-0.3611111111111111,3,0,0,5
2015/16,2015,2015-11-21,Southampton,Stoke,L Mason,0,1,8,8,2,0,0,0,full,0,0,,0,-2,-0.25,0,0,0,5
2015/16,2015,2015-11-21,Swansea,Bournemouth,A Marriner,2,2,7,9,3,2,0,0,full,0,0,,0,-1,-0.20634920634920634,2,0,0,5
2015/16,2015,2015-11-21,Watford,Man United,R Madley,1,2,6,12,1,2,0,0,full,0,0,,0,1,0.0,6,0,0,5
2015/16,2015,2015-11-21,West Brom,Arsenal,M Clattenburg,2,1,14,10,3,2,0,0,full,0,0,,0,-1,-0.014285714285714263,-4,0,0,5
2015/16,2015,2015-11-22,Tottenham,West Ham,A Taylor,4,1,13,9,2,2,0,0,full,0,0,,0,0,0.06837606837606836,-4,0,0,5
2015/16,2015,2015-11-23,Crystal Palace,Sunderland,M Atkinson,0,1,18,11,1,3,0,0,full,0,0,,0,2,0.21717171717171715,-7,0,0,5
2015/16,2015,2015-11-28,Aston Villa,Watford,L Mason,2,3,6,13,2,3,0,0,full,0,0,,0,1,-0.10256410256410253,7,0,0,5
2015/16,2015,2015-11-28,Bournemouth,Everton,K Friend,3,3,6,6,2,0,0,0,full,0,0,,0,-2,-0.3333333333333333,0,0,0,5
2015/16,2015,2015-11-28,Crystal Palace,Newcastle,S Attwell,5,1,7,13,1,1,0,0,full,0,0,,0,0,-0.06593406593406592,6,0,0,5
2015/16,2015,2015-11-28,Leicester,Man United,C Pawson,1,1,5,7,0,1,0,0,full,0,0,,0,1,0.14285714285714285,2,0,0,5
2015/16,2015,2015-11-28,Man City,Southampton,R East,3,1,14,11,2,1,0,0,full,0,0,,0,-1,-0.05194805194805194,-3,0,0,5
2015/16,2015,2015-11-28,Sunderland,Stoke,M Dean,2,0,4,10,0,2,0,1,full,0,0,,0,2,0.2,6,1,0,5
2015/16,2015,2015-11-29,Liverpool,Swansea,A Taylor,1,0,12,6,3,1,0,0,full,0,0,,0,-2,-0.08333333333333334,-6,0,0,5
2015/16,2015,2015-11-29,Norwich,Arsenal,J Moss,1,1,8,6,1,1,0,0,full,0,0,,0,0,0.04166666666666666,-2,0,0,5
2015/16,2015,2015-11-29,Tottenham,Chelsea,M Oliver,0,0,14,9,4,2,0,0,full,0,0,,0,-2,-0.06349206349206349,-5,0,0,5
2015/16,2015,2015-11-29,West Ham,West Brom,M Atkinson,1,1,15,16,0,2,0,0,full,0,0,,0,2,0.125,1,0,0,5
2015/16,2015,2015-12-05,Arsenal,Sunderland,R Madley,3,1,7,11,1,1,0,0,full,0,0,,0,0,-0.05194805194805194,4,0,0,5
2015/16,2015,2015-12-05,Chelsea,Bournemouth,M Jones,0,1,10,13,2,1,0,0,full,0,0,,0,-1,-0.12307692307692308,3,0,0,5
2015/16,2015,2015-12-05,Man United,West Ham,M Clattenburg,0,0,9,13,1,0,0,0,full,0,0,,0,-1,-0.1111111111111111,4,0,0,5
2015/16,2015,2015-12-05,Southampton,Aston Villa,A Taylor,1,1,4,9,1,2,0,0,full,0,0,,0,1,-0.02777777777777779,5,0,0,5
2015/16,2015,2015-12-05,Stoke,Man City,M Atkinson,2,0,9,10,0,1,0,0,full,0,0,,0,1,0.1,1,0,0,5
2015/16,2015,2015-12-05,Swansea,Leicester,M Oliver,0,3,3,19,2,3,0,0,full,0,0,,0,1,-0.5087719298245614,16,0,0,5
2015/16,2015,2015-12-05,Watford,Norwich,M Dean,2,0,11,10,3,3,0,0,full,0,0,,0,0,0.027272727272727282,-1,0,0,5
2015/16,2015,2015-12-05,West Brom,Tottenham,J Moss,1,1,13,10,3,2,0,0,full,0,0,,0,-1,-0.03076923076923077,-3,0,0,5
2015/16,2015,2015-12-06,Newcastle,Liverpool,A Marriner,2,0,6,10,3,1,0,0,full,0,0,,0,-2,-0.4,4,0,0,5
2015/16,2015,2015-12-07,Everton,Crystal Palace,C Pawson,1,1,4,11,1,2,0,0,full,0,0,,0,1,-0.06818181818181818,7,0,0,5
2015/16,2015,2015-12-12,Bournemouth,Man United,A Taylor,2,1,12,12,2,1,0,0,full,0,0,,0,-1,-0.08333333333333333,0,0,0,5
2015/16,2015,2015-12-12,Crystal Palace,Southampton,M Dean,1,0,11,13,0,0,0,0,full,0,0,,0,0,0.0,2,0,0,5
2015/16,2015,2015-12-12,Man City,Swansea,R Madley,2,1,13,15,3,1,0,0,full,0,0,,0,-2,-0.16410256410256413,2,0,0,5
2015/16,2015,2015-12-12,Norwich,Everton,M Atkinson,1,1,9,6,1,0,0,0,full,0,0,,0,-1,-0.1111111111111111,-3,0,0,5
2015/16,2015,2015-12-12,Sunderland,Watford,G Scott,0,1,6,9,1,0,0,0,full,0,0,,0,-1,-0.16666666666666666,3,0,0,5
2015/16,2015,2015-12-12,West Ham,Stoke,A Marriner,0,0,7,9,1,2,0,0,full,0,0,,0,1,0.07936507936507936,2,0,0,5
2015/16,2015,2015-12-13,Aston Villa,Arsenal,K Friend,0,2,8,7,0,0,0,0,full,0,0,,0,0,0.0,-1,0,0,5
2015/16,2015,2015-12-13,Liverpool,West Brom,C Pawson,2,2,7,10,0,0,0,0,full,0,0,,0,0,0.0,3,0,0,5
2015/16,2015,2015-12-13,Tottenham,Newcastle,R East,1,2,13,14,2,2,0,0,full,0,0,,0,0,-0.010989010989011005,1,0,0,5
2015/16,2015,2015-12-14,Leicester,Chelsea,M Clattenburg,2,1,16,8,2,0,0,0,full,0,0,,0,-2,-0.125,-8,0,0,5
2015/16,2015,2015-12-19,Chelsea,Sunderland,R East,3,1,12,12,1,3,0,0,full,0,0,,0,2,0.16666666666666669,0,0,0,5
2015/16,2015,2015-12-19,Everton,Leicester,J Moss,2,3,6,14,2,1,0,0,full,0,0,,0,-1,-0.26190476190476186,8,0,0,5
2015/16,2015,2015-12-19,Man United,Norwich,M Oliver,1,2,4,10,0,2,0,0,full,0,0,,0,2,0.2,6,0,0,5
2015/16,2015,2015-12-19,Newcastle,Aston Villa,M Atkinson,1,1,9,14,1,3,0,0,full,0,0,,0,2,0.10317460317460317,5,0,0,5
2015/16,2015,2015-12-19,Southampton,Tottenham,K Friend,0,2,18,9,1,1,0,0,full,0,0,,0,0,0.05555555555555555,-9,0,0,5
2015/16,2015,2015-12-19,Stoke,Crystal Palace,R Madley,1,2,6,12,2,0,0,0,full,0,0,,0,-2,-0.3333333333333333,6,0,0,5
2015/16,2015,2015-12-19,West Brom,Bournemouth,M Dean,1,2,12,9,2,1,2,0,full,0,0,,0,-1,-0.05555555555555555,-3,-2,0,5
2015/16,2015,2015-12-20,Swansea,West Ham,L Mason,0,0,6,9,0,1,0,0,full,0,0,,0,1,0.1111111111111111,3,0,0,5
2015/16,2015,2015-12-20,Watford,Liverpool,M Clattenburg,3,0,6,9,1,0,0,0,full,0,0,,0,-1,-0.16666666666666666,3,0,0,5
2015/16,2015,2015-12-21,Arsenal,Man City,A Marriner,2,1,5,16,0,2,0,0,full,0,0,,0,2,0.125,11,0,0,5
2015/16,2015,2015-12-26,Aston Villa,West Ham,M Dean,1,1,14,13,3,3,0,0,full,0,0,,0,0,0.016483516483516508,-1,0,0,5
2015/16,2015,2015-12-26,Bournemouth,Crystal Palace,M Oliver,0,0,10,13,1,0,0,0,full,0,0,,0,-1,-0.1,3,0,0,5
2015/16,2015,2015-12-26,Chelsea,Watford,A Marriner,2,2,7,15,1,4,0,0,full,0,0,,0,3,0.12380952380952381,8,0,0,5
2015/16,2015,2015-12-26,Liverpool,Leicester,M Atkinson,1,0,11,8,2,1,0,0,full,0,0,,0,-1,-0.05681818181818182,-3,0,0,5
2015/16,2015,2015-12-26,Man City,Sunderland,A Taylor,4,1,10,11,1,1,0,0,full,0,0,,0,0,-0.009090909090909094,1,0,0,5
2015/16,2015,2015-12-26,Newcastle,Everton,L Mason,0,1,16,12,2,2,0,0,full,0,0,,0,0,0.04166666666666666,-4,0,0,5
2015/16,2015,2015-12-26,Southampton,Arsenal,J Moss,4,0,10,9,1,0,0,0,full,0,0,,0,-1,-0.1,-1,0,0,5
2015/16,2015,2015-12-26,Stoke,Man United,K Friend,2,0,13,16,1,2,0,0,full,0,0,,0,1,0.04807692307692307,3,0,0,5
2015/16,2015,2015-12-26,Swansea,West Brom,R East,1,0,10,13,1,3,0,0,full,0,0,,0,2,0.13076923076923078,3,0,0,5
2015/16,2015,2015-12-26,Tottenham,Norwich,M Jones,3,0,4,13,1,2,0,0,full,0,0,,0,1,-0.09615384615384615,9,0,0,5
2015/16,2015,2015-12-28,Arsenal,Bournemouth,R East,2,0,7,8,2,0,0,0,full,0,0,,0,-2,-0.2857142857142857,1,0,0,5
2015/16,2015,2015-12-28,Crystal Palace,Swansea,N Swarbrick,0,0,11,16,3,2,0,0,full,0,0,,0,-1,-0.1477272727272727,5,0,0,5
2015/16,2015,2015-12-28,Everton,Stoke,M Clattenburg,3,4,10,12,2,1,0,0,full,0,0,,0,-1,-0.11666666666666668,2,0,0,5
2015/16,2015,2015-12-28,Man United,Chelsea,M Atkinson,0,0,16,6,4,2,0,0,full,0,0,,0,-2,0.08333333333333331,-10,0,0,5
2015/16,2015,2015-12-28,Norwich,Aston Villa,G Scott,2,0,10,21,2,5,0,0,full,0,0,,0,3,0.03809523809523807,11,0,0,5
2015/16,2015,2015-12-28,Watford,Tottenham,A Taylor,1,2,11,13,4,2,1,0,full,0,0,,0,-2,-0.2097902097902098,2,-1,0,5
2015/16,2015,2015-12-28,West Brom,Newcastle,M Jones,1,0,7,13,0,0,0,0,full,0,0,,0,0,0.0,6,0,0,5
2015/16,2015,2015-12-28,West Ham,Southampton,M Oliver,2,1,6,12,1,3,0,0,full,0,0,,0,2,0.08333333333333334,6,0,0,5
2015/16,2015,2015-12-29,Leicester,Man City,C Pawson,0,0,11,8,1,3,0,0,full,0,0,,0,2,0.28409090909090906,-3,0,0,5
2015/16,2015,2015-12-30,Sunderland,Liverpool,K Friend,0,1,8,16,1,3,0,0,full,0,0,,0,2,0.0625,8,0,0,5
2015/16,2015,2016-01-02,Arsenal,Newcastle,A Taylor,1,0,10,9,2,2,0,0,full,0,0,,0,0,0.0222222222222222,-1,0,0,5
2015/16,2015,2016-01-02,Leicester,Bournemouth,A Marriner,0,0,9,5,1,1,0,1,full,0,0,,0,0,0.0888888888888889,-4,1,0,5
2015/16,2015,2016-01-02,Man United,Swansea,J Moss,2,1,14,10,2,1,0,0,full,0,0,,0,-1,-0.042857142857142844,-4,0,0,5
2015/16,2015,2016-01-02,Norwich,Southampton,M Clattenburg,1,0,9,7,1,0,0,1,full,0,0,,0,-1,-0.1111111111111111,-2,1,0,5
2015/16,2015,2016-01-02,Sunderland,Aston Villa,C Pawson,3,1,8,13,3,4,0,0,full,0,0,,0,1,-0.06730769230769229,5,0,0,5
2015/16,2015,2016-01-02,Watford,Man City,M Atkinson,1,2,6,10,1,0,0,0,full,0,0,,0,-1,-0.16666666666666666,4,0,0,5
2015/16,2015,2016-01-02,West Brom,Stoke,L Mason,2,1,7,15,1,1,0,1,full,0,0,,0,0,-0.07619047619047618,8,1,0,5
2015/16,2015,2016-01-02,West Ham,Liverpool,R Madley,2,0,11,8,1,1,0,0,full,0,0,,0,0,0.03409090909090909,-3,0,0,5
2015/16,2015,2016-01-03,Crystal Palace,Chelsea,K Friend,0,3,12,15,3,0,0,0,full,0,0,,0,-3,-0.25,3,0,0,5
2015/16,2015,2016-01-03,Everton,Tottenham,M Oliver,1,1,8,11,1,2,0,0,full,0,0,,0,1,0.05681818181818182,3,0,0,5
2015/16,2015,2016-01-12,Aston Villa,Crystal Palace,M Clattenburg,1,0,15,9,2,1,0,0,full,0,0,,0,-1,-0.022222222222222227,-6,0,0,5
2015/16,2015,2016-01-12,Bournemouth,West Ham,M Atkinson,1,3,8,5,1,1,0,0,full,0,0,,0,0,0.07500000000000001,-3,0,0,5
2015/16,2015,2016-01-12,Newcastle,Man United,M Dean,3,3,10,12,1,3,0,0,full,0,0,,0,2,0.15,2,0,0,5
2015/16,2015,2016-01-13,Chelsea,West Brom,A Taylor,2,2,13,8,3,3,0,0,full,0,0,,0,0,0.14423076923076922,-5,0,0,5
2015/16,2015,2016-01-13,Liverpool,Arsenal,M Jones,3,3,9,7,2,0,0,0,full,0,0,,0,-2,-0.2222222222222222,-2,0,0,5
2015/16,2015,2016-01-13,Man City,Everton,R East,0,0,5,6,0,1,0,0,full,0,0,,0,1,0.16666666666666666,1,0,0,5
2015/16,2015,2016-01-13,Southampton,Watford,C Pawson,2,0,9,11,1,2,0,0,full,0,0,,0,1,0.07070707070707072,2,0,0,5
2015/16,2015,2016-01-13,Stoke,Norwich,N Swarbrick,3,1,5,8,0,1,0,1,full,0,0,,0,1,0.125,3,1,0,5
2015/16,2015,2016-01-13,Swansea,Sunderland,G Scott,2,4,9,12,2,0,1,0,full,0,0,,0,-2,-0.2222222222222222,3,-1,0,5
2015/16,2015,2016-01-13,Tottenham,Leicester,L Mason,0,1,13,10,1,0,0,0,full,0,0,,0,-1,-0.07692307692307693,-3,0,0,5
2015/16,2015,2016-01-16,Aston Villa,Leicester,R East,1,1,13,15,3,2,0,0,full,0,0,,0,-1,-0.09743589743589745,2,0,0,5
2015/16,2015,2016-01-16,Bournemouth,Norwich,R Madley,3,0,8,13,1,1,0,0,full,0,0,,0,0,-0.04807692307692307,5,0,0,5
2015/16,2015,2016-01-16,Chelsea,Everton,M Jones,3,3,12,5,1,1,0,0,full,0,0,,0,0,0.11666666666666668,-7,0,0,5
2015/16,2015,2016-01-16,Man City,Crystal Palace,J Moss,4,0,10,11,0,2,0,0,full,0,0,,0,2,0.18181818181818182,1,0,0,5
2015/16,2015,2016-01-16,Newcastle,West Ham,N Swarbrick,2,1,9,4,1,0,0,0,full,0,0,,0,-1,-0.1111111111111111,-5,0,0,5
2015/16,2015,2016-01-16,Southampton,West Brom,M Atkinson,3,0,10,11,0,0,0,0,full,0,0,,0,0,0.0,1,0,0,5
2015/16,2015,2016-01-16,Tottenham,Sunderland,M Dean,4,1,8,13,0,2,0,0,full,0,0,,0,2,0.15384615384615385,5,0,0,5
2015/16,2015,2016-01-17,Liverpool,Man United,M Clattenburg,0,1,6,18,0,2,0,0,full,0,0,,0,2,0.1111111111111111,12,0,0,5
2015/16,2015,2016-01-17,Stoke,Arsenal,C Pawson,0,0,16,10,0,0,0,0,full,0,0,,0,0,0.0,-6,0,0,5
2015/16,2015,2016-01-18,Swansea,Watford,M Oliver,1,0,8,11,2,2,0,0,full,0,0,,0,0,-0.06818181818181818,3,0,0,5
2015/16,2015,2016-01-23,Crystal Palace,Tottenham,M Atkinson,1,3,11,12,2,2,0,0,full,0,0,,0,0,-0.015151515151515166,1,0,0,5
2015/16,2015,2016-01-23,Leicester,Stoke,M Dean,3,0,10,13,0,1,0,0,full,0,0,,0,1,0.07692307692307693,3,0,0,5
2015/16,2015,2016-01-23,Man United,Southampton,M Jones,0,1,11,8,0,0,0,0,full,0,0,,0,0,0.0,-3,0,0,5
2015/16,2015,2016-01-23,Norwich,Liverpool,L Mason,4,5,10,14,0,1,0,0,full,0,0,,0,1,0.07142857142857142,4,0,0,5
2015/16,2015,2016-01-23,Sunderland,Bournemouth,R East,1,1,5,9,1,1,0,0,full,0,0,,0,0,-0.0888888888888889,4,0,0,5
2015/16,2015,2016-01-23,Watford,Newcastle,A Marriner,2,1,10,12,2,1,0,0,full,0,0,,0,-1,-0.11666666666666668,2,0,0,5
2015/16,2015,2016-01-23,West Brom,Aston Villa,R Madley,0,0,7,13,0,1,0,0,full,0,0,,0,1,0.07692307692307693,6,0,0,5
2015/16,2015,2016-01-23,West Ham,Man City,C Pawson,2,2,11,15,2,3,0,0,full,0,0,,0,1,0.018181818181818188,4,0,0,5
2015/16,2015,2016-01-24,Arsenal,Chelsea,M Clattenburg,0,1,14,13,1,3,1,0,full,0,0,,0,2,0.15934065934065936,-1,-1,0,5
2015/16,2015,2016-01-24,Everton,Swansea,A Taylor,1,2,5,12,0,3,0,0,full,0,0,,0,3,0.25,7,0,0,5
2015/16,2015,2016-02-02,Arsenal,Southampton,L Mason,0,0,11,19,2,1,0,0,full,0,0,,0,-1,-0.1291866028708134,8,0,0,5
2015/16,2015,2016-02-02,Crystal Palace,Bournemouth,M Jones,1,2,11,15,3,4,0,0,full,0,0,,0,1,-0.006060606060606044,4,0,0,5
2015/16,2015,2016-02-02,Leicester,Liverpool,A Marriner,2,0,6,7,0,1,0,0,full,0,0,,0,1,0.14285714285714285,1,0,0,5
2015/16,2015,2016-02-02,Man United,Stoke,R East,3,0,13,13,2,1,0,0,full,0,0,,0,-1,-0.07692307692307693,0,0,0,5
2015/16,2015,2016-02-02,Norwich,Tottenham,K Friend,0,3,8,9,2,2,0,0,full,0,0,,0,0,-0.02777777777777779,1,0,0,5
2015/16,2015,2016-02-02,Sunderland,Man City,S Attwell,0,1,6,15,1,4,0,0,full,0,0,,0,3,0.1,9,0,0,5
2015/16,2015,2016-02-02,West Brom,Swansea,N Swarbrick,1,1,12,13,0,0,0,0,full,0,0,,0,0,0.0,1,0,0,5
2015/16,2015,2016-02-02,West Ham,Aston Villa,J Moss,2,0,9,11,3,0,0,1,full,0,0,,0,-3,-0.3333333333333333,2,1,0,5
2015/16,2015,2016-02-03,Everton,Newcastle,C Pawson,3,0,8,15,1,2,0,1,full,0,0,,0,1,0.008333333333333331,7,1,0,5
2015/16,2015,2016-02-03,Watford,Chelsea,M Dean,0,0,10,13,2,1,0,0,full,0,0,,0,-1,-0.12307692307692308,3,0,0,5
2015/16,2015,2016-02-06,Aston Villa,Norwich,M Atkinson,2,0,10,11,0,2,0,0,full,0,0,,0,2,0.18181818181818182,1,0,0,5
2015/16,2015,2016-02-06,Liverpool,Sunderland,R Madley,2,2,4,12,1,1,0,0,full,0,0,,0,0,-0.16666666666666669,8,0,0,5
2015/16,2015,2016-02-06,Man City,Leicester,A Taylor,1,3,9,15,2,2,0,0,full,0,0,,0,0,-0.08888888888888888,6,0,0,5
2015/16,2015,2016-02-06,Newcastle,West Brom,L Mason,1,0,12,12,0,3,0,0,full,0,0,,0,3,0.25,0,0,0,5
2015/16,2015,2016-02-06,Southampton,West Ham,M Clattenburg,1,0,17,10,1,2,1,0,full,0,0,,0,1,0.1411764705882353,-7,-1,0,5
2015/16,2015,2016-02-06,Stoke,Everton,A Marriner,0,3,11,8,1,0,0,0,full,0,0,,0,-1,-0.09090909090909091,-3,0,0,5
2015/16,2015,2016-02-06,Swansea,Crystal Palace,M Dean,1,1,11,14,1,2,0,0,full,0,0,,0,1,0.05194805194805194,3,0,0,5
2015/16,2015,2016-02-06,Tottenham,Watford,R East,1,0,12,9,0,1,0,0,full,0,0,,0,1,0.1111111111111111,-3,0,0,5
2015/16,2015,2016-02-07,Bournemouth,Arsenal,K Friend,0,2,6,8,0,1,0,0,full,0,0,,0,1,0.125,2,0,0,5
2015/16,2015,2016-02-07,Chelsea,Man United,M Oliver,1,1,6,9,0,3,0,0,full,0,0,,0,3,0.3333333333333333,3,0,0,5
2015/16,2015,2016-02-13,Bournemouth,Stoke,G Scott,1,3,7,18,4,2,0,0,full,0,0,,0,-2,-0.4603174603174603,11,0,0,5
2015/16,2015,2016-02-13,Chelsea,Newcastle,R Madley,5,1,16,14,0,1,1,0,full,0,0,,0,1,0.07142857142857142,-2,-1,0,5
2015/16,2015,2016-02-13,Crystal Palace,Watford,R East,1,2,11,16,0,2,0,0,full,0,0,,0,2,0.125,5,0,0,5
2015/16,2015,2016-02-13,Everton,West Brom,M Oliver,0,1,9,12,1,3,0,0,full,0,0,,0,2,0.1388888888888889,3,0,0,5
2015/16,2015,2016-02-13,Norwich,West Ham,M Jones,2,2,16,11,2,2,0,0,full,0,0,,0,0,0.05681818181818182,-5,0,0,5
2015/16,2015,2016-02-13,Sunderland,Man United,A Marriner,2,1,7,15,2,3,0,0,full,0,0,,0,1,-0.08571428571428569,8,0,0,5
2015/16,2015,2016-02-13,Swansea,Southampton,J Moss,0,1,10,12,0,3,0,0,full,0,0,,0,3,0.25,2,0,0,5
2015/16,2015,2016-02-14,Arsenal,Leicester,M Atkinson,2,1,9,10,4,3,0,1,full,0,0,,0,-1,-0.14444444444444443,1,1,0,5
2015/16,2015,2016-02-14,Aston Villa,Liverpool,N Swarbrick,0,6,10,9,3,1,0,0,full,0,0,,0,-2,-0.18888888888888888,-1,0,0,5
2015/16,2015,2016-02-14,Man City,Tottenham,M Clattenburg,1,2,12,17,1,3,0,0,full,0,0,,0,2,0.0931372549019608,5,0,0,5
2015/16,2015,2016-02-27,Leicester,Norwich,N Swarbrick,1,0,9,11,0,2,0,0,full,0,0,,0,2,0.18181818181818182,2,0,0,5
2015/16,2015,2016-02-27,Southampton,Chelsea,M Atkinson,1,2,10,11,3,1,0,0,full,0,0,,0,-2,-0.20909090909090908,1,0,0,5
2015/16,2015,2016-02-27,Stoke,Aston Villa,K Friend,2,1,7,15,0,3,0,0,full,0,0,,0,3,0.2,8,0,0,5
2015/16,2015,2016-02-27,Watford,Bournemouth,A Taylor,0,0,14,17,3,1,0,0,full,0,0,,0,-2,-0.15546218487394958,3,0,0,5
2015/16,2015,2016-02-27,West Brom,Crystal Palace,J Moss,3,2,14,16,2,2,0,0,full,0,0,,0,0,-0.01785714285714285,2,0,0,5
2015/16,2015,2016-02-27,West Ham,Sunderland,M Dean,1,0,11,9,1,0,0,0,full,0,0,,0,-1,-0.09090909090909091,-2,0,0,5
2015/16,2015,2016-02-28,Tottenham,Swansea,M Jones,2,1,11,14,2,3,0,0,full,0,0,,0,1,0.03246753246753245,3,0,0,5
2015/16,2015,2016-02-28,Man United,Arsenal,C Pawson,3,2,21,15,4,3,0,0,full,0,0,,0,-1,0.009523809523809545,-6,0,0,5
2015/16,2015,2016-03-01,Aston Villa,Everton,R East,1,3,8,7,3,1,0,0,full,0,0,,0,-2,-0.23214285714285715,-1,0,0,5
2015/16,2015,2016-03-01,Bournemouth,Southampton,M Dean,2,0,11,18,0,0,0,0,full,0,0,,0,0,0.0,7,0,0,5
2015/16,2015,2016-03-01,Leicester,West Brom,M Clattenburg,2,2,10,8,0,2,0,0,full,0,0,,0,2,0.25,-2,0,0,5
2015/16,2015,2016-03-01,Norwich,Chelsea,L Mason,1,2,17,5,3,2,0,0,full,0,0,,0,-1,0.2235294117647059,-12,0,0,5
2015/16,2015,2016-03-01,Sunderland,Crystal Palace,A Taylor,2,2,11,14,1,1,0,0,full,0,0,,0,0,-0.019480519480519487,3,0,0,5
2015/16,2015,2016-03-02,Arsenal,Swansea,R Madley,1,2,8,11,0,2,0,0,full,0,0,,0,2,0.18181818181818182,3,0,0,5
2015/16,2015,2016-03-02,Liverpool,Man City,M Atkinson,3,0,14,14,0,1,0,0,full,0,0,,0,1,0.07142857142857142,0,0,0,5
2015/16,2015,2016-03-02,Man United,Watford,M Jones,1,0,7,17,1,2,0,0,full,0,0,,0,1,-0.02521008403361344,10,0,0,5
2015/16,2015,2016-03-02,Stoke,Newcastle,N Swarbrick,1,0,11,6,1,0,0,0,full,0,0,,0,-1,-0.09090909090909091,-5,0,0,5
2015/16,2015,2016-03-02,West Ham,Tottenham,A Marriner,1,0,10,11,0,3,0,0,full,0,0,,0,3,0.2727272727272727,1,0,0,5
2015/16,2015,2016-03-05,Chelsea,Stoke,M Clattenburg,1,1,9,10,1,2,0,0,full,0,0,,0,1,0.0888888888888889,1,0,0,5
2015/16,2015,2016-03-05,Everton,West Ham,A Taylor,2,3,12,13,2,3,1,0,full,0,0,,0,1,0.06410256410256412,1,-1,0,5
2015/16,2015,2016-03-05,Man City,Aston Villa,L Mason,4,0,10,10,0,1,0,0,full,0,0,,0,1,0.1,0,0,0,5
2015/16,2015,2016-03-05,Newcastle,Bournemouth,P Tierney,1,3,13,8,1,3,0,0,full,0,0,,0,2,0.2980769230769231,-5,0,0,5
2015/16,2015,2016-03-05,Southampton,Sunderland,N Swarbrick,1,1,9,9,2,1,1,0,full,0,0,,0,-1,-0.1111111111111111,0,-1,0,5
2015/16,2015,2016-03-05,Swansea,Norwich,C Pawson,1,0,14,15,2,5,0,0,full,0,0,,0,3,0.19047619047619047,1,0,0,5
2015/16,2015,2016-03-05,Tottenham,Arsenal,M Oliver,2,2,9,10,2,2,0,1,full,0,0,,0,0,-0.0222222222222222,1,1,0,5
2015/16,2015,2016-03-05,Watford,Leicester,J Moss,0,1,10,11,2,2,0,0,full,0,0,,0,0,-0.018181818181818188,1,0,0,5
2015/16,2015,2016-03-06,Crystal Palace,Liverpool,A Marriner,1,2,12,16,1,2,0,1,full,0,0,,0,1,0.04166666666666667,4,1,0,5
2015/16,2015,2016-03-06,West Brom,Man United,M Dean,1,0,8,7,1,0,0,1,full,0,0,,0,-1,-0.125,-1,1,0,5
2015/16,2015,2016-03-12,Bournemouth,Swansea,R East,3,2,12,11,1,0,0,0,full,0,0,,0,-1,-0.08333333333333333,-1,0,0,5
2015/16,2015,2016-03-12,Norwich,Man City,J Moss,0,0,15,10,3,1,0,0,full,0,0,,0,-2,-0.1,-5,0,0,5
2015/16,2015,2016-03-12,Stoke,Southampton,L Mason,1,2,13,12,1,2,0,1,full,0,0,,0,1,0.08974358974358973,-1,1,0,5
2015/16,2015,2016-03-13,Aston Villa,Tottenham,A Taylor,0,2,6,6,0,0,0,0,full,0,0,,0,0,0.0,0,0,0,5
2015/16,2015,2016-03-14,Leicester,Newcastle,C Pawson,1,0,4,9,0,0,0,0,full,0,0,,0,0,0.0,5,0,0,5
2015/16,2015,2016-03-19,Chelsea,West Ham,R Madley,2,2,13,14,3,5,0,0,full,0,0,,0,2,0.12637362637362637,1,0,0,5
2015/16,2015,2016-03-19,Crystal Palace,Leicester,M Jones,0,1,9,13,1,1,0,0,full,0,0,,0,0,-0.03418803418803418,4,0,0,5
2015/16,2015,2016-03-19,Everton,Arsenal,M Clattenburg,0,2,7,10,0,0,0,0,full,0,0,,0,0,0.0,3,0,0,5
2015/16,2015,2016-03-19,Swansea,Aston Villa,M Dean,1,0,9,10,3,2,0,0,full,0,0,,0,-1,-0.1333333333333333,1,0,0,5
2015/16,2015,2016-03-19,Watford,Stoke,C Pawson,1,2,10,14,3,1,0,0,full,0,0,,0,-2,-0.22857142857142856,4,0,0,5
2015/16,2015,2016-03-19,West Brom,Norwich,A Taylor,0,1,8,13,1,2,0,0,full,0,0,,0,1,0.028846153846153855,5,0,0,5
2015/16,2015,2016-03-20,Man City,Man United,M Oliver,0,1,9,12,1,1,0,0,full,0,0,,0,0,-0.027777777777777776,3,0,0,5
2015/16,2015,2016-03-20,Newcastle,Sunderland,M Atkinson,1,1,14,7,4,1,0,0,full,0,0,,0,-3,-0.14285714285714285,-7,0,0,5
2015/16,2015,2016-03-20,Southampton,Liverpool,R East,3,2,10,13,1,3,0,0,full,0,0,,0,2,0.13076923076923078,3,0,0,5
2015/16,2015,2016-03-20,Tottenham,Bournemouth,N Swarbrick,3,0,11,6,0,1,0,0,full,0,0,,0,1,0.16666666666666666,-5,0,0,5
2015/16,2015,2016-04-02,Arsenal,Watford,A Taylor,4,0,7,10,1,1,0,0,full,0,0,,0,0,-0.042857142857142844,3,0,0,5
2015/16,2015,2016-04-02,Aston Villa,Chelsea,N Swarbrick,0,4,12,8,4,1,1,0,full,0,0,,0,-3,-0.20833333333333331,-4,-1,0,5
2015/16,2015,2016-04-02,Bournemouth,Man City,R Madley,0,4,9,8,0,1,0,0,full,0,0,,0,1,0.125,-1,0,0,5
2015/16,2015,2016-04-02,Liverpool,Tottenham,J Moss,1,1,11,11,2,0,0,0,full,0,0,,0,-2,-0.18181818181818182,0,0,0,5
2015/16,2015,2016-04-02,Norwich,Newcastle,M Dean,3,2,6,11,0,0,0,0,full,0,0,,0,0,0.0,5,0,0,5
2015/16,2015,2016-04-02,Stoke,Swansea,M Atkinson,2,2,6,16,0,1,0,0,full,0,0,,0,1,0.0625,10,0,0,5
2015/16,2015,2016-04-02,Sunderland,West Brom,R East,0,0,11,13,1,1,0,0,full,0,0,,0,0,-0.013986013986013984,2,0,0,5
2015/16,2015,2016-04-02,West Ham,Crystal Palace,M Clattenburg,2,2,12,19,2,2,1,0,full,0,0,,0,0,-0.06140350877192982,7,-1,0,5
2015/16,2015,2016-04-03,Leicester,Southampton,M Oliver,1,0,12,13,2,2,0,0,full,0,0,,0,0,-0.012820512820512803,1,0,0,5
2015/16,2015,2016-04-03,Man United,Everton,A Marriner,1,0,15,6,2,0,0,0,full,0,0,,0,-2,-0.13333333333333333,-9,0,0,5
2015/16,2015,2016-04-09,Aston Villa,Bournemouth,M Atkinson,1,2,13,11,2,2,0,0,full,0,0,,0,0,0.02797202797202797,-2,0,0,5
2015/16,2015,2016-04-09,Crystal Palace,Norwich,M Oliver,1,0,13,10,2,1,0,0,full,0,0,,0,-1,-0.05384615384615385,-3,0,0,5
2015/16,2015,2016-04-09,Man City,West Brom,M Jones,2,1,10,7,0,1,0,0,full,0,0,,0,1,0.14285714285714285,-3,0,0,5
2015/16,2015,2016-04-09,Southampton,Newcastle,R Madley,3,1,8,7,0,0,0,0,full,0,0,,0,0,0.0,-1,0,0,5
2015/16,2015,2016-04-09,Swansea,Chelsea,A Marriner,1,0,15,13,5,4,0,0,full,0,0,,0,-1,-0.025641025641025605,-2,0,0,5
2015/16,2015,2016-04-09,Watford,Everton,K Friend,1,1,13,10,2,1,0,0,full,0,0,,0,-1,-0.05384615384615385,-3,0,0,5
2015/16,2015,2016-04-09,West Ham,Arsenal,C Pawson,3,3,11,8,2,0,0,0,full,0,0,,0,-2,-0.18181818181818182,-3,0,0,5
2015/16,2015,2016-04-10,Liverpool,Stoke,M Clattenburg,4,1,14,14,0,2,0,0,full,0,0,,0,2,0.14285714285714285,0,0,0,5
2015/16,2015,2016-04-10,Sunderland,Leicester,A Taylor,0,2,9,9,1,1,0,0,full,0,0,,0,0,0.0,0,0,0,5
2015/16,2015,2016-04-10,Tottenham,Man United,M Dean,3,0,10,10,3,3,0,0,full,0,0,,0,0,0.0,0,0,0,5
2015/16,2015,2016-04-13,Crystal Palace,Everton,M Jones,0,0,7,9,0,1,0,1,full,0,0,,0,1,0.1111111111111111,2,1,0,5
2015/16,2015,2016-04-16,Chelsea,Man City,M Dean,0,3,12,15,2,3,1,0,full,0,0,,0,1,0.033333333333333354,3,-1,0,5
2015/16,2015,2016-04-16,Everton,Southampton,C Pawson,1,1,8,14,1,1,0,0,full,0,0,,0,0,-0.053571428571428575,6,0,0,5
2015/16,2015,2016-04-16,Man United,Aston Villa,K Friend,1,0,9,10,0,1,0,0,full,0,0,,0,1,0.1,1,0,0,5
2015/16,2015,2016-04-16,Newcastle,Swansea,L Mason,3,0,13,9,2,1,0,0,full,0,0,,0,-1,-0.04273504273504275,-4,0,0,5
2015/16,2015,2016-04-16,Norwich,Sunderland,A Marriner,0,3,7,11,2,2,0,0,full,0,0,,0,0,-0.10389610389610388,4,0,0,5
2015/16,2015,2016-04-16,West Brom,Watford,M Oliver,0,1,11,17,0,3,0,0,full,0,0,,0,3,0.17647058823529413,6,0,0,5
2015/16,2015,2016-04-17,Arsenal,Crystal Palace,R East,1,1,7,13,0,2,0,0,full,0,0,,0,2,0.15384615384615385,6,0,0,5
2015/16,2015,2016-04-17,Bournemouth,Liverpool,M Jones,1,2,9,9,0,0,0,0,full,0,0,,0,0,0.0,0,0,0,5
2015/16,2015,2016-04-17,Leicester,West Ham,J Moss,2,2,14,14,1,3,1,0,full,0,0,,0,2,0.14285714285714285,0,-1,0,5
2015/16,2015,2016-04-18,Stoke,Tottenham,N Swarbrick,0,4,12,12,2,0,0,0,full,0,0,,0,-2,-0.16666666666666666,0,0,0,5
2015/16,2015,2016-04-19,Newcastle,Man City,K Friend,1,1,13,8,3,2,0,0,full,0,0,,0,-1,0.019230769230769218,-5,0,0,5
2015/16,2015,2016-04-20,Liverpool,Everton,R Madley,4,0,8,11,1,1,0,1,full,0,0,,0,0,-0.03409090909090909,3,1,0,5
2015/16,2015,2016-04-20,Man United,Crystal Palace,L Mason,2,0,13,7,1,2,0,0,full,0,0,,0,1,0.20879120879120877,-6,0,0,5
2015/16,2015,2016-04-20,West Ham,Watford,M Dean,3,1,11,17,0,2,0,1,full,0,0,,0,2,0.11764705882352941,6,1,0,5
2015/16,2015,2016-04-21,Arsenal,West Brom,J Moss,2,0,14,14,0,1,0,0,full,0,0,,0,1,0.07142857142857142,0,0,0,5
2015/16,2015,2016-04-23,Aston Villa,Southampton,N Swarbrick,2,4,8,9,2,0,0,0,full,0,0,,0,-2,-0.25,1,0,0,5
2015/16,2015,2016-04-23,Bournemouth,Chelsea,R East,1,4,11,4,1,0,0,0,full,0,0,,0,-1,-0.09090909090909091,-7,0,0,5
2015/16,2015,2016-04-23,Liverpool,Newcastle,A Marriner,2,2,8,17,1,1,0,0,full,0,0,,0,0,-0.0661764705882353,9,0,0,5
2015/16,2015,2016-04-23,Man City,Stoke,R Madley,4,0,8,8,0,0,0,0,full,0,0,,0,0,0.0,0,0,0,5
2015/16,2015,2016-04-24,Leicester,Swansea,M Clattenburg,4,0,15,10,1,2,0,0,full,0,0,,0,1,0.13333333333333336,-5,0,0,5
2015/16,2015,2016-04-24,Sunderland,Arsenal,M Dean,0,0,10,8,2,4,0,0,full,0,0,,0,2,0.3,-2,0,0,5
2015/16,2015,2016-04-25,Tottenham,West Brom,M Jones,1,1,8,13,0,1,0,0,full,0,0,,0,1,0.07692307692307693,5,0,0,5
2015/16,2015,2016-04-30,Arsenal,Norwich,M Jones,1,0,8,7,1,0,0,0,full,0,0,,0,-1,-0.125,-1,0,0,5
2015/16,2015,2016-04-30,Everton,Bournemouth,N Swarbrick,2,1,4,8,1,0,0,0,full,0,0,,0,-1,-0.25,4,0,0,5
2015/16,2015,2016-04-30,Newcastle,Crystal Palace,M Dean,1,0,11,12,2,0,0,0,full,0,0,,0,-2,-0.18181818181818182,1,0,0,5
2015/16,2015,2016-04-30,Stoke,Sunderland,C Pawson,1,1,13,13,2,2,0,0,full,0,0,,0,0,0.0,0,0,0,5
2015/16,2015,2016-04-30,Watford,Aston Villa,A Taylor,3,2,14,10,2,3,0,1,full,0,0,,0,1,0.15714285714285714,-4,1,0,5
2015/16,2015,2016-04-30,West Brom,West Ham,L Mason,0,3,14,7,0,0,0,0,full,0,0,,0,0,0.0,-7,0,0,5
2015/16,2015,2016-05-01,Man United,Leicester,M Oliver,1,1,16,10,3,0,0,1,full,0,0,,0,-3,-0.1875,-6,1,0,5
2015/16,2015,2016-05-01,Southampton,Man City,A Marriner,4,2,12,9,2,1,0,0,full,0,0,,0,-1,-0.05555555555555555,-3,0,0,5
2015/16,2015,2016-05-01,Swansea,Liverpool,R East,3,1,12,13,2,2,0,1,full,0,0,,0,0,-0.012820512820512803,1,1,0,5
2015/16,2015,2016-05-02,Chelsea,Tottenham,M Clattenburg,2,2,9,20,3,9,0,0,full,0,0,,0,6,0.1166666666666667,11,0,0,5
2015/16,2015,2016-05-07,Aston Villa,Newcastle,R Madley,0,0,8,13,1,1,0,0,full,0,0,,0,0,-0.04807692307692307,5,0,0,5
2015/16,2015,2016-05-07,Bournemouth,West Brom,M Clattenburg,1,1,5,8,2,1,0,0,full,0,0,,0,-1,-0.275,3,0,0,5
2015/16,2015,2016-05-07,Crystal Palace,Stoke,K Friend,2,1,8,18,2,3,0,0,full,0,0,,0,1,-0.08333333333333334,10,0,0,5
2015/16,2015,2016-05-07,Leicester,Everton,A Marriner,3,1,4,12,0,3,0,0,full,0,0,,0,3,0.25,8,0,0,5
2015/16,2015,2016-05-07,Norwich,Man United,C Pawson,0,1,11,10,1,0,0,0,full,0,0,,0,-1,-0.09090909090909091,-1,0,0,5
2015/16,2015,2016-05-07,Sunderland,Chelsea,M Jones,3,2,11,9,4,1,0,1,full,0,0,,0,-3,-0.25252525252525254,-2,1,0,5
2015/16,2015,2016-05-07,West Ham,Swansea,M Oliver,1,4,11,8,3,0,0,0,full,0,0,,0,-3,-0.2727272727272727,-3,0,0,5
2015/16,2015,2016-05-08,Liverpool,Watford,L Mason,2,0,10,15,1,2,0,0,full,0,0,,0,1,0.033333333333333326,5,0,0,5
2015/16,2015,2016-05-08,Man City,Arsenal,A Taylor,2,2,16,10,2,1,0,0,full,0,0,,0,-1,-0.024999999999999994,-6,0,0,5
2015/16,2015,2016-05-08,Tottenham,Southampton,J Moss,1,2,8,16,0,3,0,0,full,0,0,,0,3,0.1875,8,0,0,5
2015/16,2015,2016-05-10,West Ham,Man United,M Dean,3,2,6,18,1,3,0,0,full,0,0,,0,2,0.0,12,0,0,5
2015/16,2015,2016-05-11,Liverpool,Chelsea,M Oliver,1,1,11,12,3,1,0,0,full,0,0,,0,-2,-0.1893939393939394,1,0,0,5
2015/16,2015,2016-05-11,Norwich,Watford,R East,4,2,8,12,2,3,0,0,full,0,0,,0,1,0.0,4,0,0,5
2015/16,2015,2016-05-11,Sunderland,Everton,A Taylor,3,0,15,7,1,0,0,0,full,0,0,,0,-1,-0.06666666666666667,-8,0,0,5
2015/16,2015,2016-05-15,Arsenal,Aston Villa,M Clattenburg,4,0,12,6,0,1,0,0,full,0,0,,0,1,0.16666666666666666,-6,0,0,5
2015/16,2015,2016-05-15,Chelsea,Leicester,C Pawson,1,1,4,12,0,0,0,0,full,0,0,,0,0,0.0,8,0,0,5
2015/16,2015,2016-05-15,Everton,Norwich,L Mason,3,0,7,11,0,0,0,0,full,0,0,,0,0,0.0,4,0,0,5
2015/16,2015,2016-05-15,Newcastle,Tottenham,A Taylor,5,1,7,6,1,2,1,0,full,0,0,,0,1,0.19047619047619047,-1,-1,0,5
2015/16,2015,2016-05-15,Southampton,Crystal Palace,M Oliver,4,1,7,14,1,2,0,0,full,0,0,,0,1,0.0,7,0,0,5
2015/16,2015,2016-05-15,Stoke,West Ham,M Jones,2,1,8,12,3,1,0,0,full,0,0,,0,-2,-0.2916666666666667,4,0,0,5
2015/16,2015,2016-05-15,Swansea,Man City,M Dean,1,1,4,19,1,3,0,0,full,0,0,,0,2,-0.09210526315789475,15,0,0,5
2015/16,2015,2016-05-15,Watford,Sunderland,K Friend,2,2,11,10,1,0,0,0,full,0,0,,0,-1,-0.09090909090909091,-1,0,0,5
2015/16,2015,2016-05-15,West Brom,Liverpool,R Madley,1,1,11,14,3,1,0,0,full,0,0,,0,-2,-0.20129870129870128,3,0,0,5
2015/16,2015,2016-05-17,Man United,Bournemouth,J Moss,3,1,9,8,1,0,0,0,full,0,0,,0,-1,-0.1111111111111111,-1,0,0,5
2016/17,2016,2016-08-13,Burnley,Swansea,J Moss,0,1,10,14,3,2,0,0,full,0,0,,0,-1,-0.15714285714285714,4,0,0,6
2016/17,2016,2016-08-13,Crystal Palace,West Brom,C Pawson,0,1,12,15,2,2,0,0,full,0,0,,0,0,-0.033333333333333326,3,0,0,6
2016/17,2016,2016-08-13,Everton,Tottenham,M Atkinson,1,1,10,14,0,0,0,0,full,0,0,,0,0,0.0,4,0,0,6
2016/17,2016,2016-08-13,Hull,Leicester,M Dean,2,1,8,17,2,2,0,0,full,0,0,,0,0,-0.1323529411764706,9,0,0,6
2016/17,2016,2016-08-13,Man City,Sunderland,R Madley,2,1,11,14,1,2,0,0,full,0,0,,0,1,0.05194805194805194,3,0,0,6
2016/17,2016,2016-08-13,Middlesbrough,Stoke,K Friend,1,1,18,14,3,5,0,0,full,0,0,,0,2,0.1904761904761905,-4,0,0,6
2016/17,2016,2016-08-13,Southampton,Watford,R East,1,1,8,12,1,2,0,1,full,0,0,,0,1,0.04166666666666666,4,1,0,6
2016/17,2016,2016-08-14,Arsenal,Liverpool,M Oliver,3,4,13,17,3,3,0,0,full,0,0,,0,0,-0.05429864253393665,4,0,0,6
2016/17,2016,2016-08-14,Bournemouth,Man United,A Marriner,1,3,7,10,0,1,0,0,full,0,0,,0,1,0.1,3,0,0,6
2016/17,2016,2016-08-15,Chelsea,West Ham,A Taylor,2,1,16,16,5,2,0,0,full,0,0,,0,-3,-0.1875,0,0,0,6
2016/17,2016,2016-08-19,Man United,Southampton,A Taylor,2,0,11,8,0,0,0,0,full,0,0,,0,0,0.0,-3,0,0,6
2016/17,2016,2016-08-20,Burnley,Liverpool,L Mason,2,0,14,5,0,1,0,0,full,0,0,,0,1,0.2,-9,0,0,6
2016/17,2016,2016-08-20,Leicester,Arsenal,M Clattenburg,0,0,11,7,1,2,0,0,full,0,0,,0,1,0.1948051948051948,-4,0,0,6
2016/17,2016,2016-08-20,Stoke,Man City,M Dean,1,4,12,13,3,4,0,0,full,0,0,,0,1,0.05769230769230771,1,0,0,6
2016/17,2016,2016-08-20,Swansea,Hull,S Attwell,0,2,7,10,0,0,0,0,full,0,0,,0,0,0.0,3,0,0,6
2016/17,2016,2016-08-20,Tottenham,Crystal Palace,M Oliver,1,0,19,9,3,3,0,0,full,0,0,,0,0,0.17543859649122806,-10,0,0,6
2016/17,2016,2016-08-20,Watford,Chelsea,J Moss,1,2,20,10,4,3,0,0,full,0,0,,0,-1,0.09999999999999998,-10,0,0,6
2016/17,2016,2016-08-20,West Brom,Everton,N Swarbrick,1,2,16,10,3,1,0,0,full,0,0,,0,-2,-0.0875,-6,0,0,6
2016/17,2016,2016-08-21,Sunderland,Middlesbrough,M Atkinson,1,2,11,14,1,1,0,0,full,0,0,,0,0,-0.019480519480519487,3,0,0,6
2016/17,2016,2016-08-21,West Ham,Bournemouth,C Pawson,1,0,15,15,3,1,0,1,full,0,0,,0,-2,-0.13333333333333336,0,1,0,6
2016/17,2016,2016-08-27,Chelsea,Burnley,M Clattenburg,3,0,6,9,2,2,0,0,full,0,0,,0,0,-0.1111111111111111,3,0,0,6
2016/17,2016,2016-08-27,Crystal Palace,Bournemouth,M Dean,1,1,15,10,2,1,0,0,full,0,0,,0,-1,-0.033333333333333326,-5,0,0,6
2016/17,2016,2016-08-27,Everton,Stoke,M Oliver,1,0,14,11,2,1,0,0,full,0,0,,0,-1,-0.05194805194805194,-3,0,0,6
2016/17,2016,2016-08-27,Hull,Man United,J Moss,0,1,9,6,2,3,0,0,full,0,0,,0,1,0.2777777777777778,-3,0,0,6
2016/17,2016,2016-08-27,Leicester,Swansea,R East,2,1,14,10,2,2,0,0,full,0,0,,0,0,0.05714285714285716,-4,0,0,6
2016/17,2016,2016-08-27,Southampton,Sunderland,L Mason,1,1,15,8,2,2,0,0,full,0,0,,0,0,0.11666666666666667,-7,0,0,6
2016/17,2016,2016-08-27,Tottenham,Liverpool,R Madley,1,1,11,17,3,5,0,0,full,0,0,,0,2,0.021390374331550832,6,0,0,6
2016/17,2016,2016-08-27,Watford,Arsenal,K Friend,1,3,18,15,6,1,0,0,full,0,0,,0,-5,-0.26666666666666666,-3,0,0,6
2016/17,2016,2016-08-28,Man City,West Ham,A Marriner,3,1,5,10,1,3,0,0,full,0,0,,0,2,0.09999999999999998,5,0,0,6
2016/17,2016,2016-08-28,West Brom,Middlesbrough,A Taylor,0,0,12,11,1,3,0,0,full,0,0,,0,2,0.1893939393939394,-1,0,0,6
2016/17,2016,2016-09-10,Arsenal,Southampton,R Madley,2,1,10,8,2,5,0,0,full,0,0,,0,3,0.425,-2,0,0,6
2016/17,2016,2016-09-10,Bournemouth,West Brom,K Friend,1,0,9,11,1,3,0,0,full,0,0,,0,2,0.1616161616161616,2,0,0,6
2016/17,2016,2016-09-10,Burnley,Hull,P Tierney,1,1,13,3,2,0,0,0,full,0,0,,0,-2,-0.15384615384615385,-10,0,0,6
2016/17,2016,2016-09-10,Liverpool,Leicester,C Pawson,4,1,4,8,1,2,0,0,full,0,0,,0,1,0.0,4,0,0,6
2016/17,2016,2016-09-10,Man United,Man City,M Clattenburg,1,2,15,10,4,2,0,0,full,0,0,,0,-2,-0.06666666666666665,-5,0,0,6
2016/17,2016,2016-09-10,Middlesbrough,Crystal Palace,N Swarbrick,1,2,5,9,1,2,0,0,full,0,0,,0,1,0.0222222222222222,4,0,0,6
2016/17,2016,2016-09-10,Stoke,Tottenham,A Taylor,0,4,13,18,3,2,0,0,full,0,0,,0,-1,-0.11965811965811968,5,0,0,6
2016/17,2016,2016-09-10,West Ham,Watford,M Atkinson,2,4,10,15,2,2,0,0,full,0,0,,0,0,-0.06666666666666668,5,0,0,6
2016/17,2016,2016-09-11,Swansea,Chelsea,A Marriner,2,2,17,8,3,4,0,0,full,0,0,,0,1,0.32352941176470584,-9,0,0,6
2016/17,2016,2016-09-12,Sunderland,Everton,M Jones,0,3,11,8,1,1,0,0,full,0,0,,0,0,0.03409090909090909,-3,0,0,6
2016/17,2016,2016-09-16,Chelsea,Liverpool,M Atkinson,1,2,6,13,1,1,0,0,full,0,0,,0,0,-0.08974358974358973,7,0,0,6
2016/17,2016,2016-09-17,Everton,Middlesbrough,L Mason,3,1,5,15,2,1,0,0,full,0,0,,0,-1,-0.33333333333333337,10,0,0,6
2016/17,2016,2016-09-17,Hull,Arsenal,R East,1,4,9,12,0,2,1,0,full,0,0,,0,2,0.16666666666666666,3,-1,0,6
2016/17,2016,2016-09-17,Leicester,Burnley,A Taylor,3,0,10,9,0,1,0,0,full,0,0,,0,1,0.1111111111111111,-1,0,0,6
2016/17,2016,2016-09-17,Man City,Bournemouth,J Moss,4,0,8,11,1,1,1,0,full,0,0,,0,0,-0.03409090909090909,3,-1,0,6
2016/17,2016,2016-09-17,West Brom,West Ham,M Clattenburg,4,2,14,6,2,1,0,0,full,0,0,,0,-1,0.023809523809523808,-8,0,0,6
2016/17,2016,2016-09-18,Crystal Palace,Stoke,C Pawson,4,1,15,9,2,1,0,0,full,0,0,,0,-1,-0.022222222222222227,-6,0,0,6
2016/17,2016,2016-09-18,Southampton,Swansea,M Jones,1,0,14,9,1,1,0,0,full,0,0,,0,0,0.03968253968253968,-5,0,0,6
2016/17,2016,2016-09-18,Tottenham,Sunderland,M Dean,1,0,7,16,1,5,0,1,full,0,0,,0,4,0.16964285714285715,9,1,0,6
2016/17,2016,2016-09-18,Watford,Man United,M Oliver,3,1,14,19,3,4,0,0,full,0,0,,0,1,-0.0037593984962406013,5,0,0,6
2016/17,2016,2016-09-24,Arsenal,Chelsea,M Oliver,3,0,9,11,0,2,0,0,full,0,0,,0,2,0.18181818181818182,2,0,0,6
2016/17,2016,2016-09-24,Bournemouth,Everton,R Madley,1,0,10,14,2,2,0,0,full,0,0,,0,0,-0.05714285714285716,4,0,0,6
2016/17,2016,2016-09-24,Liverpool,Hull,A Marriner,5,1,8,8,1,2,0,1,full,0,0,,0,1,0.125,0,1,0,6
2016/17,2016,2016-09-24,Man United,Leicester,M Dean,4,1,9,12,0,2,0,0,full,0,0,,0,2,0.16666666666666666,3,0,0,6
2016/17,2016,2016-09-24,Middlesbrough,Tottenham,G Scott,1,2,14,9,2,1,0,0,full,0,0,,0,-1,-0.031746031746031744,-5,0,0,6
2016/17,2016,2016-09-24,Stoke,West Brom,M Atkinson,1,1,9,13,3,4,0,0,full,0,0,,0,1,-0.025641025641025605,4,0,0,6
2016/17,2016,2016-09-24,Sunderland,Crystal Palace,A Taylor,2,3,15,12,0,2,0,0,full,0,0,,0,2,0.16666666666666666,-3,0,0,6
2016/17,2016,2016-09-24,Swansea,Man City,N Swarbrick,1,3,15,9,2,4,0,0,full,0,0,,0,2,0.3111111111111111,-6,0,0,6
2016/17,2016,2016-09-25,West Ham,Southampton,J Moss,0,3,9,14,5,2,0,0,full,0,0,,0,-3,-0.41269841269841273,5,0,0,6
2016/17,2016,2016-09-26,Burnley,Watford,M Jones,2,0,11,15,1,3,0,0,full,0,0,,0,2,0.1090909090909091,4,0,0,6
2016/17,2016,2016-09-30,Everton,Crystal Palace,J Moss,1,1,16,11,5,4,0,0,full,0,0,,0,-1,0.051136363636363646,-5,0,0,6
2016/17,2016,2016-10-01,Hull,Chelsea,A Taylor,0,2,13,15,2,2,0,0,full,0,0,,0,0,-0.020512820512820523,2,0,0,6
2016/17,2016,2016-10-01,Sunderland,West Brom,S Attwell,1,1,7,13,1,3,0,0,full,0,0,,0,2,0.08791208791208793,6,0,0,6
2016/17,2016,2016-10-01,Swansea,Liverpool,M Oliver,1,2,11,9,2,2,0,0,full,0,0,,0,0,0.04040404040404039,-2,0,0,6
2016/17,2016,2016-10-01,Watford,Bournemouth,M Dean,2,2,17,12,3,4,0,0,full,0,0,,0,1,0.15686274509803919,-5,0,0,6
2016/17,2016,2016-10-01,West Ham,Middlesbrough,N Swarbrick,1,1,13,12,2,3,0,0,full,0,0,,0,1,0.09615384615384615,-1,0,0,6
2016/17,2016,2016-10-02,Burnley,Arsenal,C Pawson,0,1,2,3,0,0,0,0,full,0,0,,1,0,,1,0,0,6
2016/17,2016,2016-10-02,Leicester,Southampton,M Atkinson,0,0,9,9,1,0,0,0,full,0,0,,0,-1,-0.1111111111111111,0,0,0,6
2016/17,2016,2016-10-02,Man United,Stoke,R Madley,1,1,14,9,3,0,0,0,full,0,0,,0,-3,-0.21428571428571427,-5,0,0,6
2016/17,2016,2016-10-02,Tottenham,Man City,A Marriner,2,0,20,10,2,2,0,0,full,0,0,,0,0,0.1,-10,0,0,6
2016/17,2016,2016-10-15,Arsenal,Swansea,J Moss,3,2,7,10,0,1,1,0,full,0,0,,0,1,0.1,3,-1,0,6
2016/17,2016,2016-10-15,Bournemouth,Hull,L Mason,6,1,8,14,0,3,0,0,full,0,0,,0,3,0.21428571428571427,6,0,0,6
2016/17,2016,2016-10-15,Chelsea,Leicester,A Marriner,3,0,6,12,1,1,0,0,full,0,0,,0,0,-0.08333333333333333,6,0,0,6
2016/17,2016,2016-10-15,Crystal Palace,West Ham,M Atkinson,0,1,12,13,1,3,0,1,full,0,0,,0,2,0.14743589743589747,1,1,0,6
2016/17,2016,2016-10-15,Man City,Everton,M Oliver,1,1,7,9,0,2,0,0,full,0,0,,0,2,0.2222222222222222,2,0,0,6
2016/17,2016,2016-10-15,Stoke,Sunderland,M Jones,2,0,10,13,1,1,0,0,full,0,0,,0,0,-0.023076923076923078,3,0,0,6
2016/17,2016,2016-10-15,West Brom,Tottenham,K Friend,1,1,14,10,2,2,0,0,full,0,0,,0,0,0.05714285714285716,-4,0,0,6
2016/17,2016,2016-10-16,Middlesbrough,Watford,R East,0,1,15,10,4,1,0,0,full,0,0,,0,-3,-0.16666666666666666,-5,0,0,6
2016/17,2016,2016-10-16,Southampton,Burnley,M Dean,3,1,11,10,1,2,0,0,full,0,0,,0,1,0.1090909090909091,-1,0,0,6
2016/17,2016,2016-10-17,Liverpool,Man United,A Taylor,0,0,14,20,0,4,0,0,full,0,0,,0,4,0.2,6,0,0,6
2016/17,2016,2016-10-22,Arsenal,Middlesbrough,M Dean,0,0,6,13,1,0,0,0,full,0,0,,0,-1,-0.16666666666666666,7,0,0,6
2016/17,2016,2016-10-22,Bournemouth,Tottenham,C Pawson,0,0,10,15,2,4,0,0,full,0,0,,0,2,0.06666666666666665,5,0,0,6
2016/17,2016,2016-10-22,Burnley,Everton,M Jones,2,1,16,15,2,3,0,0,full,0,0,,0,1,0.07500000000000001,-1,0,0,6
2016/17,2016,2016-10-22,Hull,Stoke,K Friend,0,2,16,8,2,3,0,0,full,0,0,,0,1,0.25,-8,0,0,6
2016/17,2016,2016-10-22,Leicester,Crystal Palace,M Oliver,3,1,10,8,0,0,0,0,full,0,0,,0,0,0.0,-2,0,0,6
2016/17,2016,2016-10-22,Liverpool,West Brom,N Swarbrick,2,1,9,13,1,3,0,0,full,0,0,,0,2,0.11965811965811968,4,0,0,6
2016/17,2016,2016-10-22,Swansea,Watford,P Tierney,0,0,15,16,2,1,0,0,full,0,0,,0,-1,-0.07083333333333333,1,0,0,6
2016/17,2016,2016-10-22,West Ham,Sunderland,R Madley,1,0,10,13,2,5,0,0,full,0,0,,0,3,0.18461538461538463,3,0,0,6
2016/17,2016,2016-10-23,Chelsea,Man United,M Atkinson,4,0,7,17,3,2,0,0,full,0,0,,0,-1,-0.31092436974789917,10,0,0,6
2016/17,2016,2016-10-23,Man City,Southampton,M Clattenburg,1,1,11,10,3,3,0,0,full,0,0,,0,0,0.027272727272727282,-1,0,0,6
2016/17,2016,2016-10-29,Crystal Palace,Liverpool,A Marriner,2,4,15,5,1,2,0,0,full,0,0,,0,1,0.33333333333333337,-10,0,0,6
2016/17,2016,2016-10-29,Man United,Burnley,M Clattenburg,0,0,12,9,1,3,1,0,full,0,0,,0,2,0.25,-3,-1,0,6
2016/17,2016,2016-10-29,Middlesbrough,Bournemouth,S Attwell,2,0,3,5,1,1,0,0,full,0,0,,0,0,-0.1333333333333333,2,0,0,6
2016/17,2016,2016-10-29,Sunderland,Arsenal,M Atkinson,1,4,9,13,4,3,0,0,full,0,0,,0,-1,-0.21367521367521364,4,0,0,6
2016/17,2016,2016-10-29,Tottenham,Leicester,R Madley,1,1,11,20,3,4,0,0,full,0,0,,0,1,-0.0727272727272727,9,0,0,6
2016/17,2016,2016-10-29,Watford,Hull,J Moss,1,0,13,8,1,2,0,0,full,0,0,,0,1,0.17307692307692307,-5,0,0,6
2016/17,2016,2016-10-29,West Brom,Man City,L Mason,0,4,17,10,4,3,0,0,full,0,0,,0,-1,0.06470588235294117,-7,0,0,6
2016/17,2016,2016-10-30,Everton,West Ham,A Taylor,2,0,15,12,2,3,0,0,full,0,0,,0,1,0.11666666666666667,-3,0,0,6
2016/17,2016,2016-10-30,Southampton,Chelsea,M Jones,0,2,13,16,0,0,0,0,full,0,0,,0,0,0.0,3,0,0,6
2016/17,2016,2016-10-31,Stoke,Swansea,M Oliver,3,1,7,14,2,0,0,0,full,0,0,,0,-2,-0.2857142857142857,7,0,0,6
2016/17,2016,2016-11-05,Bournemouth,Sunderland,M Dean,1,2,14,17,3,2,0,1,full,0,0,,0,-1,-0.09663865546218486,3,1,0,6
2016/17,2016,2016-11-05,Burnley,Crystal Palace,A Taylor,3,2,11,12,1,2,0,0,full,0,0,,0,1,0.07575757575757575,1,0,0,6
2016/17,2016,2016-11-05,Chelsea,Everton,R Madley,5,0,5,16,0,3,0,0,full,0,0,,0,3,0.1875,11,0,0,6
2016/17,2016,2016-11-05,Man City,Middlesbrough,K Friend,1,1,7,15,1,3,0,0,full,0,0,,0,2,0.05714285714285716,8,0,0,6
2016/17,2016,2016-11-05,West Ham,Stoke,A Marriner,1,1,11,10,4,1,0,0,full,0,0,,0,-3,-0.26363636363636367,-1,0,0,6
2016/17,2016,2016-11-06,Arsenal,Tottenham,M Clattenburg,1,1,11,17,1,2,0,0,full,0,0,,0,1,0.0267379679144385,6,0,0,6
2016/17,2016,2016-11-06,Hull,Southampton,G Scott,2,1,13,15,0,5,0,0,full,0,0,,0,5,0.3333333333333333,2,0,0,6
2016/17,2016,2016-11-06,Leicester,West Brom,C Pawson,1,2,8,8,0,2,0,0,full,0,0,,0,2,0.25,0,0,0,6
2016/17,2016,2016-11-06,Liverpool,Watford,M Oliver,6,1,14,10,1,2,0,0,full,0,0,,0,1,0.1285714285714286,-4,0,0,6
2016/17,2016,2016-11-06,Swansea,Man United,N Swarbrick,1,3,9,16,0,2,0,0,full,0,0,,0,2,0.125,7,0,0,6
2016/17,2016,2016-11-19,Crystal Palace,Man City,R Madley,1,2,12,15,1,2,0,0,full,0,0,,0,1,0.05,3,0,0,6
2016/17,2016,2016-11-19,Everton,Swansea,M Atkinson,1,1,13,12,4,2,0,0,full,0,0,,0,-2,-0.14102564102564105,-1,0,0,6
2016/17,2016,2016-11-19,Man United,Arsenal,A Marriner,1,1,14,11,3,3,0,0,full,0,0,,0,0,0.05844155844155843,-3,0,0,6
2016/17,2016,2016-11-19,Southampton,Liverpool,M Clattenburg,0,0,8,11,1,1,0,0,full,0,0,,0,0,-0.03409090909090909,3,0,0,6
2016/17,2016,2016-11-19,Stoke,Bournemouth,R East,0,1,17,10,3,2,0,0,full,0,0,,0,-1,0.023529411764705882,-7,0,0,6
2016/17,2016,2016-11-19,Sunderland,Hull,L Mason,3,0,9,8,1,0,1,0,full,0,0,,0,-1,-0.1111111111111111,-1,-1,0,6
2016/17,2016,2016-11-19,Tottenham,West Ham,M Dean,3,2,13,16,3,2,0,1,full,0,0,,0,-1,-0.10576923076923078,3,1,0,6
2016/17,2016,2016-11-19,Watford,Leicester,N Swarbrick,2,1,12,18,2,3,0,0,full,0,0,,0,1,0.0,6,0,0,6
2016/17,2016,2016-11-20,Middlesbrough,Chelsea,J Moss,0,1,13,10,2,3,0,0,full,0,0,,0,1,0.14615384615384613,-3,0,0,6
2016/17,2016,2016-11-21,West Brom,Burnley,M Jones,4,0,12,12,0,0,0,0,full,0,0,,0,0,0.0,0,0,0,6
2016/17,2016,2016-11-26,Burnley,Man City,A Marriner,1,2,5,15,2,3,0,0,full,0,0,,0,1,-0.2,10,0,0,6
2016/17,2016,2016-11-26,Chelsea,Tottenham,M Oliver,2,1,13,16,2,1,0,0,full,0,0,,0,-1,-0.09134615384615385,3,0,0,6
2016/17,2016,2016-11-26,Hull,West Brom,P Tierney,1,1,7,10,3,2,0,0,full,0,0,,0,-1,-0.22857142857142854,3,0,0,6
2016/17,2016,2016-11-26,Leicester,Middlesbrough,L Mason,2,2,15,12,4,4,0,0,full,0,0,,0,0,0.06666666666666665,-3,0,0,6
2016/17,2016,2016-11-26,Liverpool,Sunderland,A Taylor,2,0,5,9,1,3,0,0,full,0,0,,0,2,0.1333333333333333,4,0,0,6
2016/17,2016,2016-11-26,Swansea,Crystal Palace,K Friend,5,4,12,24,4,5,0,0,full,0,0,,0,1,-0.12499999999999997,12,0,0,6
2016/17,2016,2016-11-27,Arsenal,Bournemouth,M Jones,3,1,12,13,3,5,0,0,full,0,0,,0,2,0.13461538461538464,1,0,0,6
2016/17,2016,2016-11-27,Man United,West Ham,J Moss,1,1,16,16,3,1,0,0,full,0,0,,0,-2,-0.125,0,0,0,6
2016/17,2016,2016-11-27,Southampton,Everton,C Pawson,1,0,11,15,0,2,0,0,full,0,0,,0,2,0.13333333333333333,4,0,0,6
2016/17,2016,2016-11-27,Watford,Stoke,R Madley,0,1,24,14,3,0,1,0,full,0,0,,0,-3,-0.125,-10,-1,0,6
2016/17,2016,2016-12-03,Crystal Palace,Southampton,N Swarbrick,3,0,11,13,3,1,0,0,full,0,0,,0,-2,-0.19580419580419578,2,0,0,6
2016/17,2016,2016-12-03,Man City,Chelsea,A Taylor,1,3,14,9,2,3,2,0,full,0,0,,0,1,0.19047619047619047,-5,-2,0,6
2016/17,2016,2016-12-03,Stoke,Burnley,M Clattenburg,2,0,7,13,3,2,0,0,full,0,0,,0,-1,-0.2747252747252747,6,0,0,6
2016/17,2016,2016-12-03,Sunderland,Leicester,A Marriner,2,1,8,12,3,1,0,0,full,0,0,,0,-2,-0.2916666666666667,4,0,0,6
2016/17,2016,2016-12-03,Tottenham,Swansea,J Moss,5,0,11,17,0,4,0,0,full,0,0,,0,4,0.23529411764705882,6,0,0,6
2016/17,2016,2016-12-03,West Brom,Watford,G Scott,3,1,12,8,2,1,0,1,full,0,0,,0,-1,-0.04166666666666666,-4,1,0,6
2016/17,2016,2016-12-03,West Ham,Arsenal,C Pawson,1,5,10,11,3,3,0,0,full,0,0,,0,0,-0.027272727272727282,1,0,0,6
2016/17,2016,2016-12-04,Bournemouth,Liverpool,R Madley,4,3,9,17,2,2,0,0,full,0,0,,0,0,-0.1045751633986928,8,0,0,6
2016/17,2016,2016-12-04,Everton,Man United,M Oliver,1,1,13,11,2,3,0,0,full,0,0,,0,1,0.11888111888111885,-2,0,0,6
2016/17,2016,2016-12-05,Middlesbrough,Hull,M Dean,1,0,6,11,1,1,0,0,full,0,0,,0,0,-0.07575757575757575,5,0,0,6
2016/17,2016,2016-12-10,Arsenal,Stoke,L Mason,3,1,9,6,0,0,0,0,full,0,0,,0,0,0.0,-3,0,0,6
2016/17,2016,2016-12-10,Burnley,Bournemouth,M Atkinson,3,2,14,18,2,2,0,0,full,0,0,,0,0,-0.031746031746031744,4,0,0,6
2016/17,2016,2016-12-10,Hull,Crystal Palace,M Jones,3,3,16,14,2,4,0,0,full,0,0,,0,2,0.1607142857142857,-2,0,0,6
2016/17,2016,2016-12-10,Leicester,Man City,M Oliver,4,2,10,7,2,1,0,0,full,0,0,,0,-1,-0.05714285714285716,-3,0,0,6
2016/17,2016,2016-12-10,Swansea,Sunderland,C Pawson,3,0,10,8,1,2,0,0,full,0,0,,0,1,0.15,-2,0,0,6
2016/17,2016,2016-12-10,Watford,Everton,A Taylor,3,2,11,16,2,2,0,0,full,0,0,,0,0,-0.05681818181818182,5,0,0,6
2016/17,2016,2016-12-11,Chelsea,West Brom,M Dean,1,0,6,10,2,4,0,0,full,0,0,,0,2,0.06666666666666671,4,0,0,6
2016/17,2016,2016-12-11,Liverpool,West Ham,M Clattenburg,2,2,7,8,2,0,0,0,full,0,0,,0,-2,-0.2857142857142857,1,0,0,6
2016/17,2016,2016-12-11,Man United,Tottenham,R Madley,1,0,19,17,3,3,0,0,full,0,0,,0,0,0.018575851393188875,-2,0,0,6
2016/17,2016,2016-12-11,Southampton,Middlesbrough,S Attwell,1,0,14,12,4,3,0,0,full,0,0,,0,-1,-0.0357142857142857,-2,0,0,6
2016/17,2016,2016-12-13,Bournemouth,Leicester,P Tierney,1,0,5,15,0,3,0,0,full,0,0,,0,3,0.2,10,0,0,6
2016/17,2016,2016-12-13,Everton,Arsenal,M Clattenburg,2,1,10,10,1,1,1,0,full,0,0,,0,0,0.0,0,-1,0,6
2016/17,2016,2016-12-14,Crystal Palace,Man United,C Pawson,1,2,16,10,2,2,0,0,full,0,0,,0,0,0.07500000000000001,-6,0,0,6
2016/17,2016,2016-12-14,Man City,Watford,K Friend,2,0,16,20,1,2,0,0,full,0,0,,0,1,0.037500000000000006,4,0,0,6
2016/17,2016,2016-12-14,Middlesbrough,Liverpool,J Moss,0,3,11,14,1,0,0,0,full,0,0,,0,-1,-0.09090909090909091,3,0,0,6
2016/17,2016,2016-12-14,Stoke,Southampton,A Taylor,0,0,9,10,1,2,1,0,full,0,0,,0,1,0.0888888888888889,1,-1,0,6
2016/17,2016,2016-12-14,Sunderland,Chelsea,N Swarbrick,0,1,15,10,3,2,0,0,full,0,0,,0,-1,0.0,-5,0,0,6
2016/17,2016,2016-12-14,Tottenham,Hull,A Marriner,3,0,6,14,0,2,0,0,full,0,0,,0,2,0.14285714285714285,8,0,0,6
2016/17,2016,2016-12-14,West Brom,Swansea,M Oliver,3,1,8,8,0,0,0,0,full,0,0,,0,0,0.0,0,0,0,6
2016/17,2016,2016-12-14,West Ham,Burnley,R Madley,1,0,12,15,0,2,0,0,full,0,0,,0,2,0.13333333333333333,3,0,0,6
2016/17,2016,2016-12-17,Crystal Palace,Chelsea,J Moss,0,1,12,15,2,3,0,0,full,0,0,,0,1,0.033333333333333354,3,0,0,6
2016/17,2016,2016-12-17,Middlesbrough,Swansea,N Swarbrick,3,0,10,11,1,0,0,0,full,0,0,,0,-1,-0.1,1,0,0,6
2016/17,2016,2016-12-17,Stoke,Leicester,C Pawson,2,2,9,12,2,6,0,1,full,0,0,,0,4,0.2777777777777778,3,1,0,6
2016/17,2016,2016-12-17,Sunderland,Watford,R Madley,1,0,10,9,1,2,0,0,full,0,0,,0,1,0.1222222222222222,-1,0,0,6
2016/17,2016,2016-12-17,West Brom,Man United,A Taylor,0,2,9,13,3,3,0,0,full,0,0,,0,0,-0.10256410256410253,4,0,0,6
2016/17,2016,2016-12-17,West Ham,Hull,L Mason,1,0,13,9,2,4,0,0,full,0,0,,0,2,0.29059829059829057,-4,0,0,6
2016/17,2016,2016-12-18,Bournemouth,Southampton,M Clattenburg,1,3,6,12,0,2,0,0,full,0,0,,0,2,0.16666666666666666,6,0,0,6
2016/17,2016,2016-12-18,Man City,Arsenal,M Atkinson,2,1,9,13,4,2,0,0,full,0,0,,0,-2,-0.29059829059829057,4,0,0,6
2016/17,2016,2016-12-18,Tottenham,Burnley,K Friend,2,1,10,11,1,2,0,0,full,0,0,,0,1,0.08181818181818182,1,0,0,6
2016/17,2016,2016-12-19,Everton,Liverpool,M Dean,0,1,13,9,3,1,0,0,full,0,0,,0,-2,-0.11965811965811968,-4,0,0,6
2016/17,2016,2016-12-26,Arsenal,West Brom,N Swarbrick,1,0,11,7,2,1,0,0,full,0,0,,0,-1,-0.038961038961038974,-4,0,0,6
2016/17,2016,2016-12-26,Burnley,Middlesbrough,C Pawson,1,0,17,18,6,5,0,0,full,0,0,,0,-1,-0.07516339869281047,1,0,0,6
2016/17,2016,2016-12-26,Chelsea,Bournemouth,M Jones,3,0,13,14,1,1,0,0,full,0,0,,0,0,-0.005494505494505503,1,0,0,6
2016/17,2016,2016-12-26,Hull,Man City,R Madley,0,3,11,14,1,0,0,0,full,0,0,,0,-1,-0.09090909090909091,3,0,0,6
2016/17,2016,2016-12-26,Leicester,Everton,S Attwell,0,2,14,7,3,0,0,0,full,0,0,,0,-3,-0.21428571428571427,-7,0,0,6
2016/17,2016,2016-12-26,Man United,Sunderland,M Atkinson,3,1,6,9,1,1,0,0,full,0,0,,0,0,-0.05555555555555555,3,0,0,6
2016/17,2016,2016-12-26,Swansea,West Ham,A Marriner,1,4,10,12,0,0,0,0,full,0,0,,0,0,0.0,2,0,0,6
2016/17,2016,2016-12-26,Watford,Crystal Palace,M Clattenburg,1,1,18,17,2,4,0,0,full,0,0,,0,2,0.12418300653594772,-1,0,0,6
2016/17,2016,2016-12-27,Liverpool,Stoke,M Oliver,4,1,9,6,0,1,0,0,full,0,0,,0,1,0.16666666666666666,-3,0,0,6
2016/17,2016,2016-12-28,Southampton,Tottenham,M Dean,1,4,7,16,1,4,1,0,full,0,0,,0,3,0.10714285714285715,9,-1,0,6
2016/17,2016,2016-12-30,Hull,Everton,J Moss,2,2,10,13,2,2,0,0,full,0,0,,0,0,-0.046153846153846156,3,0,0,6
2016/17,2016,2016-12-31,Burnley,Sunderland,G Scott,4,1,10,8,1,1,0,0,full,0,0,,0,0,0.024999999999999994,-2,0,0,6
2016/17,2016,2016-12-31,Chelsea,Stoke,R Madley,4,2,12,10,3,2,0,0,full,0,0,,0,-1,-0.04999999999999999,-2,0,0,6
2016/17,2016,2016-12-31,Leicester,West Ham,A Taylor,1,0,11,8,5,3,0,0,full,0,0,,0,-2,-0.07954545454545453,-3,0,0,6
2016/17,2016,2016-12-31,Liverpool,Man City,C Pawson,1,0,12,12,2,1,0,0,full,0,0,,0,-1,-0.08333333333333333,0,0,0,6
2016/17,2016,2016-12-31,Man United,Middlesbrough,L Mason,2,1,9,14,1,1,0,0,full,0,0,,0,0,-0.03968253968253968,5,0,0,6
2016/17,2016,2016-12-31,Southampton,West Brom,M Jones,1,2,13,17,1,3,1,0,full,0,0,,0,2,0.0995475113122172,4,-1,0,6
2016/17,2016,2016-12-31,Swansea,Bournemouth,K Friend,0,3,14,9,2,0,0,0,full,0,0,,0,-2,-0.14285714285714285,-5,0,0,6
2016/17,2016,2017-01-01,Arsenal,Crystal Palace,A Marriner,2,0,9,7,1,1,0,0,full,0,0,,0,0,0.031746031746031744,-2,0,0,6
2016/17,2016,2017-01-01,Watford,Tottenham,M Oliver,1,4,11,6,3,0,0,0,full,0,0,,0,-3,-0.2727272727272727,-5,0,0,6
2016/17,2016,2017-01-02,Everton,Southampton,K Friend,3,0,5,14,0,1,0,0,full,0,0,,0,1,0.07142857142857142,9,0,0,6
2016/17,2016,2017-01-02,Man City,Burnley,L Mason,2,1,11,11,4,3,1,0,full,0,0,,0,-1,-0.09090909090909094,0,-1,0,6
2016/17,2016,2017-01-02,Middlesbrough,Leicester,R Madley,0,0,10,9,3,0,0,0,full,0,0,,0,-3,-0.3,-1,0,0,6
2016/17,2016,2017-01-02,Sunderland,Liverpool,A Taylor,2,2,10,10,2,3,0,0,full,0,0,,0,1,0.09999999999999998,0,0,0,6
2016/17,2016,2017-01-02,West Brom,Hull,M Clattenburg,3,1,5,4,0,0,0,0,full,0,0,,0,0,0.0,-1,0,0,6
2016/17,2016,2017-01-02,West Ham,Man United,M Dean,0,2,9,13,1,2,1,0,full,0,0,,0,1,0.04273504273504275,4,-1,0,6
2016/17,2016,2017-01-03,Bournemouth,Arsenal,M Oliver,3,3,10,12,3,3,1,0,full,0,0,,0,0,-0.04999999999999999,2,-1,0,6
2016/17,2016,2017-01-03,Crystal Palace,Swansea,P Tierney,1,2,13,14,2,1,0,0,full,0,0,,0,-1,-0.08241758241758243,1,0,0,6
2016/17,2016,2017-01-03,Stoke,Watford,N Swarbrick,2,0,10,15,1,2,0,0,full,0,0,,0,1,0.033333333333333326,5,0,0,6
2016/17,2016,2017-01-04,Tottenham,Chelsea,M Atkinson,2,0,9,8,3,2,0,0,full,0,0,,0,-1,-0.08333333333333331,-1,0,0,6
2016/17,2016,2017-01-14,Burnley,Southampton,P Tierney,1,0,14,14,1,2,0,0,full,0,0,,0,1,0.07142857142857142,0,0,0,6
2016/17,2016,2017-01-14,Hull,Bournemouth,M Atkinson,3,1,13,11,0,1,0,0,full,0,0,,0,1,0.09090909090909091,-2,0,0,6
2016/17,2016,2017-01-14,Leicester,Chelsea,A Marriner,0,3,8,9,1,0,0,0,full,0,0,,0,-1,-0.125,1,0,0,6
2016/17,2016,2017-01-14,Sunderland,Stoke,M Dean,1,3,16,11,3,1,0,0,full,0,0,,0,-2,-0.09659090909090909,-5,0,0,6
2016/17,2016,2017-01-14,Swansea,Arsenal,M Jones,0,4,12,8,2,0,0,0,full,0,0,,0,-2,-0.16666666666666666,-4,0,0,6
2016/17,2016,2017-01-14,Tottenham,West Brom,A Taylor,4,0,11,12,0,2,0,0,full,0,0,,0,2,0.16666666666666666,1,0,0,6
2016/17,2016,2017-01-14,Watford,Middlesbrough,J Moss,0,0,15,15,3,1,0,0,full,0,0,,0,-2,-0.13333333333333336,0,0,0,6
2016/17,2016,2017-01-14,West Ham,Crystal Palace,N Swarbrick,3,0,10,14,4,2,0,0,full,0,0,,0,-2,-0.2571428571428572,4,0,0,6
2016/17,2016,2017-01-15,Everton,Man City,M Clattenburg,4,0,17,7,2,2,0,0,full,0,0,,0,0,0.1680672268907563,-10,0,0,6
2016/17,2016,2017-01-15,Man United,Liverpool,M Oliver,1,1,17,13,1,3,0,0,full,0,0,,0,2,0.17194570135746606,-4,0,0,6
2016/17,2016,2017-01-21,Bournemouth,Watford,L Mason,2,2,6,16,1,1,0,0,full,0,0,,0,0,-0.10416666666666666,10,0,0,6
2016/17,2016,2017-01-21,Crystal Palace,Everton,A Taylor,0,1,10,15,0,1,0,0,full,0,0,,0,1,0.06666666666666667,5,0,0,6
2016/17,2016,2017-01-21,Liverpool,Swansea,K Friend,2,3,7,7,1,1,0,0,full,0,0,,0,0,0.0,0,0,0,6
2016/17,2016,2017-01-21,Man City,Tottenham,A Marriner,2,2,10,7,2,4,0,0,full,0,0,,0,2,0.3714285714285714,-3,0,0,6
2016/17,2016,2017-01-21,Middlesbrough,West Ham,M Atkinson,1,3,7,14,2,1,0,0,full,0,0,,0,-1,-0.21428571428571427,7,0,0,6
2016/17,2016,2017-01-21,Stoke,Man United,M Clattenburg,1,1,12,13,4,0,0,0,full,0,0,,0,-4,-0.3333333333333333,1,0,0,6
2016/17,2016,2017-01-21,West Brom,Sunderland,C Pawson,2,0,15,12,1,1,0,0,full,0,0,,0,0,0.016666666666666663,-3,0,0,6
2016/17,2016,2017-01-22,Arsenal,Burnley,J Moss,2,1,12,11,1,3,1,0,full,0,0,,0,2,0.1893939393939394,-1,-1,0,6
2016/17,2016,2017-01-22,Chelsea,Hull,N Swarbrick,2,0,12,10,1,3,0,0,full,0,0,,0,2,0.21666666666666667,-2,0,0,6
2016/17,2016,2017-01-22,Southampton,Leicester,M Oliver,3,0,8,10,0,1,0,0,full,0,0,,0,1,0.1,2,0,0,6
2016/17,2016,2017-01-31,Arsenal,Watford,A Marriner,1,2,12,15,3,3,0,0,full,0,0,,0,0,-0.04999999999999999,3,0,0,6
2016/17,2016,2017-01-31,Bournemouth,Crystal Palace,J Moss,0,2,14,23,0,4,0,0,full,0,0,,0,4,0.17391304347826086,9,0,0,6
2016/17,2016,2017-01-31,Burnley,Leicester,M Dean,1,0,4,8,1,0,0,0,full,0,0,,0,-1,-0.25,4,0,0,6
2016/17,2016,2017-01-31,Liverpool,Chelsea,M Clattenburg,1,1,13,8,2,1,0,0,full,0,0,,0,-1,-0.028846153846153855,-5,0,0,6
2016/17,2016,2017-01-31,Middlesbrough,West Brom,S Attwell,1,1,12,13,2,1,0,0,full,0,0,,0,-1,-0.08974358974358973,1,0,0,6
2016/17,2016,2017-01-31,Sunderland,Tottenham,L Mason,0,0,9,13,2,1,0,0,full,0,0,,0,-1,-0.14529914529914528,4,0,0,6
2016/17,2016,2017-01-31,Swansea,Southampton,R East,2,1,10,19,2,0,0,0,full,0,0,,0,-2,-0.2,9,0,0,6
2016/17,2016,2017-02-01,Man United,Hull,M Jones,0,0,20,16,1,4,0,0,full,0,0,,0,3,0.2,-4,0,0,6
2016/17,2016,2017-02-01,Stoke,Everton,C Pawson,1,1,21,12,1,0,0,0,full,0,0,,0,-1,-0.047619047619047616,-9,0,0,6
2016/17,2016,2017-02-01,West Ham,Man City,K Friend,0,4,11,14,3,3,0,0,full,0,0,,0,0,-0.05844155844155843,3,0,0,6
2016/17,2016,2017-02-04,Chelsea,Arsenal,M Atkinson,3,1,14,8,1,1,0,0,full,0,0,,0,0,0.053571428571428575,-6,0,0,6
2016/17,2016,2017-02-04,Crystal Palace,Sunderland,A Marriner,0,4,8,8,3,3,0,0,full,0,0,,0,0,0.0,0,0,0,6
2016/17,2016,2017-02-04,Everton,Bournemouth,M Jones,6,3,14,4,3,1,0,0,full,0,0,,0,-2,0.035714285714285726,-10,0,0,6
2016/17,2016,2017-02-04,Hull,Liverpool,L Mason,2,0,9,12,2,1,0,0,full,0,0,,0,-1,-0.1388888888888889,3,0,0,6
2016/17,2016,2017-02-04,Southampton,West Ham,G Scott,1,3,12,15,0,2,0,0,full,0,0,,0,2,0.13333333333333333,3,0,0,6
2016/17,2016,2017-02-04,Tottenham,Middlesbrough,M Clattenburg,1,0,8,11,0,1,0,0,full,0,0,,0,1,0.09090909090909091,3,0,0,6
2016/17,2016,2017-02-04,Watford,Burnley,M Oliver,2,1,12,10,5,0,0,1,full,0,0,,0,-5,-0.4166666666666667,-2,1,0,6
2016/17,2016,2017-02-04,West Brom,Stoke,K Friend,1,0,6,13,2,2,0,0,full,0,0,,0,0,-0.17948717948717946,7,0,0,6
2016/17,2016,2017-02-05,Leicester,Man United,A Taylor,0,3,12,13,2,4,0,0,full,0,0,,0,2,0.14102564102564105,1,0,0,6
2016/17,2016,2017-02-05,Man City,Swansea,M Dean,2,1,9,13,2,3,0,0,full,0,0,,0,1,0.008547008547008572,4,0,0,6
2016/17,2016,2017-02-11,Arsenal,Hull,M Clattenburg,2,0,12,9,3,1,0,1,full,0,0,,0,-2,-0.1388888888888889,-3,1,0,6
2016/17,2016,2017-02-11,Liverpool,Tottenham,A Taylor,2,0,14,14,3,4,0,0,full,0,0,,0,1,0.07142857142857142,0,0,0,6
2016/17,2016,2017-02-11,Man United,Watford,R Madley,2,0,10,12,1,0,0,0,full,0,0,,0,-1,-0.1,2,0,0,6
2016/17,2016,2017-02-11,Middlesbrough,Everton,M Dean,0,0,14,9,2,0,0,0,full,0,0,,0,-2,-0.14285714285714285,-5,0,0,6
2016/17,2016,2017-02-11,Stoke,Crystal Palace,M Atkinson,1,0,10,14,1,3,0,0,full,0,0,,0,2,0.11428571428571427,4,0,0,6
2016/17,2016,2017-02-11,Sunderland,Southampton,P Tierney,0,4,12,14,1,0,0,0,full,0,0,,0,-1,-0.08333333333333333,2,0,0,6
2016/17,2016,2017-02-11,West Ham,West Brom,M Oliver,2,2,7,14,3,2,0,0,full,0,0,,0,-1,-0.2857142857142857,7,0,0,6
2016/17,2016,2017-02-12,Burnley,Chelsea,K Friend,1,1,12,11,3,2,0,0,full,0,0,,0,-1,-0.06818181818181818,-1,0,0,6
2016/17,2016,2017-02-12,Swansea,Leicester,J Moss,2,0,7,14,2,2,0,0,full,0,0,,0,0,-0.14285714285714285,7,0,0,6
2016/17,2016,2017-02-13,Bournemouth,Man City,N Swarbrick,0,2,8,11,2,3,0,0,full,0,0,,0,1,0.022727272727272707,3,0,0,6
2016/17,2016,2017-02-25,Chelsea,Swansea,N Swarbrick,3,1,11,14,1,3,0,0,full,0,0,,0,2,0.12337662337662336,3,0,0,6
2016/17,2016,2017-02-25,Crystal Palace,Middlesbrough,R Madley,1,0,13,15,3,1,0,0,full,0,0,,0,-2,-0.16410256410256413,2,0,0,6
2016/17,2016,2017-02-25,Everton,Sunderland,S Attwell,2,0,10,16,0,2,0,0,full,0,0,,0,2,0.125,6,0,0,6
2016/17,2016,2017-02-25,Hull,Burnley,M Atkinson,1,1,8,13,1,1,0,1,full,0,0,,0,0,-0.04807692307692307,5,1,0,6
2016/17,2016,2017-02-25,Watford,West Ham,C Pawson,1,1,18,14,4,1,0,1,full,0,0,,0,-3,-0.15079365079365079,-4,1,0,6
2016/17,2016,2017-02-25,West Brom,Bournemouth,M Clattenburg,2,1,12,5,2,0,0,0,full,0,0,,0,-2,-0.16666666666666666,-7,0,0,6
2016/17,2016,2017-02-26,Tottenham,Stoke,J Moss,4,0,11,14,2,3,0,0,full,0,0,,0,1,0.03246753246753245,3,0,0,6
2016/17,2016,2017-02-27,Leicester,Liverpool,M Oliver,3,1,8,5,0,0,0,0,full,0,0,,0,0,0.0,-3,0,0,6
2016/17,2016,2017-03-04,Leicester,Hull,M Dean,3,1,12,13,1,1,0,0,full,0,0,,0,0,-0.006410256410256401,1,0,0,6
2016/17,2016,2017-03-04,Liverpool,Arsenal,R Madley,3,1,8,15,1,2,0,0,full,0,0,,0,1,0.008333333333333331,7,0,0,6
2016/17,2016,2017-03-04,Man United,Bournemouth,K Friend,1,1,9,11,3,2,0,1,full,0,0,,0,-1,-0.1515151515151515,2,1,0,6
2016/17,2016,2017-03-04,Stoke,Middlesbrough,C Pawson,2,0,16,20,1,2,0,0,full,0,0,,0,1,0.037500000000000006,4,0,0,6
2016/17,2016,2017-03-04,Swansea,Burnley,A Taylor,3,2,7,13,2,2,0,0,full,0,0,,0,0,-0.13186813186813184,6,0,0,6
2016/17,2016,2017-03-04,Watford,Southampton,J Moss,3,4,16,9,3,2,0,0,full,0,0,,0,-1,0.03472222222222221,-7,0,0,6
2016/17,2016,2017-03-04,West Brom,Crystal Palace,M Jones,0,2,8,12,0,1,0,0,full,0,0,,0,1,0.08333333333333333,4,0,0,6
2016/17,2016,2017-03-05,Sunderland,Man City,M Atkinson,0,2,11,4,1,0,0,0,full,0,0,,0,-1,-0.09090909090909091,-7,0,0,6
2016/17,2016,2017-03-05,Tottenham,Everton,M Oliver,3,2,9,14,1,2,0,0,full,0,0,,0,1,0.031746031746031744,5,0,0,6
2016/17,2016,2017-03-06,West Ham,Chelsea,A Marriner,1,2,8,8,0,1,0,0,full,0,0,,0,1,0.125,0,0,0,6
2016/17,2016,2017-03-08,Man City,Stoke,N Swarbrick,0,0,8,11,1,3,0,0,full,0,0,,0,2,0.1477272727272727,3,0,0,6
2016/17,2016,2017-03-11,Bournemouth,West Ham,R Madley,3,2,20,15,4,2,0,0,full,0,0,,0,-2,-0.06666666666666668,-5,0,0,6
2016/17,2016,2017-03-11,Everton,West Brom,G Scott,3,0,8,12,1,2,0,0,full,0,0,,0,1,0.04166666666666666,4,0,0,6
2016/17,2016,2017-03-11,Hull,Swansea,A Marriner,2,1,14,5,3,1,0,0,full,0,0,,0,-2,-0.014285714285714263,-9,0,0,6
2016/17,2016,2017-03-12,Liverpool,Burnley,C Pawson,2,1,12,16,2,2,0,0,full,0,0,,0,0,-0.04166666666666666,4,0,0,6
2016/17,2016,2017-03-18,Bournemouth,Swansea,M Dean,2,0,10,9,0,2,0,0,full,0,0,,0,2,0.2222222222222222,-1,0,0,6
2016/17,2016,2017-03-18,Crystal Palace,Watford,M Atkinson,1,0,8,15,0,2,0,0,full,0,0,,0,2,0.13333333333333333,7,0,0,6
2016/17,2016,2017-03-18,Everton,Hull,P Tierney,4,0,9,7,2,0,0,1,full,0,0,,0,-2,-0.2222222222222222,-2,1,0,6
2016/17,2016,2017-03-18,Stoke,Chelsea,A Taylor,1,2,16,11,4,2,1,0,full,0,0,,0,-2,-0.06818181818181818,-5,-1,0,6
2016/17,2016,2017-03-18,Sunderland,Burnley,R Madley,0,0,14,7,2,1,0,0,full,0,0,,0,-1,0.0,-7,0,0,6
2016/17,2016,2017-03-18,West Brom,Arsenal,N Swarbrick,3,1,5,6,1,0,0,0,full,0,0,,0,-1,-0.2,1,0,0,6
2016/17,2016,2017-03-18,West Ham,Leicester,R East,2,3,10,14,0,1,0,0,full,0,0,,0,1,0.07142857142857142,4,0,0,6
2016/17,2016,2017-03-19,Man City,Liverpool,M Oliver,1,1,14,7,3,3,0,0,full,0,0,,0,0,0.21428571428571427,-7,0,0,6
2016/17,2016,2017-03-19,Middlesbrough,Man United,J Moss,1,3,9,8,1,1,0,0,full,0,0,,0,0,0.013888888888888895,-1,0,0,6
2016/17,2016,2017-03-19,Tottenham,Southampton,A Marriner,2,1,12,13,3,3,0,0,full,0,0,,0,0,-0.019230769230769218,1,0,0,6
2016/17,2016,2017-04-01,Burnley,Tottenham,S Attwell,0,2,9,6,2,0,0,0,full,0,0,,0,-2,-0.2222222222222222,-3,0,0,6
2016/17,2016,2017-04-01,Chelsea,Crystal Palace,C Pawson,1,2,12,14,3,2,0,0,full,0,0,,0,-1,-0.10714285714285715,2,0,0,6
2016/17,2016,2017-04-01,Hull,West Ham,M Jones,2,1,16,9,2,2,0,0,full,0,0,,0,0,0.09722222222222221,-7,0,0,6
2016/17,2016,2017-04-01,Leicester,Stoke,L Mason,2,0,7,11,1,4,0,0,full,0,0,,0,3,0.2207792207792208,4,0,0,6
2016/17,2016,2017-04-01,Liverpool,Everton,A Taylor,3,1,17,10,1,3,0,0,full,0,0,,0,2,0.24117647058823527,-7,0,0,6
2016/17,2016,2017-04-01,Man United,West Brom,M Dean,0,0,15,13,3,3,0,0,full,0,0,,0,0,0.03076923076923077,-2,0,0,6
2016/17,2016,2017-04-01,Southampton,Bournemouth,J Moss,0,0,14,8,1,0,0,0,full,0,0,,0,-1,-0.07142857142857142,-6,0,0,6
2016/17,2016,2017-04-01,Watford,Sunderland,L Probert,1,0,12,8,1,3,0,0,full,0,0,,0,2,0.2916666666666667,-4,0,0,6
2016/17,2016,2017-04-02,Arsenal,Man City,A Marriner,2,2,8,15,3,2,0,0,full,0,0,,0,-1,-0.24166666666666667,7,0,0,6
2016/17,2016,2017-04-02,Swansea,Middlesbrough,R Madley,0,0,9,16,2,3,0,0,full,0,0,,0,1,-0.03472222222222221,7,0,0,6
2016/17,2016,2017-04-04,Burnley,Stoke,K Friend,1,0,9,16,3,2,0,0,full,0,0,,0,-1,-0.20833333333333331,7,0,0,6
2016/17,2016,2017-04-04,Leicester,Sunderland,G Scott,2,0,12,13,0,1,0,0,full,0,0,,0,1,0.07692307692307693,1,0,0,6
2016/17,2016,2017-04-04,Man United,Everton,N Swarbrick,1,1,10,18,1,4,0,1,full,0,0,,0,3,0.1222222222222222,8,1,0,6
2016/17,2016,2017-04-04,Watford,West Brom,P Tierney,2,0,11,14,1,4,1,0,full,0,0,,0,3,0.1948051948051948,3,-1,0,6
2016/17,2016,2017-04-05,Arsenal,West Ham,M Atkinson,3,0,11,5,2,2,0,0,full,0,0,,0,0,0.2181818181818182,-6,0,0,6
2016/17,2016,2017-04-05,Chelsea,Man City,M Dean,2,1,10,14,1,3,0,0,full,0,0,,0,2,0.11428571428571427,4,0,0,6
2016/17,2016,2017-04-05,Hull,Middlesbrough,M Oliver,4,2,13,12,2,1,0,0,full,0,0,,0,-1,-0.07051282051282053,-1,0,0,6
2016/17,2016,2017-04-05,Liverpool,Bournemouth,L Mason,2,2,11,8,1,1,0,0,full,0,0,,0,0,0.03409090909090909,-3,0,0,6
2016/17,2016,2017-04-05,Southampton,Crystal Palace,R East,3,1,16,11,2,1,0,0,full,0,0,,0,-1,-0.03409090909090909,-5,0,0,6
2016/17,2016,2017-04-05,Swansea,Tottenham,J Moss,1,3,7,8,1,1,0,0,full,0,0,,0,0,-0.01785714285714285,1,0,0,6
2016/17,2016,2017-04-08,Bournemouth,Chelsea,A Marriner,1,3,7,11,2,3,0,0,full,0,0,,0,1,-0.012987012987012991,4,0,0,6
2016/17,2016,2017-04-08,Man City,Hull,J Moss,3,1,6,8,0,2,0,0,full,0,0,,0,2,0.25,2,0,0,6
2016/17,2016,2017-04-08,Middlesbrough,Burnley,M Atkinson,0,0,9,12,0,3,0,0,full,0,0,,0,3,0.25,3,0,0,6
2016/17,2016,2017-04-08,Stoke,Liverpool,M Dean,1,2,7,11,0,2,0,0,full,0,0,,0,2,0.18181818181818182,4,0,0,6
2016/17,2016,2017-04-08,Tottenham,Watford,A Taylor,4,0,12,12,0,1,0,0,full,0,0,,0,1,0.08333333333333333,0,0,0,6
2016/17,2016,2017-04-08,West Brom,Southampton,C Kavanagh,0,1,12,12,2,2,0,0,full,0,0,,0,0,0.0,0,0,0,6
2016/17,2016,2017-04-08,West Ham,Swansea,K Friend,1,0,12,12,5,1,0,0,full,0,0,,0,-4,-0.33333333333333337,0,0,0,6
2016/17,2016,2017-04-09,Everton,Leicester,R Madley,4,2,8,15,2,2,0,0,full,0,0,,0,0,-0.11666666666666667,7,0,0,6
2016/17,2016,2017-04-09,Sunderland,Man United,C Pawson,0,3,14,20,1,5,1,0,full,0,0,,0,4,0.17857142857142858,6,-1,0,6
2016/17,2016,2017-04-10,Crystal Palace,Arsenal,M Oliver,3,0,11,10,0,1,0,0,full,0,0,,0,1,0.1,-1,0,0,6
2016/17,2016,2017-04-15,Crystal Palace,Leicester,M Dean,2,2,10,16,0,2,0,0,full,0,0,,0,2,0.125,6,0,0,6
2016/17,2016,2017-04-15,Everton,Burnley,M Clattenburg,3,1,15,14,2,0,0,0,full,0,0,,0,-2,-0.13333333333333333,-1,0,0,6
2016/17,2016,2017-04-15,Southampton,Man City,N Swarbrick,0,3,9,8,3,0,0,0,full,0,0,,0,-3,-0.3333333333333333,-1,0,0,6
2016/17,2016,2017-04-15,Stoke,Hull,S Attwell,3,1,12,5,0,2,0,0,full,0,0,,0,2,0.4,-7,0,0,6
2016/17,2016,2017-04-15,Sunderland,West Ham,A Marriner,2,2,14,10,1,0,0,1,full,0,0,,0,-1,-0.07142857142857142,-4,1,0,6
2016/17,2016,2017-04-15,Tottenham,Bournemouth,M Oliver,4,0,8,10,0,1,0,0,full,0,0,,0,1,0.1,2,0,0,6
2016/17,2016,2017-04-15,Watford,Swansea,L Mason,1,0,8,13,0,0,0,0,full,0,0,,0,0,0.0,5,0,0,6
2016/17,2016,2017-04-16,Man United,Chelsea,R Madley,2,0,16,20,3,3,0,0,full,0,0,,0,0,-0.037500000000000006,4,0,0,6
2016/17,2016,2017-04-16,West Brom,Liverpool,J Moss,0,1,15,9,3,1,0,0,full,0,0,,0,-2,-0.0888888888888889,-6,0,0,6
2016/17,2016,2017-04-17,Middlesbrough,Arsenal,A Taylor,1,2,11,16,2,2,0,0,full,0,0,,0,0,-0.05681818181818182,5,0,0,6
2016/17,2016,2017-04-22,Bournemouth,Middlesbrough,G Scott,4,0,4,14,0,2,0,1,full,0,0,,0,2,0.14285714285714285,10,1,0,6
2016/17,2016,2017-04-22,Hull,Watford,R Madley,2,0,10,11,3,1,1,0,full,0,0,,0,-2,-0.20909090909090908,1,-1,0,6
2016/17,2016,2017-04-22,Swansea,Stoke,M Oliver,2,0,5,14,2,2,0,0,full,0,0,,0,0,-0.2571428571428572,9,0,0,6
2016/17,2016,2017-04-22,West Ham,Everton,R East,0,0,9,15,2,3,0,0,full,0,0,,0,1,-0.0222222222222222,6,0,0,6
2016/17,2016,2017-04-23,Burnley,Man United,A Taylor,0,2,17,16,2,1,0,0,full,0,0,,0,-1,-0.05514705882352941,-1,0,0,6
2016/17,2016,2017-04-23,Liverpool,Crystal Palace,A Marriner,1,2,8,10,1,2,0,0,full,0,0,,0,1,0.07500000000000001,2,0,0,6
2016/17,2016,2017-04-25,Chelsea,Southampton,L Mason,4,2,13,9,2,2,0,0,full,0,0,,0,0,0.06837606837606836,-4,0,0,6
2016/17,2016,2017-04-26,Arsenal,Leicester,M Jones,1,0,9,13,2,4,0,0,full,0,0,,0,2,0.0854700854700855,4,0,0,6
2016/17,2016,2017-04-26,Crystal Palace,Tottenham,J Moss,0,1,13,15,3,3,0,0,full,0,0,,0,0,-0.03076923076923077,2,0,0,6
2016/17,2016,2017-04-26,Middlesbrough,Sunderland,M Dean,1,0,15,11,3,3,0,0,full,0,0,,0,0,0.0727272727272727,-4,0,0,6
2016/17,2016,2017-04-27,Man City,Man United,M Atkinson,0,0,10,8,1,0,0,1,full,0,0,,0,-1,-0.1,-2,1,0,6
2016/17,2016,2017-04-29,Crystal Palace,Burnley,R Madley,0,2,11,12,2,0,0,0,full,0,0,,0,-2,-0.18181818181818182,1,0,0,6
2016/17,2016,2017-04-29,Southampton,Hull,M Dean,0,0,9,13,0,3,0,0,full,0,0,,0,3,0.23076923076923078,4,0,0,6
2016/17,2016,2017-04-29,Stoke,West Ham,L Probert,0,0,12,3,1,0,0,0,full,0,0,,0,-1,-0.08333333333333333,-9,0,0,6
2016/17,2016,2017-04-29,Sunderland,Bournemouth,S Attwell,0,1,13,9,3,2,0,0,full,0,0,,0,-1,-0.008547008547008572,-4,0,0,6
2016/17,2016,2017-04-29,West Brom,Leicester,M Clattenburg,0,1,14,9,2,2,0,0,full,0,0,,0,0,0.07936507936507936,-5,0,0,6
2016/17,2016,2017-04-30,Everton,Chelsea,J Moss,0,3,13,11,3,4,0,0,full,0,0,,0,1,0.13286713286713286,-2,0,0,6
2016/17,2016,2017-04-30,Man United,Swansea,N Swarbrick,1,1,11,13,2,2,0,0,full,0,0,,0,0,-0.02797202797202797,2,0,0,6
2016/17,2016,2017-04-30,Middlesbrough,Man City,K Friend,2,2,9,9,4,4,0,0,full,0,0,,0,0,0.0,0,0,0,6
2016/17,2016,2017-04-30,Tottenham,Arsenal,M Oliver,2,0,7,15,1,3,0,0,full,0,0,,0,2,0.05714285714285716,8,0,0,6
2016/17,2016,2017-05-01,Watford,Liverpool,C Pawson,0,1,11,9,3,1,0,0,full,0,0,,0,-2,-0.1616161616161616,-2,0,0,6
2016/17,2016,2017-05-05,West Ham,Tottenham,A Taylor,1,0,8,9,4,2,0,0,full,0,0,,0,-2,-0.2777777777777778,1,0,0,6
2016/17,2016,2017-05-06,Bournemouth,Stoke,P Tierney,2,2,10,15,2,0,0,0,full,0,0,,0,-2,-0.2,5,0,0,6
2016/17,2016,2017-05-06,Burnley,West Brom,M Jones,2,2,9,14,1,3,0,0,full,0,0,,0,2,0.10317460317460317,5,0,0,6
2016/17,2016,2017-05-06,Hull,Sunderland,N Swarbrick,0,2,10,8,3,1,0,0,full,0,0,,0,-2,-0.175,-2,0,0,6
2016/17,2016,2017-05-06,Leicester,Watford,R East,3,0,8,10,0,0,0,0,full,0,0,,0,0,0.0,2,0,0,6
2016/17,2016,2017-05-06,Man City,Crystal Palace,M Oliver,5,0,12,8,1,3,0,0,full,0,0,,0,2,0.2916666666666667,-4,0,0,6
2016/17,2016,2017-05-06,Swansea,Everton,M Atkinson,1,0,5,13,0,0,0,0,full,0,0,,0,0,0.0,8,0,0,6
2016/17,2016,2017-05-07,Arsenal,Man United,A Marriner,2,0,14,10,1,0,0,0,full,0,0,,0,-1,-0.07142857142857142,-4,0,0,6
2016/17,2016,2017-05-07,Liverpool,Southampton,R Madley,0,0,9,4,1,3,0,0,full,0,0,,0,2,0.6388888888888888,-5,0,0,6
2016/17,2016,2017-05-08,Chelsea,Middlesbrough,C Pawson,3,0,8,21,0,2,0,0,full,0,0,,0,2,0.09523809523809523,13,0,0,6
2016/17,2016,2017-05-10,Southampton,Arsenal,J Moss,0,2,5,5,1,2,0,0,full,0,0,,0,1,0.2,0,0,0,6
2016/17,2016,2017-05-12,Everton,Watford,K Friend,1,0,7,11,0,3,0,0,full,0,0,,0,3,0.2727272727272727,4,0,0,6
2016/17,2016,2017-05-12,West Brom,Chelsea,M Oliver,0,1,13,8,3,0,0,0,full,0,0,,0,-3,-0.23076923076923078,-5,0,0,6
2016/17,2016,2017-05-13,Bournemouth,Burnley,L Probert,2,1,6,11,0,1,0,0,full,0,0,,0,1,0.09090909090909091,5,0,0,6
2016/17,2016,2017-05-13,Man City,Leicester,R Madley,2,1,12,16,3,3,0,0,full,0,0,,0,0,-0.0625,4,0,0,6
2016/17,2016,2017-05-13,Middlesbrough,Southampton,A Taylor,1,2,19,11,3,0,0,0,full,0,0,,0,-3,-0.15789473684210525,-8,0,0,6
2016/17,2016,2017-05-13,Stoke,Arsenal,M Dean,1,4,13,7,1,2,0,0,full,0,0,,0,1,0.20879120879120877,-6,0,0,6
2016/17,2016,2017-05-13,Sunderland,Swansea,A Marriner,0,2,13,6,4,0,0,0,full,0,0,,0,-4,-0.3076923076923077,-7,0,0,6
2016/17,2016,2017-05-14,Crystal Palace,Hull,M Atkinson,4,0,13,14,3,5,0,0,full,0,0,,0,2,0.12637362637362637,1,0,0,6
2016/17,2016,2017-05-14,Tottenham,Man United,J Moss,2,1,14,15,1,2,0,0,full,0,0,,0,1,0.06190476190476191,1,0,0,6
2016/17,2016,2017-05-14,West Ham,Liverpool,N Swarbrick,0,4,5,10,2,0,0,0,full,0,0,,0,-2,-0.4,5,0,0,6
2016/17,2016,2017-05-15,Chelsea,Watford,L Mason,4,3,7,12,2,4,0,1,full,0,0,,0,2,0.047619047619047616,5,1,0,6
2016/17,2016,2017-05-16,Arsenal,Sunderland,R East,2,0,15,10,4,2,0,0,full,0,0,,0,-2,-0.06666666666666665,-5,0,0,6
2016/17,2016,2017-05-16,Man City,West Brom,C Pawson,3,1,8,11,1,2,0,0,full,0,0,,0,1,0.05681818181818182,3,0,0,6
2016/17,2016,2017-05-17,Southampton,Man United,M Dean,0,0,7,10,2,1,0,0,full,0,0,,0,-1,-0.1857142857142857,3,0,0,6
2016/17,2016,2017-05-18,Leicester,Tottenham,M Oliver,1,6,11,8,3,1,0,0,full,0,0,,0,-2,-0.1477272727272727,-3,0,0,6
2016/17,2016,2017-05-21,Arsenal,Everton,M Oliver,3,1,10,15,2,4,1,0,full,0,0,,0,2,0.06666666666666665,5,-1,0,6
2016/17,2016,2017-05-21,Burnley,West Ham,R Madley,1,2,11,14,2,2,0,0,full,0,0,,0,0,-0.038961038961038974,3,0,0,6
2016/17,2016,2017-05-21,Chelsea,Sunderland,N Swarbrick,5,1,8,15,1,1,0,0,full,0,0,,0,0,-0.058333333333333334,7,0,0,6
2016/17,2016,2017-05-21,Hull,Tottenham,A Marriner,1,7,14,5,0,0,0,0,full,0,0,,0,0,0.0,-9,0,0,6
2016/17,2016,2017-05-21,Leicester,Bournemouth,L Mason,1,1,11,10,4,1,0,0,full,0,0,,0,-3,-0.26363636363636367,-1,0,0,6
2016/17,2016,2017-05-21,Liverpool,Middlesbrough,M Atkinson,3,0,13,8,0,1,0,0,full,0,0,,0,1,0.125,-5,0,0,6
2016/17,2016,2017-05-21,Man United,Crystal Palace,A Taylor,2,0,16,10,2,0,0,0,full,0,0,,0,-2,-0.125,-6,0,0,6
2016/17,2016,2017-05-21,Southampton,Stoke,L Probert,0,1,12,10,2,4,0,0,full,0,0,,0,2,0.23333333333333336,-2,0,0,6
2016/17,2016,2017-05-21,Swansea,West Brom,M Dean,2,1,8,10,1,1,0,0,full,0,0,,0,0,-0.024999999999999994,2,0,0,6
2016/17,2016,2017-05-21,Watford,Man City,J Moss,0,5,12,10,1,0,0,0,full,0,0,,0,-1,-0.08333333333333333,-2,0,0,6
2017/18,2017,2017-08-11,Arsenal,Leicester,M Dean,4,3,9,12,0,1,0,0,full,0,0,,0,1,0.08333333333333333,3,0,0,7
2017/18,2017,2017-08-12,Brighton,Man City,M Oliver,0,2,6,9,0,2,0,0,full,0,0,,0,2,0.2222222222222222,3,0,0,7
2017/18,2017,2017-08-12,Chelsea,Burnley,C Pawson,2,3,16,11,3,3,2,0,full,0,0,,0,0,0.08522727272727271,-5,-2,0,7
2017/18,2017,2017-08-12,Crystal Palace,Huddersfield,J Moss,0,3,7,19,1,3,0,0,full,0,0,,0,2,0.015037593984962405,12,0,0,7
2017/18,2017,2017-08-12,Everton,Stoke,N Swarbrick,1,0,13,10,1,1,0,0,full,0,0,,0,0,0.023076923076923078,-3,0,0,7
2017/18,2017,2017-08-12,Southampton,Swansea,M Jones,0,0,10,13,2,1,0,0,full,0,0,,0,-1,-0.12307692307692308,3,0,0,7
2017/18,2017,2017-08-12,Watford,Liverpool,A Taylor,3,3,14,8,0,3,0,0,full,0,0,,0,3,0.375,-6,0,0,7
2017/18,2017,2017-08-12,West Brom,Bournemouth,R Madley,1,0,15,3,3,1,0,0,full,0,0,,0,-2,0.1333333333333333,-12,0,0,7
2017/18,2017,2017-08-13,Man United,West Ham,M Atkinson,4,0,19,7,2,2,0,0,full,0,0,,0,0,0.18045112781954886,-12,0,0,7
2017/18,2017,2017-08-13,Newcastle,Tottenham,A Marriner,0,2,6,10,1,2,1,0,full,0,0,,0,1,0.033333333333333354,4,-1,0,7
2017/18,2017,2017-08-19,Bournemouth,Watford,R East,0,2,6,14,1,3,0,0,full,0,0,,0,2,0.047619047619047616,8,0,0,7
2017/18,2017,2017-08-19,Burnley,West Brom,M Atkinson,0,1,11,11,1,0,0,1,full,0,0,,0,-1,-0.09090909090909091,0,1,0,7
2017/18,2017,2017-08-19,Leicester,Brighton,L Probert,2,0,8,10,1,0,0,0,full,0,0,,0,-1,-0.125,2,0,0,7
2017/18,2017,2017-08-19,Liverpool,Crystal Palace,K Friend,1,0,12,13,1,3,0,0,full,0,0,,0,2,0.14743589743589747,1,0,0,7
2017/18,2017,2017-08-19,Southampton,West Ham,L Mason,3,2,18,10,1,1,0,1,full,0,0,,0,0,0.04444444444444445,-8,1,0,7
2017/18,2017,2017-08-19,Stoke,Arsenal,A Marriner,1,0,6,11,0,0,0,0,full,0,0,,0,0,0.0,5,0,0,7
2017/18,2017,2017-08-19,Swansea,Man United,J Moss,0,4,12,11,1,1,0,0,full,0,0,,0,0,0.007575757575757583,-1,0,0,7
2017/18,2017,2017-08-20,Huddersfield,Newcastle,C Pawson,1,0,13,10,3,4,0,0,full,0,0,,0,1,0.16923076923076924,-3,0,0,7
2017/18,2017,2017-08-20,Tottenham,Chelsea,A Taylor,1,2,14,21,3,3,0,0,full,0,0,,0,0,-0.07142857142857142,7,0,0,7
2017/18,2017,2017-08-21,Man City,Everton,R Madley,1,1,7,9,1,2,1,1,full,0,0,,0,1,0.07936507936507936,2,0,0,7
2017/18,2017,2017-08-26,Bournemouth,Man City,M Dean,1,2,13,14,5,4,0,1,full,0,0,,0,-1,-0.09890109890109894,1,1,0,7
2017/18,2017,2017-08-26,Crystal Palace,Swansea,A Marriner,0,2,9,6,4,1,0,0,full,0,0,,0,-3,-0.2777777777777778,-3,0,0,7
2017/18,2017,2017-08-26,Huddersfield,Southampton,S Attwell,0,0,10,10,0,1,0,0,full,0,0,,0,1,0.1,0,0,0,7
2017/18,2017,2017-08-26,Man United,Leicester,M Oliver,2,0,8,7,1,2,0,0,full,0,0,,0,1,0.1607142857142857,-1,0,0,7
2017/18,2017,2017-08-26,Newcastle,West Ham,N Swarbrick,3,0,17,11,1,3,0,0,full,0,0,,0,2,0.213903743315508,-6,0,0,7
2017/18,2017,2017-08-26,Watford,Brighton,G Scott,0,0,7,18,0,1,1,0,full,0,0,,0,1,0.05555555555555555,11,-1,0,7
2017/18,2017,2017-08-27,Chelsea,Everton,J Moss,2,0,12,7,2,2,0,0,full,0,0,,0,0,0.11904761904761904,-5,0,0,7
2017/18,2017,2017-08-27,Liverpool,Arsenal,C Pawson,4,0,6,9,2,4,0,0,full,0,0,,0,2,0.1111111111111111,3,0,0,7
2017/18,2017,2017-08-27,Tottenham,Burnley,L Mason,1,1,9,9,0,0,0,0,full,0,0,,0,0,0.0,0,0,0,7
2017/18,2017,2017-08-27,West Brom,Stoke,A Taylor,1,1,10,9,2,2,0,0,full,0,0,,0,0,0.0222222222222222,-1,0,0,7
2017/18,2017,2017-09-09,Arsenal,Bournemouth,A Taylor,3,0,14,10,0,1,0,0,full,0,0,,0,1,0.1,-4,0,0,7
2017/18,2017,2017-09-09,Brighton,West Brom,C Kavanagh,3,1,9,4,2,0,0,0,full,0,0,,0,-2,-0.2222222222222222,-5,0,0,7
2017/18,2017,2017-09-09,Everton,Tottenham,G Scott,0,3,14,14,3,1,0,0,full,0,0,,0,-2,-0.14285714285714285,0,0,0,7
2017/18,2017,2017-09-09,Leicester,Chelsea,L Mason,1,2,11,8,1,0,0,0,full,0,0,,0,-1,-0.09090909090909091,-3,0,0,7
2017/18,2017,2017-09-09,Man City,Liverpool,J Moss,5,0,10,9,2,2,0,1,full,0,0,,0,0,0.0222222222222222,-1,1,0,7
2017/18,2017,2017-09-09,Southampton,Watford,L Probert,0,2,8,11,0,0,0,0,full,0,0,,0,0,0.0,3,0,0,7
2017/18,2017,2017-09-09,Stoke,Man United,N Swarbrick,2,2,10,10,0,0,0,0,full,0,0,,0,0,0.0,0,0,0,7
2017/18,2017,2017-09-10,Burnley,Crystal Palace,M Oliver,1,0,7,14,1,1,0,0,full,0,0,,0,0,-0.07142857142857142,7,0,0,7
2017/18,2017,2017-09-10,Swansea,Newcastle,M Jones,0,1,11,15,2,3,0,0,full,0,0,,0,1,0.018181818181818188,4,0,0,7
2017/18,2017,2017-09-11,West Ham,Huddersfield,K Friend,2,0,11,14,1,2,0,0,full,0,0,,0,1,0.05194805194805194,3,0,0,7
2017/18,2017,2017-09-15,Bournemouth,Brighton,C Pawson,2,1,5,12,0,0,0,0,full,0,0,,0,0,0.0,7,0,0,7
2017/18,2017,2017-09-16,Crystal Palace,Southampton,R Madley,0,1,14,13,5,1,0,0,full,0,0,,0,-4,-0.2802197802197802,-1,0,0,7
2017/18,2017,2017-09-16,Huddersfield,Leicester,J Moss,1,1,6,6,1,1,0,0,full,0,0,,0,0,0.0,0,0,0,7
2017/18,2017,2017-09-16,Liverpool,Burnley,R East,1,1,7,9,1,2,0,0,full,0,0,,0,1,0.07936507936507936,2,0,0,7
2017/18,2017,2017-09-16,Newcastle,Stoke,S Attwell,2,1,13,11,3,1,0,0,full,0,0,,0,-2,-0.13986013986013987,-2,0,0,7
2017/18,2017,2017-09-16,Tottenham,Swansea,M Dean,0,0,11,9,1,3,0,0,full,0,0,,0,2,0.2424242424242424,-2,0,0,7
2017/18,2017,2017-09-16,Watford,Man City,A Taylor,0,6,8,6,2,0,0,0,full,0,0,,0,-2,-0.25,-2,0,0,7
2017/18,2017,2017-09-16,West Brom,West Ham,P Tierney,0,0,15,7,2,2,0,0,full,0,0,,0,0,0.15238095238095237,-8,0,0,7
2017/18,2017,2017-09-17,Chelsea,Arsenal,M Oliver,0,0,11,15,1,3,1,0,full,0,0,,0,2,0.1090909090909091,4,-1,0,7
2017/18,2017,2017-09-17,Man United,Everton,A Marriner,4,0,15,14,1,1,0,0,full,0,0,,0,0,0.004761904761904759,-1,0,0,7
2017/18,2017,2017-09-23,Burnley,Huddersfield,C Kavanagh,0,0,9,13,3,2,0,0,full,0,0,,0,-1,-0.17948717948717946,4,0,0,7
2017/18,2017,2017-09-23,Everton,Bournemouth,M Atkinson,2,1,12,11,3,1,0,0,full,0,0,,0,-2,-0.1590909090909091,-1,0,0,7
2017/18,2017,2017-09-23,Leicester,Liverpool,A Taylor,2,3,13,14,3,3,0,0,full,0,0,,0,0,-0.016483516483516508,1,0,0,7
2017/18,2017,2017-09-23,Man City,Crystal Palace,N Swarbrick,5,0,6,7,3,1,0,0,full,0,0,,0,-2,-0.35714285714285715,1,0,0,7
2017/18,2017,2017-09-23,Southampton,Man United,C Pawson,0,1,12,9,1,4,0,0,full,0,0,,0,3,0.3611111111111111,-3,0,0,7
2017/18,2017,2017-09-23,Stoke,Chelsea,M Dean,0,4,5,14,2,2,0,0,full,0,0,,0,0,-0.2571428571428572,9,0,0,7
2017/18,2017,2017-09-23,Swansea,Watford,L Mason,1,2,9,16,1,3,0,0,full,0,0,,0,2,0.0763888888888889,7,0,0,7
2017/18,2017,2017-09-23,West Ham,Tottenham,M Oliver,2,3,10,20,4,2,0,1,full,0,0,,0,-2,-0.30000000000000004,10,1,0,7
2017/18,2017,2017-09-24,Brighton,Newcastle,A Marriner,1,0,6,8,2,1,0,0,full,0,0,,0,-1,-0.20833333333333331,2,0,0,7
2017/18,2017,2017-09-25,Arsenal,West Brom,R Madley,2,0,8,17,1,4,0,0,full,0,0,,0,3,0.11029411764705882,9,0,0,7
2017/18,2017,2017-09-30,Bournemouth,Leicester,G Scott,0,0,6,10,1,0,0,0,full,0,0,,0,-1,-0.16666666666666666,4,0,0,7
2017/18,2017,2017-09-30,Chelsea,Man City,M Atkinson,0,1,8,13,0,2,0,0,full,0,0,,0,2,0.15384615384615385,5,0,0,7
2017/18,2017,2017-09-30,Huddersfield,Tottenham,N Swarbrick,0,4,7,4,1,1,0,0,full,0,0,,0,0,0.10714285714285715,-3,0,0,7
2017/18,2017,2017-09-30,Man United,Crystal Palace,M Dean,4,0,6,9,0,0,0,0,full,0,0,,0,0,0.0,3,0,0,7
2017/18,2017,2017-09-30,Stoke,Southampton,M Jones,2,1,11,10,1,2,0,0,full,0,0,,0,1,0.1090909090909091,-1,0,0,7
2017/18,2017,2017-09-30,West Brom,Watford,M Oliver,2,2,12,11,3,0,0,0,full,0,0,,0,-3,-0.25,-1,0,0,7
2017/18,2017,2017-09-30,West Ham,Swansea,R East,1,0,15,13,3,2,0,0,full,0,0,,0,-1,-0.046153846153846156,-2,0,0,7
2017/18,2017,2017-10-01,Arsenal,Brighton,K Friend,2,0,7,8,0,2,0,0,full,0,0,,0,2,0.25,1,0,0,7
2017/18,2017,2017-10-01,Everton,Burnley,J Moss,0,1,14,7,2,2,0,0,full,0,0,,0,0,0.14285714285714285,-7,0,0,7
2017/18,2017,2017-10-01,Newcastle,Liverpool,C Pawson,1,1,11,6,1,1,0,0,full,0,0,,0,0,0.07575757575757575,-5,0,0,7
2017/18,2017,2017-10-14,Burnley,West Ham,S Attwell,1,1,11,14,2,2,0,1,full,0,0,,0,0,-0.038961038961038974,3,1,0,7
2017/18,2017,2017-10-14,Crystal Palace,Chelsea,A Marriner,2,1,7,6,2,1,0,0,full,0,0,,0,-1,-0.11904761904761904,-1,0,0,7
2017/18,2017,2017-10-14,Liverpool,Man United,M Atkinson,0,0,7,13,0,2,0,0,full,0,0,,0,2,0.15384615384615385,6,0,0,7
2017/18,2017,2017-10-14,Man City,Stoke,C Pawson,7,2,5,8,0,1,0,0,full,0,0,,0,1,0.125,3,0,0,7
2017/18,2017,2017-10-14,Swansea,Huddersfield,P Tierney,2,0,12,16,1,5,0,0,full,0,0,,0,4,0.22916666666666669,4,0,0,7
2017/18,2017,2017-10-14,Tottenham,Bournemouth,R Madley,1,0,9,7,1,3,0,0,full,0,0,,0,2,0.31746031746031744,-2,0,0,7
2017/18,2017,2017-10-14,Watford,Arsenal,N Swarbrick,2,1,8,10,1,0,0,0,full,0,0,,0,-1,-0.125,2,0,0,7
2017/18,2017,2017-10-15,Brighton,Everton,M Oliver,1,1,12,10,4,1,0,0,full,0,0,,0,-3,-0.2333333333333333,-2,0,0,7
2017/18,2017,2017-10-15,Southampton,Newcastle,K Friend,2,2,11,12,1,2,0,0,full,0,0,,0,1,0.07575757575757575,1,0,0,7
2017/18,2017,2017-10-16,Leicester,West Brom,M Dean,1,1,13,6,2,2,0,0,full,0,0,,0,0,0.17948717948717946,-7,0,0,7
2017/18,2017,2017-10-20,West Ham,Brighton,M Atkinson,0,3,5,13,1,0,0,0,full,0,0,,0,-1,-0.2,8,0,0,7
2017/18,2017,2017-10-21,Chelsea,Watford,J Moss,4,2,13,16,2,3,0,0,full,0,0,,0,1,0.033653846153846145,3,0,0,7
2017/18,2017,2017-10-21,Huddersfield,Man United,L Mason,2,1,10,12,4,2,0,0,full,0,0,,0,-2,-0.23333333333333336,2,0,0,7
2017/18,2017,2017-10-21,Man City,Burnley,R East,3,0,10,6,2,3,0,0,full,0,0,,0,1,0.3,-4,0,0,7
2017/18,2017,2017-10-21,Newcastle,Crystal Palace,S Attwell,1,0,12,14,4,2,0,0,full,0,0,,0,-2,-0.19047619047619047,2,0,0,7
2017/18,2017,2017-10-21,Southampton,West Brom,G Scott,1,0,10,8,0,1,0,0,full,0,0,,0,1,0.125,-2,0,0,7
2017/18,2017,2017-10-21,Stoke,Bournemouth,L Probert,1,2,17,10,0,1,0,0,full,0,0,,0,1,0.1,-7,0,0,7
2017/18,2017,2017-10-21,Swansea,Leicester,M Oliver,1,2,6,9,0,1,0,0,full,0,0,,0,1,0.1111111111111111,3,0,0,7
2017/18,2017,2017-10-22,Everton,Arsenal,C Pawson,2,5,14,14,1,1,1,0,full,0,0,,0,0,0.0,0,-1,0,7
2017/18,2017,2017-10-22,Tottenham,Liverpool,A Marriner,4,1,2,8,0,1,0,0,full,0,0,,1,1,,6,0,0,7
2017/18,2017,2017-10-28,Arsenal,Swansea,L Mason,2,1,9,9,0,0,0,0,full,0,0,,0,0,0.0,0,0,0,7
2017/18,2017,2017-10-28,Bournemouth,Chelsea,C Pawson,0,1,5,5,2,0,0,0,full,0,0,,0,-2,-0.4,0,0,0,7
2017/18,2017,2017-10-28,Crystal Palace,West Ham,R Madley,2,2,18,15,1,2,0,0,full,0,0,,0,1,0.07777777777777778,-3,0,0,7
2017/18,2017,2017-10-28,Liverpool,Huddersfield,K Friend,3,0,10,8,0,1,0,0,full,0,0,,0,1,0.125,-2,0,0,7
2017/18,2017,2017-10-28,Man United,Tottenham,J Moss,1,0,12,14,1,0,0,0,full,0,0,,0,-1,-0.08333333333333333,2,0,0,7
2017/18,2017,2017-10-28,Watford,Stoke,M Oliver,0,1,10,9,4,4,0,0,full,0,0,,0,0,0.0444444444444444,-1,0,0,7
2017/18,2017,2017-10-28,West Brom,Man City,M Jones,2,3,10,7,2,3,0,0,full,0,0,,0,1,0.22857142857142854,-3,0,0,7
2017/18,2017,2017-10-29,Brighton,Southampton,N Swarbrick,1,1,9,10,3,1,0,0,full,0,0,,0,-2,-0.2333333333333333,1,0,0,7
2017/18,2017,2017-10-29,Leicester,Everton,A Marriner,2,0,6,10,0,2,0,0,full,0,0,,0,2,0.2,4,0,0,7
2017/18,2017,2017-10-30,Burnley,Newcastle,M Dean,1,0,9,10,3,0,0,0,full,0,0,,0,-3,-0.3333333333333333,1,0,0,7
2017/18,2017,2017-11-04,Huddersfield,West Brom,R East,1,0,8,15,1,4,1,0,full,0,0,,0,3,0.14166666666666666,7,-1,0,7
2017/18,2017,2017-11-04,Newcastle,Bournemouth,P Tierney,0,1,11,12,2,2,0,0,full,0,0,,0,0,-0.015151515151515166,1,0,0,7
2017/18,2017,2017-11-04,Southampton,Burnley,L Probert,0,1,4,4,0,0,0,0,full,0,0,,0,0,0.0,0,0,0,7
2017/18,2017,2017-11-04,Stoke,Leicester,R Madley,2,2,12,8,0,0,0,0,full,0,0,,0,0,0.0,-4,0,0,7
2017/18,2017,2017-11-04,Swansea,Brighton,M Dean,0,1,13,12,2,1,0,0,full,0,0,,0,-1,-0.07051282051282053,-1,0,0,7
2017/18,2017,2017-11-04,West Ham,Liverpool,N Swarbrick,1,4,9,13,3,0,0,0,full,0,0,,0,-3,-0.3333333333333333,4,0,0,7
2017/18,2017,2017-11-05,Chelsea,Man United,A Taylor,1,0,16,20,1,3,0,0,full,0,0,,0,2,0.0875,4,0,0,7
2017/18,2017,2017-11-05,Everton,Watford,G Scott,3,2,14,12,0,2,0,0,full,0,0,,0,2,0.16666666666666666,-2,0,0,7
2017/18,2017,2017-11-05,Man City,Arsenal,M Oliver,3,1,15,15,1,6,0,0,full,0,0,,0,5,0.33333333333333337,0,0,0,7
2017/18,2017,2017-11-05,Tottenham,Crystal Palace,K Friend,1,0,6,7,0,2,0,0,full,0,0,,0,2,0.2857142857142857,1,0,0,7
2017/18,2017,2017-11-18,Arsenal,Tottenham,M Dean,2,0,11,16,4,1,0,0,full,0,0,,0,-3,-0.30113636363636365,5,0,0,7
2017/18,2017,2017-11-18,Bournemouth,Huddersfield,L Probert,4,0,13,10,3,2,1,0,full,0,0,,0,-1,-0.03076923076923077,-3,-1,0,7
2017/18,2017,2017-11-18,Burnley,Swansea,M Atkinson,2,0,12,12,1,1,0,0,full,0,0,,0,0,0.0,0,0,0,7
2017/18,2017,2017-11-18,Crystal Palace,Everton,A Taylor,2,2,9,26,2,3,0,0,full,0,0,,0,1,-0.10683760683760682,17,0,0,7
2017/18,2017,2017-11-18,Leicester,Man City,G Scott,0,2,8,10,1,1,0,0,full,0,0,,0,0,-0.024999999999999994,2,0,0,7
2017/18,2017,2017-11-18,Liverpool,Southampton,M Jones,3,0,15,9,1,1,0,0,full,0,0,,0,0,0.04444444444444444,-6,0,0,7
2017/18,2017,2017-11-18,Man United,Newcastle,C Pawson,4,1,10,9,1,1,0,0,full,0,0,,0,0,0.0111111111111111,-1,0,0,7
2017/18,2017,2017-11-18,West Brom,Chelsea,J Moss,0,4,13,12,2,3,0,0,full,0,0,,0,1,0.09615384615384615,-1,0,0,7
2017/18,2017,2017-11-19,Watford,West Ham,A Marriner,2,0,13,10,1,4,0,0,full,0,0,,0,3,0.3230769230769231,-3,0,0,7
2017/18,2017,2017-11-20,Brighton,Stoke,L Mason,2,2,13,5,1,0,0,0,full,0,0,,0,-1,-0.07692307692307693,-8,0,0,7
2017/18,2017,2017-11-24,West Ham,Leicester,M Atkinson,1,1,9,12,1,1,0,0,full,0,0,,0,0,-0.027777777777777776,3,0,0,7
2017/18,2017,2017-11-25,Crystal Palace,Stoke,M Dean,2,1,9,5,1,1,0,0,full,0,0,,0,0,0.0888888888888889,-4,0,0,7
2017/18,2017,2017-11-25,Liverpool,Chelsea,M Oliver,1,1,10,7,0,0,0,0,full,0,0,,0,0,0.0,-3,0,0,7
2017/18,2017,2017-11-25,Man United,Brighton,N Swarbrick,1,0,9,9,0,2,0,0,full,0,0,,0,2,0.2222222222222222,0,0,0,7
2017/18,2017,2017-11-25,Newcastle,Watford,C Kavanagh,0,3,8,13,1,2,0,0,full,0,0,,0,1,0.028846153846153855,5,0,0,7
2017/18,2017,2017-11-25,Swansea,Bournemouth,S Attwell,0,0,18,6,4,2,0,0,full,0,0,,0,-2,0.1111111111111111,-12,0,0,7
2017/18,2017,2017-11-25,Tottenham,West Brom,M Jones,1,1,10,13,1,4,0,0,full,0,0,,0,3,0.2076923076923077,3,0,0,7
2017/18,2017,2017-11-26,Burnley,Arsenal,L Mason,0,1,8,14,2,0,0,0,full,0,0,,0,-2,-0.25,6,0,0,7
2017/18,2017,2017-11-26,Huddersfield,Man City,C Pawson,1,2,10,10,2,3,1,0,full,0,0,,0,1,0.09999999999999998,0,-1,0,7
2017/18,2017,2017-11-26,Southampton,Everton,K Friend,4,1,6,13,0,0,0,0,full,0,0,,0,0,0.0,7,0,0,7
2017/18,2017,2017-11-28,Brighton,Crystal Palace,A Marriner,0,0,13,8,2,0,0,0,full,0,0,,0,-2,-0.15384615384615385,-5,0,0,7
2017/18,2017,2017-11-28,Leicester,Tottenham,A Taylor,2,1,7,10,1,2,0,0,full,0,0,,0,1,0.05714285714285716,3,0,0,7
2017/18,2017,2017-11-28,Watford,Man United,J Moss,2,4,12,10,2,1,0,0,full,0,0,,0,-1,-0.06666666666666665,-2,0,0,7
2017/18,2017,2017-11-28,West Brom,Newcastle,L Probert,2,2,13,12,0,0,0,0,full,0,0,,0,0,0.0,-1,0,0,7
2017/18,2017,2017-11-29,Arsenal,Huddersfield,G Scott,5,0,10,12,0,1,0,0,full,0,0,,0,1,0.08333333333333333,2,0,0,7
2017/18,2017,2017-11-29,Bournemouth,Burnley,R East,1,2,9,11,0,1,0,0,full,0,0,,0,1,0.09090909090909091,2,0,0,7
2017/18,2017,2017-11-29,Chelsea,Swansea,N Swarbrick,1,0,10,7,1,0,0,0,full,0,0,,0,-1,-0.1,-3,0,0,7
2017/18,2017,2017-11-29,Everton,West Ham,M Oliver,4,0,16,6,2,1,0,0,full,0,0,,0,-1,0.04166666666666666,-10,0,0,7
2017/18,2017,2017-11-29,Man City,Southampton,P Tierney,2,1,12,11,1,1,0,0,full,0,0,,0,0,0.007575757575757583,-1,0,0,7
2017/18,2017,2017-11-29,Stoke,Liverpool,M Atkinson,0,3,8,10,1,5,0,0,full,0,0,,0,4,0.375,2,0,0,7
2017/18,2017,2017-12-02,Arsenal,Man United,A Marriner,1,3,11,10,3,2,0,1,full,0,0,,0,-1,-0.0727272727272727,-1,1,0,7
2017/18,2017,2017-12-02,Brighton,Liverpool,G Scott,1,5,8,7,1,0,0,0,full,0,0,,0,-1,-0.125,-1,0,0,7
2017/18,2017,2017-12-02,Chelsea,Newcastle,K Friend,3,1,8,13,0,1,0,0,full,0,0,,0,1,0.07692307692307693,5,0,0,7
2017/18,2017,2017-12-02,Everton,Huddersfield,C Kavanagh,2,0,12,9,2,1,0,0,full,0,0,,0,-1,-0.05555555555555555,-3,0,0,7
2017/18,2017,2017-12-02,Leicester,Burnley,P Tierney,1,0,3,11,0,2,0,0,full,0,0,,0,2,0.18181818181818182,8,0,0,7
2017/18,2017,2017-12-02,Stoke,Swansea,C Pawson,2,1,12,10,2,0,0,0,full,0,0,,0,-2,-0.16666666666666666,-2,0,0,7
2017/18,2017,2017-12-02,Watford,Tottenham,M Atkinson,1,1,16,8,4,1,0,1,full,0,0,,0,-3,-0.125,-8,1,0,7
2017/18,2017,2017-12-02,West Brom,Crystal Palace,M Oliver,0,0,11,10,3,1,0,0,full,0,0,,0,-2,-0.1727272727272727,-1,0,0,7
2017/18,2017,2017-12-03,Bournemouth,Southampton,J Moss,1,1,6,12,2,1,0,0,full,0,0,,0,-1,-0.25,6,0,0,7
2017/18,2017,2017-12-03,Man City,West Ham,M Dean,2,1,5,7,2,2,0,0,full,0,0,,0,0,-0.11428571428571432,2,0,0,7
2017/18,2017,2017-12-09,Burnley,Watford,L Probert,1,0,10,12,1,0,0,1,full,0,0,,0,-1,-0.1,2,1,0,7
2017/18,2017,2017-12-09,Crystal Palace,Bournemouth,K Friend,2,2,14,14,5,2,0,0,full,0,0,,0,-3,-0.2142857142857143,0,0,0,7
2017/18,2017,2017-12-09,Huddersfield,Brighton,S Attwell,2,0,6,10,0,0,0,0,full,0,0,,0,0,0.0,4,0,0,7
2017/18,2017,2017-12-09,Newcastle,Leicester,N Swarbrick,2,3,10,9,2,1,0,0,full,0,0,,0,-1,-0.0888888888888889,-1,0,0,7
2017/18,2017,2017-12-09,Swansea,West Brom,M Dean,1,0,8,18,2,5,0,0,full,0,0,,0,3,0.02777777777777779,10,0,0,7
2017/18,2017,2017-12-09,Tottenham,Stoke,R East,5,1,12,9,1,0,0,0,full,0,0,,0,-1,-0.08333333333333333,-3,0,0,7
2017/18,2017,2017-12-09,West Ham,Chelsea,A Taylor,1,0,10,10,6,1,0,0,full,0,0,,0,-5,-0.5,0,0,0,7
2017/18,2017,2017-12-10,Liverpool,Everton,C Pawson,1,1,8,11,1,3,0,0,full,0,0,,0,2,0.1477272727272727,3,0,0,7
2017/18,2017,2017-12-10,Man United,Man City,M Oliver,1,2,16,10,4,2,0,0,full,0,0,,0,-2,-0.04999999999999999,-6,0,0,7
2017/18,2017,2017-12-10,Southampton,Arsenal,R Madley,1,1,12,10,2,2,0,0,full,0,0,,0,0,0.033333333333333354,-2,0,0,7
2017/18,2017,2017-12-12,Burnley,Stoke,M Jones,1,0,6,14,0,0,0,0,full,0,0,,0,0,0.0,8,0,0,7
2017/18,2017,2017-12-12,Crystal Palace,Watford,L Mason,2,1,14,18,2,1,0,1,full,0,0,,0,-1,-0.0873015873015873,4,1,0,7
2017/18,2017,2017-12-12,Huddersfield,Chelsea,A Marriner,1,3,11,4,0,0,0,0,full,0,0,,0,0,0.0,-7,0,0,7
2017/18,2017,2017-12-13,Liverpool,West Brom,P Tierney,0,0,16,6,1,0,0,0,full,0,0,,0,-1,-0.0625,-10,0,0,7
2017/18,2017,2017-12-13,Man United,Bournemouth,G Scott,1,0,14,12,1,2,0,0,full,0,0,,0,1,0.09523809523809523,-2,0,0,7
2017/18,2017,2017-12-13,Newcastle,Everton,M Atkinson,0,1,10,11,1,2,1,0,full,0,0,,0,1,0.08181818181818182,1,-1,0,7
2017/18,2017,2017-12-13,Southampton,Leicester,C Kavanagh,1,4,13,9,1,0,0,0,full,0,0,,0,-1,-0.07692307692307693,-4,0,0,7
2017/18,2017,2017-12-13,Swansea,Man City,A Taylor,0,4,12,6,0,0,0,0,full,0,0,,0,0,0.0,-6,0,0,7
2017/18,2017,2017-12-13,Tottenham,Brighton,R Madley,2,0,5,10,1,1,0,0,full,0,0,,0,0,-0.1,5,0,0,7
2017/18,2017,2017-12-13,West Ham,Arsenal,J Moss,0,0,9,9,1,0,0,0,full,0,0,,0,-1,-0.1111111111111111,0,0,0,7
2017/18,2017,2017-12-16,Arsenal,Newcastle,S Attwell,1,0,13,9,2,1,0,0,full,0,0,,0,-1,-0.04273504273504275,-4,0,0,7
2017/18,2017,2017-12-16,Brighton,Burnley,C Kavanagh,0,0,13,13,4,2,0,0,full,0,0,,0,-2,-0.15384615384615385,0,0,0,7
2017/18,2017,2017-12-16,Chelsea,Southampton,R East,1,0,8,16,1,3,0,0,full,0,0,,0,2,0.0625,8,0,0,7
2017/18,2017,2017-12-16,Leicester,Crystal Palace,M Atkinson,0,3,12,13,2,2,1,0,full,0,0,,0,0,-0.012820512820512803,1,-1,0,7
2017/18,2017,2017-12-16,Man City,Tottenham,C Pawson,4,1,13,20,2,4,0,0,full,0,0,,0,2,0.046153846153846156,7,0,0,7
2017/18,2017,2017-12-16,Stoke,West Ham,G Scott,0,3,12,13,2,1,0,0,full,0,0,,0,-1,-0.08974358974358973,1,0,0,7
2017/18,2017,2017-12-16,Watford,Huddersfield,M Oliver,1,4,12,17,2,1,1,1,full,0,0,,0,-1,-0.10784313725490195,5,0,0,7
2017/18,2017,2017-12-17,Bournemouth,Liverpool,A Marriner,0,4,5,10,1,1,0,0,full,0,0,,0,0,-0.1,5,0,0,7
2017/18,2017,2017-12-17,West Brom,Man United,A Taylor,1,2,14,7,1,3,0,0,full,0,0,,0,2,0.3571428571428571,-7,0,0,7
2017/18,2017,2017-12-18,Everton,Swansea,J Moss,3,1,12,12,2,3,0,0,full,0,0,,0,1,0.08333333333333334,0,0,0,7
2017/18,2017,2017-12-22,Arsenal,Liverpool,M Atkinson,3,3,9,11,1,0,0,0,full,0,0,,0,-1,-0.1111111111111111,2,0,0,7
2017/18,2017,2017-12-23,Brighton,Watford,P Tierney,1,0,8,11,0,0,0,0,full,0,0,,0,0,0.0,3,0,0,7
2017/18,2017,2017-12-23,Burnley,Tottenham,M Oliver,0,3,10,10,1,2,0,0,full,0,0,,0,1,0.1,0,0,0,7
2017/18,2017,2017-12-23,Everton,Chelsea,R Madley,0,0,8,4,3,0,0,0,full,0,0,,0,-3,-0.375,-4,0,0,7
2017/18,2017,2017-12-23,Leicester,Man United,J Moss,2,2,19,8,2,2,1,0,full,0,0,,0,0,0.14473684210526316,-11,-1,0,7
2017/18,2017,2017-12-23,Man City,Bournemouth,M Jones,4,0,8,7,0,1,0,0,full,0,0,,0,1,0.14285714285714285,-1,0,0,7
2017/18,2017,2017-12-23,Southampton,Huddersfield,L Probert,1,1,16,9,2,1,0,0,full,0,0,,0,-1,-0.013888888888888895,-7,0,0,7
2017/18,2017,2017-12-23,Stoke,West Brom,N Swarbrick,3,1,9,11,1,0,0,0,full,0,0,,0,-1,-0.1111111111111111,2,0,0,7
2017/18,2017,2017-12-23,Swansea,Crystal Palace,C Pawson,1,1,13,11,2,3,0,0,full,0,0,,0,1,0.11888111888111885,-2,0,0,7
2017/18,2017,2017-12-23,West Ham,Newcastle,L Mason,2,3,9,12,1,1,0,0,full,0,0,,0,0,-0.027777777777777776,3,0,0,7
2017/18,2017,2017-12-26,Bournemouth,West Ham,S Attwell,3,3,12,14,3,4,0,0,full,0,0,,0,1,0.0357142857142857,2,0,0,7
2017/18,2017,2017-12-26,Chelsea,Brighton,M Dean,2,0,8,8,0,1,0,0,full,0,0,,0,1,0.125,0,0,0,7
2017/18,2017,2017-12-26,Huddersfield,Stoke,A Taylor,1,1,9,12,2,4,0,0,full,0,0,,0,2,0.1111111111111111,3,0,0,7
2017/18,2017,2017-12-26,Liverpool,Swansea,K Friend,5,0,5,8,0,1,0,0,full,0,0,,0,1,0.125,3,0,0,7
2017/18,2017,2017-12-26,Man United,Burnley,M Atkinson,2,2,10,14,3,7,0,0,full,0,0,,0,4,0.2,4,0,0,7
2017/18,2017,2017-12-26,Tottenham,Southampton,G Scott,5,2,8,15,0,2,0,0,full,0,0,,0,2,0.13333333333333333,7,0,0,7
2017/18,2017,2017-12-26,Watford,Leicester,C Kavanagh,2,1,7,13,3,3,0,0,full,0,0,,0,0,-0.19780219780219777,6,0,0,7
2017/18,2017,2017-12-26,West Brom,Everton,R East,0,0,14,13,2,0,0,0,full,0,0,,0,-2,-0.14285714285714285,-1,0,0,7
2017/18,2017,2017-12-27,Newcastle,Man City,A Marriner,0,1,11,6,1,0,0,0,full,0,0,,0,-1,-0.09090909090909091,-5,0,0,7
2017/18,2017,2017-12-28,Crystal Palace,Arsenal,M Oliver,2,3,12,7,0,1,0,0,full,0,0,,0,1,0.14285714285714285,-5,0,0,7
2017/18,2017,2017-12-30,Bournemouth,Everton,L Probert,2,1,8,13,0,0,0,0,full,0,0,,0,0,0.0,5,0,0,7
2017/18,2017,2017-12-30,Chelsea,Stoke,K Friend,5,0,5,10,1,1,0,0,full,0,0,,0,0,-0.1,5,0,0,7
2017/18,2017,2017-12-30,Huddersfield,Burnley,P Tierney,0,0,14,14,2,1,0,0,full,0,0,,0,-1,-0.07142857142857142,0,0,0,7
2017/18,2017,2017-12-30,Liverpool,Leicester,N Swarbrick,2,1,7,3,3,2,0,0,full,0,0,,0,-1,0.23809523809523808,-4,0,0,7
2017/18,2017,2017-12-30,Man United,Southampton,C Pawson,0,0,12,13,2,4,0,0,full,0,0,,0,2,0.14102564102564105,1,0,0,7
2017/18,2017,2017-12-30,Newcastle,Brighton,A Taylor,0,0,11,10,2,2,0,0,full,0,0,,0,0,0.018181818181818188,-1,0,0,7
2017/18,2017,2017-12-30,Watford,Swansea,M Atkinson,1,2,14,13,4,2,0,0,full,0,0,,0,-2,-0.13186813186813184,-1,0,0,7
2017/18,2017,2017-12-31,Crystal Palace,Man City,J Moss,0,0,14,11,5,4,0,0,full,0,0,,0,-1,0.006493506493506496,-3,0,0,7
2017/18,2017,2017-12-31,West Brom,Arsenal,M Dean,1,1,14,9,3,3,0,0,full,0,0,,0,0,0.11904761904761904,-5,0,0,7
2017/18,2017,2018-01-01,Brighton,Bournemouth,M Oliver,2,2,13,9,2,1,0,0,full,0,0,,0,-1,-0.04273504273504275,-4,0,0,7
2017/18,2017,2018-01-01,Burnley,Liverpool,R East,1,2,4,12,0,0,0,0,full,0,0,,0,0,0.0,8,0,0,7
2017/18,2017,2018-01-01,Everton,Man United,A Marriner,0,2,11,10,2,0,0,0,full,0,0,,0,-2,-0.18181818181818182,-1,0,0,7
2017/18,2017,2018-01-01,Leicester,Huddersfield,G Scott,3,0,7,9,1,1,0,0,full,0,0,,0,0,-0.031746031746031744,2,0,0,7
2017/18,2017,2018-01-01,Stoke,Newcastle,C Kavanagh,0,1,10,11,3,1,0,0,full,0,0,,0,-2,-0.20909090909090908,1,0,0,7
2017/18,2017,2018-01-02,Man City,Watford,L Mason,3,1,8,12,1,1,0,0,full,0,0,,0,0,-0.04166666666666667,4,0,0,7
2017/18,2017,2018-01-02,Southampton,Crystal Palace,S Attwell,1,2,8,11,0,1,0,0,full,0,0,,0,1,0.09090909090909091,3,0,0,7
2017/18,2017,2018-01-02,Swansea,Tottenham,R Madley,0,2,12,9,2,2,0,0,full,0,0,,0,0,0.05555555555555555,-3,0,0,7
2017/18,2017,2018-01-02,West Ham,West Brom,M Jones,2,1,12,12,3,2,0,0,full,0,0,,0,-1,-0.08333333333333334,0,0,0,7
2017/18,2017,2018-01-03,Arsenal,Chelsea,A Taylor,2,2,11,11,3,2,0,0,full,0,0,,0,-1,-0.09090909090909088,0,0,0,7
2017/18,2017,2018-01-04,Tottenham,West Ham,M Dean,1,1,10,6,0,2,0,0,full,0,0,,0,2,0.3333333333333333,-4,0,0,7
2017/18,2017,2018-01-13,Chelsea,Leicester,M Jones,0,0,14,13,2,2,0,1,full,0,0,,0,0,0.010989010989011005,-1,1,0,7
2017/18,2017,2018-01-13,Crystal Palace,Burnley,M Oliver,1,0,16,10,0,3,0,0,full,0,0,,0,3,0.3,-6,0,0,7
2017/18,2017,2018-01-13,Huddersfield,West Ham,J Moss,1,4,7,9,1,1,0,0,full,0,0,,0,0,-0.031746031746031744,2,0,0,7
2017/18,2017,2018-01-13,Newcastle,Swansea,G Scott,1,1,11,10,0,3,0,0,full,0,0,,0,3,0.3,-1,0,0,7
2017/18,2017,2018-01-13,Tottenham,Everton,C Pawson,4,0,11,15,0,2,0,0,full,0,0,,0,2,0.13333333333333333,4,0,0,7
2017/18,2017,2018-01-13,Watford,Southampton,R East,2,2,11,13,0,5,0,0,full,0,0,,0,5,0.38461538461538464,2,0,0,7
2017/18,2017,2018-01-13,West Brom,Brighton,M Atkinson,2,0,8,15,0,0,0,0,full,0,0,,0,0,0.0,7,0,0,7
2017/18,2017,2018-01-14,Bournemouth,Arsenal,K Friend,2,1,8,10,2,2,0,0,full,0,0,,0,0,-0.04999999999999999,2,0,0,7
2017/18,2017,2018-01-14,Liverpool,Man City,A Marriner,4,3,10,7,2,3,0,0,full,0,0,,0,1,0.22857142857142854,-3,0,0,7
2017/18,2017,2018-01-15,Man United,Stoke,A Taylor,3,0,14,10,2,1,0,0,full,0,0,,0,-1,-0.042857142857142844,-4,0,0,7
2017/18,2017,2018-01-20,Arsenal,Crystal Palace,C Kavanagh,4,1,6,8,0,0,0,0,full,0,0,,0,0,0.0,2,0,0,7
2017/18,2017,2018-01-20,Brighton,Chelsea,J Moss,0,4,12,5,3,0,0,0,full,0,0,,0,-3,-0.25,-7,0,0,7
2017/18,2017,2018-01-20,Burnley,Man United,M Dean,0,1,7,12,3,3,0,0,full,0,0,,0,0,-0.17857142857142855,5,0,0,7
2017/18,2017,2018-01-20,Everton,West Brom,S Attwell,1,1,15,10,2,1,0,0,full,0,0,,0,-1,-0.033333333333333326,-5,0,0,7
2017/18,2017,2018-01-20,Leicester,Watford,L Probert,2,0,11,10,0,0,0,0,full,0,0,,0,0,0.0,-1,0,0,7
2017/18,2017,2018-01-20,Man City,Newcastle,P Tierney,3,1,5,10,0,1,0,0,full,0,0,,0,1,0.1,5,0,0,7
2017/18,2017,2018-01-20,Stoke,Huddersfield,M Oliver,2,0,18,13,1,1,0,0,full,0,0,,0,0,0.021367521367521375,-5,0,0,7
2017/18,2017,2018-01-20,West Ham,Bournemouth,M Atkinson,1,1,8,7,3,1,0,0,full,0,0,,0,-2,-0.23214285714285715,-1,0,0,7
2017/18,2017,2018-01-21,Southampton,Tottenham,K Friend,1,1,8,15,2,3,0,0,full,0,0,,0,1,-0.04999999999999999,7,0,0,7
2017/18,2017,2018-01-22,Swansea,Liverpool,N Swarbrick,1,0,5,9,0,2,0,0,full,0,0,,0,2,0.2222222222222222,4,0,0,7
2017/18,2017,2018-01-30,Huddersfield,Liverpool,K Friend,0,3,8,8,0,0,0,0,full,0,0,,0,0,0.0,0,0,0,7
2017/18,2017,2018-01-30,Swansea,Arsenal,L Mason,3,1,4,8,0,3,0,0,full,0,0,,0,3,0.375,4,0,0,7
2017/18,2017,2018-01-30,West Ham,Crystal Palace,N Swarbrick,1,1,11,15,1,3,0,0,full,0,0,,0,2,0.1090909090909091,4,0,0,7
2017/18,2017,2018-01-31,Chelsea,Bournemouth,L Probert,0,3,5,12,1,0,0,0,full,0,0,,0,-1,-0.2,7,0,0,7
2017/18,2017,2018-01-31,Everton,Leicester,C Kavanagh,2,1,9,10,0,2,0,0,full,0,0,,0,2,0.2,1,0,0,7
2017/18,2017,2018-01-31,Man City,West Brom,R Madley,3,0,10,10,1,3,0,0,full,0,0,,0,2,0.19999999999999998,0,0,0,7
2017/18,2017,2018-01-31,Newcastle,Burnley,S Hooper,1,1,15,15,1,2,0,0,full,0,0,,0,1,0.06666666666666667,0,0,0,7
2017/18,2017,2018-01-31,Southampton,Brighton,M Dean,1,1,8,10,3,1,0,0,full,0,0,,0,-2,-0.275,2,0,0,7
2017/18,2017,2018-01-31,Stoke,Watford,J Moss,0,0,12,12,4,3,0,0,full,0,0,,0,-1,-0.08333333333333331,0,0,0,7
2017/18,2017,2018-01-31,Tottenham,Man United,A Marriner,2,0,10,13,2,2,0,0,full,0,0,,0,0,-0.046153846153846156,3,0,0,7
2017/18,2017,2018-02-03,Arsenal,Everton,N Swarbrick,5,1,8,8,2,0,0,0,full,0,0,,0,-2,-0.25,0,0,0,7
2017/18,2017,2018-02-03,Bournemouth,Stoke,P Tierney,2,1,14,19,2,3,0,0,full,0,0,,0,1,0.015037593984962405,5,0,0,7
2017/18,2017,2018-02-03,Brighton,West Ham,R East,3,1,11,7,3,1,0,0,full,0,0,,0,-2,-0.12987012987012986,-4,0,0,7
2017/18,2017,2018-02-03,Burnley,Man City,M Atkinson,1,1,9,6,4,1,0,0,full,0,0,,0,-3,-0.2777777777777778,-3,0,0,7
2017/18,2017,2018-02-03,Leicester,Swansea,A Taylor,1,1,9,8,1,0,0,0,full,0,0,,0,-1,-0.1111111111111111,-1,0,0,7
2017/18,2017,2018-02-03,Man United,Huddersfield,S Attwell,2,0,5,19,2,4,0,0,full,0,0,,0,2,-0.18947368421052635,14,0,0,7
2017/18,2017,2018-02-03,West Brom,Southampton,M Oliver,2,3,12,10,2,1,0,0,full,0,0,,0,-1,-0.06666666666666665,-2,0,0,7
2017/18,2017,2018-02-04,Crystal Palace,Newcastle,A Marriner,1,1,11,8,1,1,0,0,full,0,0,,0,0,0.03409090909090909,-3,0,0,7
2017/18,2017,2018-02-04,Liverpool,Tottenham,J Moss,2,2,15,9,3,1,0,0,full,0,0,,0,-2,-0.0888888888888889,-6,0,0,7
2017/18,2017,2018-02-05,Watford,Chelsea,M Dean,4,1,11,8,2,2,0,1,full,0,0,,0,0,0.06818181818181818,-3,1,0,7
2017/18,2017,2018-02-10,Everton,Crystal Palace,J Moss,3,1,14,15,1,1,0,0,full,0,0,,0,0,-0.004761904761904759,1,0,0,7
2017/18,2017,2018-02-10,Man City,Leicester,M Jones,5,1,10,12,2,3,0,0,full,0,0,,0,1,0.04999999999999999,2,0,0,7
2017/18,2017,2018-02-10,Stoke,Brighton,R Madley,1,1,6,10,0,0,0,0,full,0,0,,0,0,0.0,4,0,0,7
2017/18,2017,2018-02-10,Swansea,Burnley,A Marriner,1,0,10,9,2,1,0,0,full,0,0,,0,-1,-0.0888888888888889,-1,0,0,7
2017/18,2017,2018-02-10,Tottenham,Arsenal,A Taylor,1,0,13,9,2,1,0,0,full,0,0,,0,-1,-0.04273504273504275,-4,0,0,7
2017/18,2017,2018-02-10,West Ham,Watford,G Scott,2,0,11,7,1,1,0,0,full,0,0,,0,0,0.05194805194805194,-4,0,0,7
2017/18,2017,2018-02-11,Huddersfield,Bournemouth,M Oliver,4,1,12,12,0,3,0,0,full,0,0,,0,3,0.25,0,0,0,7
2017/18,2017,2018-02-11,Newcastle,Man United,C Pawson,1,0,12,15,0,2,0,0,full,0,0,,0,2,0.13333333333333333,3,0,0,7
2017/18,2017,2018-02-11,Southampton,Liverpool,M Atkinson,0,2,5,8,1,2,0,0,full,0,0,,0,1,0.04999999999999999,3,0,0,7
2017/18,2017,2018-02-12,Chelsea,West Brom,L Mason,3,0,11,11,0,2,0,0,full,0,0,,0,2,0.18181818181818182,0,0,0,7
2017/18,2017,2018-02-24,Bournemouth,Newcastle,R East,2,2,12,10,1,4,0,0,full,0,0,,0,3,0.3166666666666667,-2,0,0,7
2017/18,2017,2018-02-24,Brighton,Swansea,M Dean,4,1,17,6,1,0,0,0,full,0,0,,0,-1,-0.058823529411764705,-11,0,0,7
2017/18,2017,2018-02-24,Burnley,Southampton,R Madley,1,1,8,14,1,0,0,0,full,0,0,,0,-1,-0.125,6,0,0,7
2017/18,2017,2018-02-24,Leicester,Stoke,M Oliver,1,1,10,16,1,3,0,0,full,0,0,,0,2,0.0875,6,0,0,7
2017/18,2017,2018-02-24,Liverpool,West Ham,S Attwell,4,1,7,7,0,2,0,0,full,0,0,,0,2,0.2857142857142857,0,0,0,7
2017/18,2017,2018-02-24,Watford,Everton,A Taylor,1,0,10,9,3,1,0,0,full,0,0,,0,-2,-0.18888888888888888,-1,0,0,7
2017/18,2017,2018-02-24,West Brom,Huddersfield,J Moss,1,2,11,9,1,1,0,0,full,0,0,,0,0,0.020202020202020193,-2,0,0,7
2017/18,2017,2018-02-25,Crystal Palace,Tottenham,K Friend,0,1,12,5,0,1,0,0,full,0,0,,0,1,0.2,-7,0,0,7
2017/18,2017,2018-02-25,Man United,Chelsea,M Atkinson,2,1,13,12,2,2,0,0,full,0,0,,0,0,0.012820512820512803,-1,0,0,7
2017/18,2017,2018-03-01,Arsenal,Man City,A Marriner,0,3,11,11,1,1,0,0,full,0,0,,0,0,0.0,0,0,0,7
2017/18,2017,2018-03-03,Burnley,Everton,C Kavanagh,2,1,9,12,1,1,0,1,full,0,0,,0,0,-0.027777777777777776,3,1,0,7
2017/18,2017,2018-03-03,Leicester,Bournemouth,L Probert,1,1,11,7,2,1,0,0,full,0,0,,0,-1,-0.038961038961038974,-4,0,0,7
2017/18,2017,2018-03-03,Liverpool,Newcastle,G Scott,2,0,7,9,0,0,0,0,full,0,0,,0,0,0.0,2,0,0,7
2017/18,2017,2018-03-03,Southampton,Stoke,A Taylor,0,0,8,13,0,1,0,0,full,0,0,,0,1,0.07692307692307693,5,0,0,7
2017/18,2017,2018-03-03,Swansea,West Ham,M Atkinson,4,1,9,14,0,3,0,0,full,0,0,,0,3,0.21428571428571427,5,0,0,7
2017/18,2017,2018-03-03,Tottenham,Huddersfield,K Friend,2,0,6,8,1,1,0,0,full,0,0,,0,0,-0.04166666666666666,2,0,0,7
2017/18,2017,2018-03-03,Watford,West Brom,P Tierney,1,0,11,12,2,0,0,0,full,0,0,,0,-2,-0.18181818181818182,1,0,0,7
2017/18,2017,2018-03-04,Brighton,Arsenal,S Attwell,2,1,13,12,3,3,0,0,full,0,0,,0,0,0.019230769230769218,-1,0,0,7
2017/18,2017,2018-03-04,Man City,Chelsea,M Oliver,1,0,8,9,2,1,0,0,full,0,0,,0,-1,-0.1388888888888889,1,0,0,7
2017/18,2017,2018-03-05,Crystal Palace,Man United,N Swarbrick,2,3,10,8,1,3,0,0,full,0,0,,0,2,0.275,-2,0,0,7
2017/18,2017,2018-03-10,Chelsea,Crystal Palace,A Taylor,2,1,8,9,1,2,0,0,full,0,0,,0,1,0.09722222222222221,1,0,0,7
2017/18,2017,2018-03-10,Everton,Brighton,R East,2,0,10,14,0,1,0,1,full,0,0,,0,1,0.07142857142857142,4,1,0,7
2017/18,2017,2018-03-10,Huddersfield,Swansea,M Oliver,0,0,9,9,2,3,0,1,full,0,0,,0,1,0.1111111111111111,0,1,0,7
2017/18,2017,2018-03-10,Man United,Liverpool,C Pawson,2,1,10,16,2,1,0,0,full,0,0,,0,-1,-0.1375,6,0,0,7
2017/18,2017,2018-03-10,Newcastle,Southampton,A Marriner,3,0,10,10,0,2,0,0,full,0,0,,0,2,0.2,0,0,0,7
2017/18,2017,2018-03-10,West Brom,Leicester,R Madley,1,4,6,7,1,3,0,0,full,0,0,,0,2,0.26190476190476186,1,0,0,7
2017/18,2017,2018-03-10,West Ham,Burnley,L Mason,0,3,13,7,2,2,0,0,full,0,0,,0,0,0.13186813186813184,-6,0,0,7
2017/18,2017,2018-03-11,Arsenal,Watford,M Atkinson,3,0,12,9,2,1,0,0,full,0,0,,0,-1,-0.05555555555555555,-3,0,0,7
2017/18,2017,2018-03-11,Bournemouth,Tottenham,M Dean,1,4,10,7,1,1,0,0,full,0,0,,0,0,0.042857142857142844,-3,0,0,7
2017/18,2017,2018-03-12,Stoke,Man City,J Moss,0,2,6,8,1,0,0,0,full,0,0,,0,-1,-0.16666666666666666,2,0,0,7
2017/18,2017,2018-03-17,Bournemouth,West Brom,G Scott,2,1,6,9,1,2,0,0,full,0,0,,0,1,0.05555555555555555,3,0,0,7
2017/18,2017,2018-03-17,Huddersfield,Crystal Palace,M Dean,0,2,11,12,3,2,0,0,full,0,0,,0,-1,-0.10606060606060605,1,0,0,7
2017/18,2017,2018-03-17,Liverpool,Watford,A Taylor,5,0,5,4,1,0,0,0,full,0,0,,0,-1,-0.2,-1,0,0,7
2017/18,2017,2018-03-17,Stoke,Everton,M Atkinson,1,2,13,12,1,1,1,0,full,0,0,,0,0,0.006410256410256401,-1,-1,0,7
2017/18,2017,2018-03-31,Brighton,Leicester,C Kavanagh,0,2,11,13,2,4,0,1,full,0,0,,0,2,0.1258741258741259,2,1,0,7
2017/18,2017,2018-03-31,Crystal Palace,Liverpool,N Swarbrick,1,2,6,8,2,2,0,0,full,0,0,,0,0,-0.08333333333333331,2,0,0,7
2017/18,2017,2018-03-31,Everton,Man City,P Tierney,1,3,10,8,0,0,0,0,full,0,0,,0,0,0.0,-2,0,0,7
2017/18,2017,2018-03-31,Man United,Swansea,R Madley,2,0,5,13,0,0,0,0,full,0,0,,0,0,0.0,8,0,0,7
2017/18,2017,2018-03-31,Newcastle,Huddersfield,M Atkinson,1,0,9,10,1,4,0,0,full,0,0,,0,3,0.2888888888888889,1,0,0,7
2017/18,2017,2018-03-31,Watford,Bournemouth,A Marriner,2,2,16,6,4,0,0,0,full,0,0,,0,-4,-0.25,-10,0,0,7
2017/18,2017,2018-03-31,West Brom,Burnley,L Probert,1,2,12,9,1,3,0,0,full,0,0,,0,2,0.25,-3,0,0,7
2017/18,2017,2018-03-31,West Ham,Southampton,J Moss,3,0,9,16,0,3,0,0,full,0,0,,0,3,0.1875,7,0,0,7
2017/18,2017,2018-04-01,Arsenal,Stoke,C Pawson,3,0,9,13,1,2,0,0,full,0,0,,0,1,0.04273504273504275,4,0,0,7
2017/18,2017,2018-04-01,Chelsea,Tottenham,A Marriner,1,3,4,11,0,1,0,0,full,0,0,,0,1,0.09090909090909091,7,0,0,7
2017/18,2017,2018-04-07,Bournemouth,Crystal Palace,J Moss,2,2,8,9,2,2,0,0,full,0,0,,0,0,-0.02777777777777779,1,0,0,7
2017/18,2017,2018-04-07,Brighton,Huddersfield,A Taylor,1,1,13,7,1,0,1,0,full,0,0,,0,-1,-0.07692307692307693,-6,-1,0,7
2017/18,2017,2018-04-07,Everton,Liverpool,M Oliver,0,0,12,7,0,0,0,0,full,0,0,,0,0,0.0,-5,0,0,7
2017/18,2017,2018-04-07,Leicester,Newcastle,S Attwell,1,2,7,14,1,3,0,0,full,0,0,,0,2,0.07142857142857142,7,0,0,7
2017/18,2017,2018-04-07,Man City,Man United,M Atkinson,2,3,17,9,6,3,0,0,full,0,0,,0,-3,-0.019607843137254943,-8,0,0,7
2017/18,2017,2018-04-07,Stoke,Tottenham,G Scott,1,2,19,8,4,3,0,0,full,0,0,,0,-1,0.16447368421052633,-11,0,0,7
2017/18,2017,2018-04-07,Watford,Burnley,P Tierney,1,2,18,12,2,2,0,0,full,0,0,,0,0,0.05555555555555555,-6,0,0,7
2017/18,2017,2018-04-07,West Brom,Swansea,R East,1,1,15,5,3,2,0,0,full,0,0,,0,-1,0.2,-10,0,0,7
2017/18,2017,2018-04-08,Arsenal,Southampton,A Marriner,3,2,11,7,2,1,1,1,full,0,0,,0,-1,-0.038961038961038974,-4,0,0,7
2017/18,2017,2018-04-08,Chelsea,West Ham,K Friend,1,1,7,11,0,1,0,0,full,0,0,,0,1,0.09090909090909091,4,0,0,7
2017/18,2017,2018-04-14,Burnley,Leicester,M Atkinson,2,1,9,10,2,1,0,0,full,0,0,,0,-1,-0.1222222222222222,1,0,0,7
2017/18,2017,2018-04-14,Crystal Palace,Brighton,A Marriner,3,2,12,16,3,2,0,0,full,0,0,,0,-1,-0.125,4,0,0,7
2017/18,2017,2018-04-14,Huddersfield,Watford,C Pawson,1,0,9,8,2,2,0,0,full,0,0,,0,0,0.02777777777777779,-1,0,0,7
2017/18,2017,2018-04-14,Liverpool,Bournemouth,C Kavanagh,3,0,9,9,1,1,0,0,full,0,0,,0,0,0.0,0,0,0,7
2017/18,2017,2018-04-14,Southampton,Chelsea,M Dean,2,3,13,14,5,3,0,0,full,0,0,,0,-2,-0.17032967032967036,1,0,0,7
2017/18,2017,2018-04-14,Swansea,Everton,L Mason,1,1,10,11,1,1,0,0,full,0,0,,0,0,-0.009090909090909094,1,0,0,7
2017/18,2017,2018-04-14,Tottenham,Man City,J Moss,1,3,11,12,3,4,0,0,full,0,0,,0,1,0.06060606060606061,1,0,0,7
2017/18,2017,2018-04-15,Man United,West Brom,P Tierney,0,1,8,13,1,1,0,0,full,0,0,,0,0,-0.04807692307692307,5,0,0,7
2017/18,2017,2018-04-15,Newcastle,Arsenal,A Taylor,2,1,11,9,1,0,0,0,full,0,0,,0,-1,-0.09090909090909091,-2,0,0,7
2017/18,2017,2018-04-16,West Ham,Stoke,M Oliver,1,1,15,21,2,3,0,0,full,0,0,,0,1,0.009523809523809518,6,0,0,7
2017/18,2017,2018-04-17,Brighton,Tottenham,K Friend,1,1,6,5,1,0,0,0,full,0,0,,0,-1,-0.16666666666666666,-1,0,0,7
2017/18,2017,2018-04-18,Bournemouth,Man United,G Scott,0,2,9,8,3,1,0,0,full,0,0,,0,-2,-0.20833333333333331,-1,0,0,7
2017/18,2017,2018-04-19,Burnley,Chelsea,R Madley,1,2,9,11,1,0,0,0,full,0,0,,0,-1,-0.1111111111111111,2,0,0,7
2017/18,2017,2018-04-19,Leicester,Southampton,R East,0,0,10,10,0,0,0,0,full,0,0,,0,0,0.0,0,0,0,7
2017/18,2017,2018-04-21,Watford,Crystal Palace,C Kavanagh,0,0,17,13,3,5,0,0,full,0,0,,0,2,0.2081447963800905,-4,0,0,7
2017/18,2017,2018-04-21,West Brom,Liverpool,S Attwell,2,2,12,5,0,1,0,0,full,0,0,,0,1,0.2,-7,0,0,7
2017/18,2017,2018-04-22,Arsenal,West Ham,L Mason,4,1,11,9,3,2,0,0,full,0,0,,0,-1,-0.0505050505050505,-2,0,0,7
2017/18,2017,2018-04-22,Man City,Swansea,C Pawson,5,0,6,8,0,1,0,0,full,0,0,,0,1,0.125,2,0,0,7
2017/18,2017,2018-04-22,Stoke,Burnley,M Dean,1,1,15,5,2,1,0,0,full,0,0,,0,-1,0.06666666666666668,-10,0,0,7
2017/18,2017,2018-04-23,Everton,Newcastle,R Madley,1,0,10,11,2,1,0,0,full,0,0,,0,-1,-0.1090909090909091,1,0,0,7
2017/18,2017,2018-04-28,Burnley,Brighton,R East,0,0,5,17,0,2,0,0,full,0,0,,0,2,0.11764705882352941,12,0,0,7
2017/18,2017,2018-04-28,Crystal Palace,Leicester,M Dean,5,0,11,9,1,1,0,1,full,0,0,,0,0,0.020202020202020193,-2,1,0,7
2017/18,2017,2018-04-28,Huddersfield,Everton,L Probert,0,2,9,8,1,0,0,0,full,0,0,,0,-1,-0.1111111111111111,-1,0,0,7
2017/18,2017,2018-04-28,Liverpool,Stoke,A Marriner,0,0,7,14,1,2,0,0,full,0,0,,0,1,0.0,7,0,0,7
2017/18,2017,2018-04-28,Newcastle,West Brom,D Coote,0,1,8,13,1,3,0,0,full,0,0,,0,2,0.10576923076923078,5,0,0,7
2017/18,2017,2018-04-28,Southampton,Bournemouth,A Taylor,2,1,12,11,5,1,0,0,full,0,0,,0,-4,-0.3257575757575758,-1,0,0,7
2017/18,2017,2018-04-28,Swansea,Chelsea,J Moss,0,1,13,9,1,1,0,0,full,0,0,,0,0,0.03418803418803418,-4,0,0,7
2017/18,2017,2018-04-29,Man United,Arsenal,K Friend,2,1,12,7,0,1,0,0,full,0,0,,0,1,0.14285714285714285,-5,0,0,7
2017/18,2017,2018-04-29,West Ham,Man City,N Swarbrick,1,4,5,11,0,1,0,0,full,0,0,,0,1,0.09090909090909091,6,0,0,7
2017/18,2017,2018-04-30,Tottenham,Watford,M Oliver,2,0,11,10,1,0,0,0,full,0,0,,0,-1,-0.09090909090909091,-1,0,0,7
2017/18,2017,2018-05-04,Brighton,Man United,C Pawson,1,0,5,3,2,0,0,0,full,0,0,,0,-2,-0.4,-2,0,0,7
2017/18,2017,2018-05-05,Bournemouth,Swansea,K Friend,1,0,10,10,1,4,0,0,full,0,0,,0,3,0.30000000000000004,0,0,0,7
2017/18,2017,2018-05-05,Everton,Southampton,J Moss,1,1,14,12,2,4,0,1,full,0,0,,0,2,0.19047619047619047,-2,1,0,7
2017/18,2017,2018-05-05,Leicester,West Ham,C Kavanagh,0,2,8,9,1,2,0,0,full,0,0,,0,1,0.09722222222222221,1,0,0,7
2017/18,2017,2018-05-05,Stoke,Crystal Palace,M Atkinson,1,2,18,12,5,2,0,0,full,0,0,,0,-3,-0.11111111111111113,-6,0,0,7
2017/18,2017,2018-05-05,Watford,Newcastle,R East,2,1,9,11,2,1,0,0,full,0,0,,0,-1,-0.1313131313131313,2,0,0,7
2017/18,2017,2018-05-05,West Brom,Tottenham,M Jones,1,0,13,12,4,1,0,0,full,0,0,,0,-3,-0.2243589743589744,-1,0,0,7
2017/18,2017,2018-05-06,Arsenal,Burnley,A Marriner,5,0,6,7,0,1,0,0,full,0,0,,0,1,0.14285714285714285,1,0,0,7
2017/18,2017,2018-05-06,Chelsea,Liverpool,A Taylor,1,0,12,9,3,2,0,0,full,0,0,,0,-1,-0.02777777777777779,-3,0,0,7
2017/18,2017,2018-05-06,Man City,Huddersfield,M Dean,0,0,9,4,0,3,0,0,full,0,0,,0,3,0.75,-5,0,0,7
2017/18,2017,2018-05-08,Swansea,Southampton,M Oliver,0,1,7,15,2,1,0,0,full,0,0,,0,-1,-0.21904761904761905,8,0,0,7
2017/18,2017,2018-05-09,Chelsea,Huddersfield,L Mason,1,1,7,10,0,1,0,0,full,0,0,,0,1,0.1,3,0,0,7
2017/18,2017,2018-05-09,Leicester,Arsenal,G Scott,3,1,7,12,2,2,0,1,full,0,0,,0,0,-0.11904761904761904,5,1,0,7
2017/18,2017,2018-05-09,Man City,Brighton,P Tierney,3,1,5,7,0,1,0,0,full,0,0,,0,1,0.14285714285714285,2,0,0,7
2017/18,2017,2018-05-09,Tottenham,Newcastle,N Swarbrick,1,0,10,8,2,3,0,0,full,0,0,,0,1,0.175,-2,0,0,7
2017/18,2017,2018-05-10,West Ham,Man United,J Moss,0,0,12,12,1,1,0,0,full,0,0,,0,0,0.0,0,0,0,7
2017/18,2017,2018-05-13,Burnley,Bournemouth,P Tierney,1,2,14,9,0,0,0,0,full,0,0,,0,0,0.0,-5,0,0,7
2017/18,2017,2018-05-13,Crystal Palace,West Brom,J Moss,2,0,10,11,2,3,0,0,full,0,0,,0,1,0.0727272727272727,1,0,0,7
2017/18,2017,2018-05-13,Huddersfield,Arsenal,M Oliver,0,1,11,7,1,0,0,0,full,0,0,,0,-1,-0.09090909090909091,-4,0,0,7
2017/18,2017,2018-05-13,Liverpool,Brighton,K Friend,4,0,3,6,0,0,0,0,full,0,0,,0,0,0.0,3,0,0,7
2017/18,2017,2018-05-13,Man United,Watford,L Mason,1,0,6,11,4,0,0,0,full,0,0,,0,-4,-0.6666666666666666,5,0,0,7
2017/18,2017,2018-05-13,Newcastle,Chelsea,M Atkinson,3,0,11,10,0,1,0,0,full,0,0,,0,1,0.1,-1,0,0,7
2017/18,2017,2018-05-13,Southampton,Man City,A Marriner,0,1,8,10,3,1,0,0,full,0,0,,0,-2,-0.275,2,0,0,7
2017/18,2017,2018-05-13,Swansea,Stoke,A Taylor,1,2,12,9,1,2,0,0,full,0,0,,0,1,0.1388888888888889,-3,0,0,7
2017/18,2017,2018-05-13,Tottenham,Leicester,C Pawson,5,4,9,13,1,2,0,0,full,0,0,,0,1,0.04273504273504275,4,0,0,7
2017/18,2017,2018-05-13,West Ham,Everton,G Scott,3,1,10,13,0,1,0,0,full,0,0,,0,1,0.07692307692307693,3,0,0,7
2018/19,2018,2018-08-10,Man United,Leicester,A Marriner,2,1,11,8,2,1,0,0,full,0,0,,0,-1,-0.05681818181818182,-3,0,0,8
2018/19,2018,2018-08-11,Bournemouth,Cardiff,K Friend,2,0,11,9,1,1,0,0,full,0,0,,0,0,0.020202020202020193,-2,0,0,8
2018/19,2018,2018-08-11,Fulham,Crystal Palace,M Dean,0,2,9,11,1,2,0,0,full,0,0,,0,1,0.07070707070707072,2,0,0,8
2018/19,2018,2018-08-11,Huddersfield,Chelsea,C Kavanagh,0,3,9,8,2,1,0,0,full,0,0,,0,-1,-0.09722222222222221,-1,0,0,8
2018/19,2018,2018-08-11,Newcastle,Tottenham,M Atkinson,1,2,11,12,2,2,0,0,full,0,0,,0,0,-0.015151515151515166,1,0,0,8
2018/19,2018,2018-08-11,Watford,Brighton,J Moss,2,0,10,16,2,2,0,0,full,0,0,,0,0,-0.07500000000000001,6,0,0,8
2018/19,2018,2018-08-11,Wolves,Everton,C Pawson,2,2,8,7,0,1,0,1,full,0,0,,0,1,0.14285714285714285,-1,1,0,8
2018/19,2018,2018-08-12,Arsenal,Man City,M Oliver,0,2,11,14,2,2,0,0,full,0,0,,0,0,-0.038961038961038974,3,0,0,8
2018/19,2018,2018-08-12,Liverpool,West Ham,A Taylor,4,0,14,9,1,2,0,0,full,0,0,,0,1,0.15079365079365079,-5,0,0,8
2018/19,2018,2018-08-12,Southampton,Burnley,G Scott,0,0,10,9,0,1,0,0,full,0,0,,0,1,0.1111111111111111,-1,0,0,8
2018/19,2018,2018-08-18,Cardiff,Newcastle,C Pawson,0,0,14,16,2,2,0,1,full,0,0,,0,0,-0.01785714285714285,2,1,0,8
2018/19,2018,2018-08-18,Chelsea,Arsenal,M Atkinson,3,2,12,9,0,2,0,0,full,0,0,,0,2,0.2222222222222222,-3,0,0,8
2018/19,2018,2018-08-18,Everton,Southampton,L Mason,2,1,8,20,0,5,0,0,full,0,0,,0,5,0.25,12,0,0,8
2018/19,2018,2018-08-18,Leicester,Wolves,M Dean,2,0,10,8,2,1,1,0,full,0,0,,0,-1,-0.07500000000000001,-2,-1,0,8
2018/19,2018,2018-08-18,Tottenham,Fulham,A Taylor,3,1,9,5,0,0,0,0,full,0,0,,0,0,0.0,-4,0,0,8
2018/19,2018,2018-08-18,West Ham,Bournemouth,S Attwell,1,2,14,10,6,2,0,0,full,0,0,,0,-4,-0.22857142857142854,-4,0,0,8
2018/19,2018,2018-08-19,Brighton,Man United,K Friend,3,2,16,13,1,1,0,0,full,0,0,,0,0,0.014423076923076927,-3,0,0,8
2018/19,2018,2018-08-19,Burnley,Watford,P Tierney,1,3,8,19,1,2,0,0,full,0,0,,0,1,-0.019736842105263164,11,0,0,8
2018/19,2018,2018-08-19,Man City,Huddersfield,A Marriner,6,1,9,4,0,2,0,0,full,0,0,,0,2,0.5,-5,0,0,8
2018/19,2018,2018-08-20,Crystal Palace,Liverpool,M Oliver,0,2,6,13,1,1,1,0,full,0,0,,0,0,-0.08974358974358973,7,-1,0,8
2018/19,2018,2018-08-25,Arsenal,West Ham,G Scott,3,1,16,13,1,3,0,0,full,0,0,,0,2,0.16826923076923078,-3,0,0,8
2018/19,2018,2018-08-25,Bournemouth,Everton,L Probert,2,2,12,10,0,3,1,1,full,0,0,,0,3,0.3,-2,0,0,8
2018/19,2018,2018-08-25,Huddersfield,Cardiff,M Oliver,0,0,8,10,0,1,1,0,full,0,0,,0,1,0.1,2,-1,0,8
2018/19,2018,2018-08-25,Liverpool,Brighton,C Kavanagh,1,0,8,14,1,1,0,0,full,0,0,,0,0,-0.053571428571428575,6,0,0,8
2018/19,2018,2018-08-25,Southampton,Leicester,J Moss,1,2,13,11,1,1,1,0,full,0,0,,0,0,0.013986013986013984,-2,-1,0,8
2018/19,2018,2018-08-25,Wolves,Man City,M Atkinson,1,1,13,8,1,2,0,0,full,0,0,,0,1,0.17307692307692307,-5,0,0,8
2018/19,2018,2018-08-26,Fulham,Burnley,D Coote,4,2,11,8,2,1,0,0,full,0,0,,0,-1,-0.05681818181818182,-3,0,0,8
2018/19,2018,2018-08-26,Newcastle,Chelsea,P Tierney,1,2,16,8,3,1,0,0,full,0,0,,0,-2,-0.0625,-8,0,0,8
2018/19,2018,2018-08-26,Watford,Crystal Palace,A Taylor,2,1,14,11,4,2,0,0,full,0,0,,0,-2,-0.10389610389610388,-3,0,0,8
2018/19,2018,2018-08-27,Man United,Tottenham,C Pawson,0,3,11,16,2,4,0,0,full,0,0,,0,2,0.06818181818181818,5,0,0,8
2018/19,2018,2018-09-01,Brighton,Fulham,L Probert,2,2,12,14,3,3,0,0,full,0,0,,0,0,-0.035714285714285726,2,0,0,8
2018/19,2018,2018-09-01,Chelsea,Bournemouth,L Mason,2,0,10,7,2,2,0,0,full,0,0,,0,0,0.08571428571428569,-3,0,0,8
2018/19,2018,2018-09-01,Crystal Palace,Southampton,M Atkinson,0,2,11,12,1,1,0,0,full,0,0,,0,0,-0.007575757575757583,1,0,0,8
2018/19,2018,2018-09-01,Everton,Huddersfield,S Attwell,1,1,13,14,3,3,0,0,full,0,0,,0,0,-0.016483516483516508,1,0,0,8
2018/19,2018,2018-09-01,Leicester,Liverpool,P Tierney,1,2,9,12,3,2,0,0,full,0,0,,0,-1,-0.16666666666666666,3,0,0,8
2018/19,2018,2018-09-01,Man City,Newcastle,K Friend,2,1,5,13,0,0,0,0,full,0,0,,0,0,0.0,8,0,0,8
2018/19,2018,2018-09-01,West Ham,Wolves,C Kavanagh,0,1,10,11,2,1,0,0,full,0,0,,0,-1,-0.1090909090909091,1,0,0,8
2018/19,2018,2018-09-02,Burnley,Man United,J Moss,0,2,7,13,2,3,0,1,full,0,0,,0,1,-0.054945054945054916,6,1,0,8
2018/19,2018,2018-09-02,Cardiff,Arsenal,A Taylor,2,3,12,14,3,4,0,0,full,0,0,,0,1,0.0357142857142857,2,0,0,8
2018/19,2018,2018-09-02,Watford,Tottenham,A Marriner,2,1,9,8,2,1,0,0,full,0,0,,0,-1,-0.09722222222222221,-1,0,0,8
2018/19,2018,2018-09-15,Bournemouth,Leicester,C Pawson,4,2,13,15,3,2,0,1,full,0,0,,0,-1,-0.09743589743589745,2,1,0,8
2018/19,2018,2018-09-15,Chelsea,Cardiff,J Moss,4,1,8,10,0,0,0,0,full,0,0,,0,0,0.0,2,0,0,8
2018/19,2018,2018-09-15,Huddersfield,Crystal Palace,L Mason,0,1,11,17,1,2,0,0,full,0,0,,0,1,0.0267379679144385,6,0,0,8
2018/19,2018,2018-09-15,Man City,Fulham,S Attwell,3,0,7,7,0,0,0,0,full,0,0,,0,0,0.0,0,0,0,8
2018/19,2018,2018-09-15,Newcastle,Arsenal,L Probert,1,2,13,11,0,0,0,0,full,0,0,,0,0,0.0,-2,0,0,8
2018/19,2018,2018-09-15,Tottenham,Liverpool,M Oliver,1,2,17,16,0,0,0,0,full,0,0,,0,0,0.0,-1,0,0,8
2018/19,2018,2018-09-15,Watford,Man United,M Dean,1,2,9,11,2,1,0,1,full,0,0,,0,-1,-0.1313131313131313,2,1,0,8
2018/19,2018,2018-09-16,Everton,West Ham,M Atkinson,1,3,15,12,2,5,0,0,full,0,0,,0,3,0.2833333333333333,-3,0,0,8
2018/19,2018,2018-09-16,Wolves,Burnley,A Marriner,1,0,10,9,2,4,0,0,full,0,0,,0,2,0.2444444444444444,-1,0,0,8
2018/19,2018,2018-09-17,Southampton,Brighton,A Taylor,2,2,10,13,2,3,0,0,full,0,0,,0,1,0.03076923076923077,3,0,0,8
2018/19,2018,2018-09-22,Brighton,Tottenham,C Kavanagh,1,2,15,9,2,1,0,0,full,0,0,,0,-1,-0.022222222222222227,-6,0,0,8
2018/19,2018,2018-09-22,Burnley,Bournemouth,A Taylor,4,0,17,6,2,0,0,0,full,0,0,,0,-2,-0.11764705882352941,-11,0,0,8
2018/19,2018,2018-09-22,Cardiff,Man City,M Oliver,0,5,6,4,1,1,0,0,full,0,0,,0,0,0.08333333333333334,-2,0,0,8
2018/19,2018,2018-09-22,Crystal Palace,Newcastle,A Marriner,0,0,8,11,1,1,0,0,full,0,0,,0,0,-0.03409090909090909,3,0,0,8
2018/19,2018,2018-09-22,Fulham,Watford,M Atkinson,1,1,11,9,2,1,0,0,full,0,0,,0,-1,-0.07070707070707072,-2,0,0,8
2018/19,2018,2018-09-22,Leicester,Huddersfield,D Coote,3,1,10,16,2,1,0,0,full,0,0,,0,-1,-0.1375,6,0,0,8
2018/19,2018,2018-09-22,Liverpool,Southampton,P Tierney,3,0,7,10,0,2,0,0,full,0,0,,0,2,0.2,3,0,0,8
2018/19,2018,2018-09-22,Man United,Wolves,K Friend,1,1,5,17,1,1,0,0,full,0,0,,0,0,-0.1411764705882353,12,0,0,8
2018/19,2018,2018-09-23,Arsenal,Everton,J Moss,2,0,17,12,2,1,0,0,full,0,0,,0,-1,-0.03431372549019608,-5,0,0,8
2018/19,2018,2018-09-23,West Ham,Chelsea,M Dean,0,0,11,9,2,1,0,0,full,0,0,,0,-1,-0.07070707070707072,-2,0,0,8
2018/19,2018,2018-09-29,Arsenal,Watford,A Taylor,2,0,11,17,2,2,0,0,full,0,0,,0,0,-0.06417112299465241,6,0,0,8
2018/19,2018,2018-09-29,Chelsea,Liverpool,A Marriner,1,1,7,9,0,2,0,0,full,0,0,,0,2,0.2222222222222222,2,0,0,8
2018/19,2018,2018-09-29,Everton,Fulham,R East,3,0,13,13,0,3,0,0,full,0,0,,0,3,0.23076923076923078,0,0,0,8
2018/19,2018,2018-09-29,Huddersfield,Tottenham,C Pawson,0,2,17,16,2,2,0,0,full,0,0,,0,0,0.00735294117647059,-1,0,0,8
2018/19,2018,2018-09-29,Man City,Brighton,L Mason,2,0,4,10,0,3,0,0,full,0,0,,0,3,0.3,6,0,0,8
2018/19,2018,2018-09-29,Newcastle,Leicester,S Hooper,0,2,11,5,0,0,0,0,full,0,0,,0,0,0.0,-6,0,0,8
2018/19,2018,2018-09-29,West Ham,Man United,M Oliver,3,1,12,12,0,1,0,0,full,0,0,,0,1,0.08333333333333333,0,0,0,8
2018/19,2018,2018-09-29,Wolves,Southampton,S Attwell,2,0,11,7,3,1,0,0,full,0,0,,0,-2,-0.12987012987012986,-4,0,0,8
2018/19,2018,2018-09-30,Cardiff,Burnley,M Atkinson,1,2,11,15,1,3,0,0,full,0,0,,0,2,0.1090909090909091,4,0,0,8
2018/19,2018,2018-10-01,Bournemouth,Crystal Palace,M Dean,2,1,9,12,3,4,0,0,full,0,0,,0,1,0.0,3,0,0,8
2018/19,2018,2018-10-05,Brighton,West Ham,K Friend,1,0,12,8,3,2,0,0,full,0,0,,0,-1,0.0,-4,0,0,8
2018/19,2018,2018-10-06,Burnley,Huddersfield,C Kavanagh,1,1,8,11,2,2,0,0,full,0,0,,0,0,-0.06818181818181818,3,0,0,8
2018/19,2018,2018-10-06,Crystal Palace,Wolves,M Oliver,0,1,11,13,3,4,0,0,full,0,0,,0,1,0.034965034965035,2,0,0,8
2018/19,2018,2018-10-06,Leicester,Everton,A Marriner,1,2,10,11,2,1,1,0,full,0,0,,0,-1,-0.1090909090909091,1,-1,0,8
2018/19,2018,2018-10-06,Man United,Newcastle,A Taylor,3,2,16,8,2,2,0,0,full,0,0,,0,0,0.125,-8,0,0,8
2018/19,2018,2018-10-06,Tottenham,Cardiff,M Dean,1,0,7,11,2,1,0,1,full,0,0,,0,-1,-0.1948051948051948,4,1,0,8
2018/19,2018,2018-10-06,Watford,Bournemouth,J Moss,0,4,11,9,3,1,1,0,full,0,0,,0,-2,-0.1616161616161616,-2,-1,0,8
2018/19,2018,2018-10-07,Fulham,Arsenal,P Tierney,1,5,11,12,2,0,0,0,full,0,0,,0,-2,-0.18181818181818182,1,0,0,8
2018/19,2018,2018-10-07,Liverpool,Man City,M Atkinson,0,0,10,10,1,3,0,0,full,0,0,,0,2,0.19999999999999998,0,0,0,8
2018/19,2018,2018-10-07,Southampton,Chelsea,C Pawson,0,3,13,11,6,0,0,0,full,0,0,,0,-6,-0.46153846153846156,-2,0,0,8
2018/19,2018,2018-10-20,Bournemouth,Southampton,L Probert,0,0,10,14,1,2,0,0,full,0,0,,0,1,0.042857142857142844,4,0,0,8
2018/19,2018,2018-10-20,Cardiff,Fulham,K Friend,4,2,15,16,3,3,0,0,full,0,0,,0,0,-0.012500000000000011,1,0,0,8
2018/19,2018,2018-10-20,Chelsea,Man United,M Dean,2,2,9,17,2,5,0,0,full,0,0,,0,3,0.07189542483660133,8,0,0,8
2018/19,2018,2018-10-20,Huddersfield,Liverpool,M Oliver,0,1,9,6,0,2,0,0,full,0,0,,0,2,0.3333333333333333,-3,0,0,8
2018/19,2018,2018-10-20,Man City,Burnley,J Moss,5,0,11,5,2,2,0,0,full,0,0,,0,0,0.2181818181818182,-6,0,0,8
2018/19,2018,2018-10-20,Newcastle,Brighton,A Marriner,0,1,13,17,0,2,0,0,full,0,0,,0,2,0.11764705882352941,4,0,0,8
2018/19,2018,2018-10-20,West Ham,Tottenham,M Atkinson,0,1,8,10,3,0,0,0,full,0,0,,0,-3,-0.375,2,0,0,8
2018/19,2018,2018-10-20,Wolves,Watford,L Mason,0,2,23,13,3,1,0,0,full,0,0,,0,-2,-0.05351170568561872,-10,0,0,8
2018/19,2018,2018-10-21,Everton,Crystal Palace,A Taylor,2,0,13,17,2,1,0,0,full,0,0,,0,-1,-0.09502262443438915,4,0,0,8
2018/19,2018,2018-10-22,Arsenal,Leicester,C Kavanagh,3,1,10,10,2,2,0,0,full,0,0,,0,0,0.0,0,0,0,8
2018/19,2018,2018-10-27,Brighton,Wolves,A Taylor,1,0,11,8,3,0,0,0,full,0,0,,0,-3,-0.2727272727272727,-3,0,0,8
2018/19,2018,2018-10-27,Fulham,Bournemouth,A Marriner,0,3,16,3,2,1,1,0,full,0,0,,0,-1,0.20833333333333331,-13,-1,0,8
2018/19,2018,2018-10-27,Leicester,West Ham,M Oliver,1,1,17,5,1,1,0,1,full,0,0,,0,0,0.1411764705882353,-12,1,0,8
2018/19,2018,2018-10-27,Liverpool,Cardiff,S Attwell,4,1,6,4,0,0,0,0,full,0,0,,0,0,0.0,-2,0,0,8
2018/19,2018,2018-10-27,Southampton,Newcastle,C Kavanagh,0,0,9,12,0,1,0,0,full,0,0,,0,1,0.08333333333333333,3,0,0,8
2018/19,2018,2018-10-27,Watford,Huddersfield,M Dean,3,0,9,13,1,2,0,0,full,0,0,,0,1,0.04273504273504275,4,0,0,8
2018/19,2018,2018-10-28,Burnley,Chelsea,C Pawson,0,4,14,10,4,2,0,0,full,0,0,,0,-2,-0.08571428571428569,-4,0,0,8
2018/19,2018,2018-10-28,Crystal Palace,Arsenal,M Atkinson,2,2,10,16,1,2,0,0,full,0,0,,0,1,0.024999999999999994,6,0,0,8
2018/19,2018,2018-10-28,Man United,Everton,J Moss,2,1,15,12,2,1,0,0,full,0,0,,0,-1,-0.05,-3,0,0,8
2018/19,2018,2018-10-29,Tottenham,Man City,K Friend,0,1,13,13,2,2,0,0,full,0,0,,0,0,0.0,0,0,0,8
2018/19,2018,2018-11-03,Arsenal,Liverpool,A Marriner,1,1,7,7,1,1,0,0,full,0,0,,0,0,0.0,0,0,0,8
2018/19,2018,2018-11-03,Bournemouth,Man United,P Tierney,1,2,12,12,4,3,0,0,full,0,0,,0,-1,-0.08333333333333331,0,0,0,8
2018/19,2018,2018-11-03,Cardiff,Leicester,L Probert,0,1,13,12,2,2,0,0,full,0,0,,0,0,0.012820512820512803,-1,0,0,8
2018/19,2018,2018-11-03,Everton,Brighton,D Coote,3,1,9,17,0,1,0,0,full,0,0,,0,1,0.058823529411764705,8,0,0,8
2018/19,2018,2018-11-03,Newcastle,Watford,C Pawson,1,0,12,11,1,5,0,0,full,0,0,,0,4,0.3712121212121212,-1,0,0,8
2018/19,2018,2018-11-03,West Ham,Burnley,R East,4,2,7,9,1,4,0,0,full,0,0,,0,3,0.30158730158730157,2,0,0,8
2018/19,2018,2018-11-03,Wolves,Tottenham,M Dean,2,3,11,8,1,2,0,0,full,0,0,,0,1,0.1590909090909091,-3,0,0,8
2018/19,2018,2018-11-04,Chelsea,Crystal Palace,M Oliver,3,1,6,13,0,1,0,0,full,0,0,,0,1,0.07692307692307693,7,0,0,8
2018/19,2018,2018-11-04,Man City,Southampton,L Mason,6,1,14,9,1,1,0,0,full,0,0,,0,0,0.03968253968253968,-5,0,0,8
2018/19,2018,2018-11-05,Huddersfield,Fulham,A Taylor,1,0,11,8,1,2,0,0,full,0,0,,0,1,0.1590909090909091,-3,0,0,8
2018/19,2018,2018-11-10,Cardiff,Brighton,M Atkinson,2,1,7,21,2,1,0,1,full,0,0,,0,-1,-0.23809523809523808,14,1,0,8
2018/19,2018,2018-11-10,Crystal Palace,Tottenham,J Moss,0,1,12,9,1,1,0,0,full,0,0,,0,0,0.027777777777777776,-3,0,0,8
2018/19,2018,2018-11-10,Huddersfield,West Ham,C Kavanagh,1,1,9,8,1,1,0,0,full,0,0,,0,0,0.013888888888888895,-1,0,0,8
2018/19,2018,2018-11-10,Leicester,Burnley,M Dean,0,0,13,10,2,0,0,0,full,0,0,,0,-2,-0.15384615384615385,-3,0,0,8
2018/19,2018,2018-11-10,Newcastle,Bournemouth,L Probert,2,1,9,11,2,1,0,0,full,0,0,,0,-1,-0.1313131313131313,2,0,0,8
2018/19,2018,2018-11-10,Southampton,Watford,S Hooper,1,1,13,13,3,2,0,0,full,0,0,,0,-1,-0.07692307692307693,0,0,0,8
2018/19,2018,2018-11-11,Arsenal,Wolves,S Attwell,1,1,9,16,2,2,0,0,full,0,0,,0,0,-0.09722222222222221,7,0,0,8
2018/19,2018,2018-11-11,Chelsea,Everton,K Friend,0,0,7,11,4,3,0,0,full,0,0,,0,-1,-0.2987012987012987,4,0,0,8
2018/19,2018,2018-11-11,Liverpool,Fulham,P Tierney,2,0,11,9,1,1,0,0,full,0,0,,0,0,0.020202020202020193,-2,0,0,8
2018/19,2018,2018-11-11,Man City,Man United,A Taylor,3,1,12,12,1,1,0,0,full,0,0,,0,0,0.0,0,0,0,8
2018/19,2018,2018-11-24,Brighton,Leicester,C Kavanagh,1,1,10,7,3,1,0,1,full,0,0,,0,-2,-0.15714285714285714,-3,1,0,8
2018/19,2018,2018-11-24,Everton,Cardiff,P Tierney,1,0,12,13,0,3,0,0,full,0,0,,0,3,0.23076923076923078,1,0,0,8
2018/19,2018,2018-11-24,Fulham,Southampton,M Oliver,3,2,10,6,2,3,0,0,full,0,0,,0,1,0.3,-4,0,0,8
2018/19,2018,2018-11-24,Man United,Crystal Palace,L Mason,0,0,13,12,1,2,0,0,full,0,0,,0,1,0.08974358974358973,-1,0,0,8
2018/19,2018,2018-11-24,Tottenham,Chelsea,M Atkinson,3,1,19,12,0,3,0,0,full,0,0,,0,3,0.25,-7,0,0,8
2018/19,2018,2018-11-24,Watford,Liverpool,J Moss,0,3,12,13,0,0,0,1,full,0,0,,0,0,0.0,1,1,0,8
2018/19,2018,2018-11-24,West Ham,Man City,A Marriner,0,4,6,3,0,0,0,0,full,0,0,,0,0,0.0,-3,0,0,8
2018/19,2018,2018-11-25,Bournemouth,Arsenal,C Pawson,1,2,6,9,2,1,0,0,full,0,0,,0,-1,-0.2222222222222222,3,0,0,8
2018/19,2018,2018-11-25,Wolves,Huddersfield,K Friend,0,2,9,8,1,2,0,0,full,0,0,,0,1,0.1388888888888889,-1,0,0,8
2018/19,2018,2018-11-26,Burnley,Newcastle,A Taylor,1,2,6,11,0,1,0,0,full,0,0,,0,1,0.09090909090909091,5,0,0,8
2018/19,2018,2018-11-30,Cardiff,Wolves,A Marriner,2,1,3,12,1,2,0,0,full,0,0,,0,1,-0.16666666666666666,9,0,0,8
2018/19,2018,2018-12-01,Crystal Palace,Burnley,L Probert,2,0,9,10,1,1,0,0,full,0,0,,0,0,-0.0111111111111111,1,0,0,8
2018/19,2018,2018-12-01,Huddersfield,Brighton,M Oliver,1,2,10,12,0,2,1,0,full,0,0,,0,2,0.16666666666666666,2,-1,0,8
2018/19,2018,2018-12-01,Leicester,Watford,G Scott,2,0,7,6,2,1,0,1,full,0,0,,0,-1,-0.11904761904761904,-1,1,0,8
2018/19,2018,2018-12-01,Man City,Bournemouth,S Attwell,3,1,9,3,0,0,0,0,full,0,0,,0,0,0.0,-6,0,0,8
2018/19,2018,2018-12-01,Newcastle,West Ham,P Tierney,0,3,10,10,3,3,0,0,full,0,0,,0,0,0.0,0,0,0,8
2018/19,2018,2018-12-01,Southampton,Man United,K Friend,2,2,12,13,4,4,0,0,full,0,0,,0,0,-0.025641025641025605,1,0,0,8
2018/19,2018,2018-12-02,Arsenal,Tottenham,M Dean,4,2,15,17,3,3,0,1,full,0,0,,0,0,-0.023529411764705882,2,1,0,8
2018/19,2018,2018-12-02,Chelsea,Fulham,C Pawson,2,0,8,17,2,1,0,0,full,0,0,,0,-1,-0.19117647058823528,9,0,0,8
2018/19,2018,2018-12-02,Liverpool,Everton,C Kavanagh,1,0,12,7,3,2,0,0,full,0,0,,0,-1,0.0357142857142857,-5,0,0,8
2018/19,2018,2018-12-04,Bournemouth,Huddersfield,R East,2,1,14,11,4,2,0,0,full,0,0,,0,-2,-0.10389610389610388,-3,0,0,8
2018/19,2018,2018-12-04,Brighton,Crystal Palace,K Friend,3,1,14,12,2,3,1,0,full,0,0,,0,1,0.10714285714285715,-2,-1,0,8
2018/19,2018,2018-12-04,Watford,Man City,P Tierney,1,2,4,8,0,1,0,0,full,0,0,,0,1,0.125,4,0,0,8
2018/19,2018,2018-12-04,West Ham,Cardiff,G Scott,3,1,10,10,1,2,0,0,full,0,0,,0,1,0.1,0,0,0,8
2018/19,2018,2018-12-05,Burnley,Liverpool,S Attwell,1,3,10,3,1,0,0,0,full,0,0,,0,-1,-0.1,-7,0,0,8
2018/19,2018,2018-12-05,Everton,Newcastle,L Mason,1,1,7,18,0,5,0,0,full,0,0,,0,5,0.2777777777777778,11,0,0,8
2018/19,2018,2018-12-05,Fulham,Leicester,D Coote,1,1,12,7,0,0,0,0,full,0,0,,0,0,0.0,-5,0,0,8
2018/19,2018,2018-12-05,Man United,Arsenal,A Marriner,2,2,13,10,3,3,0,0,full,0,0,,0,0,0.0692307692307692,-3,0,0,8
2018/19,2018,2018-12-05,Tottenham,Southampton,A Taylor,3,1,7,5,0,0,0,0,full,0,0,,0,0,0.0,-2,0,0,8
2018/19,2018,2018-12-05,Wolves,Chelsea,J Moss,2,1,18,10,4,4,0,0,full,0,0,,0,0,0.1777777777777778,-8,0,0,8
2018/19,2018,2018-12-08,Arsenal,Huddersfield,P Tierney,1,0,13,20,5,4,0,0,full,0,0,,0,-1,-0.18461538461538463,7,0,0,8
2018/19,2018,2018-12-08,Bournemouth,Liverpool,L Mason,0,4,9,11,2,1,0,0,full,0,0,,0,-1,-0.1313131313131313,2,0,0,8
2018/19,2018,2018-12-08,Burnley,Brighton,M Atkinson,1,0,11,11,2,0,0,0,full,0,0,,0,-2,-0.18181818181818182,0,0,0,8
2018/19,2018,2018-12-08,Cardiff,Southampton,J Moss,1,0,9,10,2,2,0,0,full,0,0,,0,0,-0.0222222222222222,1,0,0,8
2018/19,2018,2018-12-08,Chelsea,Man City,M Oliver,2,0,12,11,2,0,0,0,full,0,0,,0,-2,-0.16666666666666666,-1,0,0,8
2018/19,2018,2018-12-08,Leicester,Tottenham,C Pawson,0,2,12,7,3,1,0,0,full,0,0,,0,-2,-0.10714285714285715,-5,0,0,8
2018/19,2018,2018-12-08,Man United,Fulham,L Probert,4,1,11,15,1,1,0,1,full,0,0,,0,0,-0.024242424242424246,4,1,0,8
2018/19,2018,2018-12-08,West Ham,Crystal Palace,A Taylor,3,2,10,8,1,2,0,0,full,0,0,,0,1,0.15,-2,0,0,8
2018/19,2018,2018-12-09,Newcastle,Wolves,M Dean,1,2,10,17,2,5,1,0,full,0,0,,0,3,0.09411764705882353,7,-1,0,8
2018/19,2018,2018-12-10,Everton,Watford,K Friend,2,2,13,13,1,1,0,0,full,0,0,,0,0,0.0,0,0,0,8
2018/19,2018,2018-12-15,Crystal Palace,Leicester,M Oliver,1,0,10,8,2,1,0,0,full,0,0,,0,-1,-0.07500000000000001,-2,0,0,8
2018/19,2018,2018-12-15,Fulham,West Ham,M Dean,0,2,14,10,2,1,0,0,full,0,0,,0,-1,-0.042857142857142844,-4,0,0,8
2018/19,2018,2018-12-15,Huddersfield,Newcastle,A Taylor,0,1,5,13,1,1,0,0,full,0,0,,0,0,-0.12307692307692308,8,0,0,8
2018/19,2018,2018-12-15,Man City,Everton,C Pawson,3,1,7,9,1,2,0,0,full,0,0,,0,1,0.07936507936507936,2,0,0,8
2018/19,2018,2018-12-15,Tottenham,Burnley,G Scott,1,0,7,8,0,2,0,0,full,0,0,,0,2,0.25,1,0,0,8
2018/19,2018,2018-12-15,Watford,Cardiff,A Madley,3,2,7,5,0,0,0,0,full,0,0,,0,0,0.0,-2,0,0,8
2018/19,2018,2018-12-15,Wolves,Bournemouth,S Hooper,2,0,15,7,1,2,0,0,full,0,0,,0,1,0.21904761904761905,-8,0,0,8
2018/19,2018,2018-12-16,Brighton,Chelsea,S Attwell,1,2,14,6,2,2,0,0,full,0,0,,0,0,0.19047619047619047,-8,0,0,8
2018/19,2018,2018-12-16,Liverpool,Man United,M Atkinson,3,1,6,14,0,2,0,0,full,0,0,,0,2,0.14285714285714285,8,0,0,8
2018/19,2018,2018-12-16,Southampton,Arsenal,C Kavanagh,3,2,12,10,3,1,0,0,full,0,0,,0,-2,-0.15,-2,0,0,8
2018/19,2018,2018-12-21,Wolves,Liverpool,C Pawson,0,2,7,3,0,0,0,0,full,0,0,,0,0,0.0,-4,0,0,8
2018/19,2018,2018-12-22,Arsenal,Burnley,K Friend,3,1,10,14,2,5,0,0,full,0,0,,0,3,0.15714285714285714,4,0,0,8
2018/19,2018,2018-12-22,Bournemouth,Brighton,M Dean,2,0,8,18,2,0,0,1,full,0,0,,0,-2,-0.25,10,1,0,8
2018/19,2018,2018-12-22,Cardiff,Man United,M Oliver,1,5,13,13,2,1,0,0,full,0,0,,0,-1,-0.07692307692307693,0,0,0,8
2018/19,2018,2018-12-22,Chelsea,Leicester,L Probert,0,1,10,9,0,2,0,0,full,0,0,,0,2,0.2222222222222222,-1,0,0,8
2018/19,2018,2018-12-22,Huddersfield,Southampton,S Attwell,1,3,12,9,2,3,0,0,full,0,0,,0,1,0.16666666666666666,-3,0,0,8
2018/19,2018,2018-12-22,Man City,Crystal Palace,A Marriner,2,3,7,6,0,4,0,0,full,0,0,,0,4,0.6666666666666666,-1,0,0,8
2018/19,2018,2018-12-22,Newcastle,Fulham,M Atkinson,0,0,9,12,1,2,0,0,full,0,0,,0,1,0.05555555555555555,3,0,0,8
2018/19,2018,2018-12-22,West Ham,Watford,L Mason,0,2,9,11,3,2,0,0,full,0,0,,0,-1,-0.1515151515151515,2,0,0,8
2018/19,2018,2018-12-23,Everton,Tottenham,P Tierney,2,6,13,9,0,2,0,0,full,0,0,,0,2,0.2222222222222222,-4,0,0,8
2018/19,2018,2018-12-26,Brighton,Arsenal,A Taylor,1,1,10,4,2,1,0,0,full,0,0,,0,-1,0.04999999999999999,-6,0,0,8
2018/19,2018,2018-12-26,Burnley,Everton,M Oliver,1,5,11,19,2,4,0,0,full,0,0,,0,2,0.02870813397129185,8,0,0,8
2018/19,2018,2018-12-26,Crystal Palace,Cardiff,L Probert,0,0,9,11,0,3,0,0,full,0,0,,0,3,0.2727272727272727,2,0,0,8
2018/19,2018,2018-12-26,Fulham,Wolves,A Marriner,1,1,9,6,2,1,0,0,full,0,0,,0,-1,-0.05555555555555555,-3,0,0,8
2018/19,2018,2018-12-26,Leicester,Man City,M Dean,2,1,5,8,2,2,0,1,full,0,0,,0,0,-0.15000000000000002,3,1,0,8
2018/19,2018,2018-12-26,Liverpool,Newcastle,G Scott,4,0,7,9,0,0,0,0,full,0,0,,0,0,0.0,2,0,0,8
2018/19,2018,2018-12-26,Man United,Huddersfield,J Moss,3,1,9,13,1,1,0,0,full,0,0,,0,0,-0.03418803418803418,4,0,0,8
2018/19,2018,2018-12-26,Tottenham,Bournemouth,C Kavanagh,5,0,4,8,2,1,0,0,full,0,0,,0,-1,-0.375,4,0,0,8
2018/19,2018,2018-12-26,Watford,Chelsea,M Atkinson,1,2,15,5,1,0,0,0,full,0,0,,0,-1,-0.06666666666666667,-10,0,0,8
2018/19,2018,2018-12-27,Southampton,West Ham,C Pawson,1,2,10,3,2,0,0,0,full,0,0,,0,-2,-0.2,-7,0,0,8
2018/19,2018,2018-12-29,Brighton,Everton,A Madley,1,0,10,11,0,2,0,0,full,0,0,,0,2,0.18181818181818182,1,0,0,8
2018/19,2018,2018-12-29,Fulham,Huddersfield,K Friend,1,0,12,10,3,1,0,0,full,0,0,,0,-2,-0.15,-2,0,0,8
2018/19,2018,2018-12-29,Leicester,Cardiff,S Hooper,0,1,14,16,0,2,0,0,full,0,0,,0,2,0.125,2,0,0,8
2018/19,2018,2018-12-29,Liverpool,Arsenal,M Oliver,5,1,8,13,1,2,0,0,full,0,0,,0,1,0.028846153846153855,5,0,0,8
2018/19,2018,2018-12-29,Tottenham,Wolves,S Attwell,1,3,7,7,3,2,0,0,full,0,0,,0,-1,-0.14285714285714285,0,0,0,8
2018/19,2018,2018-12-29,Watford,Newcastle,R East,1,1,17,16,1,2,0,0,full,0,0,,0,1,0.0661764705882353,-1,0,0,8
2018/19,2018,2018-12-30,Burnley,West Ham,D Coote,2,0,15,11,1,4,0,0,full,0,0,,0,3,0.296969696969697,-4,0,0,8
2018/19,2018,2018-12-30,Crystal Palace,Chelsea,C Pawson,0,1,11,8,0,1,0,0,full,0,0,,0,1,0.125,-3,0,0,8
2018/19,2018,2018-12-30,Man United,Bournemouth,L Mason,4,1,10,7,2,0,1,0,full,0,0,,0,-2,-0.2,-3,-1,0,8
2018/19,2018,2018-12-30,Southampton,Man City,P Tierney,1,3,11,10,2,3,1,0,full,0,0,,0,1,0.11818181818181817,-1,-1,0,8
2018/19,2018,2019-01-01,Arsenal,Fulham,G Scott,4,1,7,12,0,1,0,0,full,0,0,,0,1,0.08333333333333333,5,0,0,8
2018/19,2018,2019-01-01,Cardiff,Tottenham,K Friend,0,3,6,6,1,0,0,0,full,0,0,,0,-1,-0.16666666666666666,0,0,0,8
2018/19,2018,2019-01-01,Everton,Leicester,M Atkinson,0,1,5,8,3,1,0,0,full,0,0,,0,-2,-0.475,3,0,0,8
2018/19,2018,2019-01-02,Bournemouth,Watford,D Coote,3,3,9,15,1,4,0,0,full,0,0,,0,3,0.15555555555555556,6,0,0,8
2018/19,2018,2019-01-02,Chelsea,Southampton,J Moss,0,0,8,11,1,2,0,0,full,0,0,,0,1,0.05681818181818182,3,0,0,8
2018/19,2018,2019-01-02,Huddersfield,Burnley,M Dean,1,2,11,9,0,4,1,1,full,0,0,,0,4,0.4444444444444444,-2,0,0,8
2018/19,2018,2019-01-02,Newcastle,Man United,A Marriner,0,2,10,9,1,2,0,0,full,0,0,,0,1,0.1222222222222222,-1,0,0,8
2018/19,2018,2019-01-02,West Ham,Brighton,C Kavanagh,2,2,9,11,0,1,0,0,full,0,0,,0,1,0.09090909090909091,2,0,0,8
2018/19,2018,2019-01-02,Wolves,Crystal Palace,R East,0,2,9,7,4,1,0,0,full,0,0,,0,-3,-0.30158730158730157,-2,0,0,8
2018/19,2018,2019-01-03,Man City,Liverpool,A Taylor,2,1,12,7,4,2,0,0,full,0,0,,0,-2,-0.047619047619047616,-5,0,0,8
2018/19,2018,2019-01-12,Brighton,Liverpool,K Friend,0,1,15,5,0,0,0,0,full,0,0,,0,0,0.0,-10,0,0,8
2018/19,2018,2019-01-12,Burnley,Fulham,M Atkinson,2,1,5,9,1,2,0,0,full,0,0,,0,1,0.0222222222222222,4,0,0,8
2018/19,2018,2019-01-12,Cardiff,Huddersfield,L Mason,0,0,12,14,3,1,0,0,full,0,0,,0,-2,-0.17857142857142858,2,0,0,8
2018/19,2018,2019-01-12,Chelsea,Newcastle,C Kavanagh,2,1,6,13,1,1,0,0,full,0,0,,0,0,-0.08974358974358973,7,0,0,8
2018/19,2018,2019-01-12,Crystal Palace,Watford,P Tierney,1,2,11,11,1,4,0,0,full,0,0,,0,3,0.2727272727272727,0,0,0,8
2018/19,2018,2019-01-12,Leicester,Southampton,M Oliver,1,2,7,9,2,1,0,1,full,0,0,,0,-1,-0.1746031746031746,2,1,0,8
2018/19,2018,2019-01-12,West Ham,Arsenal,J Moss,1,0,7,10,0,2,0,0,full,0,0,,0,2,0.2,3,0,0,8
2018/19,2018,2019-01-13,Everton,Bournemouth,A Taylor,2,0,17,8,5,0,0,0,full,0,0,,0,-5,-0.29411764705882354,-9,0,0,8
2018/19,2018,2019-01-13,Tottenham,Man United,M Dean,0,1,8,8,1,2,0,0,full,0,0,,0,1,0.125,0,0,0,8
2018/19,2018,2019-01-14,Man City,Wolves,C Pawson,3,0,6,3,1,0,0,1,full,0,0,,0,-1,-0.16666666666666666,-3,1,0,8
2018/19,2018,2019-01-19,Arsenal,Chelsea,A Taylor,2,0,13,15,0,2,0,0,full,0,0,,0,2,0.13333333333333333,2,0,0,8
2018/19,2018,2019-01-19,Bournemouth,West Ham,S Hooper,2,0,6,10,0,1,0,0,full,0,0,,0,1,0.1,4,0,0,8
2018/19,2018,2019-01-19,Liverpool,Crystal Palace,J Moss,4,3,6,8,0,1,1,0,full,0,0,,0,1,0.125,2,-1,0,8
2018/19,2018,2019-01-19,Man United,Brighton,P Tierney,2,1,11,11,1,0,0,0,full,0,0,,0,-1,-0.09090909090909091,0,0,0,8
2018/19,2018,2019-01-19,Newcastle,Cardiff,S Attwell,3,0,11,6,0,1,0,0,full,0,0,,0,1,0.16666666666666666,-5,0,0,8
2018/19,2018,2019-01-19,Southampton,Everton,G Scott,2,1,12,11,2,1,0,0,full,0,0,,0,-1,-0.07575757575757575,-1,0,0,8
2018/19,2018,2019-01-19,Watford,Burnley,M Oliver,0,0,14,9,1,2,0,0,full,0,0,,0,1,0.15079365079365079,-5,0,0,8
2018/19,2018,2019-01-19,Wolves,Leicester,C Kavanagh,4,3,11,10,3,3,0,0,full,0,0,,0,0,0.027272727272727282,-1,0,0,8
2018/19,2018,2019-01-20,Fulham,Tottenham,C Pawson,1,2,10,8,2,3,0,0,full,0,0,,0,1,0.175,-2,0,0,8
2018/19,2018,2019-01-20,Huddersfield,Man City,A Marriner,0,3,10,9,2,2,0,0,full,0,0,,0,0,0.0222222222222222,-1,0,0,8
2018/19,2018,2019-01-29,Arsenal,Cardiff,M Dean,2,1,14,12,3,3,0,0,full,0,0,,0,0,0.035714285714285726,-2,0,0,8
2018/19,2018,2019-01-29,Fulham,Brighton,L Probert,4,2,10,5,2,3,0,0,full,0,0,,0,1,0.39999999999999997,-5,0,0,8
2018/19,2018,2019-01-29,Huddersfield,Everton,S Attwell,0,1,13,10,1,4,0,1,full,0,0,,0,3,0.3230769230769231,-3,1,0,8
2018/19,2018,2019-01-29,Man United,Burnley,J Moss,2,2,10,9,1,3,0,0,full,0,0,,0,2,0.2333333333333333,-1,0,0,8
2018/19,2018,2019-01-29,Newcastle,Man City,P Tierney,2,1,9,7,2,3,0,0,full,0,0,,0,1,0.20634920634920634,-2,0,0,8
2018/19,2018,2019-01-29,Wolves,West Ham,D Coote,3,0,8,10,4,1,0,0,full,0,0,,0,-3,-0.4,2,0,0,8
2018/19,2018,2019-01-30,Bournemouth,Chelsea,R East,4,0,8,6,1,0,0,0,full,0,0,,0,-1,-0.125,-2,0,0,8
2018/19,2018,2019-01-30,Liverpool,Leicester,M Atkinson,1,1,13,6,1,3,0,0,full,0,0,,0,2,0.4230769230769231,-7,0,0,8
2018/19,2018,2019-01-30,Southampton,Crystal Palace,A Marriner,1,1,11,8,2,2,0,1,full,0,0,,0,0,0.06818181818181818,-3,1,0,8
2018/19,2018,2019-01-30,Tottenham,Watford,G Scott,2,1,6,9,0,4,0,0,full,0,0,,0,4,0.4444444444444444,3,0,0,8
2018/19,2018,2019-02-02,Brighton,Watford,S Hooper,0,0,15,10,1,0,0,0,full,0,0,,0,-1,-0.06666666666666667,-5,0,0,8
2018/19,2018,2019-02-02,Burnley,Southampton,A Taylor,1,1,10,9,3,1,0,0,full,0,0,,0,-2,-0.18888888888888888,-1,0,0,8
2018/19,2018,2019-02-02,Cardiff,Bournemouth,J Moss,2,0,17,14,1,2,0,0,full,0,0,,0,1,0.08403361344537814,-3,0,0,8
2018/19,2018,2019-02-02,Chelsea,Huddersfield,P Tierney,5,0,8,5,0,0,0,0,full,0,0,,0,0,0.0,-3,0,0,8
2018/19,2018,2019-02-02,Crystal Palace,Fulham,M Oliver,2,0,9,12,2,3,0,0,full,0,0,,0,1,0.02777777777777779,3,0,0,8
2018/19,2018,2019-02-02,Everton,Wolves,L Mason,1,3,12,14,3,1,0,0,full,0,0,,0,-2,-0.17857142857142858,2,0,0,8
2018/19,2018,2019-02-02,Tottenham,Newcastle,A Marriner,1,0,6,6,0,1,0,0,full,0,0,,0,1,0.16666666666666666,0,0,0,8
2018/19,2018,2019-02-03,Leicester,Man United,M Dean,0,1,14,9,4,4,0,0,full,0,0,,0,0,0.15873015873015872,-5,0,0,8
2018/19,2018,2019-02-03,Man City,Arsenal,M Atkinson,3,1,11,8,1,1,0,0,full,0,0,,0,0,0.03409090909090909,-3,0,0,8
2018/19,2018,2019-02-04,West Ham,Liverpool,K Friend,1,1,9,11,1,1,0,0,full,0,0,,0,0,-0.020202020202020193,2,0,0,8
2018/19,2018,2019-02-06,Everton,Man City,C Pawson,0,2,12,6,1,1,0,0,full,0,0,,0,0,0.08333333333333333,-6,0,0,8
2018/19,2018,2019-02-09,Brighton,Burnley,S Attwell,1,3,8,7,1,1,0,0,full,0,0,,0,0,0.01785714285714285,-1,0,0,8
2018/19,2018,2019-02-09,Crystal Palace,West Ham,C Pawson,1,1,12,9,3,0,0,0,full,0,0,,0,-3,-0.25,-3,0,0,8
2018/19,2018,2019-02-09,Fulham,Man United,P Tierney,0,3,14,9,3,2,0,0,full,0,0,,0,-1,0.007936507936507936,-5,0,0,8
2018/19,2018,2019-02-09,Huddersfield,Arsenal,J Moss,1,2,17,12,3,2,0,0,full,0,0,,0,-1,-0.009803921568627472,-5,0,0,8
2018/19,2018,2019-02-09,Liverpool,Bournemouth,A Taylor,3,0,14,6,2,2,0,0,full,0,0,,0,0,0.19047619047619047,-8,0,0,8
2018/19,2018,2019-02-09,Southampton,Cardiff,M Atkinson,1,2,15,12,3,3,0,0,full,0,0,,0,0,0.04999999999999999,-3,0,0,8
2018/19,2018,2019-02-09,Watford,Everton,L Probert,1,0,21,10,2,0,0,1,full,0,0,,0,-2,-0.09523809523809523,-11,1,0,8
2018/19,2018,2019-02-10,Man City,Chelsea,M Dean,6,0,9,13,1,2,0,0,full,0,0,,0,1,0.04273504273504275,4,0,0,8
2018/19,2018,2019-02-10,Tottenham,Leicester,M Oliver,3,1,11,4,3,1,0,0,full,0,0,,0,-2,-0.022727272727272707,-7,0,0,8
2018/19,2018,2019-02-11,Wolves,Newcastle,G Scott,1,1,7,9,1,3,0,0,full,0,0,,0,2,0.19047619047619047,2,0,0,8
2018/19,2018,2019-02-22,Cardiff,Watford,S Hooper,1,5,10,11,1,2,0,0,full,0,0,,0,1,0.08181818181818182,1,0,0,8
2018/19,2018,2019-02-22,West Ham,Fulham,L Mason,3,1,11,11,1,1,0,0,full,0,0,,0,0,0.0,0,0,0,8
2018/19,2018,2019-02-23,Bournemouth,Wolves,R East,1,1,10,15,4,5,0,0,full,0,0,,0,1,-0.06666666666666671,5,0,0,8
2018/19,2018,2019-02-23,Burnley,Tottenham,M Dean,2,1,9,12,1,3,0,0,full,0,0,,0,2,0.1388888888888889,3,0,0,8
2018/19,2018,2019-02-23,Leicester,Crystal Palace,A Taylor,1,4,7,14,2,1,0,0,full,0,0,,0,-1,-0.21428571428571427,7,0,0,8
2018/19,2018,2019-02-23,Newcastle,Huddersfield,K Friend,2,0,11,7,2,0,0,1,full,0,0,,0,-2,-0.18181818181818182,-4,1,0,8
2018/19,2018,2019-02-24,Arsenal,Southampton,G Scott,2,0,7,14,0,0,0,0,full,0,0,,0,0,0.0,7,0,0,8
2018/19,2018,2019-02-24,Man United,Liverpool,M Oliver,0,0,15,17,1,3,0,0,full,0,0,,0,2,0.10980392156862746,2,0,0,8
2018/19,2018,2019-02-26,Cardiff,Everton,K Friend,0,3,12,12,3,1,0,0,full,0,0,,0,-2,-0.16666666666666669,0,0,0,8
2018/19,2018,2019-02-26,Huddersfield,Wolves,D Coote,1,0,10,10,2,2,0,0,full,0,0,,0,0,0.0,0,0,0,8
2018/19,2018,2019-02-26,Leicester,Brighton,L Probert,2,1,6,4,1,1,0,0,full,0,0,,0,0,0.08333333333333334,-2,0,0,8
2018/19,2018,2019-02-26,Newcastle,Burnley,C Pawson,2,0,8,8,1,3,0,0,full,0,0,,0,2,0.25,0,0,0,8
2018/19,2018,2019-02-27,Arsenal,Bournemouth,C Kavanagh,5,1,11,9,2,2,0,0,full,0,0,,0,0,0.04040404040404039,-2,0,0,8
2018/19,2018,2019-02-27,Chelsea,Tottenham,A Marriner,2,0,7,14,1,1,0,0,full,0,0,,0,0,-0.07142857142857142,7,0,0,8
2018/19,2018,2019-02-27,Crystal Palace,Man United,M Atkinson,1,3,8,9,2,3,0,0,full,0,0,,0,1,0.08333333333333331,1,0,0,8
2018/19,2018,2019-02-27,Liverpool,Watford,G Scott,5,0,5,7,0,2,0,0,full,0,0,,0,2,0.2857142857142857,2,0,0,8
2018/19,2018,2019-02-27,Man City,West Ham,S Attwell,1,0,2,6,0,2,0,0,full,0,0,,1,2,,4,0,0,8
2018/19,2018,2019-02-27,Southampton,Fulham,A Taylor,2,0,15,13,0,1,0,0,full,0,0,,0,1,0.07692307692307693,-2,0,0,8
2018/19,2018,2019-03-02,Bournemouth,Man City,K Friend,0,1,7,7,1,2,0,0,full,0,0,,0,1,0.14285714285714285,0,0,0,8
2018/19,2018,2019-03-02,Brighton,Huddersfield,M Dean,1,0,11,6,2,2,0,0,full,0,0,,0,0,0.1515151515151515,-5,0,0,8
2018/19,2018,2019-03-02,Burnley,Crystal Palace,L Probert,1,3,9,9,1,2,0,0,full,0,0,,0,1,0.1111111111111111,0,0,0,8
2018/19,2018,2019-03-02,Man United,Southampton,S Attwell,3,2,7,10,2,1,0,0,full,0,0,,0,-1,-0.1857142857142857,3,0,0,8
2018/19,2018,2019-03-02,Tottenham,Arsenal,A Taylor,1,1,15,14,3,2,0,1,full,0,0,,0,-1,-0.05714285714285716,-1,1,0,8
2018/19,2018,2019-03-02,West Ham,Newcastle,C Kavanagh,2,0,8,14,3,4,0,0,full,0,0,,0,1,-0.0892857142857143,6,0,0,8
2018/19,2018,2019-03-02,Wolves,Cardiff,A Marriner,2,0,11,6,1,2,0,0,full,0,0,,0,1,0.2424242424242424,-5,0,0,8
2018/19,2018,2019-03-03,Everton,Liverpool,M Atkinson,0,0,12,10,1,2,0,0,full,0,0,,0,1,0.11666666666666668,-2,0,0,8
2018/19,2018,2019-03-03,Fulham,Chelsea,G Scott,1,2,11,10,2,1,0,0,full,0,0,,0,-1,-0.08181818181818182,-1,0,0,8
2018/19,2018,2019-03-03,Watford,Leicester,J Moss,2,1,15,12,5,1,0,0,full,0,0,,0,-4,-0.25,-3,0,0,8
2018/19,2018,2019-03-09,Cardiff,West Ham,G Scott,2,0,7,12,2,1,0,0,full,0,0,,0,-1,-0.20238095238095238,5,0,0,8
2018/19,2018,2019-03-09,Crystal Palace,Brighton,C Pawson,1,2,8,18,1,5,0,0,full,0,0,,0,4,0.1527777777777778,10,0,0,8
2018/19,2018,2019-03-09,Huddersfield,Bournemouth,A Taylor,0,2,14,9,3,1,0,0,full,0,0,,0,-2,-0.10317460317460317,-5,0,0,8
2018/19,2018,2019-03-09,Leicester,Fulham,D Coote,3,1,9,13,0,2,0,0,full,0,0,,0,2,0.15384615384615385,4,0,0,8
2018/19,2018,2019-03-09,Man City,Watford,P Tierney,3,1,11,7,1,1,0,0,full,0,0,,0,0,0.05194805194805194,-4,0,0,8
2018/19,2018,2019-03-09,Newcastle,Everton,L Mason,3,2,13,10,3,1,0,0,full,0,0,,0,-2,-0.13076923076923078,-3,0,0,8
2018/19,2018,2019-03-09,Southampton,Tottenham,K Friend,2,1,16,9,4,2,0,0,full,0,0,,0,-2,-0.02777777777777779,-7,0,0,8
2018/19,2018,2019-03-10,Arsenal,Man United,J Moss,2,0,12,18,2,2,0,0,full,0,0,,0,0,-0.05555555555555555,6,0,0,8
2018/19,2018,2019-03-10,Chelsea,Wolves,M Oliver,1,1,8,14,1,4,0,0,full,0,0,,0,3,0.1607142857142857,6,0,0,8
2018/19,2018,2019-03-10,Liverpool,Burnley,A Marriner,4,2,4,7,2,0,0,0,full,0,0,,0,-2,-0.5,3,0,0,8
2018/19,2018,2019-03-16,Bournemouth,Newcastle,M Dean,2,2,9,12,3,2,0,0,full,0,0,,0,-1,-0.16666666666666666,3,0,0,8
2018/19,2018,2019-03-16,Burnley,Leicester,M Oliver,1,2,9,10,1,1,0,1,full,0,0,,0,0,-0.0111111111111111,1,1,0,8
2018/19,2018,2019-03-16,West Ham,Huddersfield,J Moss,4,3,7,15,0,2,0,0,full,0,0,,0,2,0.13333333333333333,8,0,0,8
2018/19,2018,2019-03-17,Everton,Chelsea,A Taylor,2,0,17,9,1,2,0,0,full,0,0,,0,1,0.1633986928104575,-8,0,0,8
2018/19,2018,2019-03-17,Fulham,Liverpool,C Pawson,1,2,11,7,2,1,0,0,full,0,0,,0,-1,-0.038961038961038974,-4,0,0,8
2018/19,2018,2019-03-30,Brighton,Southampton,M Oliver,0,1,8,10,1,2,0,0,full,0,0,,0,1,0.07500000000000001,2,0,0,8
2018/19,2018,2019-03-30,Burnley,Wolves,C Kavanagh,2,0,12,10,1,1,0,0,full,0,0,,0,0,0.016666666666666677,-2,0,0,8
2018/19,2018,2019-03-30,Crystal Palace,Huddersfield,L Probert,2,0,10,7,0,0,0,0,full,0,0,,0,0,0.0,-3,0,0,8
2018/19,2018,2019-03-30,Fulham,Man City,K Friend,0,2,4,12,2,0,0,0,full,0,0,,0,-2,-0.5,8,0,0,8
2018/19,2018,2019-03-30,Leicester,Bournemouth,L Mason,2,0,6,12,0,2,0,0,full,0,0,,0,2,0.16666666666666666,6,0,0,8
2018/19,2018,2019-03-30,Man United,Watford,S Attwell,2,1,14,9,1,2,0,0,full,0,0,,0,1,0.15079365079365079,-5,0,0,8
2018/19,2018,2019-03-30,West Ham,Everton,P Tierney,0,2,7,14,1,1,0,0,full,0,0,,0,0,-0.07142857142857142,7,0,0,8
2018/19,2018,2019-03-31,Cardiff,Chelsea,C Pawson,1,2,8,14,2,3,0,0,full,0,0,,0,1,-0.035714285714285726,6,0,0,8
2018/19,2018,2019-03-31,Liverpool,Tottenham,M Atkinson,2,1,5,8,0,1,0,0,full,0,0,,0,1,0.125,3,0,0,8
2018/19,2018,2019-04-01,Arsenal,Newcastle,A Taylor,2,0,11,10,2,0,0,0,full,0,0,,0,-2,-0.18181818181818182,-1,0,0,8
2018/19,2018,2019-04-02,Watford,Fulham,R East,4,1,12,5,3,2,0,0,full,0,0,,0,-1,0.15000000000000002,-7,0,0,8
2018/19,2018,2019-04-02,Wolves,Man United,M Dean,2,1,5,11,1,2,0,1,full,0,0,,0,1,-0.018181818181818188,6,1,0,8
2018/19,2018,2019-04-03,Chelsea,Brighton,G Scott,3,0,5,9,0,0,0,0,full,0,0,,0,0,0.0,4,0,0,8
2018/19,2018,2019-04-03,Man City,Cardiff,J Moss,2,0,3,17,0,3,0,0,full,0,0,,0,3,0.17647058823529413,14,0,0,8
2018/19,2018,2019-04-03,Tottenham,Crystal Palace,A Marriner,2,0,8,5,1,0,0,0,full,0,0,,0,-1,-0.125,-3,0,0,8
2018/19,2018,2019-04-05,Southampton,Liverpool,P Tierney,1,3,8,7,2,4,0,0,full,0,0,,0,2,0.3214285714285714,-1,0,0,8
2018/19,2018,2019-04-06,Bournemouth,Burnley,M Atkinson,1,3,12,16,2,3,0,0,full,0,0,,0,1,0.020833333333333343,4,0,0,8
2018/19,2018,2019-04-06,Huddersfield,Leicester,D Coote,1,4,13,11,3,0,0,0,full,0,0,,0,-3,-0.23076923076923078,-2,0,0,8
2018/19,2018,2019-04-06,Newcastle,Crystal Palace,S Attwell,0,1,12,13,1,2,0,0,full,0,0,,0,1,0.07051282051282053,1,0,0,8
2018/19,2018,2019-04-07,Everton,Arsenal,K Friend,1,0,8,9,1,4,0,0,full,0,0,,0,3,0.3194444444444444,1,0,0,8
2018/19,2018,2019-04-08,Chelsea,West Ham,C Kavanagh,2,0,8,7,2,1,0,0,full,0,0,,0,-1,-0.10714285714285715,-1,0,0,8
2018/19,2018,2019-04-12,Leicester,Newcastle,C Kavanagh,0,1,6,10,2,3,0,0,full,0,0,,0,1,-0.033333333333333326,4,0,0,8
2018/19,2018,2019-04-13,Brighton,Bournemouth,K Friend,0,5,10,6,2,4,1,0,full,0,0,,0,2,0.4666666666666666,-4,-1,0,8
2018/19,2018,2019-04-13,Burnley,Cardiff,M Dean,2,0,7,10,2,3,0,0,full,0,0,,0,1,0.01428571428571429,3,0,0,8
2018/19,2018,2019-04-13,Fulham,Everton,L Probert,2,0,8,10,2,1,0,0,full,0,0,,0,-1,-0.15,2,0,0,8
2018/19,2018,2019-04-13,Man United,West Ham,G Scott,2,1,14,5,1,1,0,0,full,0,0,,0,0,0.1285714285714286,-9,0,0,8
2018/19,2018,2019-04-13,Southampton,Wolves,J Moss,3,1,13,8,1,3,0,0,full,0,0,,0,2,0.2980769230769231,-5,0,0,8
2018/19,2018,2019-04-13,Tottenham,Huddersfield,L Mason,4,0,10,12,2,2,0,0,full,0,0,,0,0,-0.033333333333333354,2,0,0,8
2018/19,2018,2019-04-14,Crystal Palace,Man City,M Atkinson,1,3,5,11,0,0,0,0,full,0,0,,0,0,0.0,6,0,0,8
2018/19,2018,2019-04-14,Liverpool,Chelsea,M Oliver,2,0,5,9,0,1,0,0,full,0,0,,0,1,0.1111111111111111,4,0,0,8
2018/19,2018,2019-04-15,Watford,Arsenal,C Pawson,0,1,12,8,2,0,1,0,full,0,0,,0,-2,-0.16666666666666666,-4,-1,0,8
2018/19,2018,2019-04-16,Brighton,Cardiff,A Marriner,0,2,11,13,0,1,0,0,full,0,0,,0,1,0.07692307692307693,2,0,0,8
2018/19,2018,2019-04-20,Bournemouth,Fulham,D Coote,0,1,11,18,1,3,0,0,full,0,0,,0,2,0.07575757575757575,7,0,0,8
2018/19,2018,2019-04-20,Huddersfield,Watford,R East,1,2,15,9,2,2,0,0,full,0,0,,0,0,0.08888888888888888,-6,0,0,8
2018/19,2018,2019-04-20,Man City,Tottenham,M Oliver,1,0,11,11,1,2,0,0,full,0,0,,0,1,0.09090909090909091,0,0,0,8
2018/19,2018,2019-04-20,Newcastle,Southampton,A Taylor,3,1,5,11,0,2,0,0,full,0,0,,0,2,0.18181818181818182,6,0,0,8
2018/19,2018,2019-04-20,West Ham,Leicester,L Probert,2,2,8,9,2,0,0,0,full,0,0,,0,-2,-0.25,1,0,0,8
2018/19,2018,2019-04-20,Wolves,Brighton,C Pawson,0,0,0,8,0,1,0,0,full,0,0,,1,1,,8,0,0,8
2018/19,2018,2019-04-21,Arsenal,Crystal Palace,J Moss,2,3,15,12,4,1,0,0,full,0,0,,0,-3,-0.18333333333333335,-3,0,0,8
2018/19,2018,2019-04-21,Cardiff,Liverpool,M Atkinson,0,2,6,5,1,1,0,0,full,0,0,,0,0,0.033333333333333354,-1,0,0,8
2018/19,2018,2019-04-21,Everton,Man United,P Tierney,4,0,11,7,1,1,0,0,full,0,0,,0,0,0.05194805194805194,-4,0,0,8
2018/19,2018,2019-04-22,Chelsea,Burnley,K Friend,2,2,9,4,2,1,0,0,full,0,0,,0,-1,0.02777777777777779,-5,0,0,8
2018/19,2018,2019-04-23,Tottenham,Brighton,C Kavanagh,1,0,7,13,1,2,0,0,full,0,0,,0,1,0.010989010989011005,6,0,0,8
2018/19,2018,2019-04-23,Watford,Southampton,M Dean,1,1,10,14,5,2,0,0,full,0,0,,0,-3,-0.35714285714285715,4,0,0,8
2018/19,2018,2019-04-24,Man United,Man City,A Marriner,0,2,10,10,2,2,0,0,full,0,0,,0,0,0.0,0,0,0,8
2018/19,2018,2019-04-24,Wolves,Arsenal,S Attwell,3,1,12,9,2,3,0,0,full,0,0,,0,1,0.16666666666666666,-3,0,0,8
2018/19,2018,2019-04-26,Liverpool,Huddersfield,K Friend,5,0,5,14,0,0,0,0,full,0,0,,0,0,0.0,9,0,0,8
2018/19,2018,2019-04-27,Brighton,Newcastle,M Dean,1,1,7,10,2,3,0,0,full,0,0,,0,1,0.01428571428571429,3,0,0,8
2018/19,2018,2019-04-27,Crystal Palace,Everton,L Mason,0,0,9,15,2,0,0,0,full,0,0,,0,-2,-0.2222222222222222,6,0,0,8
2018/19,2018,2019-04-27,Fulham,Cardiff,C Kavanagh,1,0,10,8,0,0,0,0,full,0,0,,0,0,0.0,-2,0,0,8
2018/19,2018,2019-04-27,Southampton,Bournemouth,G Scott,3,3,8,9,2,1,0,0,full,0,0,,0,-1,-0.1388888888888889,1,0,0,8
2018/19,2018,2019-04-27,Tottenham,West Ham,A Taylor,0,1,3,8,0,2,0,0,full,0,0,,0,2,0.25,5,0,0,8
2018/19,2018,2019-04-27,Watford,Wolves,S Hooper,1,2,10,11,3,2,0,0,full,0,0,,0,-1,-0.11818181818181817,1,0,0,8
2018/19,2018,2019-04-28,Burnley,Man City,P Tierney,0,1,5,7,1,1,0,0,full,0,0,,0,0,-0.05714285714285716,2,0,0,8
2018/19,2018,2019-04-28,Leicester,Arsenal,M Oliver,3,0,13,13,3,1,0,1,full,0,0,,0,-2,-0.15384615384615385,0,1,0,8
2018/19,2018,2019-04-28,Man United,Chelsea,M Atkinson,1,1,9,14,3,2,0,0,full,0,0,,0,-1,-0.19047619047619047,5,0,0,8
2018/19,2018,2019-05-03,Everton,Burnley,C Kavanagh,2,0,8,9,0,2,0,0,full,0,0,,0,2,0.2222222222222222,1,0,0,8
2018/19,2018,2019-05-04,Bournemouth,Tottenham,C Pawson,1,0,11,12,1,5,0,2,full,0,0,,0,4,0.3257575757575758,1,2,0,8
2018/19,2018,2019-05-04,Cardiff,Crystal Palace,M Oliver,2,3,14,11,0,0,0,0,full,0,0,,0,0,0.0,-3,0,0,8
2018/19,2018,2019-05-04,Newcastle,Liverpool,A Marriner,2,3,10,4,1,1,0,0,full,0,0,,0,0,0.15,-6,0,0,8
2018/19,2018,2019-05-04,West Ham,Southampton,S Attwell,3,0,2,11,1,1,0,0,full,0,0,,1,0,,9,0,0,8
2018/19,2018,2019-05-04,Wolves,Fulham,J Moss,1,0,10,15,1,3,0,0,full,0,0,,0,2,0.1,5,0,0,8
2018/19,2018,2019-05-05,Arsenal,Brighton,A Taylor,1,1,9,14,5,2,0,0,full,0,0,,0,-3,-0.41269841269841273,5,0,0,8
2018/19,2018,2019-05-05,Chelsea,Watford,P Tierney,3,0,6,12,0,1,0,0,full,0,0,,0,1,0.08333333333333333,6,0,0,8
2018/19,2018,2019-05-05,Huddersfield,Man United,L Mason,1,1,10,10,1,1,0,0,full,0,0,,0,0,0.0,0,0,0,8
2018/19,2018,2019-05-06,Man City,Leicester,M Dean,1,0,12,5,3,2,0,0,full,0,0,,0,-1,0.15000000000000002,-7,0,0,8
2018/19,2018,2019-05-12,Brighton,Man City,M Oliver,1,4,12,8,0,0,0,0,full,0,0,,0,0,0.0,-4,0,0,8
2018/19,2018,2019-05-12,Burnley,Arsenal,M Dean,1,3,11,3,5,1,0,0,full,0,0,,0,-4,-0.12121212121212122,-8,0,0,8
2018/19,2018,2019-05-12,Crystal Palace,Bournemouth,R East,5,3,11,8,3,0,0,0,full,0,0,,0,-3,-0.2727272727272727,-3,0,0,8
2018/19,2018,2019-05-12,Fulham,Newcastle,K Friend,0,4,6,8,1,0,0,0,full,0,0,,0,-1,-0.16666666666666666,2,0,0,8
2018/19,2018,2019-05-12,Leicester,Chelsea,A Taylor,0,0,9,8,0,1,0,0,full,0,0,,0,1,0.125,-1,0,0,8
2018/19,2018,2019-05-12,Liverpool,Wolves,M Atkinson,2,0,3,11,0,2,0,0,full,0,0,,0,2,0.18181818181818182,8,0,0,8
2018/19,2018,2019-05-12,Man United,Cardiff,J Moss,0,2,9,6,3,3,0,0,full,0,0,,0,0,0.16666666666666669,-3,0,0,8
2018/19,2018,2019-05-12,Southampton,Huddersfield,L Probert,1,1,8,6,0,1,0,0,full,0,0,,0,1,0.16666666666666666,-2,0,0,8
2018/19,2018,2019-05-12,Tottenham,Everton,A Marriner,2,2,10,13,0,2,0,0,full,0,0,,0,2,0.15384615384615385,3,0,0,8
2018/19,2018,2019-05-12,Watford,West Ham,C Kavanagh,1,4,10,10,1,0,1,0,full,0,0,,0,-1,-0.1,0,-1,0,8
2019/20,2019,2019-08-09,Liverpool,Norwich,M Oliver,4,1,9,9,0,2,0,0,full,0,0,,0,2,0.2222222222222222,0,0,1,9
2019/20,2019,2019-08-10,West Ham,Man City,M Dean,0,5,6,13,2,2,0,0,full,0,0,,0,0,-0.17948717948717946,7,0,1,9
2019/20,2019,2019-08-10,Bournemouth,Sheffield United,K Friend,1,1,10,19,2,1,0,0,full,0,0,,0,-1,-0.1473684210526316,9,0,1,9
2019/20,2019,2019-08-10,Burnley,Southampton,G Scott,3,0,6,12,0,0,0,0,full,0,0,,0,0,0.0,6,0,1,9
2019/20,2019,2019-08-10,Crystal Palace,Everton,J Moss,0,0,16,14,2,1,0,1,full,0,0,,0,-1,-0.053571428571428575,-2,1,1,9
2019/20,2019,2019-08-10,Watford,Brighton,C Pawson,0,3,15,11,0,1,0,0,full,0,0,,0,1,0.09090909090909091,-4,0,1,9
2019/20,2019,2019-08-10,Tottenham,Aston Villa,C Kavanagh,3,1,13,9,1,0,0,0,full,0,0,,0,-1,-0.07692307692307693,-4,0,1,9
2019/20,2019,2019-08-11,Leicester,Wolves,A Marriner,0,0,3,13,0,2,0,0,full,0,0,,0,2,0.15384615384615385,10,0,1,9
2019/20,2019,2019-08-11,Newcastle,Arsenal,M Atkinson,0,1,12,7,1,3,0,0,full,0,0,,0,2,0.34523809523809523,-5,0,1,9
2019/20,2019,2019-08-11,Man United,Chelsea,A Taylor,4,0,15,13,3,4,0,0,full,0,0,,0,1,0.1076923076923077,-2,0,1,9
2019/20,2019,2019-08-17,Arsenal,Burnley,M Dean,2,1,13,11,2,1,0,0,full,0,0,,0,-1,-0.06293706293706294,-2,0,1,9
2019/20,2019,2019-08-17,Aston Villa,Bournemouth,M Atkinson,1,2,10,13,0,2,0,0,full,0,0,,0,2,0.15384615384615385,3,0,1,9
2019/20,2019,2019-08-17,Brighton,West Ham,A Taylor,1,1,11,10,0,2,0,0,full,0,0,,0,2,0.2,-1,0,1,9
2019/20,2019,2019-08-17,Everton,Watford,L Mason,1,0,11,11,2,3,0,0,full,0,0,,0,1,0.09090909090909088,0,0,1,9
2019/20,2019,2019-08-17,Norwich,Newcastle,S Attwell,3,1,9,11,1,3,0,0,full,0,0,,0,2,0.1616161616161616,2,0,1,9
2019/20,2019,2019-08-17,Southampton,Liverpool,A Marriner,1,2,10,6,2,1,0,0,full,0,0,,0,-1,-0.033333333333333354,-4,0,1,9
2019/20,2019,2019-08-17,Man City,Tottenham,M Oliver,2,2,14,4,1,0,0,0,full,0,0,,0,-1,-0.07142857142857142,-10,0,1,9
2019/20,2019,2019-08-18,Sheffield United,Crystal Palace,D Coote,1,0,16,11,3,1,0,0,full,0,0,,0,-2,-0.09659090909090909,-5,0,1,9
2019/20,2019,2019-08-18,Chelsea,Leicester,O Langford,1,1,9,14,1,0,0,0,full,0,0,,0,-1,-0.1111111111111111,5,0,1,9
2019/20,2019,2019-08-19,Wolves,Man United,J Moss,1,1,17,8,2,2,0,0,full,0,0,,0,0,0.1323529411764706,-9,0,1,9
2019/20,2019,2019-08-23,Aston Villa,Everton,M Oliver,2,0,10,18,2,3,0,0,full,0,0,,0,1,-0.033333333333333354,8,0,1,9
2019/20,2019,2019-08-24,Norwich,Chelsea,M Atkinson,2,3,9,9,1,1,0,0,full,0,0,,0,0,0.0,0,0,1,9
2019/20,2019,2019-08-24,Brighton,Southampton,K Friend,0,2,9,10,1,3,1,0,full,0,0,,0,2,0.18888888888888888,1,-1,1,9
2019/20,2019,2019-08-24,Man United,Crystal Palace,P Tierney,1,2,8,18,2,4,0,0,full,0,0,,0,2,-0.02777777777777779,10,0,1,9
2019/20,2019,2019-08-24,Sheffield United,Leicester,A Madley,1,2,11,6,1,0,0,0,full,0,0,,0,-1,-0.09090909090909091,-5,0,1,9
2019/20,2019,2019-08-24,Watford,West Ham,C Kavanagh,1,3,12,11,1,1,0,0,full,0,0,,0,0,0.007575757575757583,-1,0,1,9
2019/20,2019,2019-08-24,Liverpool,Arsenal,A Taylor,3,1,8,5,1,1,0,0,full,0,0,,0,0,0.07500000000000001,-3,0,1,9
2019/20,2019,2019-08-25,Bournemouth,Man City,A Marriner,1,3,7,13,1,3,0,0,full,0,0,,0,2,0.08791208791208793,6,0,1,9
2019/20,2019,2019-08-25,Tottenham,Newcastle,M Dean,0,1,10,5,2,2,0,0,full,0,0,,0,0,0.2,-5,0,1,9
2019/20,2019,2019-08-25,Wolves,Burnley,C Pawson,1,1,9,11,0,2,0,0,full,0,0,,0,2,0.18181818181818182,2,0,1,9
2019/20,2019,2019-08-31,Southampton,Man United,M Dean,1,1,17,7,1,2,1,0,full,0,0,,0,1,0.22689075630252098,-10,-1,1,9
2019/20,2019,2019-08-31,Chelsea,Sheffield United,S Attwell,2,2,6,11,0,1,0,0,full,0,0,,0,1,0.09090909090909091,5,0,1,9
2019/20,2019,2019-08-31,Crystal Palace,Aston Villa,K Friend,1,0,15,16,2,4,0,1,full,0,0,,0,2,0.11666666666666667,1,1,1,9
2019/20,2019,2019-08-31,Leicester,Bournemouth,P Bankes,3,1,9,11,1,3,0,0,full,0,0,,0,2,0.1616161616161616,2,0,1,9
2019/20,2019,2019-08-31,Man City,Brighton,J Moss,4,0,10,6,1,1,0,0,full,0,0,,0,0,0.06666666666666665,-4,0,1,9
2019/20,2019,2019-08-31,Newcastle,Watford,G Scott,1,1,5,11,2,3,0,0,full,0,0,,0,1,-0.12727272727272732,6,0,1,9
2019/20,2019,2019-08-31,West Ham,Norwich,P Tierney,2,0,16,10,2,1,0,0,full,0,0,,0,-1,-0.024999999999999994,-6,0,1,9
2019/20,2019,2019-08-31,Burnley,Liverpool,C Kavanagh,0,3,10,16,0,0,0,0,full,0,0,,0,0,0.0,6,0,1,9
2019/20,2019,2019-09-01,Everton,Wolves,A Taylor,3,2,12,12,1,4,0,1,full,0,0,,0,3,0.25,0,1,1,9
2019/20,2019,2019-09-01,Arsenal,Tottenham,M Atkinson,2,2,13,19,3,5,0,0,full,0,0,,0,2,0.03238866396761131,6,0,1,9
2019/20,2019,2019-09-14,Liverpool,Newcastle,A Marriner,3,1,5,4,0,0,0,0,full,0,0,,0,0,0.0,-1,0,1,9
2019/20,2019,2019-09-14,Brighton,Burnley,M Oliver,1,1,13,7,0,2,0,0,full,0,0,,0,2,0.2857142857142857,-6,0,1,9
2019/20,2019,2019-09-14,Man United,Leicester,M Atkinson,1,0,14,14,1,2,0,0,full,0,0,,0,1,0.07142857142857142,0,0,1,9
2019/20,2019,2019-09-14,Sheffield United,Southampton,L Mason,0,1,10,7,1,1,1,0,full,0,0,,0,0,0.042857142857142844,-3,-1,1,9
2019/20,2019,2019-09-14,Tottenham,Crystal Palace,C Pawson,4,0,19,11,4,2,0,0,full,0,0,,0,-2,-0.02870813397129185,-8,0,1,9
2019/20,2019,2019-09-14,Wolves,Chelsea,G Scott,2,5,8,11,1,2,0,0,full,0,0,,0,1,0.05681818181818182,3,0,1,9
2019/20,2019,2019-09-14,Norwich,Man City,K Friend,3,2,8,7,3,1,0,0,full,0,0,,0,-2,-0.23214285714285715,-1,0,1,9
2019/20,2019,2019-09-15,Bournemouth,Everton,P Tierney,3,1,5,14,0,4,0,0,full,0,0,,0,4,0.2857142857142857,9,0,1,9
2019/20,2019,2019-09-15,Watford,Arsenal,A Taylor,2,2,14,4,3,3,0,0,full,0,0,,0,0,0.5357142857142857,-10,0,1,9
2019/20,2019,2019-09-16,Aston Villa,West Ham,M Dean,0,0,13,12,2,1,0,1,full,0,0,,0,-1,-0.07051282051282053,-1,1,1,9
2019/20,2019,2019-09-20,Southampton,Bournemouth,C Kavanagh,1,3,8,9,1,3,0,0,full,0,0,,0,2,0.20833333333333331,1,0,1,9
2019/20,2019,2019-09-21,Leicester,Tottenham,P Tierney,2,1,16,13,1,2,0,0,full,0,0,,0,1,0.09134615384615385,-3,0,1,9
2019/20,2019,2019-09-21,Burnley,Norwich,D Coote,2,0,11,10,0,1,0,0,full,0,0,,0,1,0.1,-1,0,1,9
2019/20,2019,2019-09-21,Everton,Sheffield United,S Hooper,0,2,9,9,1,3,0,0,full,0,0,,0,2,0.2222222222222222,0,0,1,9
2019/20,2019,2019-09-21,Man City,Watford,M Dean,8,0,5,9,2,2,0,0,full,0,0,,0,0,-0.1777777777777778,4,0,1,9
2019/20,2019,2019-09-21,Newcastle,Brighton,M Atkinson,0,0,12,8,2,1,0,0,full,0,0,,0,-1,-0.04166666666666666,-4,0,1,9
2019/20,2019,2019-09-22,Crystal Palace,Wolves,S Attwell,1,1,7,10,2,1,0,1,full,0,0,,0,-1,-0.1857142857142857,3,1,1,9
2019/20,2019,2019-09-22,West Ham,Man United,A Taylor,2,0,8,9,2,2,0,0,full,0,0,,0,0,-0.02777777777777779,1,0,1,9
2019/20,2019,2019-09-22,Arsenal,Aston Villa,J Moss,3,2,13,15,5,1,1,0,full,0,0,,0,-4,-0.317948717948718,2,-1,1,9
2019/20,2019,2019-09-22,Chelsea,Liverpool,M Oliver,1,2,8,13,3,3,0,0,full,0,0,,0,0,-0.14423076923076922,5,0,1,9
2019/20,2019,2019-09-28,Sheffield United,Liverpool,A Taylor,0,1,8,4,1,1,0,0,full,0,0,,0,0,0.125,-4,0,1,9
2019/20,2019,2019-09-28,Aston Villa,Burnley,L Mason,2,2,10,16,1,4,0,0,full,0,0,,0,3,0.15,6,0,1,9
2019/20,2019,2019-09-28,Bournemouth,West Ham,S Attwell,2,2,7,8,3,1,0,0,full,0,0,,0,-2,-0.30357142857142855,1,0,1,9
2019/20,2019,2019-09-28,Chelsea,Brighton,C Kavanagh,2,0,5,13,2,3,0,0,full,0,0,,0,1,-0.16923076923076924,8,0,1,9
2019/20,2019,2019-09-28,Crystal Palace,Norwich,J Moss,2,0,14,10,3,1,0,0,full,0,0,,0,-2,-0.11428571428571427,-4,0,1,9
2019/20,2019,2019-09-28,Tottenham,Southampton,G Scott,2,1,5,16,0,2,1,0,full,0,0,,0,2,0.125,11,-1,1,9
2019/20,2019,2019-09-28,Wolves,Watford,P Tierney,2,0,5,6,0,1,0,0,full,0,0,,0,1,0.16666666666666666,1,0,1,9
2019/20,2019,2019-09-28,Everton,Man City,M Oliver,1,3,4,8,2,2,0,0,full,0,0,,0,0,-0.25,4,0,1,9
2019/20,2019,2019-09-29,Leicester,Newcastle,C Pawson,5,0,12,9,1,1,0,1,full,0,0,,0,0,0.027777777777777776,-3,1,1,9
2019/20,2019,2019-09-30,Man United,Arsenal,K Friend,1,1,18,13,4,2,0,0,full,0,0,,0,-2,-0.06837606837606836,-5,0,1,9
2019/20,2019,2019-10-05,Brighton,Tottenham,J Moss,3,0,11,7,2,1,0,0,full,0,0,,0,-1,-0.038961038961038974,-4,0,1,9
2019/20,2019,2019-10-05,Burnley,Everton,G Scott,1,0,5,12,2,1,0,1,full,0,0,,0,-1,-0.3166666666666667,7,1,1,9
2019/20,2019,2019-10-05,Liverpool,Leicester,C Kavanagh,2,1,9,17,1,4,0,0,full,0,0,,0,3,0.12418300653594772,8,0,1,9
2019/20,2019,2019-10-05,Norwich,Aston Villa,A Madley,1,5,14,17,1,3,0,0,full,0,0,,0,2,0.1050420168067227,3,0,1,9
2019/20,2019,2019-10-05,Watford,Sheffield United,A Marriner,0,0,7,6,0,2,0,0,full,0,0,,0,2,0.3333333333333333,-1,0,1,9
2019/20,2019,2019-10-05,West Ham,Crystal Palace,M Oliver,1,2,11,7,3,2,0,0,full,0,0,,0,-1,0.012987012987012991,-4,0,1,9
2019/20,2019,2019-10-06,Arsenal,Bournemouth,M Atkinson,1,0,12,6,1,2,0,0,full,0,0,,0,1,0.25,-6,0,1,9
2019/20,2019,2019-10-06,Man City,Wolves,C Pawson,0,2,11,14,5,2,0,0,full,0,0,,0,-3,-0.3116883116883117,3,0,1,9
2019/20,2019,2019-10-06,Southampton,Chelsea,P Tierney,1,4,8,15,0,1,0,0,full,0,0,,0,1,0.06666666666666667,7,0,1,9
2019/20,2019,2019-10-06,Newcastle,Man United,M Dean,1,0,12,10,3,3,0,0,full,0,0,,0,0,0.04999999999999999,-2,0,1,9
2019/20,2019,2019-10-19,Everton,West Ham,P Tierney,2,0,15,15,2,2,0,0,full,0,0,,0,0,0.0,0,0,1,9
2019/20,2019,2019-10-19,Aston Villa,Brighton,D Coote,2,1,9,17,1,2,0,1,full,0,0,,0,1,0.006535947712418305,8,1,1,9
2019/20,2019,2019-10-19,Bournemouth,Norwich,L Mason,0,0,8,11,1,3,0,0,full,0,0,,0,2,0.1477272727272727,3,0,1,9
2019/20,2019,2019-10-19,Chelsea,Newcastle,A Marriner,1,0,9,12,2,1,0,0,full,0,0,,0,-1,-0.1388888888888889,3,0,1,9
2019/20,2019,2019-10-19,Leicester,Burnley,J Moss,2,1,4,10,0,3,0,0,full,0,0,,0,3,0.3,6,0,1,9
2019/20,2019,2019-10-19,Tottenham,Watford,C Kavanagh,1,1,5,9,4,3,0,0,full,0,0,,0,-1,-0.46666666666666673,4,0,1,9
2019/20,2019,2019-10-19,Wolves,Southampton,P Bankes,1,1,10,17,3,2,0,0,full,0,0,,0,-1,-0.18235294117647058,7,0,1,9
2019/20,2019,2019-10-19,Crystal Palace,Man City,A Taylor,0,2,8,10,1,1,0,0,full,0,0,,0,0,-0.024999999999999994,2,0,1,9
2019/20,2019,2019-10-20,Man United,Liverpool,M Atkinson,1,1,6,14,0,1,0,0,full,0,0,,0,1,0.07142857142857142,8,0,1,9
2019/20,2019,2019-10-21,Sheffield United,Arsenal,M Dean,1,0,10,12,4,4,0,0,full,0,0,,0,0,-0.06666666666666671,2,0,1,9
2019/20,2019,2019-10-25,Southampton,Leicester,A Marriner,0,9,3,12,0,0,1,0,full,0,0,,0,0,0.0,9,-1,1,9
2019/20,2019,2019-10-26,Man City,Aston Villa,G Scott,3,0,10,5,1,1,1,0,full,0,0,,0,0,0.1,-5,-1,1,9
2019/20,2019,2019-10-26,Brighton,Everton,A Madley,3,2,12,12,2,1,0,0,full,0,0,,0,-1,-0.08333333333333333,0,0,1,9
2019/20,2019,2019-10-26,Watford,Bournemouth,M Dean,0,0,14,8,5,3,0,0,full,0,0,,0,-2,0.01785714285714285,-6,0,1,9
2019/20,2019,2019-10-26,West Ham,Sheffield United,D Coote,1,1,7,10,2,2,0,0,full,0,0,,0,0,-0.08571428571428569,3,0,1,9
2019/20,2019,2019-10-26,Burnley,Chelsea,M Oliver,2,4,7,8,3,2,0,0,full,0,0,,0,-1,-0.17857142857142855,1,0,1,9
2019/20,2019,2019-10-27,Newcastle,Wolves,K Friend,1,1,8,15,2,2,1,0,full,0,0,,0,0,-0.11666666666666667,7,-1,1,9
2019/20,2019,2019-10-27,Arsenal,Crystal Palace,M Atkinson,2,2,18,9,2,0,0,0,full,0,0,,0,-2,-0.1111111111111111,-9,0,1,9
2019/20,2019,2019-10-27,Liverpool,Tottenham,A Taylor,2,1,9,11,3,3,0,0,full,0,0,,0,0,-0.06060606060606061,2,0,1,9
2019/20,2019,2019-10-27,Norwich,Man United,S Attwell,1,3,13,10,2,2,0,0,full,0,0,,0,0,0.046153846153846156,-3,0,1,9
2019/20,2019,2019-11-02,Bournemouth,Man United,C Kavanagh,1,0,14,12,4,3,0,0,full,0,0,,0,-1,-0.0357142857142857,-2,0,1,9
2019/20,2019,2019-11-02,Arsenal,Wolves,M Oliver,1,1,6,15,0,2,0,0,full,0,0,,0,2,0.13333333333333333,9,0,1,9
2019/20,2019,2019-11-02,Aston Villa,Liverpool,J Moss,1,2,12,9,1,2,0,0,full,0,0,,0,1,0.1388888888888889,-3,0,1,9
2019/20,2019,2019-11-02,Brighton,Norwich,K Friend,2,0,11,8,0,1,0,0,full,0,0,,0,1,0.125,-3,0,1,9
2019/20,2019,2019-11-02,Man City,Southampton,L Mason,2,1,11,10,3,1,0,0,full,0,0,,0,-2,-0.1727272727272727,-1,0,1,9
2019/20,2019,2019-11-02,Sheffield United,Burnley,S Hooper,3,0,8,12,1,2,0,0,full,0,0,,0,1,0.04166666666666666,4,0,1,9
2019/20,2019,2019-11-02,West Ham,Newcastle,S Attwell,2,3,10,7,2,1,0,0,full,0,0,,0,-1,-0.05714285714285716,-3,0,1,9
2019/20,2019,2019-11-02,Watford,Chelsea,A Taylor,1,2,8,5,4,2,0,0,full,0,0,,0,-2,-0.09999999999999998,-3,0,1,9
2019/20,2019,2019-11-03,Crystal Palace,Leicester,P Tierney,0,2,15,16,2,2,0,0,full,0,0,,0,0,-0.008333333333333331,1,0,1,9
2019/20,2019,2019-11-03,Everton,Tottenham,M Atkinson,1,1,9,8,1,2,0,1,full,0,0,,0,1,0.1388888888888889,-1,1,1,9
2019/20,2019,2019-11-08,Norwich,Watford,A Marriner,0,2,7,13,1,2,0,1,full,0,0,,0,1,0.010989010989011005,6,1,1,9
2019/20,2019,2019-11-09,Chelsea,Crystal Palace,M Dean,2,0,9,17,3,2,0,0,full,0,0,,0,-1,-0.2156862745098039,8,0,1,9
2019/20,2019,2019-11-09,Burnley,West Ham,K Friend,3,0,17,10,2,1,0,0,full,0,0,,0,-1,-0.017647058823529405,-7,0,1,9
2019/20,2019,2019-11-09,Newcastle,Bournemouth,M Atkinson,2,1,10,5,2,0,0,0,full,0,0,,0,-2,-0.2,-5,0,1,9
2019/20,2019,2019-11-09,Southampton,Everton,P Tierney,1,2,12,12,1,1,0,0,full,0,0,,0,0,0.0,0,0,1,9
2019/20,2019,2019-11-09,Tottenham,Sheffield United,G Scott,1,1,6,9,2,2,0,0,full,0,0,,0,0,-0.1111111111111111,3,0,1,9
2019/20,2019,2019-11-09,Leicester,Arsenal,C Kavanagh,2,0,10,10,1,1,0,0,full,0,0,,0,0,0.0,0,0,1,9
2019/20,2019,2019-11-10,Man United,Brighton,J Moss,3,1,10,14,2,5,0,0,full,0,0,,0,3,0.15714285714285714,4,0,1,9
2019/20,2019,2019-11-10,Wolves,Aston Villa,A Taylor,2,1,17,8,4,3,0,0,full,0,0,,0,-1,0.13970588235294118,-9,0,1,9
2019/20,2019,2019-11-10,Liverpool,Man City,M Oliver,3,1,10,5,0,2,0,0,full,0,0,,0,2,0.4,-5,0,1,9
2019/20,2019,2019-11-23,West Ham,Tottenham,M Oliver,2,3,12,14,3,2,0,0,full,0,0,,0,-1,-0.10714285714285715,2,0,1,9
2019/20,2019,2019-11-23,Arsenal,Southampton,S Attwell,2,2,13,19,6,2,0,0,full,0,0,,0,-4,-0.35627530364372473,6,0,1,9
2019/20,2019,2019-11-23,Bournemouth,Wolves,S Hooper,1,2,10,12,2,1,1,0,full,0,0,,0,-1,-0.11666666666666668,2,-1,1,9
2019/20,2019,2019-11-23,Brighton,Leicester,M Dean,0,2,9,1,2,0,0,0,full,0,0,,1,-2,,-8,0,1,9
2019/20,2019,2019-11-23,Crystal Palace,Liverpool,K Friend,1,2,8,7,0,1,0,0,full,0,0,,0,1,0.14285714285714285,-1,0,1,9
2019/20,2019,2019-11-23,Everton,Norwich,A Taylor,0,2,12,11,3,5,0,0,full,0,0,,0,2,0.20454545454545453,-1,0,1,9
2019/20,2019,2019-11-23,Watford,Burnley,P Tierney,0,3,14,13,0,3,0,0,full,0,0,,0,3,0.23076923076923078,-1,0,1,9
2019/20,2019,2019-11-23,Man City,Chelsea,M Atkinson,2,1,5,9,1,1,0,0,full,0,0,,0,0,-0.0888888888888889,4,0,1,9
2019/20,2019,2019-11-24,Sheffield United,Man United,A Marriner,3,3,13,10,1,2,0,0,full,0,0,,0,1,0.12307692307692308,-3,0,1,9
2019/20,2019,2019-11-25,Aston Villa,Newcastle,L Mason,2,0,10,9,1,1,0,0,full,0,0,,0,0,0.0111111111111111,-1,0,1,9
2019/20,2019,2019-11-30,Newcastle,Man City,C Kavanagh,2,2,4,6,1,2,0,0,full,0,0,,0,1,0.08333333333333331,2,0,1,9
2019/20,2019,2019-11-30,Burnley,Crystal Palace,P Bankes,0,2,13,10,2,0,0,0,full,0,0,,0,-2,-0.15384615384615385,-3,0,1,9
2019/20,2019,2019-11-30,Chelsea,West Ham,J Moss,0,1,0,16,0,3,0,0,full,0,0,,1,3,,16,0,1,9
2019/20,2019,2019-11-30,Liverpool,Brighton,M Atkinson,2,1,3,10,0,0,1,0,full,0,0,,0,0,0.0,7,-1,1,9
2019/20,2019,2019-11-30,Tottenham,Bournemouth,L Mason,3,2,10,12,0,2,0,0,full,0,0,,0,2,0.16666666666666666,2,0,1,9
2019/20,2019,2019-11-30,Southampton,Watford,M Oliver,2,1,6,10,1,0,0,0,full,0,0,,0,-1,-0.16666666666666666,4,0,1,9
2019/20,2019,2019-12-01,Norwich,Arsenal,P Tierney,2,2,8,10,2,1,0,0,full,0,0,,0,-1,-0.15,2,0,1,9
2019/20,2019,2019-12-01,Wolves,Sheffield United,D Coote,1,1,12,18,1,4,0,0,full,0,0,,0,3,0.1388888888888889,6,0,1,9
2019/20,2019,2019-12-01,Leicester,Everton,G Scott,2,1,7,9,0,1,0,0,full,0,0,,0,1,0.1111111111111111,2,0,1,9
2019/20,2019,2019-12-01,Man United,Aston Villa,C Pawson,2,2,16,8,4,1,0,0,full,0,0,,0,-3,-0.125,-8,0,1,9
2019/20,2019,2019-12-03,Crystal Palace,Bournemouth,A Taylor,1,0,6,15,3,3,1,0,full,0,0,,0,0,-0.3,9,-1,1,9
2019/20,2019,2019-12-03,Burnley,Man City,J Moss,1,4,9,6,1,1,0,0,full,0,0,,0,0,0.05555555555555555,-3,0,1,9
2019/20,2019,2019-12-04,Chelsea,Aston Villa,C Kavanagh,2,1,18,10,2,1,0,0,full,0,0,,0,-1,-0.0111111111111111,-8,0,1,9
2019/20,2019,2019-12-04,Leicester,Watford,C Pawson,2,0,13,16,3,2,0,0,full,0,0,,0,-1,-0.10576923076923078,3,0,1,9
2019/20,2019,2019-12-04,Man United,Tottenham,P Tierney,2,1,9,9,0,1,0,0,full,0,0,,0,1,0.1111111111111111,0,0,1,9
2019/20,2019,2019-12-04,Southampton,Norwich,K Friend,2,1,12,7,1,1,0,0,full,0,0,,0,0,0.05952380952380952,-5,0,1,9
2019/20,2019,2019-12-04,Wolves,West Ham,A Marriner,2,0,8,9,1,2,0,0,full,0,0,,0,1,0.09722222222222221,1,0,1,9
2019/20,2019,2019-12-04,Liverpool,Everton,M Dean,5,2,13,17,1,2,0,0,full,0,0,,0,1,0.04072398190045248,4,0,1,9
2019/20,2019,2019-12-05,Sheffield United,Newcastle,S Attwell,0,2,10,6,2,0,0,0,full,0,0,,0,-2,-0.2,-4,0,1,9
2019/20,2019,2019-12-05,Arsenal,Brighton,G Scott,1,2,10,11,3,1,0,0,full,0,0,,0,-2,-0.20909090909090908,1,0,1,9
2019/20,2019,2019-12-07,Everton,Chelsea,C Pawson,3,1,14,9,3,0,0,0,full,0,0,,0,-3,-0.21428571428571427,-5,0,1,9
2019/20,2019,2019-12-07,Bournemouth,Liverpool,C Kavanagh,0,3,5,6,0,1,0,0,full,0,0,,0,1,0.16666666666666666,1,0,1,9
2019/20,2019,2019-12-07,Tottenham,Burnley,K Friend,5,0,12,8,1,1,0,0,full,0,0,,0,0,0.04166666666666667,-4,0,1,9
2019/20,2019,2019-12-07,Watford,Crystal Palace,M Atkinson,0,0,15,16,4,2,0,0,full,0,0,,0,-2,-0.14166666666666666,1,0,1,9
2019/20,2019,2019-12-07,Man City,Man United,A Taylor,1,2,10,10,3,2,0,0,full,0,0,,0,-1,-0.09999999999999998,0,0,1,9
2019/20,2019,2019-12-08,Aston Villa,Leicester,M Oliver,1,4,21,15,6,2,0,0,full,0,0,,0,-4,-0.15238095238095237,-6,0,1,9
2019/20,2019,2019-12-08,Newcastle,Southampton,D Coote,2,1,11,17,1,3,0,0,full,0,0,,0,2,0.08556149732620322,6,0,1,9
2019/20,2019,2019-12-08,Norwich,Sheffield United,S Hooper,1,2,6,12,0,4,0,0,full,0,0,,0,4,0.3333333333333333,6,0,1,9
2019/20,2019,2019-12-08,Brighton,Wolves,J Moss,2,2,10,7,3,0,0,0,full,0,0,,0,-3,-0.3,-3,0,1,9
2019/20,2019,2019-12-09,West Ham,Arsenal,M Dean,1,3,12,6,2,0,0,0,full,0,0,,0,-2,-0.16666666666666666,-6,0,1,9
2019/20,2019,2019-12-14,Liverpool,Watford,A Marriner,2,0,8,6,2,1,0,0,full,0,0,,0,-1,-0.08333333333333334,-2,0,1,9
2019/20,2019,2019-12-14,Burnley,Newcastle,T Robinson,1,0,15,12,0,2,0,0,full,0,0,,0,2,0.16666666666666666,-3,0,1,9
2019/20,2019,2019-12-14,Chelsea,Bournemouth,G Scott,0,1,9,14,1,2,0,0,full,0,0,,0,1,0.031746031746031744,5,0,1,9
2019/20,2019,2019-12-14,Leicester,Norwich,A Madley,1,1,11,15,0,4,0,0,full,0,0,,0,4,0.26666666666666666,4,0,1,9
2019/20,2019,2019-12-14,Sheffield United,Aston Villa,P Bankes,2,0,10,9,2,2,0,0,full,0,0,,0,0,0.0222222222222222,-1,0,1,9
2019/20,2019,2019-12-14,Southampton,West Ham,M Atkinson,0,1,9,14,1,3,0,0,full,0,0,,0,2,0.10317460317460317,5,0,1,9
2019/20,2019,2019-12-15,Man United,Everton,M Oliver,1,1,10,12,1,2,0,0,full,0,0,,0,1,0.06666666666666665,2,0,1,9
2019/20,2019,2019-12-15,Wolves,Tottenham,S Attwell,1,2,14,10,4,4,0,0,full,0,0,,0,0,0.11428571428571432,-4,0,1,9
2019/20,2019,2019-12-15,Arsenal,Man City,P Tierney,0,3,9,24,1,4,0,0,full,0,0,,0,3,0.05555555555555555,15,0,1,9
2019/20,2019,2019-12-16,Crystal Palace,Brighton,C Pawson,1,1,7,12,1,1,0,0,full,0,0,,0,0,-0.05952380952380952,5,0,1,9
2019/20,2019,2019-12-21,Everton,Arsenal,K Friend,0,0,10,11,2,3,0,0,full,0,0,,0,1,0.0727272727272727,1,0,1,9
2019/20,2019,2019-12-21,Aston Villa,Southampton,C Pawson,1,3,16,15,2,1,0,0,full,0,0,,0,-1,-0.058333333333333334,-1,0,1,9
2019/20,2019,2019-12-21,Bournemouth,Burnley,M Atkinson,0,1,13,21,2,4,0,0,full,0,0,,0,2,0.03663003663003661,8,0,1,9
2019/20,2019,2019-12-21,Brighton,Sheffield United,R Jones,0,1,6,11,1,3,0,0,full,0,0,,0,2,0.10606060606060605,5,0,1,9
2019/20,2019,2019-12-21,Newcastle,Crystal Palace,S Hooper,1,0,12,11,2,0,0,0,full,0,0,,0,-2,-0.16666666666666666,-1,0,1,9
2019/20,2019,2019-12-21,Norwich,Wolves,P Bankes,1,2,7,14,2,4,0,0,full,0,0,,0,2,0.0,7,0,1,9
2019/20,2019,2019-12-21,Man City,Leicester,M Dean,3,1,14,9,2,2,0,0,full,0,0,,0,0,0.07936507936507936,-5,0,1,9
2019/20,2019,2019-12-22,Watford,Man United,L Mason,2,0,16,11,3,1,0,0,full,0,0,,0,-2,-0.09659090909090909,-5,0,1,9
2019/20,2019,2019-12-22,Tottenham,Chelsea,A Taylor,0,2,9,11,4,3,1,0,full,0,0,,0,-1,-0.1717171717171717,2,-1,1,9
2019/20,2019,2019-12-26,Tottenham,Brighton,G Scott,2,1,10,9,4,2,0,0,full,0,0,,0,-2,-0.1777777777777778,-1,0,1,9
2019/20,2019,2019-12-26,Aston Villa,Norwich,C Kavanagh,1,0,15,12,2,3,0,0,full,0,0,,0,1,0.11666666666666667,-3,0,1,9
2019/20,2019,2019-12-26,Bournemouth,Arsenal,S Attwell,1,1,5,13,4,4,0,0,full,0,0,,0,0,-0.49230769230769234,8,0,1,9
2019/20,2019,2019-12-26,Chelsea,Southampton,J Moss,0,2,10,9,3,2,0,0,full,0,0,,0,-1,-0.07777777777777778,-1,0,1,9
2019/20,2019,2019-12-26,Crystal Palace,West Ham,A Marriner,2,1,5,10,0,2,0,0,full,0,0,,0,2,0.2,5,0,1,9
2019/20,2019,2019-12-26,Everton,Burnley,A Taylor,1,0,15,14,0,0,0,0,full,0,0,,0,0,0.0,-1,0,1,9
2019/20,2019,2019-12-26,Sheffield United,Watford,D Coote,1,1,11,8,1,3,0,0,full,0,0,,0,2,0.28409090909090906,-3,0,1,9
2019/20,2019,2019-12-26,Man United,Newcastle,K Friend,4,1,10,7,2,2,0,0,full,0,0,,0,0,0.08571428571428569,-3,0,1,9
2019/20,2019,2019-12-26,Leicester,Liverpool,M Oliver,0,4,5,7,1,1,0,0,full,0,0,,0,0,-0.05714285714285716,2,0,1,9
2019/20,2019,2019-12-27,Wolves,Man City,M Atkinson,3,2,7,13,0,1,0,1,full,0,0,,0,1,0.07692307692307693,6,1,1,9
2019/20,2019,2019-12-28,Brighton,Bournemouth,P Tierney,2,0,8,11,0,2,0,0,full,0,0,,0,2,0.18181818181818182,3,0,1,9
2019/20,2019,2019-12-28,Newcastle,Everton,L Mason,1,2,13,13,2,2,0,0,full,0,0,,0,0,0.0,0,0,1,9
2019/20,2019,2019-12-28,Southampton,Crystal Palace,A Madley,1,1,13,7,1,2,0,0,full,0,0,,0,1,0.20879120879120877,-6,0,1,9
2019/20,2019,2019-12-28,Watford,Aston Villa,S Hooper,3,0,16,9,3,1,1,0,full,0,0,,0,-2,-0.0763888888888889,-7,-1,1,9
2019/20,2019,2019-12-28,Norwich,Tottenham,K Friend,2,2,12,10,3,3,0,0,full,0,0,,0,0,0.04999999999999999,-2,0,1,9
2019/20,2019,2019-12-28,West Ham,Leicester,D Coote,1,2,16,4,4,1,0,0,full,0,0,,0,-3,0.0,-12,0,1,9
2019/20,2019,2019-12-28,Burnley,Man United,M Dean,0,2,17,10,4,3,0,0,full,0,0,,0,-1,0.06470588235294117,-7,0,1,9
2019/20,2019,2019-12-29,Arsenal,Chelsea,C Pawson,1,2,13,19,5,4,0,0,full,0,0,,0,-1,-0.17408906882591096,6,0,1,9
2019/20,2019,2019-12-29,Liverpool,Wolves,A Taylor,1,0,7,3,1,0,0,0,full,0,0,,0,-1,-0.14285714285714285,-4,0,1,9
2019/20,2019,2019-12-29,Man City,Sheffield United,C Kavanagh,2,0,5,6,1,1,0,0,full,0,0,,0,0,-0.033333333333333354,1,0,1,9
2019/20,2019,2020-01-01,Brighton,Chelsea,S Attwell,1,1,8,15,2,3,0,0,full,0,0,,0,1,-0.04999999999999999,7,0,1,9
2019/20,2019,2020-01-01,Burnley,Aston Villa,M Oliver,1,2,12,10,1,1,0,0,full,0,0,,0,0,0.016666666666666677,-2,0,1,9
2019/20,2019,2020-01-01,Newcastle,Leicester,M Atkinson,0,3,8,12,1,1,0,0,full,0,0,,0,0,-0.04166666666666667,4,0,1,9
2019/20,2019,2020-01-01,Southampton,Tottenham,M Dean,1,0,21,8,3,4,0,0,full,0,0,,0,1,0.35714285714285715,-13,0,1,9
2019/20,2019,2020-01-01,Watford,Wolves,A Madley,2,1,12,6,3,1,1,0,full,0,0,,0,-2,-0.08333333333333334,-6,-1,1,9
2019/20,2019,2020-01-01,Man City,Everton,A Marriner,2,1,11,11,0,4,0,0,full,0,0,,0,4,0.36363636363636365,0,0,1,9
2019/20,2019,2020-01-01,Norwich,Crystal Palace,J Moss,1,1,12,9,5,0,0,0,full,0,0,,0,-5,-0.4166666666666667,-3,0,1,9
2019/20,2019,2020-01-01,West Ham,Bournemouth,G Scott,4,0,3,12,1,2,0,0,full,0,0,,0,1,-0.16666666666666666,9,0,1,9
2019/20,2019,2020-01-01,Arsenal,Man United,C Kavanagh,2,0,11,15,2,0,0,0,full,0,0,,0,-2,-0.18181818181818182,4,0,1,9
2019/20,2019,2020-01-02,Liverpool,Sheffield United,P Tierney,2,0,5,8,0,0,0,0,full,0,0,,0,0,0.0,3,0,1,9
2019/20,2019,2020-01-10,Sheffield United,West Ham,M Oliver,1,0,11,6,1,0,0,0,full,0,0,,0,-1,-0.09090909090909091,-5,0,1,9
2019/20,2019,2020-01-11,Crystal Palace,Arsenal,P Tierney,1,1,14,22,2,3,0,1,full,0,0,,0,1,-0.006493506493506496,8,1,1,9
2019/20,2019,2020-01-11,Chelsea,Burnley,K Friend,3,0,7,4,0,3,0,0,full,0,0,,0,3,0.75,-3,0,1,9
2019/20,2019,2020-01-11,Everton,Brighton,D Coote,1,0,7,7,2,1,0,0,full,0,0,,0,-1,-0.14285714285714285,0,0,1,9
2019/20,2019,2020-01-11,Leicester,Southampton,L Mason,1,2,9,17,0,3,0,0,full,0,0,,0,3,0.17647058823529413,8,0,1,9
2019/20,2019,2020-01-11,Man United,Norwich,A Taylor,4,0,18,7,0,0,0,0,full,0,0,,0,0,0.0,-11,0,1,9
2019/20,2019,2020-01-11,Wolves,Newcastle,P Bankes,1,1,13,12,0,3,0,0,full,0,0,,0,3,0.25,-1,0,1,9
2019/20,2019,2020-01-11,Tottenham,Liverpool,M Atkinson,0,1,4,8,0,2,0,0,full,0,0,,0,2,0.25,4,0,1,9
2019/20,2019,2020-01-12,Bournemouth,Watford,M Dean,0,3,3,13,1,1,0,0,full,0,0,,0,0,-0.2564102564102564,10,0,1,9
2019/20,2019,2020-01-12,Aston Villa,Man City,J Moss,1,6,5,12,2,1,0,0,full,0,0,,0,-1,-0.3166666666666667,7,0,1,9
2019/20,2019,2020-01-18,Watford,Tottenham,M Oliver,0,0,13,13,2,3,0,0,full,0,0,,0,1,0.07692307692307693,0,0,1,9
2019/20,2019,2020-01-18,Arsenal,Sheffield United,M Dean,1,1,9,13,1,2,0,0,full,0,0,,0,1,0.04273504273504275,4,0,1,9
2019/20,2019,2020-01-18,Brighton,Aston Villa,A Madley,1,1,11,13,3,3,0,0,full,0,0,,0,0,-0.041958041958041925,2,0,1,9
2019/20,2019,2020-01-18,Man City,Crystal Palace,G Scott,2,2,9,7,1,2,0,0,full,0,0,,0,1,0.1746031746031746,-2,0,1,9
2019/20,2019,2020-01-18,Norwich,Bournemouth,P Tierney,1,0,10,10,2,2,1,1,full,0,0,,0,0,0.0,0,0,1,9
2019/20,2019,2020-01-18,Southampton,Wolves,D England,2,3,13,12,2,1,0,0,full,0,0,,0,-1,-0.07051282051282053,-1,0,1,9
2019/20,2019,2020-01-18,West Ham,Everton,A Marriner,1,1,11,13,1,0,0,0,full,0,0,,0,-1,-0.09090909090909091,2,0,1,9
2019/20,2019,2020-01-18,Newcastle,Chelsea,C Kavanagh,1,0,9,14,1,1,0,0,full,0,0,,0,0,-0.03968253968253968,5,0,1,9
2019/20,2019,2020-01-19,Burnley,Leicester,A Taylor,2,1,14,8,1,0,0,0,full,0,0,,0,-1,-0.07142857142857142,-6,0,1,9
2019/20,2019,2020-01-19,Liverpool,Man United,C Pawson,2,0,7,10,1,3,0,0,full,0,0,,0,2,0.15714285714285714,3,0,1,9
2019/20,2019,2020-01-21,Aston Villa,Watford,M Atkinson,2,1,11,18,2,2,0,0,full,0,0,,0,0,-0.07070707070707072,7,0,1,9
2019/20,2019,2020-01-21,Bournemouth,Brighton,K Friend,3,1,9,12,1,1,0,0,full,0,0,,0,0,-0.027777777777777776,3,0,1,9
2019/20,2019,2020-01-21,Crystal Palace,Southampton,A Marriner,0,2,12,13,1,2,0,0,full,0,0,,0,1,0.07051282051282053,1,0,1,9
2019/20,2019,2020-01-21,Everton,Newcastle,S Hooper,2,2,13,10,1,1,0,0,full,0,0,,0,0,0.023076923076923078,-3,0,1,9
2019/20,2019,2020-01-21,Sheffield United,Man City,L Mason,0,1,13,13,4,3,0,0,full,0,0,,0,-1,-0.07692307692307693,0,0,1,9
2019/20,2019,2020-01-21,Chelsea,Arsenal,S Attwell,2,2,11,6,2,1,0,1,full,0,0,,0,-1,-0.015151515151515166,-5,1,1,9
2019/20,2019,2020-01-22,Leicester,West Ham,D Coote,4,1,10,19,1,1,0,0,full,0,0,,0,0,-0.04736842105263159,9,0,1,9
2019/20,2019,2020-01-22,Tottenham,Norwich,C Kavanagh,2,1,12,7,0,1,0,0,full,0,0,,0,1,0.14285714285714285,-5,0,1,9
2019/20,2019,2020-01-22,Man United,Burnley,J Moss,0,2,11,7,0,2,0,0,full,0,0,,0,2,0.2857142857142857,-4,0,1,9
2019/20,2019,2020-01-23,Wolves,Liverpool,M Oliver,1,2,6,11,0,1,0,0,full,0,0,,0,1,0.09090909090909091,5,0,1,9
2019/20,2019,2020-01-29,West Ham,Liverpool,J Moss,0,2,6,6,2,0,0,0,full,0,0,,0,-2,-0.3333333333333333,0,0,1,9
2019/20,2019,2020-02-01,Leicester,Chelsea,L Mason,2,2,16,14,2,2,0,0,full,0,0,,0,0,0.01785714285714285,-2,0,1,9
2019/20,2019,2020-02-01,Bournemouth,Aston Villa,A Taylor,2,1,10,15,1,3,1,0,full,0,0,,0,2,0.1,5,-1,1,9
2019/20,2019,2020-02-01,Crystal Palace,Sheffield United,A Madley,0,1,9,15,3,2,0,0,full,0,0,,0,-1,-0.19999999999999998,6,0,1,9
2019/20,2019,2020-02-01,Liverpool,Southampton,K Friend,4,0,9,15,0,2,0,0,full,0,0,,0,2,0.13333333333333333,6,0,1,9
2019/20,2019,2020-02-01,Newcastle,Norwich,M Atkinson,0,0,10,15,2,1,0,0,full,0,0,,0,-1,-0.13333333333333336,5,0,1,9
2019/20,2019,2020-02-01,Watford,Everton,C Pawson,2,3,17,14,2,2,0,1,full,0,0,,0,0,0.02521008403361344,-3,1,1,9
2019/20,2019,2020-02-01,West Ham,Brighton,M Oliver,3,3,8,9,1,1,0,0,full,0,0,,0,0,-0.013888888888888895,1,0,1,9
2019/20,2019,2020-02-01,Man United,Wolves,P Tierney,0,0,14,15,3,2,0,0,full,0,0,,0,-1,-0.08095238095238094,1,0,1,9
2019/20,2019,2020-02-02,Burnley,Arsenal,C Kavanagh,0,0,8,11,1,3,0,0,full,0,0,,0,2,0.1477272727272727,3,0,1,9
2019/20,2019,2020-02-02,Tottenham,Man City,M Dean,2,0,8,14,2,3,0,1,full,0,0,,0,1,-0.035714285714285726,6,1,1,9
2019/20,2019,2020-02-08,Everton,Crystal Palace,D Coote,3,1,11,12,0,1,0,0,full,0,0,,0,1,0.08333333333333333,1,0,1,9
2019/20,2019,2020-02-08,Brighton,Watford,K Friend,1,1,9,12,2,2,0,0,full,0,0,,0,0,-0.05555555555555555,3,0,1,9
2019/20,2019,2020-02-09,Sheffield United,Bournemouth,J Moss,2,1,10,8,2,2,0,0,full,0,0,,0,0,0.04999999999999999,-2,0,1,9
2019/20,2019,2020-02-14,Wolves,Leicester,M Dean,0,0,13,10,2,2,0,1,full,0,0,,0,0,0.046153846153846156,-3,1,1,9
2019/20,2019,2020-02-15,Southampton,Burnley,S Hooper,1,2,8,11,2,2,0,0,full,0,0,,0,0,-0.06818181818181818,3,0,1,9
2019/20,2019,2020-02-15,Norwich,Liverpool,S Attwell,0,1,5,11,1,2,0,0,full,0,0,,0,1,-0.018181818181818188,6,0,1,9
2019/20,2019,2020-02-16,Aston Villa,Tottenham,M Atkinson,2,3,12,10,2,0,0,0,full,0,0,,0,-2,-0.16666666666666666,-2,0,1,9
2019/20,2019,2020-02-16,Arsenal,Newcastle,L Mason,4,0,15,9,2,0,0,0,full,0,0,,0,-2,-0.13333333333333333,-6,0,1,9
2019/20,2019,2020-02-17,Chelsea,Man United,A Taylor,0,2,11,11,4,3,0,0,full,0,0,,0,-1,-0.09090909090909094,0,0,1,9
2019/20,2019,2020-02-19,Man City,West Ham,K Friend,2,0,5,7,0,1,0,0,full,0,0,,0,1,0.14285714285714285,2,0,1,9
2019/20,2019,2020-02-22,Chelsea,Tottenham,M Oliver,2,1,14,14,1,2,0,0,full,0,0,,0,1,0.07142857142857142,0,0,1,9
2019/20,2019,2020-02-22,Burnley,Bournemouth,M Dean,3,0,9,9,4,3,0,0,full,0,0,,0,-1,-0.1111111111111111,0,0,1,9
2019/20,2019,2020-02-22,Crystal Palace,Newcastle,P Bankes,1,0,15,11,2,6,0,1,full,0,0,,0,4,0.4121212121212121,-4,1,1,9
2019/20,2019,2020-02-22,Sheffield United,Brighton,G Scott,1,1,3,6,0,2,0,0,full,0,0,,0,2,0.3333333333333333,3,0,1,9
2019/20,2019,2020-02-22,Southampton,Aston Villa,C Pawson,2,0,13,17,1,4,0,0,full,0,0,,0,3,0.1583710407239819,4,0,1,9
2019/20,2019,2020-02-22,Leicester,Man City,P Tierney,0,1,14,10,0,0,0,0,full,0,0,,0,0,0.0,-4,0,1,9
2019/20,2019,2020-02-23,Man United,Watford,M Atkinson,3,0,6,15,0,1,0,0,full,0,0,,0,1,0.06666666666666667,9,0,1,9
2019/20,2019,2020-02-23,Wolves,Norwich,C Kavanagh,3,0,11,6,2,3,0,0,full,0,0,,0,1,0.3181818181818182,-5,0,1,9
2019/20,2019,2020-02-23,Arsenal,Everton,S Attwell,3,2,12,12,0,4,0,0,full,0,0,,0,4,0.3333333333333333,0,0,1,9
2019/20,2019,2020-02-24,Liverpool,West Ham,J Moss,3,2,4,10,0,3,0,0,full,0,0,,0,3,0.3,6,0,1,9
2019/20,2019,2020-02-28,Norwich,Leicester,C Pawson,1,0,13,16,1,2,0,0,full,0,0,,0,1,0.04807692307692307,3,0,1,9
2019/20,2019,2020-02-29,Brighton,Crystal Palace,M Atkinson,0,1,8,9,1,1,0,0,full,0,0,,0,0,-0.013888888888888895,1,0,1,9
2019/20,2019,2020-02-29,Bournemouth,Chelsea,A Marriner,2,2,8,5,2,2,0,0,full,0,0,,0,0,0.15000000000000002,-3,0,1,9
2019/20,2019,2020-02-29,Newcastle,Burnley,A Madley,0,0,11,9,4,3,0,0,full,0,0,,0,-1,-0.03030303030303033,-2,0,1,9
2019/20,2019,2020-02-29,West Ham,Southampton,A Taylor,3,1,8,11,1,1,0,0,full,0,0,,0,0,-0.03409090909090909,3,0,1,9
2019/20,2019,2020-02-29,Watford,Liverpool,M Oliver,3,0,4,8,0,0,0,0,full,0,0,,0,0,0.0,4,0,1,9
2019/20,2019,2020-03-01,Everton,Man United,C Kavanagh,1,1,11,11,3,4,0,0,full,0,0,,0,1,0.09090909090909094,0,0,1,9
2019/20,2019,2020-03-01,Tottenham,Wolves,S Attwell,2,3,12,14,3,2,0,0,full,0,0,,0,-1,-0.10714285714285715,2,0,1,9
2019/20,2019,2020-03-07,Liverpool,Bournemouth,P Tierney,2,1,10,12,0,1,0,0,full,0,0,,0,1,0.08333333333333333,2,0,1,9
2019/20,2019,2020-03-07,Arsenal,West Ham,M Atkinson,1,0,11,9,1,2,0,0,full,0,0,,0,1,0.1313131313131313,-2,0,1,9
2019/20,2019,2020-03-07,Crystal Palace,Watford,A Taylor,1,0,12,19,4,4,0,0,full,0,0,,0,0,-0.12280701754385964,7,0,1,9
2019/20,2019,2020-03-07,Sheffield United,Norwich,S Hooper,1,0,12,8,0,0,0,0,full,0,0,,0,0,0.0,-4,0,1,9
2019/20,2019,2020-03-07,Southampton,Newcastle,G Scott,0,1,14,15,0,3,1,0,full,0,0,,0,3,0.2,1,-1,1,9
2019/20,2019,2020-03-07,Wolves,Brighton,A Marriner,0,0,4,7,1,3,0,0,full,0,0,,0,2,0.17857142857142855,3,0,1,9
2019/20,2019,2020-03-07,Burnley,Tottenham,J Moss,1,1,16,11,5,4,0,0,full,0,0,,0,-1,0.051136363636363646,-5,0,1,9
2019/20,2019,2020-03-08,Chelsea,Everton,K Friend,4,0,8,10,1,2,0,0,full,0,0,,0,1,0.07500000000000001,2,0,1,9
2019/20,2019,2020-03-08,Man United,Man City,M Dean,2,0,11,9,2,4,0,0,full,0,0,,0,2,0.2626262626262626,-2,0,1,9
2019/20,2019,2020-03-09,Leicester,Aston Villa,M Oliver,4,0,15,12,2,1,0,0,full,0,0,,0,-1,-0.05,-3,0,1,9
2019/20,2019,2020-06-17,Aston Villa,Sheffield United,M Oliver,0,0,11,14,1,1,0,0,ghost,1,0,,0,0,-0.019480519480519487,3,0,1,9
2019/20,2019,2020-06-17,Man City,Arsenal,A Taylor,3,0,9,7,1,1,0,1,ghost,1,0,,0,0,0.031746031746031744,-2,1,1,9
2019/20,2019,2020-06-19,Norwich,Southampton,K Friend,0,3,9,15,1,1,0,0,ghost,1,0,,0,0,-0.04444444444444444,6,0,1,9
2019/20,2019,2020-06-19,Tottenham,Man United,J Moss,1,1,17,18,0,1,0,0,ghost,1,0,,0,1,0.05555555555555555,1,0,1,9
2019/20,2019,2020-06-20,Watford,Leicester,C Pawson,1,1,15,12,0,1,0,0,ghost,1,0,,0,1,0.08333333333333333,-3,0,1,9
2019/20,2019,2020-06-20,Brighton,Arsenal,M Atkinson,2,1,13,8,2,1,0,0,ghost,1,0,,0,-1,-0.028846153846153855,-5,0,1,9
2019/20,2019,2020-06-20,West Ham,Wolves,A Taylor,0,2,8,7,1,1,0,0,ghost,1,0,,0,0,0.01785714285714285,-1,0,1,9
2019/20,2019,2020-06-20,Bournemouth,Crystal Palace,S Attwell,0,2,13,15,3,2,0,0,ghost,1,0,,0,-1,-0.09743589743589745,2,0,1,9
2019/20,2019,2020-06-21,Newcastle,Sheffield United,D Coote,3,0,9,10,2,0,0,1,ghost,1,0,,0,-2,-0.2222222222222222,1,1,1,9
2019/20,2019,2020-06-21,Aston Villa,Chelsea,P Tierney,1,2,9,17,2,1,0,0,ghost,1,0,,0,-1,-0.1633986928104575,8,0,1,9
2019/20,2019,2020-06-21,Everton,Liverpool,M Dean,0,0,15,12,2,2,0,0,ghost,1,0,,0,0,0.033333333333333326,-3,0,1,9
2019/20,2019,2020-06-22,Man City,Burnley,A Marriner,5,0,8,7,1,1,0,0,ghost,1,0,,0,0,0.01785714285714285,-1,0,1,9
2019/20,2019,2020-06-23,Leicester,Brighton,L Mason,0,0,10,13,2,2,0,0,ghost,1,0,,0,0,-0.046153846153846156,3,0,1,9
2019/20,2019,2020-06-23,Tottenham,West Ham,C Pawson,2,0,12,7,2,2,0,0,ghost,1,0,,0,0,0.11904761904761904,-5,0,1,9
2019/20,2019,2020-06-24,Man United,Sheffield United,A Taylor,3,0,10,6,1,0,0,0,ghost,1,0,,0,-1,-0.1,-4,0,1,9
2019/20,2019,2020-06-24,Newcastle,Aston Villa,C Kavanagh,1,1,15,13,2,2,0,0,ghost,1,0,,0,0,0.020512820512820523,-2,0,1,9
2019/20,2019,2020-06-24,Norwich,Everton,A Madley,0,1,8,13,0,1,0,0,ghost,1,0,,0,1,0.07692307692307693,5,0,1,9
2019/20,2019,2020-06-24,Wolves,Bournemouth,M Oliver,1,0,11,11,3,3,0,0,ghost,1,0,,0,0,0.0,0,0,1,9
2019/20,2019,2020-06-24,Liverpool,Crystal Palace,M Atkinson,4,0,7,5,0,0,0,0,ghost,1,0,,0,0,0.0,-2,0,1,9
2019/20,2019,2020-06-25,Burnley,Watford,M Dean,1,0,13,15,1,0,0,0,ghost,1,0,,0,-1,-0.07692307692307693,2,0,1,9
2019/20,2019,2020-06-25,Southampton,Arsenal,G Scott,0,2,10,14,0,2,1,0,ghost,1,0,,0,2,0.14285714285714285,4,-1,1,9
2019/20,2019,2020-06-25,Chelsea,Man City,S Attwell,2,1,13,3,1,1,0,1,ghost,1,0,,0,0,0.2564102564102564,-10,1,1,9
2019/20,2019,2020-06-27,Aston Villa,Wolves,C Pawson,0,1,16,16,1,1,0,0,ghost,1,0,,0,0,0.0,0,0,1,9
2019/20,2019,2020-06-28,Watford,Southampton,M Oliver,1,3,18,9,3,0,0,0,ghost,1,0,,0,-3,-0.16666666666666666,-9,0,1,9
2019/20,2019,2020-06-29,Crystal Palace,Burnley,S Hooper,0,1,12,13,1,1,0,0,ghost,1,0,,0,0,-0.006410256410256401,1,0,1,9
2019/20,2019,2020-06-30,Brighton,Man United,A Marriner,0,3,10,9,0,1,0,0,ghost,1,0,,0,1,0.1111111111111111,-1,0,1,9
2019/20,2019,2020-07-01,Arsenal,Norwich,P Bankes,4,0,10,10,1,4,0,0,ghost,1,0,,0,3,0.30000000000000004,0,0,1,9
2019/20,2019,2020-07-01,Bournemouth,Newcastle,K Friend,1,4,11,10,2,0,0,0,ghost,1,0,,0,-2,-0.18181818181818182,-1,0,1,9
2019/20,2019,2020-07-01,Everton,Leicester,D Coote,2,1,13,10,1,1,0,0,ghost,1,0,,0,0,0.023076923076923078,-3,0,1,9
2019/20,2019,2020-07-01,West Ham,Chelsea,M Atkinson,3,2,10,9,2,1,0,0,ghost,1,0,,0,-1,-0.0888888888888889,-1,0,1,9
2019/20,2019,2020-07-02,Sheffield United,Tottenham,C Kavanagh,3,1,13,13,2,0,0,0,ghost,1,0,,0,-2,-0.15384615384615385,0,0,1,9
2019/20,2019,2020-07-02,Man City,Liverpool,A Taylor,4,0,8,7,2,2,0,0,ghost,1,0,,0,0,0.0357142857142857,-1,0,1,9
2019/20,2019,2020-07-04,Norwich,Brighton,S Attwell,0,1,11,13,2,2,0,0,ghost,1,0,,0,0,-0.02797202797202797,2,0,1,9
2019/20,2019,2020-07-04,Leicester,Crystal Palace,J Moss,3,0,18,8,2,1,0,0,ghost,1,0,,0,-1,0.013888888888888895,-10,0,1,9
2019/20,2019,2020-07-04,Man United,Bournemouth,M Dean,5,2,13,12,0,1,0,0,ghost,1,0,,0,1,0.08333333333333333,-1,0,1,9
2019/20,2019,2020-07-04,Wolves,Arsenal,M Oliver,0,2,6,11,2,4,0,0,ghost,1,0,,0,2,0.03030303030303033,5,0,1,9
2019/20,2019,2020-07-04,Chelsea,Watford,K Friend,3,0,9,12,0,2,0,0,ghost,1,0,,0,2,0.16666666666666666,3,0,1,9
2019/20,2019,2020-07-05,Burnley,Sheffield United,P Bankes,1,1,8,14,0,0,0,0,ghost,1,0,,0,0,0.0,6,0,1,9
2019/20,2019,2020-07-05,Newcastle,West Ham,C Pawson,2,2,9,11,0,0,0,0,ghost,1,0,,0,0,0.0,2,0,1,9
2019/20,2019,2020-07-05,Liverpool,Aston Villa,P Tierney,2,0,18,8,1,1,0,0,ghost,1,0,,0,0,0.06944444444444445,-10,0,1,9
2019/20,2019,2020-07-05,Southampton,Man City,A Marriner,1,0,6,7,1,2,0,0,ghost,1,0,,0,1,0.11904761904761904,1,0,1,9
2019/20,2019,2020-07-06,Tottenham,Everton,G Scott,1,0,14,18,3,2,0,0,ghost,1,0,,0,-1,-0.10317460317460317,4,0,1,9
2019/20,2019,2020-07-07,Crystal Palace,Chelsea,D Coote,2,3,11,10,1,0,0,0,ghost,1,0,,0,-1,-0.09090909090909091,-1,0,1,9
2019/20,2019,2020-07-07,Watford,Norwich,A Taylor,2,1,11,15,2,4,0,0,ghost,1,0,,0,2,0.08484848484848484,4,0,1,9
2019/20,2019,2020-07-07,Arsenal,Leicester,C Kavanagh,1,1,10,14,1,0,1,0,ghost,1,0,,0,-1,-0.1,4,-1,1,9
2019/20,2019,2020-07-08,Man City,Newcastle,A Madley,5,0,12,7,0,0,0,0,ghost,1,0,,0,0,0.0,-5,0,1,9
2019/20,2019,2020-07-08,Sheffield United,Wolves,M Atkinson,1,0,5,6,2,0,0,0,ghost,1,0,,0,-2,-0.4,1,0,1,9
2019/20,2019,2020-07-08,West Ham,Burnley,M Oliver,0,1,7,7,1,1,0,0,ghost,1,0,,0,0,0.0,0,0,1,9
2019/20,2019,2020-07-08,Brighton,Liverpool,C Pawson,1,3,7,15,1,4,0,0,ghost,1,0,,0,3,0.12380952380952381,8,0,1,9
2019/20,2019,2020-07-09,Bournemouth,Tottenham,P Tierney,0,0,11,14,3,2,0,0,ghost,1,0,,0,-1,-0.12987012987012986,3,0,1,9
2019/20,2019,2020-07-09,Everton,Southampton,L Mason,1,1,13,14,3,3,0,0,ghost,1,0,,0,0,-0.016483516483516508,1,0,1,9
2019/20,2019,2020-07-09,Aston Villa,Man United,J Moss,0,3,7,13,2,3,0,0,ghost,1,0,,0,1,-0.054945054945054916,6,0,1,9
2019/20,2019,2020-07-11,Norwich,West Ham,K Friend,0,4,9,8,1,0,0,0,ghost,1,0,,0,-1,-0.1111111111111111,-1,0,1,9
2019/20,2019,2020-07-11,Watford,Newcastle,C Pawson,2,1,23,15,1,4,0,0,ghost,1,0,,0,3,0.22318840579710145,-8,0,1,9
2019/20,2019,2020-07-11,Liverpool,Burnley,D Coote,1,1,7,4,1,2,0,0,ghost,1,0,,0,1,0.35714285714285715,-3,0,1,9
2019/20,2019,2020-07-11,Sheffield United,Chelsea,A Marriner,3,0,8,6,1,0,0,0,ghost,1,0,,0,-1,-0.125,-2,0,1,9
2019/20,2019,2020-07-11,Brighton,Man City,G Scott,0,5,7,3,1,0,0,0,ghost,1,0,,0,-1,-0.14285714285714285,-4,0,1,9
2019/20,2019,2020-07-12,Wolves,Everton,A Taylor,3,0,9,9,0,2,0,0,ghost,1,0,,0,2,0.2222222222222222,0,0,1,9
2019/20,2019,2020-07-12,Aston Villa,Crystal Palace,M Atkinson,2,0,21,21,2,4,0,1,ghost,1,0,,0,2,0.09523809523809523,0,1,1,9
2019/20,2019,2020-07-12,Tottenham,Arsenal,M Oliver,2,1,16,11,5,3,0,0,ghost,1,0,,0,-2,-0.03977272727272729,-5,0,1,9
2019/20,2019,2020-07-12,Bournemouth,Leicester,S Attwell,4,1,11,12,2,1,0,1,ghost,1,0,,0,-1,-0.0984848484848485,1,1,1,9
2019/20,2019,2020-07-13,Man United,Southampton,C Kavanagh,2,2,14,15,1,3,0,0,ghost,1,0,,0,2,0.1285714285714286,1,0,1,9
2019/20,2019,2020-07-14,Chelsea,Norwich,J Moss,1,0,10,9,2,2,0,0,ghost,1,0,,0,0,0.0222222222222222,-1,0,1,9
2019/20,2019,2020-07-15,Burnley,Wolves,M Dean,1,1,10,8,0,0,0,0,ghost,1,0,,0,0,0.0,-2,0,1,9
2019/20,2019,2020-07-15,Man City,Bournemouth,L Mason,2,1,10,10,1,1,0,0,ghost,1,0,,0,0,0.0,0,0,1,9
2019/20,2019,2020-07-15,Newcastle,Tottenham,D Coote,1,3,6,13,2,3,0,0,ghost,1,0,,0,1,-0.10256410256410253,7,0,1,9
2019/20,2019,2020-07-15,Arsenal,Liverpool,P Tierney,2,1,14,10,3,1,0,0,ghost,1,0,,0,-2,-0.11428571428571427,-4,0,1,9
2019/20,2019,2020-07-16,Everton,Aston Villa,A Taylor,1,1,15,13,2,1,0,0,ghost,1,0,,0,-1,-0.056410256410256404,-2,0,1,9
2019/20,2019,2020-07-16,Leicester,Sheffield United,M Oliver,2,0,12,10,1,2,0,0,ghost,1,0,,0,1,0.11666666666666668,-2,0,1,9
2019/20,2019,2020-07-16,Crystal Palace,Man United,G Scott,0,2,10,15,1,2,0,0,ghost,1,0,,0,1,0.033333333333333326,5,0,1,9
2019/20,2019,2020-07-16,Southampton,Brighton,A Marriner,1,1,6,10,1,0,0,0,ghost,1,0,,0,-1,-0.16666666666666666,4,0,1,9
2019/20,2019,2020-07-17,West Ham,Watford,M Atkinson,3,1,11,11,0,2,0,0,ghost,1,0,,0,2,0.18181818181818182,0,0,1,9
2019/20,2019,2020-07-18,Norwich,Burnley,K Friend,0,2,9,16,0,0,2,0,ghost,1,0,,0,0,0.0,7,-2,1,9
2019/20,2019,2020-07-19,Bournemouth,Southampton,C Pawson,0,2,12,11,2,2,0,0,ghost,1,0,,0,0,0.015151515151515166,-1,0,1,9
2019/20,2019,2020-07-19,Tottenham,Leicester,A Taylor,3,0,15,10,2,1,0,0,ghost,1,0,,0,-1,-0.033333333333333326,-5,0,1,9
2019/20,2019,2020-07-20,Brighton,Newcastle,S Hooper,0,0,13,12,4,2,0,0,ghost,1,0,,0,-2,-0.14102564102564105,-1,0,1,9
2019/20,2019,2020-07-20,Sheffield United,Everton,S Attwell,0,1,11,19,1,3,0,0,ghost,1,0,,0,2,0.06698564593301434,8,0,1,9
2019/20,2019,2020-07-20,Wolves,Crystal Palace,P Bankes,2,0,11,15,2,1,0,0,ghost,1,0,,0,-1,-0.11515151515151516,4,0,1,9
2019/20,2019,2020-07-21,Watford,Man City,M Oliver,0,4,14,11,2,0,0,0,ghost,1,0,,0,-2,-0.14285714285714285,-3,0,1,9
2019/20,2019,2020-07-21,Aston Villa,Arsenal,C Kavanagh,1,0,13,19,2,4,0,0,ghost,1,0,,0,2,0.05668016194331982,6,0,1,9
2019/20,2019,2020-07-22,Man United,West Ham,P Tierney,1,1,10,9,3,1,0,0,ghost,1,0,,0,-2,-0.18888888888888888,-1,0,1,9
2019/20,2019,2020-07-22,Liverpool,Chelsea,A Marriner,5,3,8,11,1,0,0,0,ghost,1,0,,0,-1,-0.125,3,0,1,9
2019/20,2019,2020-07-26,Arsenal,Watford,M Dean,3,2,9,12,3,3,0,0,ghost,1,0,,0,0,-0.08333333333333331,3,0,1,9
2019/20,2019,2020-07-26,Burnley,Brighton,J Moss,1,2,11,11,3,0,0,0,ghost,1,0,,0,-3,-0.2727272727272727,0,0,1,9
2019/20,2019,2020-07-26,Chelsea,Wolves,S Attwell,2,0,10,16,2,3,0,0,ghost,1,0,,0,1,-0.012500000000000011,6,0,1,9
2019/20,2019,2020-07-26,Crystal Palace,Tottenham,A Marriner,1,1,11,13,3,2,0,0,ghost,1,0,,0,-1,-0.11888111888111885,2,0,1,9
2019/20,2019,2020-07-26,Everton,Bournemouth,C Kavanagh,1,3,11,9,1,0,0,0,ghost,1,0,,0,-1,-0.09090909090909091,-2,0,1,9
2019/20,2019,2020-07-26,Leicester,Man United,M Atkinson,0,2,12,11,1,4,1,0,ghost,1,0,,0,3,0.28030303030303033,-1,-1,1,9
2019/20,2019,2020-07-26,Man City,Norwich,C Pawson,5,0,7,4,1,1,0,0,ghost,1,0,,0,0,0.10714285714285715,-3,0,1,9
2019/20,2019,2020-07-26,Newcastle,Liverpool,A Taylor,1,3,11,5,1,0,0,0,ghost,1,0,,0,-1,-0.09090909090909091,-6,0,1,9
2019/20,2019,2020-07-26,Southampton,Sheffield United,P Bankes,3,1,9,16,0,1,0,0,ghost,1,0,,0,1,0.0625,7,0,1,9
2019/20,2019,2020-07-26,West Ham,Aston Villa,M Oliver,1,1,16,13,2,1,0,0,ghost,1,0,,0,-1,-0.04807692307692307,-3,0,1,9
2020/21,2020,2020-09-12,Fulham,Arsenal,C Kavanagh,0,3,12,12,2,2,0,0,ghost,1,0,,0,0,0.0,0,0,1,10
2020/21,2020,2020-09-12,Crystal Palace,Southampton,J Moss,1,0,14,11,2,1,0,0,ghost,1,0,,0,-1,-0.05194805194805194,-3,0,1,10
2020/21,2020,2020-09-12,Liverpool,Leeds,M Oliver,4,3,9,6,1,0,0,0,ghost,1,0,,0,-1,-0.1111111111111111,-3,0,1,10
2020/21,2020,2020-09-12,West Ham,Newcastle,S Attwell,0,2,13,7,2,2,0,0,ghost,1,0,,0,0,0.13186813186813184,-6,0,1,10
2020/21,2020,2020-09-13,West Brom,Leicester,A Taylor,0,3,12,9,1,1,0,0,ghost,1,0,,0,0,0.027777777777777776,-3,0,1,10
2020/21,2020,2020-09-13,Tottenham,Everton,M Atkinson,0,1,15,7,1,0,0,0,ghost,1,0,,0,-1,-0.06666666666666667,-8,0,1,10
2020/21,2020,2020-09-14,Brighton,Chelsea,C Pawson,1,3,8,13,1,0,0,0,ghost,1,0,,0,-1,-0.125,5,0,1,10
2020/21,2020,2020-09-14,Sheffield United,Wolves,M Dean,0,2,13,7,2,1,0,0,ghost,1,0,,0,-1,-0.010989010989011005,-6,0,1,10
2020/21,2020,2020-09-19,Everton,West Brom,M Dean,5,2,9,11,1,0,0,1,ghost,1,0,,0,-1,-0.1111111111111111,2,1,1,10
2020/21,2020,2020-09-19,Leeds,Fulham,A Taylor,4,3,13,18,1,2,0,0,ghost,1,0,,0,1,0.03418803418803418,5,0,1,10
2020/21,2020,2020-09-19,Man United,Crystal Palace,M Atkinson,1,3,13,10,2,1,0,0,ghost,1,0,,0,-1,-0.05384615384615385,-3,0,1,10
2020/21,2020,2020-09-19,Arsenal,West Ham,M Oliver,2,1,11,13,0,1,0,0,ghost,1,0,,0,1,0.07692307692307693,2,0,1,10
2020/21,2020,2020-09-20,Southampton,Tottenham,D Coote,2,5,16,18,4,3,0,0,ghost,1,0,,0,-1,-0.08333333333333334,2,0,1,10
2020/21,2020,2020-09-20,Newcastle,Brighton,K Friend,0,3,16,15,3,0,0,1,ghost,1,0,,0,-3,-0.1875,-1,1,1,10
2020/21,2020,2020-09-20,Chelsea,Liverpool,P Tierney,0,2,10,6,0,0,1,0,ghost,1,0,,0,0,0.0,-4,-1,1,10
2020/21,2020,2020-09-20,Leicester,Burnley,L Mason,4,2,11,13,1,2,0,0,ghost,1,0,,0,1,0.06293706293706294,2,0,1,10
2020/21,2020,2020-09-21,Aston Villa,Sheffield United,G Scott,1,0,12,13,3,1,0,1,ghost,1,0,,0,-2,-0.17307692307692307,1,1,1,10
2020/21,2020,2020-09-21,Wolves,Man City,A Marriner,1,3,6,8,0,3,0,0,ghost,1,0,,0,3,0.375,2,0,1,10
2020/21,2020,2020-09-26,Brighton,Man United,C Kavanagh,2,3,18,16,4,2,0,0,ghost,1,0,,0,-2,-0.09722222222222221,-2,0,1,10
2020/21,2020,2020-09-26,Crystal Palace,Everton,K Friend,1,2,16,15,3,1,0,0,ghost,1,0,,0,-2,-0.12083333333333333,-1,0,1,10
2020/21,2020,2020-09-26,West Brom,Chelsea,J Moss,3,3,8,16,1,3,0,0,ghost,1,0,,0,2,0.0625,8,0,1,10
2020/21,2020,2020-09-26,Burnley,Southampton,A Marriner,0,1,8,10,1,0,0,0,ghost,1,0,,0,-1,-0.125,2,0,1,10
2020/21,2020,2020-09-27,Sheffield United,Leeds,P Tierney,0,1,18,4,2,1,0,0,ghost,1,0,,0,-1,0.1388888888888889,-14,0,1,10
2020/21,2020,2020-09-27,Tottenham,Newcastle,P Bankes,1,1,15,9,1,4,0,0,ghost,1,0,,0,3,0.37777777777777777,-6,0,1,10
2020/21,2020,2020-09-27,Man City,Leicester,M Oliver,2,5,13,8,1,3,0,0,ghost,1,0,,0,2,0.2980769230769231,-5,0,1,10
2020/21,2020,2020-09-27,West Ham,Wolves,M Atkinson,4,0,7,11,0,1,0,0,ghost,1,0,,0,1,0.09090909090909091,4,0,1,10
2020/21,2020,2020-09-28,Fulham,Aston Villa,S Attwell,0,3,18,14,6,3,0,0,ghost,1,0,,0,-3,-0.11904761904761904,-4,0,1,10
2020/21,2020,2020-09-28,Liverpool,Arsenal,C Pawson,3,1,11,7,2,2,0,0,ghost,1,0,,0,0,0.10389610389610388,-4,0,1,10
2020/21,2020,2020-10-03,Chelsea,Crystal Palace,M Oliver,4,0,17,13,2,0,0,0,ghost,1,0,,0,-2,-0.11764705882352941,-4,0,1,10
2020/21,2020,2020-10-03,Everton,Brighton,S Hooper,4,2,13,14,0,1,0,0,ghost,1,0,,0,1,0.07142857142857142,1,0,1,10
2020/21,2020,2020-10-03,Leeds,Man City,M Dean,1,1,11,12,2,1,0,0,ghost,1,0,,0,-1,-0.0984848484848485,1,0,1,10
2020/21,2020,2020-10-03,Newcastle,Burnley,D Coote,3,1,13,17,2,3,0,0,ghost,1,0,,0,1,0.022624434389140274,4,0,1,10
2020/21,2020,2020-10-04,Leicester,West Ham,A Madley,0,3,11,8,2,2,0,0,ghost,1,0,,0,0,0.06818181818181818,-3,0,1,10
2020/21,2020,2020-10-04,Southampton,West Brom,C Kavanagh,2,0,19,10,2,1,0,0,ghost,1,0,,0,-1,-0.005263157894736831,-9,0,1,10
2020/21,2020,2020-10-04,Arsenal,Sheffield United,L Mason,2,1,3,9,0,1,0,0,ghost,1,0,,0,1,0.1111111111111111,6,0,1,10
2020/21,2020,2020-10-04,Wolves,Fulham,D England,1,0,15,8,1,1,0,0,ghost,1,0,,0,0,0.058333333333333334,-7,0,1,10
2020/21,2020,2020-10-04,Man United,Tottenham,A Taylor,1,6,14,10,2,1,1,0,ghost,1,0,,0,-1,-0.042857142857142844,-4,-1,1,10
2020/21,2020,2020-10-04,Aston Villa,Liverpool,M Atkinson,7,2,7,10,2,1,0,0,ghost,1,0,,0,-1,-0.1857142857142857,3,0,1,10
2020/21,2020,2020-10-17,Everton,Liverpool,M Oliver,2,2,15,9,3,2,1,0,ghost,1,0,,0,-1,0.0222222222222222,-6,-1,1,10
2020/21,2020,2020-10-17,Chelsea,Southampton,P Bankes,3,3,11,9,1,1,0,0,ghost,1,0,,0,0,0.020202020202020193,-2,0,1,10
2020/21,2020,2020-10-17,Man City,Arsenal,C Kavanagh,1,0,15,10,4,1,0,0,ghost,1,0,,0,-3,-0.16666666666666666,-5,0,1,10
2020/21,2020,2020-10-17,Newcastle,Man United,C Pawson,1,4,9,12,1,1,0,0,ghost,1,0,,0,0,-0.027777777777777776,3,0,1,10
2020/21,2020,2020-10-18,Sheffield United,Fulham,A Marriner,1,1,5,9,0,2,0,0,ghost,1,0,,0,2,0.2222222222222222,4,0,1,10
2020/21,2020,2020-10-18,Crystal Palace,Brighton,S Attwell,1,1,13,12,3,2,0,1,ghost,1,0,,0,-1,-0.06410256410256412,-1,1,1,10
2020/21,2020,2020-10-18,Tottenham,West Ham,P Tierney,3,3,13,12,0,5,0,0,ghost,1,0,,0,5,0.4166666666666667,-1,0,1,10
2020/21,2020,2020-10-18,Leicester,Aston Villa,J Moss,0,1,18,18,4,3,0,0,ghost,1,0,,0,-1,-0.05555555555555555,0,0,1,10
2020/21,2020,2020-10-19,West Brom,Burnley,A Taylor,0,0,15,17,2,2,0,0,ghost,1,0,,0,0,-0.01568627450980392,2,0,1,10
2020/21,2020,2020-10-19,Leeds,Wolves,D Coote,0,1,13,12,2,1,0,0,ghost,1,0,,0,-1,-0.07051282051282053,-1,0,1,10
2020/21,2020,2020-10-23,Aston Villa,Leeds,P Tierney,0,3,14,17,2,2,0,0,ghost,1,0,,0,0,-0.02521008403361344,3,0,1,10
2020/21,2020,2020-10-24,West Ham,Man City,A Taylor,1,1,14,6,2,0,0,0,ghost,1,0,,0,-2,-0.14285714285714285,-8,0,1,10
2020/21,2020,2020-10-24,Fulham,Crystal Palace,G Scott,1,2,11,11,0,1,1,0,ghost,1,0,,0,1,0.09090909090909091,0,-1,1,10
2020/21,2020,2020-10-24,Man United,Chelsea,M Atkinson,0,0,8,6,3,1,0,0,ghost,1,0,,0,-2,-0.20833333333333334,-2,0,1,10
2020/21,2020,2020-10-24,Liverpool,Sheffield United,M Dean,2,1,7,15,0,3,0,0,ghost,1,0,,0,3,0.2,8,0,1,10
2020/21,2020,2020-10-25,Southampton,Everton,K Friend,2,0,11,11,1,2,0,1,ghost,1,0,,0,1,0.09090909090909091,0,1,1,10
2020/21,2020,2020-10-25,Wolves,Newcastle,L Mason,1,1,10,10,0,1,0,0,ghost,1,0,,0,1,0.1,0,0,1,10
2020/21,2020,2020-10-25,Arsenal,Leicester,C Pawson,0,1,13,9,3,5,0,0,ghost,1,0,,0,2,0.3247863247863248,-4,0,1,10
2020/21,2020,2020-10-26,Brighton,West Brom,J Moss,1,1,14,7,2,0,0,0,ghost,1,0,,0,-2,-0.14285714285714285,-7,0,1,10
2020/21,2020,2020-10-26,Burnley,Tottenham,M Oliver,0,1,9,7,2,0,0,0,ghost,1,0,,0,-2,-0.2222222222222222,-2,0,1,10
2020/21,2020,2020-10-30,Wolves,Crystal Palace,M Atkinson,2,0,13,4,0,2,0,1,ghost,1,0,,0,2,0.5,-9,1,1,10
2020/21,2020,2020-10-31,Sheffield United,Man City,M Oliver,0,1,14,6,0,0,0,0,ghost,1,0,,0,0,0.0,-8,0,1,10
2020/21,2020,2020-10-31,Burnley,Chelsea,D Coote,0,3,10,15,1,0,0,0,ghost,1,0,,0,-1,-0.1,5,0,1,10
2020/21,2020,2020-10-31,Liverpool,West Ham,K Friend,2,1,13,14,0,1,0,0,ghost,1,0,,0,1,0.07142857142857142,1,0,1,10
2020/21,2020,2020-11-01,Aston Villa,Southampton,D England,3,4,12,17,1,2,0,0,ghost,1,0,,0,1,0.03431372549019608,5,0,1,10
2020/21,2020,2020-11-01,Newcastle,Everton,S Attwell,2,1,9,10,2,4,0,0,ghost,1,0,,0,2,0.1777777777777778,1,0,1,10
2020/21,2020,2020-11-01,Man United,Arsenal,M Dean,0,1,12,12,3,3,0,0,ghost,1,0,,0,0,0.0,0,0,1,10
2020/21,2020,2020-11-01,Tottenham,Brighton,G Scott,2,1,14,13,2,1,0,0,ghost,1,0,,0,-1,-0.06593406593406592,-1,0,1,10
2020/21,2020,2020-11-02,Fulham,West Brom,S Hooper,2,0,13,11,3,2,0,0,ghost,1,0,,0,-1,-0.04895104895104896,-2,0,1,10
2020/21,2020,2020-11-02,Leeds,Leicester,A Marriner,1,4,9,5,1,1,0,0,ghost,1,0,,0,0,0.0888888888888889,-4,0,1,10
2020/21,2020,2020-11-06,Brighton,Burnley,M Dean,0,0,11,5,1,0,0,0,ghost,1,0,,0,-1,-0.09090909090909091,-6,0,1,10
2020/21,2020,2020-11-06,Southampton,Newcastle,P Bankes,2,0,12,11,1,2,0,0,ghost,1,0,,0,1,0.0984848484848485,-1,0,1,10
2020/21,2020,2020-11-07,Everton,Man United,P Tierney,1,3,12,19,4,2,0,0,ghost,1,0,,0,-2,-0.22807017543859648,7,0,1,10
2020/21,2020,2020-11-07,Crystal Palace,Leeds,C Kavanagh,4,1,9,1,0,2,0,0,ghost,1,0,,1,2,,-8,0,1,10
2020/21,2020,2020-11-07,Chelsea,Sheffield United,J Moss,4,1,5,14,0,2,0,0,ghost,1,0,,0,2,0.14285714285714285,9,0,1,10
2020/21,2020,2020-11-07,West Ham,Fulham,R Jones,1,0,10,9,2,2,0,0,ghost,1,0,,0,0,0.0222222222222222,-1,0,1,10
2020/21,2020,2020-11-08,West Brom,Tottenham,A Madley,0,1,17,12,1,0,0,0,ghost,1,0,,0,-1,-0.058823529411764705,-5,0,1,10
2020/21,2020,2020-11-08,Leicester,Wolves,A Taylor,1,0,12,8,2,3,0,0,ghost,1,0,,0,1,0.20833333333333334,-4,0,1,10
2020/21,2020,2020-11-08,Man City,Liverpool,C Pawson,1,1,19,11,3,1,0,0,ghost,1,0,,0,-2,-0.06698564593301434,-8,0,1,10
2020/21,2020,2020-11-08,Arsenal,Aston Villa,M Atkinson,0,3,11,13,0,0,0,0,ghost,1,0,,0,0,0.0,2,0,1,10
2020/21,2020,2020-11-21,Newcastle,Chelsea,C Pawson,0,2,11,12,2,0,0,0,ghost,1,0,,0,-2,-0.18181818181818182,1,0,1,10
2020/21,2020,2020-11-21,Aston Villa,Brighton,M Oliver,1,2,5,18,2,1,0,1,ghost,1,0,,0,-1,-0.34444444444444444,13,1,1,10
2020/21,2020,2020-11-21,Tottenham,Man City,M Dean,2,0,13,19,2,2,0,0,ghost,1,0,,0,0,-0.04858299595141702,6,0,1,10
2020/21,2020,2020-11-21,Man United,West Brom,D Coote,1,0,12,17,1,1,0,0,ghost,1,0,,0,0,-0.024509803921568624,5,0,1,10
2020/21,2020,2020-11-22,Fulham,Everton,A Madley,2,3,14,10,2,0,0,0,ghost,1,0,,0,-2,-0.14285714285714285,-4,0,1,10
2020/21,2020,2020-11-22,Sheffield United,West Ham,M Atkinson,0,1,7,6,0,0,0,0,ghost,1,0,,0,0,0.0,-1,0,1,10
2020/21,2020,2020-11-22,Leeds,Arsenal,A Taylor,0,0,9,8,3,0,0,1,ghost,1,0,,0,-3,-0.3333333333333333,-1,1,1,10
2020/21,2020,2020-11-22,Liverpool,Leicester,C Kavanagh,3,0,15,6,0,2,0,0,ghost,1,0,,0,2,0.3333333333333333,-9,0,1,10
2020/21,2020,2020-11-23,Burnley,Crystal Palace,K Friend,1,0,13,9,2,0,0,0,ghost,1,0,,0,-2,-0.15384615384615385,-4,0,1,10
2020/21,2020,2020-11-23,Wolves,Southampton,A Marriner,1,1,14,13,2,0,0,0,ghost,1,0,,0,-2,-0.14285714285714285,-1,0,1,10
2020/21,2020,2020-11-27,Crystal Palace,Newcastle,G Scott,0,2,9,10,2,2,0,0,ghost,1,0,,0,0,-0.0222222222222222,1,0,1,10
2020/21,2020,2020-11-28,Brighton,Liverpool,S Attwell,1,1,9,13,2,1,0,0,ghost,1,0,,0,-1,-0.14529914529914528,4,0,1,10
2020/21,2020,2020-11-28,Man City,Burnley,L Mason,5,0,12,4,0,0,0,0,ghost,1,0,,0,0,0.0,-8,0,1,10
2020/21,2020,2020-11-28,Everton,Leeds,C Kavanagh,0,1,8,14,1,2,0,0,ghost,1,0,,0,1,0.01785714285714285,6,0,1,10
2020/21,2020,2020-11-28,West Brom,Sheffield United,M Dean,1,0,10,9,2,3,0,0,ghost,1,0,,0,1,0.1333333333333333,-1,0,1,10
2020/21,2020,2020-11-29,Southampton,Man United,J Moss,2,3,12,12,1,0,0,0,ghost,1,0,,0,-1,-0.08333333333333333,0,0,1,10
2020/21,2020,2020-11-29,Chelsea,Tottenham,P Tierney,0,0,20,9,4,2,0,0,ghost,1,0,,0,-2,0.0222222222222222,-11,0,1,10
2020/21,2020,2020-11-29,Arsenal,Wolves,M Oliver,1,2,13,13,3,4,0,0,ghost,1,0,,0,1,0.07692307692307693,0,0,1,10
2020/21,2020,2020-11-30,Leicester,Fulham,S Hooper,1,2,9,21,0,2,0,0,ghost,1,0,,0,2,0.09523809523809523,12,0,1,10
2020/21,2020,2020-11-30,West Ham,Aston Villa,P Bankes,2,1,20,7,1,1,0,0,ghost,1,0,,0,0,0.09285714285714285,-13,0,1,10
2020/21,2020,2020-12-05,Burnley,Everton,A Taylor,1,1,6,9,0,0,0,0,ghost,1,0,,0,0,0.0,3,0,1,10
2020/21,2020,2020-12-05,Man City,Fulham,J Moss,2,0,7,6,0,0,0,0,ghost,1,0,,0,0,0.0,-1,0,1,10
2020/21,2020,2020-12-05,West Ham,Man United,A Marriner,1,3,9,10,0,0,0,0,partial,0,1,2000.0,0,0,0.0,1,0,1,10
2020/21,2020,2020-12-05,Chelsea,Leeds,K Friend,3,1,12,9,0,2,0,0,partial,0,1,2000.0,0,2,0.2222222222222222,-3,0,1,10
2020/21,2020,2020-12-06,West Brom,Crystal Palace,P Tierney,1,5,10,16,2,2,1,0,ghost,1,0,,0,0,-0.07500000000000001,6,-1,1,10
2020/21,2020,2020-12-06,Sheffield United,Leicester,S Attwell,1,2,13,6,1,3,0,0,ghost,1,0,,0,2,0.4230769230769231,-7,0,1,10
2020/21,2020,2020-12-06,Tottenham,Arsenal,M Atkinson,2,0,16,12,1,2,0,0,partial,0,1,2000.0,0,1,0.10416666666666666,-4,0,1,10
2020/21,2020,2020-12-06,Liverpool,Wolves,C Pawson,4,0,8,14,1,1,0,0,partial,0,1,2000.0,0,0,-0.053571428571428575,6,0,1,10
2020/21,2020,2020-12-07,Brighton,Southampton,D Coote,1,2,12,12,3,3,0,0,partial,0,1,2000.0,0,0,0.0,0,0,1,10
2020/21,2020,2020-12-11,Leeds,West Ham,M Oliver,1,2,12,10,1,2,0,0,ghost,1,0,,0,1,0.11666666666666668,-2,0,1,10
2020/21,2020,2020-12-12,Wolves,Aston Villa,M Dean,0,1,23,15,2,5,0,0,ghost,1,0,,0,3,0.24637681159420288,-8,0,1,10
2020/21,2020,2020-12-12,Newcastle,West Brom,D England,2,1,9,12,2,3,0,0,ghost,1,0,,0,1,0.02777777777777779,3,0,1,10
2020/21,2020,2020-12-12,Man United,Man City,C Kavanagh,0,0,13,6,1,1,0,0,ghost,1,0,,0,0,0.08974358974358973,-7,0,1,10
2020/21,2020,2020-12-12,Everton,Chelsea,J Moss,1,0,10,11,2,3,0,0,partial,0,1,2000.0,0,1,0.0727272727272727,1,0,1,10
2020/21,2020,2020-12-13,Southampton,Sheffield United,A Madley,3,0,8,14,0,1,0,0,partial,0,1,2000.0,0,1,0.07142857142857142,6,0,1,10
2020/21,2020,2020-12-13,Crystal Palace,Tottenham,K Friend,1,1,15,11,1,1,0,0,partial,0,1,2000.0,0,0,0.024242424242424246,-4,0,1,10
2020/21,2020,2020-12-13,Fulham,Liverpool,A Marriner,1,1,9,5,3,1,0,0,partial,0,1,2000.0,0,-2,-0.1333333333333333,-4,0,1,10
2020/21,2020,2020-12-13,Arsenal,Burnley,G Scott,0,1,5,11,2,1,1,0,partial,0,1,2000.0,0,-1,-0.3090909090909091,6,-1,1,10
2020/21,2020,2020-12-13,Leicester,Brighton,M Atkinson,3,0,9,11,2,1,0,0,ghost,1,0,,0,-1,-0.1313131313131313,2,0,1,10
2020/21,2020,2020-12-15,Wolves,Chelsea,S Attwell,2,1,12,12,2,2,0,0,ghost,1,0,,0,0,0.0,0,0,1,10
2020/21,2020,2020-12-15,Man City,West Brom,P Bankes,1,1,5,8,2,3,0,0,ghost,1,0,,0,1,-0.025000000000000022,3,0,1,10
2020/21,2020,2020-12-16,Arsenal,Southampton,P Tierney,1,1,13,13,1,3,1,0,ghost,1,0,,0,2,0.15384615384615385,0,-1,1,10
2020/21,2020,2020-12-16,Leeds,Newcastle,S Hooper,5,2,10,13,3,1,0,0,ghost,1,0,,0,-2,-0.22307692307692306,3,0,1,10
2020/21,2020,2020-12-16,Leicester,Everton,L Mason,0,2,12,9,2,3,0,0,ghost,1,0,,0,1,0.16666666666666666,-3,0,1,10
2020/21,2020,2020-12-16,Fulham,Brighton,R Jones,0,0,15,11,1,0,0,0,ghost,1,0,,0,-1,-0.06666666666666667,-4,0,1,10
2020/21,2020,2020-12-16,Liverpool,Tottenham,A Taylor,2,1,8,9,0,2,0,0,partial,0,1,2000.0,0,2,0.2222222222222222,1,0,1,10
2020/21,2020,2020-12-16,West Ham,Crystal Palace,D Coote,1,1,8,12,0,1,0,1,ghost,1,0,,0,1,0.08333333333333333,4,1,1,10
2020/21,2020,2020-12-17,Aston Villa,Burnley,C Pawson,0,0,17,19,1,1,0,0,ghost,1,0,,0,0,-0.006191950464396287,2,0,1,10
2020/21,2020,2020-12-17,Sheffield United,Man United,M Oliver,2,3,17,8,3,2,0,0,ghost,1,0,,0,-1,0.07352941176470587,-9,0,1,10
2020/21,2020,2020-12-19,Crystal Palace,Liverpool,J Moss,0,7,5,11,1,0,0,0,ghost,1,0,,0,-1,-0.2,6,0,1,10
2020/21,2020,2020-12-19,Southampton,Man City,M Dean,0,1,9,11,2,2,0,0,partial,0,1,2000.0,0,0,-0.04040404040404039,2,0,1,10
2020/21,2020,2020-12-19,Everton,Arsenal,A Marriner,2,1,9,9,1,3,0,0,partial,0,1,2000.0,0,2,0.2222222222222222,0,0,1,10
2020/21,2020,2020-12-19,Newcastle,Fulham,G Scott,1,1,7,17,1,2,0,1,ghost,1,0,,0,1,-0.02521008403361344,10,1,1,10
2020/21,2020,2020-12-20,Brighton,Sheffield United,P Bankes,1,1,9,11,1,5,0,1,partial,0,1,2000.0,0,4,0.3434343434343434,2,1,1,10
2020/21,2020,2020-12-20,Tottenham,Leicester,C Pawson,0,2,15,14,2,2,0,0,ghost,1,0,,0,0,0.009523809523809518,-1,0,1,10
2020/21,2020,2020-12-20,Man United,Leeds,A Taylor,6,2,6,6,1,0,0,0,ghost,1,0,,0,-1,-0.16666666666666666,0,0,1,10
2020/21,2020,2020-12-20,West Brom,Aston Villa,M Atkinson,0,3,14,8,1,2,1,0,ghost,1,0,,0,1,0.17857142857142858,-6,-1,1,10
2020/21,2020,2020-12-21,Burnley,Wolves,L Mason,2,1,11,15,2,1,0,0,ghost,1,0,,0,-1,-0.11515151515151516,4,0,1,10
2020/21,2020,2020-12-21,Chelsea,West Ham,C Kavanagh,3,0,11,6,0,0,0,0,ghost,1,0,,0,0,0.0,-5,0,1,10
2020/21,2020,2020-12-26,Leicester,Man United,M Dean,2,2,10,17,2,1,0,0,ghost,1,0,,0,-1,-0.1411764705882353,7,0,1,10
2020/21,2020,2020-12-26,Aston Villa,Crystal Palace,A Taylor,3,0,18,16,1,4,1,0,ghost,1,0,,0,3,0.19444444444444445,-2,-1,1,10
2020/21,2020,2020-12-26,Fulham,Southampton,D England,0,0,15,12,2,0,0,0,ghost,1,0,,0,-2,-0.13333333333333333,-3,0,1,10
2020/21,2020,2020-12-26,Arsenal,Chelsea,M Oliver,3,1,13,10,2,1,0,0,ghost,1,0,,0,-1,-0.05384615384615385,-3,0,1,10
2020/21,2020,2020-12-26,Man City,Newcastle,A Marriner,2,0,5,12,2,2,0,0,ghost,1,0,,0,0,-0.23333333333333336,7,0,1,10
2020/21,2020,2020-12-26,Sheffield United,Everton,D Coote,0,1,11,10,2,4,0,0,ghost,1,0,,0,2,0.2181818181818182,-1,0,1,10
2020/21,2020,2020-12-27,Leeds,Burnley,R Jones,1,0,8,14,0,3,0,0,ghost,1,0,,0,3,0.21428571428571427,6,0,1,10
2020/21,2020,2020-12-27,West Ham,Brighton,S Hooper,2,2,6,8,0,0,0,0,ghost,1,0,,0,0,0.0,2,0,1,10
2020/21,2020,2020-12-27,Liverpool,West Brom,K Friend,1,1,8,5,0,1,0,0,partial,0,1,2000.0,0,1,0.2,-3,0,1,10
2020/21,2020,2020-12-27,Wolves,Tottenham,P Tierney,1,1,20,13,4,1,0,0,ghost,1,0,,0,-3,-0.12307692307692308,-7,0,1,10
2020/21,2020,2020-12-28,Crystal Palace,Leicester,G Scott,1,1,10,7,0,1,0,0,ghost,1,0,,0,1,0.14285714285714285,-3,0,1,10
2020/21,2020,2020-12-28,Chelsea,Aston Villa,S Attwell,1,1,16,3,3,1,0,0,ghost,1,0,,0,-2,0.14583333333333331,-13,0,1,10
2020/21,2020,2020-12-29,Brighton,Arsenal,M Atkinson,0,1,11,4,2,0,0,0,ghost,1,0,,0,-2,-0.18181818181818182,-7,0,1,10
2020/21,2020,2020-12-29,Burnley,Sheffield United,C Kavanagh,1,0,13,17,1,2,0,0,ghost,1,0,,0,1,0.04072398190045248,4,0,1,10
2020/21,2020,2020-12-29,Southampton,West Ham,A Madley,0,0,16,15,3,1,0,0,ghost,1,0,,0,-2,-0.12083333333333333,-1,0,1,10
2020/21,2020,2020-12-29,West Brom,Leeds,L Mason,0,5,7,10,0,1,0,0,ghost,1,0,,0,1,0.1,3,0,1,10
2020/21,2020,2020-12-29,Man United,Wolves,J Moss,1,0,11,7,1,1,0,0,ghost,1,0,,0,0,0.05194805194805194,-4,0,1,10
2020/21,2020,2020-12-30,Newcastle,Liverpool,P Tierney,0,0,9,13,2,3,0,0,ghost,1,0,,0,1,0.008547008547008572,4,0,1,10
2020/21,2020,2021-01-01,Everton,West Ham,K Friend,0,1,9,7,2,0,0,0,ghost,1,0,,0,-2,-0.2222222222222222,-2,0,1,10
2020/21,2020,2021-01-01,Man United,Aston Villa,M Oliver,2,1,22,10,4,0,0,0,ghost,1,0,,0,-4,-0.18181818181818182,-12,0,1,10
2020/21,2020,2021-01-02,Tottenham,Leeds,D Coote,3,0,15,13,2,1,1,0,ghost,1,0,,0,-1,-0.056410256410256404,-2,-1,1,10
2020/21,2020,2021-01-02,Crystal Palace,Sheffield United,S Attwell,2,0,8,18,1,3,0,0,ghost,1,0,,0,2,0.04166666666666666,10,0,1,10
2020/21,2020,2021-01-02,Brighton,Wolves,A Madley,3,3,13,8,2,1,0,0,ghost,1,0,,0,-1,-0.028846153846153855,-5,0,1,10
2020/21,2020,2021-01-02,West Brom,Arsenal,M Atkinson,0,4,7,4,1,2,0,0,ghost,1,0,,0,1,0.35714285714285715,-3,0,1,10
2020/21,2020,2021-01-03,Newcastle,Leicester,R Jones,1,2,10,11,0,2,0,0,ghost,1,0,,0,2,0.18181818181818182,1,0,1,10
2020/21,2020,2021-01-03,Chelsea,Man City,A Taylor,1,3,11,10,3,1,0,0,ghost,1,0,,0,-2,-0.1727272727272727,-1,0,1,10
2020/21,2020,2021-01-04,Southampton,Liverpool,A Marriner,1,0,5,12,1,3,0,0,ghost,1,0,,0,2,0.04999999999999999,7,0,1,10
2020/21,2020,2021-01-12,Sheffield United,Newcastle,A Madley,1,0,13,12,2,3,0,1,ghost,1,0,,0,1,0.09615384615384615,-1,1,1,10
2020/21,2020,2021-01-12,Burnley,Man United,K Friend,0,1,15,13,1,2,0,0,ghost,1,0,,0,1,0.08717948717948719,-2,0,1,10
2020/21,2020,2021-01-12,Wolves,Everton,M Atkinson,1,2,6,11,2,2,0,0,ghost,1,0,,0,0,-0.1515151515151515,5,0,1,10
2020/21,2020,2021-01-13,Man City,Brighton,D England,1,0,4,12,0,2,0,0,ghost,1,0,,0,2,0.16666666666666666,8,0,1,10
2020/21,2020,2021-01-13,Tottenham,Fulham,P Tierney,1,1,13,15,1,2,0,0,ghost,1,0,,0,1,0.056410256410256404,2,0,1,10
2020/21,2020,2021-01-14,Arsenal,Crystal Palace,A Marriner,0,0,10,11,1,1,0,0,ghost,1,0,,0,0,-0.009090909090909094,1,0,1,10
2020/21,2020,2021-01-16,Wolves,West Brom,M Oliver,2,3,10,14,2,1,0,0,ghost,1,0,,0,-1,-0.1285714285714286,4,0,1,10
2020/21,2020,2021-01-16,Leeds,Brighton,K Friend,0,1,8,9,1,1,0,0,ghost,1,0,,0,0,-0.013888888888888895,1,0,1,10
2020/21,2020,2021-01-16,West Ham,Burnley,C Kavanagh,1,0,12,9,2,1,0,0,ghost,1,0,,0,-1,-0.05555555555555555,-3,0,1,10
2020/21,2020,2021-01-16,Fulham,Chelsea,P Bankes,0,1,11,10,2,3,1,0,ghost,1,0,,0,1,0.11818181818181817,-1,-1,1,10
2020/21,2020,2021-01-16,Leicester,Southampton,S Attwell,2,0,10,11,2,2,0,0,ghost,1,0,,0,0,-0.018181818181818188,1,0,1,10
2020/21,2020,2021-01-17,Sheffield United,Tottenham,A Marriner,1,3,13,4,4,0,0,0,ghost,1,0,,0,-4,-0.3076923076923077,-9,0,1,10
2020/21,2020,2021-01-17,Liverpool,Man United,P Tierney,0,0,15,6,2,1,0,0,ghost,1,0,,0,-1,0.033333333333333326,-9,0,1,10
2020/21,2020,2021-01-17,Man City,Crystal Palace,L Mason,4,0,9,8,0,0,0,0,ghost,1,0,,0,0,0.0,-1,0,1,10
2020/21,2020,2021-01-18,Arsenal,Newcastle,D Coote,3,0,9,8,0,0,0,0,ghost,1,0,,0,0,0.0,-1,0,1,10
2020/21,2020,2021-01-19,West Ham,West Brom,G Scott,2,1,10,10,0,1,0,0,ghost,1,0,,0,1,0.1,0,0,1,10
2020/21,2020,2021-01-19,Leicester,Chelsea,C Pawson,2,0,7,16,1,3,0,0,ghost,1,0,,0,2,0.04464285714285715,9,0,1,10
2020/21,2020,2021-01-20,Man City,Aston Villa,J Moss,2,0,10,9,0,2,0,0,ghost,1,0,,0,2,0.2222222222222222,-1,0,1,10
2020/21,2020,2021-01-20,Fulham,Man United,M Atkinson,1,2,6,10,3,1,0,0,ghost,1,0,,0,-2,-0.4,4,0,1,10
2020/21,2020,2021-01-21,Liverpool,Burnley,M Dean,0,1,11,8,2,1,0,0,ghost,1,0,,0,-1,-0.05681818181818182,-3,0,1,10
2020/21,2020,2021-01-23,Aston Villa,Newcastle,S Hooper,2,0,9,18,0,3,0,0,ghost,1,0,,0,3,0.16666666666666666,9,0,1,10
2020/21,2020,2021-01-26,Crystal Palace,West Ham,S Attwell,2,3,9,8,0,0,0,0,ghost,1,0,,0,0,0.0,-1,0,1,10
2020/21,2020,2021-01-26,Newcastle,Leeds,A Taylor,1,2,10,15,1,3,0,0,ghost,1,0,,0,2,0.1,5,0,1,10
2020/21,2020,2021-01-26,Southampton,Arsenal,K Friend,1,3,11,6,1,2,0,0,ghost,1,0,,0,1,0.2424242424242424,-5,0,1,10
2020/21,2020,2021-01-26,West Brom,Man City,C Kavanagh,0,5,8,8,2,0,0,0,ghost,1,0,,0,-2,-0.25,0,0,1,10
2020/21,2020,2021-01-27,Burnley,Aston Villa,P Tierney,3,2,16,7,1,0,0,0,ghost,1,0,,0,-1,-0.0625,-9,0,1,10
2020/21,2020,2021-01-27,Chelsea,Wolves,A Madley,0,0,14,7,1,1,0,0,ghost,1,0,,0,0,0.07142857142857142,-7,0,1,10
2020/21,2020,2021-01-27,Brighton,Fulham,C Pawson,0,0,10,14,2,1,0,0,ghost,1,0,,0,-1,-0.1285714285714286,4,0,1,10
2020/21,2020,2021-01-27,Everton,Leicester,M Dean,1,1,12,10,1,1,0,0,ghost,1,0,,0,0,0.016666666666666677,-2,0,1,10
2020/21,2020,2021-01-27,Man United,Sheffield United,P Bankes,1,2,10,12,1,1,0,0,ghost,1,0,,0,0,-0.016666666666666677,2,0,1,10
2020/21,2020,2021-01-28,Tottenham,Liverpool,M Atkinson,1,3,9,11,1,2,0,0,ghost,1,0,,0,1,0.07070707070707072,2,0,1,10
2020/21,2020,2021-01-30,Everton,Newcastle,S Attwell,0,2,13,6,3,4,0,0,ghost,1,0,,0,1,0.43589743589743585,-7,0,1,10
2020/21,2020,2021-01-30,Crystal Palace,Wolves,S Hooper,1,0,7,10,1,2,0,0,ghost,1,0,,0,1,0.05714285714285716,3,0,1,10
2020/21,2020,2021-01-30,Man City,Sheffield United,D Coote,1,0,7,10,0,3,0,0,ghost,1,0,,0,3,0.3,3,0,1,10
2020/21,2020,2021-01-30,West Brom,Fulham,A Taylor,2,2,9,10,1,0,0,0,ghost,1,0,,0,-1,-0.1111111111111111,1,0,1,10
2020/21,2020,2021-01-30,Arsenal,Man United,M Oliver,0,0,9,16,1,3,0,0,ghost,1,0,,0,2,0.0763888888888889,7,0,1,10
2020/21,2020,2021-01-30,Southampton,Aston Villa,L Mason,0,1,12,11,1,0,0,0,ghost,1,0,,0,-1,-0.08333333333333333,-1,0,1,10
2020/21,2020,2021-01-31,Chelsea,Burnley,G Scott,2,0,7,9,0,1,0,0,ghost,1,0,,0,1,0.1111111111111111,2,0,1,10
2020/21,2020,2021-01-31,Leicester,Leeds,C Kavanagh,1,3,17,16,0,3,0,0,ghost,1,0,,0,3,0.1875,-1,0,1,10
2020/21,2020,2021-01-31,West Ham,Liverpool,J Moss,1,3,7,8,2,0,0,0,ghost,1,0,,0,-2,-0.2857142857142857,1,0,1,10
2020/21,2020,2021-01-31,Brighton,Tottenham,P Bankes,1,0,11,11,2,1,0,0,ghost,1,0,,0,-1,-0.09090909090909091,0,0,1,10
2020/21,2020,2021-02-02,Sheffield United,West Brom,P Tierney,2,1,11,9,2,1,0,0,ghost,1,0,,0,-1,-0.07070707070707072,-2,0,1,10
2020/21,2020,2021-02-02,Wolves,Arsenal,C Pawson,2,1,11,8,3,2,0,2,ghost,1,0,,0,-1,-0.022727272727272707,-3,2,1,10
2020/21,2020,2021-02-02,Man United,Southampton,M Dean,9,0,11,6,2,3,0,2,ghost,1,0,,0,1,0.3181818181818182,-5,2,1,10
2020/21,2020,2021-02-02,Newcastle,Crystal Palace,D England,1,2,14,11,1,3,0,0,ghost,1,0,,0,2,0.20129870129870128,-3,0,1,10
2020/21,2020,2021-02-03,Burnley,Man City,M Atkinson,0,2,8,5,2,1,0,0,ghost,1,0,,0,-1,-0.04999999999999999,-3,0,1,10
2020/21,2020,2021-02-03,Fulham,Leicester,R Jones,0,2,17,10,3,1,0,0,ghost,1,0,,0,-2,-0.07647058823529412,-7,0,1,10
2020/21,2020,2021-02-03,Leeds,Everton,M Oliver,1,2,12,12,2,3,0,0,ghost,1,0,,0,1,0.08333333333333334,0,0,1,10
2020/21,2020,2021-02-03,Aston Villa,West Ham,A Madley,1,3,11,15,1,1,0,0,ghost,1,0,,0,0,-0.024242424242424246,4,0,1,10
2020/21,2020,2021-02-03,Liverpool,Brighton,K Friend,0,1,12,6,1,0,0,0,ghost,1,0,,0,-1,-0.08333333333333333,-6,0,1,10
2020/21,2020,2021-02-04,Tottenham,Chelsea,A Marriner,0,1,20,14,2,3,0,0,ghost,1,0,,0,1,0.11428571428571427,-6,0,1,10
2020/21,2020,2021-02-06,Aston Villa,Arsenal,C Kavanagh,1,0,12,12,3,2,0,0,ghost,1,0,,0,-1,-0.08333333333333334,0,0,1,10
2020/21,2020,2021-02-06,Burnley,Brighton,A Taylor,1,1,8,10,2,0,0,0,ghost,1,0,,0,-2,-0.25,2,0,1,10
2020/21,2020,2021-02-06,Newcastle,Southampton,C Pawson,3,2,11,14,2,1,1,0,ghost,1,0,,0,-1,-0.1103896103896104,3,-1,1,10
2020/21,2020,2021-02-06,Fulham,West Ham,M Dean,0,0,11,10,1,2,0,1,ghost,1,0,,0,1,0.1090909090909091,-1,1,1,10
2020/21,2020,2021-02-06,Man United,Everton,J Moss,3,3,14,10,2,1,0,0,ghost,1,0,,0,-1,-0.042857142857142844,-4,0,1,10
2020/21,2020,2021-02-07,Tottenham,West Brom,S Attwell,2,0,16,12,1,2,0,0,ghost,1,0,,0,1,0.10416666666666666,-4,0,1,10
2020/21,2020,2021-02-07,Wolves,Leicester,M Atkinson,0,0,11,15,1,3,0,0,ghost,1,0,,0,2,0.1090909090909091,4,0,1,10
2020/21,2020,2021-02-07,Liverpool,Man City,M Oliver,1,4,13,8,2,1,0,0,ghost,1,0,,0,-1,-0.028846153846153855,-5,0,1,10
2020/21,2020,2021-02-07,Sheffield United,Chelsea,K Friend,1,2,8,8,1,0,0,0,ghost,1,0,,0,-1,-0.125,0,0,1,10
2020/21,2020,2021-02-08,Leeds,Crystal Palace,A Marriner,2,0,7,8,0,2,0,0,ghost,1,0,,0,2,0.25,1,0,1,10
2020/21,2020,2021-02-13,Leicester,Liverpool,A Taylor,3,1,9,6,1,2,0,0,ghost,1,0,,0,1,0.2222222222222222,-3,0,1,10
2020/21,2020,2021-02-13,Crystal Palace,Burnley,M Oliver,0,3,15,14,0,0,0,0,ghost,1,0,,0,0,0.0,-1,0,1,10
2020/21,2020,2021-02-13,Man City,Tottenham,P Tierney,3,0,12,13,1,3,0,0,ghost,1,0,,0,2,0.14743589743589747,1,0,1,10
2020/21,2020,2021-02-13,Brighton,Aston Villa,D England,0,0,16,12,2,3,0,0,ghost,1,0,,0,1,0.125,-4,0,1,10
2020/21,2020,2021-02-14,Southampton,Wolves,G Scott,1,2,10,9,2,2,0,0,ghost,1,0,,0,0,0.0222222222222222,-1,0,1,10
2020/21,2020,2021-02-14,West Brom,Man United,C Pawson,1,1,13,10,5,0,0,0,ghost,1,0,,0,-5,-0.38461538461538464,-3,0,1,10
2020/21,2020,2021-02-14,Arsenal,Leeds,S Attwell,4,2,8,17,0,2,0,0,ghost,1,0,,0,2,0.11764705882352941,9,0,1,10
2020/21,2020,2021-02-14,Everton,Fulham,A Madley,0,2,7,16,1,1,0,0,ghost,1,0,,0,0,-0.08035714285714285,9,0,1,10
2020/21,2020,2021-02-15,West Ham,Sheffield United,S Hooper,3,0,11,12,0,2,0,0,ghost,1,0,,0,2,0.16666666666666666,1,0,1,10
2020/21,2020,2021-02-15,Chelsea,Newcastle,P Bankes,2,0,9,13,0,0,0,0,ghost,1,0,,0,0,0.0,4,0,1,10
2020/21,2020,2021-02-17,Burnley,Fulham,J Moss,1,1,7,13,1,1,0,0,ghost,1,0,,0,0,-0.06593406593406592,6,0,1,10
2020/21,2020,2021-02-17,Everton,Man City,A Marriner,1,3,8,8,2,1,0,0,ghost,1,0,,0,-1,-0.125,0,0,1,10
2020/21,2020,2021-02-19,Wolves,Leeds,D Coote,1,0,13,8,1,0,0,0,ghost,1,0,,0,-1,-0.07692307692307693,-5,0,1,10
2020/21,2020,2021-02-20,Southampton,Chelsea,A Taylor,1,1,10,10,1,1,0,0,ghost,1,0,,0,0,0.0,0,0,1,10
2020/21,2020,2021-02-20,Burnley,West Brom,M Dean,0,0,16,10,3,0,0,1,ghost,1,0,,0,-3,-0.1875,-6,1,1,10
2020/21,2020,2021-02-20,Liverpool,Everton,C Kavanagh,0,2,10,10,2,1,0,0,ghost,1,0,,0,-1,-0.1,0,0,1,10
2020/21,2020,2021-02-20,Fulham,Sheffield United,M Atkinson,1,0,11,14,1,2,0,0,ghost,1,0,,0,1,0.05194805194805194,3,0,1,10
2020/21,2020,2021-02-21,West Ham,Tottenham,C Pawson,2,1,14,7,4,3,0,0,ghost,1,0,,0,-1,0.14285714285714285,-7,0,1,10
2020/21,2020,2021-02-21,Aston Villa,Leicester,M Oliver,1,2,11,12,2,1,0,0,ghost,1,0,,0,-1,-0.0984848484848485,1,0,1,10
2020/21,2020,2021-02-21,Arsenal,Man City,J Moss,0,1,11,9,2,2,0,0,ghost,1,0,,0,0,0.04040404040404039,-2,0,1,10
2020/21,2020,2021-02-21,Man United,Newcastle,P Tierney,3,1,9,11,1,2,0,0,ghost,1,0,,0,1,0.07070707070707072,2,0,1,10
2020/21,2020,2021-02-22,Brighton,Crystal Palace,K Friend,1,2,11,6,2,0,0,0,ghost,1,0,,0,-2,-0.18181818181818182,-5,0,1,10
2020/21,2020,2021-02-23,Leeds,Southampton,A Marriner,3,0,11,13,1,2,0,0,ghost,1,0,,0,1,0.06293706293706294,2,0,1,10
2020/21,2020,2021-02-27,Man City,West Ham,M Oliver,2,1,8,11,1,1,0,0,ghost,1,0,,0,0,-0.03409090909090909,3,0,1,10
2020/21,2020,2021-02-27,West Brom,Brighton,L Mason,1,0,11,12,0,0,0,0,ghost,1,0,,0,0,0.0,1,0,1,10
2020/21,2020,2021-02-27,Leeds,Aston Villa,P Bankes,0,1,14,14,3,2,0,0,ghost,1,0,,0,-1,-0.07142857142857142,0,0,1,10
2020/21,2020,2021-02-27,Newcastle,Wolves,M Dean,1,1,11,13,2,0,0,0,ghost,1,0,,0,-2,-0.18181818181818182,2,0,1,10
2020/21,2020,2021-02-28,Crystal Palace,Fulham,A Taylor,0,0,10,14,1,1,0,0,ghost,1,0,,0,0,-0.02857142857142858,4,0,1,10
2020/21,2020,2021-02-28,Leicester,Arsenal,P Tierney,1,3,15,3,2,1,0,0,ghost,1,0,,0,-1,0.19999999999999998,-12,0,1,10
2020/21,2020,2021-02-28,Tottenham,Burnley,K Friend,4,0,6,10,0,0,0,0,ghost,1,0,,0,0,0.0,4,0,1,10
2020/21,2020,2021-02-28,Chelsea,Man United,S Attwell,0,0,11,12,1,2,0,0,ghost,1,0,,0,1,0.07575757575757575,1,0,1,10
2020/21,2020,2021-02-28,Sheffield United,Liverpool,J Moss,0,2,9,9,0,0,0,0,ghost,1,0,,0,0,0.0,0,0,1,10
2020/21,2020,2021-03-01,Everton,Southampton,M Atkinson,1,0,13,9,0,2,0,0,ghost,1,0,,0,2,0.2222222222222222,-4,0,1,10
2020/21,2020,2021-03-02,Man City,Wolves,C Kavanagh,4,1,9,5,0,1,0,0,ghost,1,0,,0,1,0.2,-4,0,1,10
2020/21,2020,2021-03-03,Burnley,Leicester,A Madley,1,1,6,12,0,2,0,0,ghost,1,0,,0,2,0.16666666666666666,6,0,1,10
2020/21,2020,2021-03-03,Sheffield United,Aston Villa,R Jones,1,0,13,6,1,0,1,0,ghost,1,0,,0,-1,-0.07692307692307693,-7,-1,1,10
2020/21,2020,2021-03-03,Crystal Palace,Man United,A Marriner,0,0,4,13,1,0,0,0,ghost,1,0,,0,-1,-0.25,9,0,1,10
2020/21,2020,2021-03-04,Fulham,Tottenham,D Coote,0,1,13,9,2,1,0,0,ghost,1,0,,0,-1,-0.04273504273504275,-4,0,1,10
2020/21,2020,2021-03-04,West Brom,Everton,D England,0,1,9,7,3,1,0,0,ghost,1,0,,0,-2,-0.19047619047619047,-2,0,1,10
2020/21,2020,2021-03-04,Liverpool,Chelsea,M Atkinson,0,1,9,8,0,0,0,0,ghost,1,0,,0,0,0.0,-1,0,1,10
2020/21,2020,2021-03-06,Burnley,Arsenal,A Marriner,1,1,5,12,1,1,0,0,ghost,1,0,,0,0,-0.11666666666666668,7,0,1,10
2020/21,2020,2021-03-06,Sheffield United,Southampton,P Tierney,0,2,17,11,4,3,0,0,ghost,1,0,,0,-1,0.03743315508021389,-6,0,1,10
2020/21,2020,2021-03-06,Aston Villa,Wolves,A Madley,0,0,13,13,1,0,0,0,ghost,1,0,,0,-1,-0.07692307692307693,0,0,1,10
2020/21,2020,2021-03-06,Brighton,Leicester,M Oliver,1,2,14,8,0,1,0,0,ghost,1,0,,0,1,0.125,-6,0,1,10
2020/21,2020,2021-03-07,West Brom,Newcastle,M Atkinson,0,0,11,10,0,0,0,0,ghost,1,0,,0,0,0.0,-1,0,1,10
2020/21,2020,2021-03-07,Liverpool,Fulham,K Friend,0,1,10,8,2,3,0,0,ghost,1,0,,0,1,0.175,-2,0,1,10
2020/21,2020,2021-03-07,Man City,Man United,A Taylor,0,2,9,12,0,3,0,0,ghost,1,0,,0,3,0.25,3,0,1,10
2020/21,2020,2021-03-07,Tottenham,Crystal Palace,S Attwell,4,1,8,17,2,3,0,0,ghost,1,0,,0,1,-0.07352941176470587,9,0,1,10
2020/21,2020,2021-03-08,Chelsea,Everton,D Coote,2,0,11,12,0,3,0,0,ghost,1,0,,0,3,0.25,1,0,1,10
2020/21,2020,2021-03-08,West Ham,Leeds,M Dean,2,0,9,9,1,1,0,0,ghost,1,0,,0,0,0.0,0,0,1,10
2020/21,2020,2021-03-10,Man City,Southampton,J Moss,5,2,6,4,1,0,0,0,ghost,1,0,,0,-1,-0.16666666666666666,-2,0,1,10
2020/21,2020,2021-03-12,Newcastle,Aston Villa,P Tierney,1,1,10,10,2,3,0,0,ghost,1,0,,0,1,0.09999999999999998,0,0,1,10
2020/21,2020,2021-03-13,Leeds,Chelsea,K Friend,0,0,16,6,3,0,0,0,ghost,1,0,,0,-3,-0.1875,-10,0,1,10
2020/21,2020,2021-03-13,Crystal Palace,West Brom,S Hooper,1,0,16,15,3,1,0,0,ghost,1,0,,0,-2,-0.12083333333333333,-1,0,1,10
2020/21,2020,2021-03-13,Everton,Burnley,J Moss,1,2,9,6,0,4,0,0,ghost,1,0,,0,4,0.6666666666666666,-3,0,1,10
2020/21,2020,2021-03-13,Fulham,Man City,A Marriner,0,3,14,13,0,0,0,0,ghost,1,0,,0,0,0.0,-1,0,1,10
2020/21,2020,2021-03-14,Southampton,Brighton,S Attwell,1,2,11,10,0,0,0,0,ghost,1,0,,0,0,0.0,-1,0,1,10
2020/21,2020,2021-03-14,Leicester,Sheffield United,P Bankes,5,0,10,9,0,2,0,0,ghost,1,0,,0,2,0.2222222222222222,-1,0,1,10
2020/21,2020,2021-03-14,Arsenal,Tottenham,M Oliver,2,1,12,14,1,2,0,1,ghost,1,0,,0,1,0.05952380952380952,2,1,1,10
2020/21,2020,2021-03-14,Man United,West Ham,M Atkinson,1,0,12,2,4,0,0,0,ghost,1,0,,1,-4,,-10,0,1,10
2020/21,2020,2021-03-15,Wolves,Liverpool,C Pawson,0,1,17,10,2,1,0,0,ghost,1,0,,0,-1,-0.017647058823529405,-7,0,1,10
2020/21,2020,2021-03-19,Fulham,Leeds,D Coote,1,2,13,12,2,2,0,0,ghost,1,0,,0,0,0.012820512820512803,-1,0,1,10
2020/21,2020,2021-03-20,Brighton,Newcastle,A Taylor,3,0,12,5,0,1,0,0,ghost,1,0,,0,1,0.2,-7,0,1,10
2020/21,2020,2021-03-21,West Ham,Arsenal,J Moss,3,3,18,8,3,1,0,0,ghost,1,0,,0,-2,-0.04166666666666666,-10,0,1,10
2020/21,2020,2021-03-21,Aston Villa,Tottenham,M Dean,0,2,18,13,3,2,0,0,ghost,1,0,,0,-1,-0.012820512820512803,-5,0,1,10
2020/21,2020,2021-04-03,Chelsea,West Brom,D Coote,2,5,11,6,1,1,1,0,ghost,1,0,,0,0,0.07575757575757575,-5,-1,1,10
2020/21,2020,2021-04-03,Leeds,Sheffield United,G Scott,2,1,12,13,1,2,0,0,ghost,1,0,,0,1,0.07051282051282053,1,0,1,10
2020/21,2020,2021-04-03,Leicester,Man City,A Taylor,0,2,13,12,2,3,0,0,ghost,1,0,,0,1,0.09615384615384615,-1,0,1,10
2020/21,2020,2021-04-03,Arsenal,Liverpool,S Attwell,0,3,10,10,1,1,0,0,ghost,1,0,,0,0,0.0,0,0,1,10
2020/21,2020,2021-04-04,Southampton,Burnley,A Marriner,3,2,11,10,0,0,0,0,ghost,1,0,,0,0,0.0,-1,0,1,10
2020/21,2020,2021-04-04,Newcastle,Tottenham,C Pawson,2,2,13,14,3,2,0,0,ghost,1,0,,0,-1,-0.08791208791208793,1,0,1,10
2020/21,2020,2021-04-04,Aston Villa,Fulham,A Madley,3,1,14,20,1,2,0,0,ghost,1,0,,0,1,0.02857142857142858,6,0,1,10
2020/21,2020,2021-04-04,Man United,Brighton,M Dean,2,1,14,7,2,2,0,0,ghost,1,0,,0,0,0.14285714285714285,-7,0,1,10
2020/21,2020,2021-04-05,Everton,Crystal Palace,K Friend,1,1,10,10,2,0,0,0,ghost,1,0,,0,-2,-0.2,0,0,1,10
2020/21,2020,2021-04-05,Wolves,West Ham,M Oliver,2,3,9,9,1,4,0,0,ghost,1,0,,0,3,0.3333333333333333,0,0,1,10
2020/21,2020,2021-04-09,Fulham,Wolves,J Moss,0,1,11,8,0,0,0,0,ghost,1,0,,0,0,0.0,-3,0,1,10
2020/21,2020,2021-04-10,Man City,Leeds,A Marriner,1,2,12,15,3,1,0,1,ghost,1,0,,0,-2,-0.18333333333333335,3,1,1,10
2020/21,2020,2021-04-10,Liverpool,Aston Villa,P Tierney,2,1,16,11,2,4,0,0,ghost,1,0,,0,2,0.23863636363636365,-5,0,1,10
2020/21,2020,2021-04-10,Crystal Palace,Chelsea,M Oliver,1,4,7,12,1,0,0,0,ghost,1,0,,0,-1,-0.14285714285714285,5,0,1,10
2020/21,2020,2021-04-11,Burnley,Newcastle,A Taylor,1,2,11,12,1,0,0,0,ghost,1,0,,0,-1,-0.09090909090909091,1,0,1,10
2020/21,2020,2021-04-11,West Ham,Leicester,M Dean,3,2,7,13,3,3,0,0,ghost,1,0,,0,0,-0.19780219780219777,6,0,1,10
2020/21,2020,2021-04-11,Tottenham,Man United,C Kavanagh,1,3,11,15,1,5,0,0,ghost,1,0,,0,4,0.2424242424242424,4,0,1,10
2020/21,2020,2021-04-11,Sheffield United,Arsenal,P Bankes,0,3,9,6,1,1,0,0,ghost,1,0,,0,0,0.05555555555555555,-3,0,1,10
2020/21,2020,2021-04-12,West Brom,Southampton,S Hooper,3,0,12,11,0,1,0,0,ghost,1,0,,0,1,0.09090909090909091,-1,0,1,10
2020/21,2020,2021-04-12,Brighton,Everton,D England,0,0,12,7,1,2,0,0,ghost,1,0,,0,1,0.20238095238095238,-5,0,1,10
2020/21,2020,2021-04-16,Everton,Tottenham,M Oliver,2,2,8,8,1,1,0,0,ghost,1,0,,0,0,0.0,0,0,1,10
2020/21,2020,2021-04-17,Newcastle,West Ham,K Friend,3,2,9,7,2,0,0,1,ghost,1,0,,0,-2,-0.2222222222222222,-2,1,1,10
2020/21,2020,2021-04-17,Wolves,Sheffield United,R Jones,1,0,8,15,1,2,0,0,ghost,1,0,,0,1,0.008333333333333331,7,0,1,10
2020/21,2020,2021-04-18,Arsenal,Fulham,C Pawson,1,1,9,11,0,3,0,0,ghost,1,0,,0,3,0.2727272727272727,2,0,1,10
2020/21,2020,2021-04-18,Man United,Burnley,J Moss,3,1,9,12,1,2,0,0,ghost,1,0,,0,1,0.05555555555555555,3,0,1,10
2020/21,2020,2021-04-19,Leeds,Liverpool,A Taylor,1,1,17,15,2,1,0,0,ghost,1,0,,0,-1,-0.050980392156862744,-2,0,1,10
2020/21,2020,2021-04-20,Chelsea,Brighton,S Attwell,0,0,8,9,2,0,0,1,ghost,1,0,,0,-2,-0.25,1,1,1,10
2020/21,2020,2021-04-21,Tottenham,Southampton,D Coote,2,1,10,14,2,1,0,0,ghost,1,0,,0,-1,-0.1285714285714286,4,0,1,10
2020/21,2020,2021-04-21,Aston Villa,Man City,P Bankes,1,2,12,7,0,1,1,1,ghost,1,0,,0,1,0.14285714285714285,-5,0,1,10
2020/21,2020,2021-04-22,Leicester,West Brom,A Madley,3,0,13,12,0,2,0,0,ghost,1,0,,0,2,0.16666666666666666,-1,0,1,10
2020/21,2020,2021-04-23,Arsenal,Everton,J Moss,0,1,13,10,1,3,0,0,ghost,1,0,,0,2,0.22307692307692306,-3,0,1,10
2020/21,2020,2021-04-24,Liverpool,Newcastle,A Marriner,1,1,9,7,2,1,0,0,ghost,1,0,,0,-1,-0.07936507936507936,-2,0,1,10
2020/21,2020,2021-04-24,West Ham,Chelsea,C Kavanagh,0,1,9,11,0,4,1,0,ghost,1,0,,0,4,0.36363636363636365,2,-1,1,10
2020/21,2020,2021-04-24,Sheffield United,Brighton,K Friend,1,0,13,7,3,0,0,0,ghost,1,0,,0,-3,-0.23076923076923078,-6,0,1,10
2020/21,2020,2021-04-25,Wolves,Burnley,D England,0,4,8,9,1,2,0,0,ghost,1,0,,0,1,0.09722222222222221,1,0,1,10
2020/21,2020,2021-04-25,Leeds,Man United,C Pawson,0,0,21,11,4,1,0,0,ghost,1,0,,0,-3,-0.09956709956709955,-10,0,1,10
2020/21,2020,2021-04-25,Aston Villa,West Brom,S Attwell,2,2,14,9,0,2,0,0,ghost,1,0,,0,2,0.2222222222222222,-5,0,1,10
2020/21,2020,2021-04-26,Leicester,Crystal Palace,G Scott,2,1,13,12,0,1,0,0,ghost,1,0,,0,1,0.08333333333333333,-1,0,1,10
2020/21,2020,2021-04-30,Southampton,Leicester,R Jones,1,1,9,13,1,0,1,0,ghost,1,0,,0,-1,-0.1111111111111111,4,-1,1,10
2020/21,2020,2021-05-01,Crystal Palace,Man City,D Coote,0,2,9,10,2,0,0,0,ghost,1,0,,0,-2,-0.2222222222222222,1,0,1,10
2020/21,2020,2021-05-01,Brighton,Leeds,C Kavanagh,2,0,17,6,1,1,0,0,ghost,1,0,,0,0,0.10784313725490195,-11,0,1,10
2020/21,2020,2021-05-01,Chelsea,Fulham,K Friend,2,0,15,8,1,1,0,0,ghost,1,0,,0,0,0.058333333333333334,-7,0,1,10
2020/21,2020,2021-05-01,Everton,Aston Villa,S Hooper,1,2,10,13,0,2,0,0,ghost,1,0,,0,2,0.15384615384615385,3,0,1,10
2020/21,2020,2021-05-02,Newcastle,Arsenal,M Dean,0,2,10,9,2,1,1,0,ghost,1,0,,0,-1,-0.0888888888888889,-1,-1,1,10
2020/21,2020,2021-05-02,Tottenham,Sheffield United,A Marriner,4,0,8,9,1,1,0,0,ghost,1,0,,0,0,-0.013888888888888895,1,0,1,10
2020/21,2020,2021-05-03,West Brom,Wolves,P Tierney,1,1,17,11,2,0,0,0,ghost,1,0,,0,-2,-0.11764705882352941,-6,0,1,10
2020/21,2020,2021-05-03,Burnley,West Ham,A Taylor,1,2,4,8,2,1,0,0,ghost,1,0,,0,-1,-0.375,4,0,1,10
2020/21,2020,2021-05-07,Leicester,Newcastle,D England,2,4,12,9,1,1,0,0,ghost,1,0,,0,0,0.027777777777777776,-3,0,1,10
2020/21,2020,2021-05-08,Leeds,Tottenham,M Oliver,3,1,12,10,1,2,0,0,ghost,1,0,,0,1,0.11666666666666668,-2,0,1,10
2020/21,2020,2021-05-08,Sheffield United,Crystal Palace,S Hooper,0,2,11,8,1,1,0,0,ghost,1,0,,0,0,0.03409090909090909,-3,0,1,10
2020/21,2020,2021-05-08,Man City,Chelsea,A Taylor,1,2,12,10,2,0,0,0,ghost,1,0,,0,-2,-0.16666666666666666,-2,0,1,10
2020/21,2020,2021-05-08,Liverpool,Southampton,K Friend,2,0,10,6,0,1,0,0,ghost,1,0,,0,1,0.16666666666666666,-4,0,1,10
2020/21,2020,2021-05-09,Wolves,Brighton,J Moss,2,1,12,7,2,2,0,2,ghost,1,0,,0,0,0.11904761904761904,-5,2,1,10
2020/21,2020,2021-05-09,Aston Villa,Man United,C Kavanagh,1,3,13,18,1,1,1,0,ghost,1,0,,0,0,-0.021367521367521375,5,-1,1,10
2020/21,2020,2021-05-09,West Ham,Everton,S Attwell,0,1,8,10,2,1,0,0,ghost,1,0,,0,-1,-0.15,2,0,1,10
2020/21,2020,2021-05-09,Arsenal,West Brom,P Bankes,3,1,7,9,1,2,0,0,ghost,1,0,,0,1,0.07936507936507936,2,0,1,10
2020/21,2020,2021-05-10,Fulham,Burnley,D Coote,0,2,11,10,2,0,0,0,ghost,1,0,,0,-2,-0.18181818181818182,-1,0,1,10
2020/21,2020,2021-05-11,Man United,Leicester,C Pawson,1,2,9,12,0,0,0,0,ghost,1,0,,0,0,0.0,3,0,1,10
2020/21,2020,2021-05-11,Southampton,Crystal Palace,A Madley,3,1,20,13,2,3,0,0,ghost,1,0,,0,1,0.13076923076923078,-7,0,1,10
2020/21,2020,2021-05-12,Chelsea,Arsenal,A Marriner,0,1,7,6,0,1,0,0,ghost,1,0,,0,1,0.16666666666666666,-1,0,1,10
2020/21,2020,2021-05-13,Aston Villa,Everton,M Atkinson,0,0,9,12,2,0,0,0,ghost,1,0,,0,-2,-0.2222222222222222,3,0,1,10
2020/21,2020,2021-05-13,Man United,Liverpool,A Taylor,2,4,10,12,3,0,0,0,ghost,1,0,,0,-3,-0.3,2,0,1,10
2020/21,2020,2021-05-14,Newcastle,Man City,K Friend,3,4,11,10,2,2,0,0,ghost,1,0,,0,0,0.018181818181818188,-1,0,1,10
2020/21,2020,2021-05-15,Burnley,Leeds,G Scott,0,4,10,10,1,1,0,0,ghost,1,0,,0,0,0.0,0,0,1,10
2020/21,2020,2021-05-15,Southampton,Fulham,C Pawson,3,1,9,15,0,1,0,0,ghost,1,0,,0,1,0.06666666666666667,6,0,1,10
2020/21,2020,2021-05-15,Brighton,West Ham,A Marriner,1,1,7,5,1,1,0,0,ghost,1,0,,0,0,0.05714285714285716,-2,0,1,10
2020/21,2020,2021-05-16,Crystal Palace,Aston Villa,D Coote,3,2,23,13,3,2,0,0,ghost,1,0,,0,-1,0.023411371237458206,-10,0,1,10
2020/21,2020,2021-05-16,Tottenham,Wolves,M Atkinson,2,0,8,11,1,0,0,0,ghost,1,0,,0,-1,-0.125,3,0,1,10
2020/21,2020,2021-05-16,West Brom,Liverpool,M Dean,1,2,7,14,0,0,0,0,ghost,1,0,,0,0,0.0,7,0,1,10
2020/21,2020,2021-05-16,Everton,Sheffield United,J Moss,0,1,8,12,1,3,0,0,ghost,1,0,,0,2,0.125,4,0,1,10
2020/21,2020,2021-05-18,Man United,Fulham,L Mason,1,1,10,15,2,3,0,0,partial,0,1,9347.0,0,1,0.0,5,0,1,10
2020/21,2020,2021-05-18,Southampton,Leeds,P Bankes,0,2,10,12,0,3,0,0,partial,0,1,7291.0,0,3,0.25,2,0,1,10
2020/21,2020,2021-05-18,Brighton,Man City,S Attwell,3,2,13,11,3,3,0,1,partial,0,1,7945.0,0,0,0.041958041958041925,-2,1,1,10
2020/21,2020,2021-05-18,Chelsea,Leicester,M Dean,2,1,15,16,2,4,0,0,partial,0,1,7195.0,0,2,0.11666666666666667,1,0,1,10
2020/21,2020,2021-05-19,Everton,Wolves,A Madley,1,0,11,11,0,2,0,0,partial,0,1,6068.0,0,2,0.18181818181818182,0,0,1,10
2020/21,2020,2021-05-19,Newcastle,Sheffield United,R Jones,1,0,7,7,0,2,0,0,partial,0,1,10000.0,0,2,0.2857142857142857,0,0,1,10
2020/21,2020,2021-05-19,Tottenham,Aston Villa,C Pawson,1,2,14,13,1,1,0,0,partial,0,1,10000.0,0,0,0.005494505494505503,-1,0,1,10
2020/21,2020,2021-05-19,Crystal Palace,Arsenal,A Taylor,1,3,7,7,2,1,0,0,partial,0,1,6500.0,0,-1,-0.14285714285714285,0,0,1,10
2020/21,2020,2021-05-19,Burnley,Liverpool,C Kavanagh,0,3,10,7,0,0,0,0,partial,0,1,3387.0,0,0,0.0,-3,0,1,10
2020/21,2020,2021-05-19,West Brom,West Ham,M Oliver,1,3,8,11,2,2,0,0,partial,0,1,5371.0,0,0,-0.06818181818181818,3,0,1,10
2020/21,2020,2021-05-23,Arsenal,Brighton,J Moss,2,0,10,8,0,0,0,0,partial,0,1,10000.0,0,0,0.0,-2,0,1,10
2020/21,2020,2021-05-23,Aston Villa,Chelsea,S Attwell,2,1,11,12,3,3,0,1,partial,0,1,10000.0,0,0,-0.022727272727272707,1,1,1,10
2020/21,2020,2021-05-23,Fulham,Newcastle,C Kavanagh,0,2,12,6,1,0,0,0,partial,0,1,2000.0,0,-1,-0.08333333333333333,-6,0,1,10
2020/21,2020,2021-05-23,Leeds,West Brom,D Coote,3,1,12,12,2,1,0,0,partial,0,1,8000.0,0,-1,-0.08333333333333333,0,0,1,10
2020/21,2020,2021-05-23,Leicester,Tottenham,A Taylor,2,4,9,8,0,2,0,0,partial,0,1,8000.0,0,2,0.25,-1,0,1,10
2020/21,2020,2021-05-23,Liverpool,Crystal Palace,C Pawson,2,0,10,8,2,2,0,0,partial,0,1,9901.0,0,0,0.04999999999999999,-2,0,1,10
2020/21,2020,2021-05-23,Man City,Everton,M Oliver,5,0,8,10,2,2,0,0,partial,0,1,10000.0,0,0,-0.04999999999999999,2,0,1,10
2020/21,2020,2021-05-23,Sheffield United,Burnley,K Friend,1,0,11,1,3,1,0,0,partial,0,1,5096.0,1,-2,,-10,0,1,10
2020/21,2020,2021-05-23,West Ham,Southampton,M Atkinson,3,0,5,9,0,3,0,0,partial,0,1,10000.0,0,3,0.3333333333333333,4,0,1,10
2020/21,2020,2021-05-23,Wolves,Man United,M Dean,1,2,14,3,4,1,0,0,partial,0,1,4500.0,0,-3,0.047619047619047616,-11,0,1,10
2021/22,2021,2021-08-13,Brentford,Arsenal,M Oliver,2,0,12,8,0,0,0,0,full,0,0,,0,0,0.0,-4,0,1,11
2021/22,2021,2021-08-14,Man United,Leeds,P Tierney,5,1,11,9,1,2,0,0,full,0,0,,0,1,0.1313131313131313,-2,0,1,11
2021/22,2021,2021-08-14,Burnley,Brighton,D Coote,1,2,10,7,2,1,0,0,full,0,0,,0,-1,-0.05714285714285716,-3,0,1,11
2021/22,2021,2021-08-14,Chelsea,Crystal Palace,J Moss,3,0,15,11,0,0,0,0,full,0,0,,0,0,0.0,-4,0,1,11
2021/22,2021,2021-08-14,Everton,Southampton,A Madley,3,1,13,15,2,0,0,0,full,0,0,,0,-2,-0.15384615384615385,2,0,1,11
2021/22,2021,2021-08-14,Leicester,Wolves,C Pawson,1,0,6,10,1,2,0,0,full,0,0,,0,1,0.033333333333333354,4,0,1,11
2021/22,2021,2021-08-14,Watford,Aston Villa,M Dean,3,2,18,13,3,1,0,0,full,0,0,,0,-2,-0.08974358974358973,-5,0,1,11
2021/22,2021,2021-08-14,Norwich,Liverpool,A Marriner,0,3,4,14,1,1,0,0,full,0,0,,0,0,-0.17857142857142858,10,0,1,11
2021/22,2021,2021-08-15,Newcastle,West Ham,M Atkinson,2,4,4,3,1,0,0,0,full,0,0,,0,-1,-0.25,-1,0,1,11
2021/22,2021,2021-08-15,Tottenham,Man City,A Taylor,1,0,11,8,2,1,0,0,full,0,0,,0,-1,-0.05681818181818182,-3,0,1,11
2021/22,2021,2021-08-21,Liverpool,Burnley,M Dean,2,0,6,12,0,0,0,0,full,0,0,,0,0,0.0,6,0,1,11
2021/22,2021,2021-08-21,Aston Villa,Newcastle,D Coote,2,0,8,18,3,4,0,0,full,0,0,,0,1,-0.1527777777777778,10,0,1,11
2021/22,2021,2021-08-21,Crystal Palace,Brentford,M Atkinson,0,0,12,9,3,1,0,0,full,0,0,,0,-2,-0.1388888888888889,-3,0,1,11
2021/22,2021,2021-08-21,Leeds,Everton,D England,2,2,6,13,2,4,0,0,full,0,0,,0,2,-0.025641025641025605,7,0,1,11
2021/22,2021,2021-08-21,Man City,Norwich,G Scott,5,0,13,7,1,0,0,0,full,0,0,,0,-1,-0.07692307692307693,-6,0,1,11
2021/22,2021,2021-08-21,Brighton,Watford,A Taylor,2,0,11,6,4,0,0,0,full,0,0,,0,-4,-0.36363636363636365,-5,0,1,11
2021/22,2021,2021-08-22,Southampton,Man United,C Pawson,1,1,12,10,2,3,0,0,full,0,0,,0,1,0.13333333333333333,-2,0,1,11
2021/22,2021,2021-08-22,Wolves,Tottenham,S Attwell,0,1,9,7,1,4,0,0,full,0,0,,0,3,0.4603174603174603,-2,0,1,11
2021/22,2021,2021-08-22,Arsenal,Chelsea,P Tierney,0,2,10,4,3,0,0,0,full,0,0,,0,-3,-0.3,-6,0,1,11
2021/22,2021,2021-08-23,West Ham,Leicester,M Oliver,4,1,8,8,0,1,0,1,full,0,0,,0,1,0.125,0,1,1,11
2021/22,2021,2021-08-28,Man City,Arsenal,M Atkinson,5,0,5,7,1,2,0,1,full,0,0,,0,1,0.08571428571428569,2,1,1,11
2021/22,2021,2021-08-28,Aston Villa,Brentford,P Bankes,1,1,15,14,3,3,0,0,full,0,0,,0,0,0.014285714285714263,-1,0,1,11
2021/22,2021,2021-08-28,Brighton,Everton,J Moss,0,2,7,9,1,2,0,0,full,0,0,,0,1,0.07936507936507936,2,0,1,11
2021/22,2021,2021-08-28,Newcastle,Southampton,P Tierney,2,2,11,6,3,3,0,0,full,0,0,,0,0,0.2272727272727273,-5,0,1,11
2021/22,2021,2021-08-28,Norwich,Leicester,R Jones,1,2,8,9,2,1,0,0,full,0,0,,0,-1,-0.1388888888888889,1,0,1,11
2021/22,2021,2021-08-28,West Ham,Crystal Palace,S Attwell,2,2,10,7,1,0,0,0,full,0,0,,0,-1,-0.1,-3,0,1,11
2021/22,2021,2021-08-28,Liverpool,Chelsea,A Taylor,1,1,13,4,0,2,0,1,full,0,0,,0,2,0.5,-9,1,1,11
2021/22,2021,2021-08-29,Burnley,Leeds,M Oliver,1,1,13,9,4,3,0,0,full,0,0,,0,-1,0.025641025641025605,-4,0,1,11
2021/22,2021,2021-08-29,Tottenham,Watford,A Marriner,1,0,8,14,3,3,0,0,full,0,0,,0,0,-0.16071428571428573,6,0,1,11
2021/22,2021,2021-08-29,Wolves,Man United,M Dean,0,1,7,9,3,4,0,0,full,0,0,,0,1,0.015873015873015872,2,0,1,11
2021/22,2021,2021-09-11,Crystal Palace,Tottenham,J Moss,3,0,13,15,2,1,0,1,full,0,0,,0,-1,-0.08717948717948719,2,1,1,11
2021/22,2021,2021-09-11,Arsenal,Norwich,M Oliver,1,0,9,11,1,2,0,0,full,0,0,,0,1,0.07070707070707072,2,0,1,11
2021/22,2021,2021-09-11,Brentford,Brighton,G Scott,0,1,9,12,3,2,0,0,full,0,0,,0,-1,-0.16666666666666666,3,0,1,11
2021/22,2021,2021-09-11,Leicester,Man City,P Tierney,0,1,4,11,1,2,0,0,full,0,0,,0,1,-0.06818181818181818,7,0,1,11
2021/22,2021,2021-09-11,Man United,Newcastle,A Taylor,4,1,9,2,1,0,0,0,full,0,0,,1,-1,,-7,0,1,11
2021/22,2021,2021-09-11,Southampton,West Ham,D Coote,0,0,10,12,3,1,0,1,full,0,0,,0,-2,-0.21666666666666667,2,1,1,11
2021/22,2021,2021-09-11,Watford,Wolves,P Bankes,0,2,15,13,3,3,0,0,full,0,0,,0,0,0.03076923076923077,-2,0,1,11
2021/22,2021,2021-09-11,Chelsea,Aston Villa,S Attwell,3,0,11,11,1,4,0,0,full,0,0,,0,3,0.2727272727272727,0,0,1,11
2021/22,2021,2021-09-12,Leeds,Liverpool,C Pawson,0,3,9,8,2,1,1,0,full,0,0,,0,-1,-0.09722222222222221,-1,-1,1,11
2021/22,2021,2021-09-13,Everton,Burnley,M Atkinson,3,1,3,6,1,1,0,0,full,0,0,,0,0,-0.16666666666666666,3,0,1,11
2021/22,2021,2021-09-17,Newcastle,Leeds,M Dean,1,1,9,11,2,2,0,0,full,0,0,,0,0,-0.04040404040404039,2,0,1,11
2021/22,2021,2021-09-18,Wolves,Brentford,D England,0,2,10,7,4,2,0,1,full,0,0,,0,-2,-0.11428571428571432,-3,1,1,11
2021/22,2021,2021-09-18,Burnley,Arsenal,A Taylor,0,1,9,8,2,1,0,0,full,0,0,,0,-1,-0.09722222222222221,-1,0,1,11
2021/22,2021,2021-09-18,Liverpool,Crystal Palace,A Madley,3,0,17,11,3,1,0,0,full,0,0,,0,-2,-0.08556149732620322,-6,0,1,11
2021/22,2021,2021-09-18,Man City,Southampton,J Moss,0,0,5,12,0,2,0,0,full,0,0,,0,2,0.16666666666666666,7,0,1,11
2021/22,2021,2021-09-18,Norwich,Watford,R Jones,1,3,10,14,1,1,0,0,full,0,0,,0,0,-0.02857142857142858,4,0,1,11
2021/22,2021,2021-09-18,Aston Villa,Everton,C Pawson,3,0,7,10,1,1,0,0,full,0,0,,0,0,-0.042857142857142844,3,0,1,11
2021/22,2021,2021-09-19,Brighton,Leicester,S Attwell,2,1,8,10,2,1,0,0,full,0,0,,0,-1,-0.15,2,0,1,11
2021/22,2021,2021-09-19,West Ham,Man United,M Atkinson,1,2,5,8,0,0,0,0,full,0,0,,0,0,0.0,3,0,1,11
2021/22,2021,2021-09-19,Tottenham,Chelsea,P Tierney,0,3,4,15,0,1,0,0,full,0,0,,0,1,0.06666666666666667,11,0,1,11
2021/22,2021,2021-09-25,Chelsea,Man City,M Oliver,0,1,12,10,3,2,0,0,full,0,0,,0,-1,-0.04999999999999999,-2,0,1,11
2021/22,2021,2021-09-25,Man United,Aston Villa,M Dean,0,1,9,13,2,2,0,0,full,0,0,,0,0,-0.06837606837606836,4,0,1,11
2021/22,2021,2021-09-25,Everton,Norwich,D Coote,2,0,12,9,2,3,0,0,full,0,0,,0,1,0.16666666666666666,-3,0,1,11
2021/22,2021,2021-09-25,Leeds,West Ham,K Friend,1,2,10,6,3,2,0,0,full,0,0,,0,-1,0.033333333333333326,-4,0,1,11
2021/22,2021,2021-09-25,Leicester,Burnley,C Kavanagh,2,2,10,8,2,4,0,0,full,0,0,,0,2,0.3,-2,0,1,11
2021/22,2021,2021-09-25,Watford,Newcastle,J Gillett,1,1,19,12,4,3,0,0,full,0,0,,0,-1,0.03947368421052633,-7,0,1,11
2021/22,2021,2021-09-25,Brentford,Liverpool,S Attwell,3,3,8,7,1,1,0,0,full,0,0,,0,0,0.01785714285714285,-1,0,1,11
2021/22,2021,2021-09-26,Southampton,Wolves,A Madley,0,1,12,8,0,0,0,0,full,0,0,,0,0,0.0,-4,0,1,11
2021/22,2021,2021-09-26,Arsenal,Tottenham,C Pawson,3,1,12,13,2,1,0,0,full,0,0,,0,-1,-0.08974358974358973,1,0,1,11
2021/22,2021,2021-09-27,Crystal Palace,Brighton,A Marriner,1,1,12,10,2,3,0,0,full,0,0,,0,1,0.13333333333333333,-2,0,1,11
2021/22,2021,2021-10-02,Man United,Everton,M Oliver,1,1,10,9,1,1,0,0,full,0,0,,0,0,0.0111111111111111,-1,0,1,11
2021/22,2021,2021-10-02,Burnley,Norwich,K Friend,0,0,13,3,5,2,0,0,full,0,0,,0,-3,0.282051282051282,-10,0,1,11
2021/22,2021,2021-10-02,Chelsea,Southampton,M Atkinson,3,1,11,13,1,3,0,1,full,0,0,,0,2,0.13986013986013987,2,1,1,11
2021/22,2021,2021-10-02,Leeds,Watford,S Hooper,1,0,10,16,0,3,0,0,full,0,0,,0,3,0.1875,6,0,1,11
2021/22,2021,2021-10-02,Wolves,Newcastle,G Scott,2,1,15,5,0,2,0,0,full,0,0,,0,2,0.4,-10,0,1,11
2021/22,2021,2021-10-02,Brighton,Arsenal,J Moss,0,0,8,5,2,1,0,0,full,0,0,,0,-1,-0.04999999999999999,-3,0,1,11
2021/22,2021,2021-10-03,Crystal Palace,Leicester,A Taylor,2,2,15,11,2,3,0,0,full,0,0,,0,1,0.13939393939393938,-4,0,1,11
2021/22,2021,2021-10-03,Tottenham,Aston Villa,C Kavanagh,2,1,11,14,2,1,0,0,full,0,0,,0,-1,-0.1103896103896104,3,0,1,11
2021/22,2021,2021-10-03,West Ham,Brentford,P Bankes,1,2,16,13,2,3,0,0,full,0,0,,0,1,0.10576923076923078,-3,0,1,11
2021/22,2021,2021-10-03,Liverpool,Man City,P Tierney,2,2,10,12,3,3,0,0,full,0,0,,0,0,-0.04999999999999999,2,0,1,11
2021/22,2021,2021-10-16,Watford,Liverpool,J Moss,0,5,4,10,0,0,0,0,full,0,0,,0,0,0.0,6,0,1,11
2021/22,2021,2021-10-16,Aston Villa,Wolves,M Oliver,2,3,8,17,2,3,0,0,full,0,0,,0,1,-0.07352941176470587,9,0,1,11
2021/22,2021,2021-10-16,Leicester,Man United,C Pawson,4,2,5,17,0,3,0,0,full,0,0,,0,3,0.17647058823529413,12,0,1,11
2021/22,2021,2021-10-16,Man City,Burnley,M Atkinson,2,0,11,5,1,0,0,0,full,0,0,,0,-1,-0.09090909090909091,-6,0,1,11
2021/22,2021,2021-10-16,Norwich,Brighton,P Bankes,0,0,5,14,3,5,0,0,full,0,0,,0,2,-0.24285714285714283,9,0,1,11
2021/22,2021,2021-10-16,Southampton,Leeds,D Coote,1,0,16,14,2,3,0,0,full,0,0,,0,1,0.08928571428571427,-2,0,1,11
2021/22,2021,2021-10-16,Brentford,Chelsea,A Taylor,0,1,13,8,1,1,0,0,full,0,0,,0,0,0.04807692307692307,-5,0,1,11
2021/22,2021,2021-10-17,Everton,West Ham,S Attwell,0,1,3,3,0,2,0,0,full,0,0,,0,2,0.6666666666666666,0,0,1,11
2021/22,2021,2021-10-17,Newcastle,Tottenham,A Marriner,2,3,13,4,4,1,1,0,full,0,0,,0,-3,-0.05769230769230771,-9,-1,1,11
2021/22,2021,2021-10-18,Arsenal,Crystal Palace,M Dean,2,2,7,4,1,1,0,0,full,0,0,,0,0,0.10714285714285715,-3,0,1,11
2021/22,2021,2021-10-22,Arsenal,Aston Villa,C Pawson,3,1,17,10,2,5,0,0,full,0,0,,0,3,0.38235294117647056,-7,0,1,11
2021/22,2021,2021-10-23,Chelsea,Norwich,A Madley,7,0,14,16,0,2,0,1,full,0,0,,0,2,0.125,2,1,1,11
2021/22,2021,2021-10-23,Crystal Palace,Newcastle,D England,1,1,13,9,3,4,0,0,full,0,0,,0,1,0.21367521367521364,-4,0,1,11
2021/22,2021,2021-10-23,Everton,Watford,G Scott,2,5,9,13,4,3,0,0,full,0,0,,0,-1,-0.21367521367521364,4,0,1,11
2021/22,2021,2021-10-23,Leeds,Wolves,R Jones,1,1,15,14,2,3,0,0,full,0,0,,0,1,0.08095238095238094,-1,0,1,11
2021/22,2021,2021-10-23,Southampton,Burnley,C Kavanagh,2,2,10,11,1,3,0,0,full,0,0,,0,2,0.1727272727272727,1,0,1,11
2021/22,2021,2021-10-23,Brighton,Man City,K Friend,1,4,10,6,2,3,0,0,full,0,0,,0,1,0.3,-4,0,1,11
2021/22,2021,2021-10-24,Brentford,Leicester,S Hooper,1,2,13,7,1,1,0,0,full,0,0,,0,0,0.06593406593406592,-6,0,1,11
2021/22,2021,2021-10-24,West Ham,Tottenham,P Tierney,1,0,11,4,2,1,0,0,full,0,0,,0,-1,0.06818181818181818,-7,0,1,11
2021/22,2021,2021-10-24,Man United,Liverpool,A Taylor,0,5,10,8,6,0,1,0,full,0,0,,0,-6,-0.6,-2,-1,1,11
2021/22,2021,2021-10-30,Leicester,Arsenal,M Oliver,0,2,8,11,2,0,0,0,full,0,0,,0,-2,-0.25,3,0,1,11
2021/22,2021,2021-10-30,Burnley,Brentford,J Moss,3,1,7,10,1,1,0,0,full,0,0,,0,0,-0.042857142857142844,3,0,1,11
2021/22,2021,2021-10-30,Liverpool,Brighton,M Dean,2,2,8,5,2,2,0,0,full,0,0,,0,0,0.15000000000000002,-3,0,1,11
2021/22,2021,2021-10-30,Man City,Crystal Palace,A Marriner,0,2,11,11,2,3,1,0,full,0,0,,0,1,0.09090909090909088,0,-1,1,11
2021/22,2021,2021-10-30,Newcastle,Chelsea,P Tierney,0,3,14,12,3,2,0,0,full,0,0,,0,-1,-0.047619047619047616,-2,0,1,11
2021/22,2021,2021-10-30,Watford,Southampton,P Bankes,0,1,16,6,2,2,0,0,full,0,0,,0,0,0.20833333333333331,-10,0,1,11
2021/22,2021,2021-10-30,Tottenham,Man United,S Attwell,0,3,12,14,2,3,0,0,full,0,0,,0,1,0.047619047619047616,2,0,1,11
2021/22,2021,2021-10-31,Norwich,Leeds,A Taylor,1,2,14,23,1,4,0,0,full,0,0,,0,3,0.10248447204968944,9,0,1,11
2021/22,2021,2021-10-31,Aston Villa,West Ham,C Kavanagh,1,4,7,13,1,2,1,0,full,0,0,,0,1,0.010989010989011005,6,-1,1,11
2021/22,2021,2021-11-01,Wolves,Everton,M Atkinson,2,1,10,8,1,1,0,0,full,0,0,,0,0,0.024999999999999994,-2,0,1,11
2021/22,2021,2021-11-05,Southampton,Aston Villa,A Madley,1,0,12,12,2,2,0,0,full,0,0,,0,0,0.0,0,0,1,11
2021/22,2021,2021-11-06,Man United,Man City,M Oliver,0,2,9,12,1,2,0,0,full,0,0,,0,1,0.05555555555555555,3,0,1,11
2021/22,2021,2021-11-06,Brentford,Norwich,J Gillett,1,2,12,13,2,3,0,0,full,0,0,,0,1,0.06410256410256412,1,0,1,11
2021/22,2021,2021-11-06,Chelsea,Burnley,A Marriner,1,1,6,9,1,4,0,0,full,0,0,,0,3,0.2777777777777778,3,0,1,11
2021/22,2021,2021-11-06,Crystal Palace,Wolves,G Scott,2,0,14,13,2,1,0,0,full,0,0,,0,-1,-0.06593406593406592,-1,0,1,11
2021/22,2021,2021-11-06,Brighton,Newcastle,D Coote,1,1,16,10,3,4,1,0,full,0,0,,0,1,0.21250000000000002,-6,-1,1,11
2021/22,2021,2021-11-07,Arsenal,Watford,K Friend,1,0,6,19,4,2,0,1,full,0,0,,0,-2,-0.5614035087719298,13,1,1,11
2021/22,2021,2021-11-07,Everton,Tottenham,C Kavanagh,0,0,13,17,2,4,1,0,full,0,0,,0,2,0.08144796380090497,4,-1,1,11
2021/22,2021,2021-11-07,Leeds,Leicester,D England,1,1,12,5,1,1,0,0,full,0,0,,0,0,0.11666666666666668,-7,0,1,11
2021/22,2021,2021-11-07,West Ham,Liverpool,C Pawson,3,2,11,6,1,1,0,0,full,0,0,,0,0,0.07575757575757575,-5,0,1,11
2021/22,2021,2021-11-20,Leicester,Chelsea,P Tierney,0,3,15,8,3,1,0,0,full,0,0,,0,-2,-0.07500000000000001,-7,0,1,11
2021/22,2021,2021-11-20,Aston Villa,Brighton,A Taylor,2,0,7,13,3,3,0,0,full,0,0,,0,0,-0.19780219780219777,6,0,1,11
2021/22,2021,2021-11-20,Burnley,Crystal Palace,S Hooper,3,3,14,15,2,3,0,0,full,0,0,,0,1,0.05714285714285716,1,0,1,11
2021/22,2021,2021-11-20,Newcastle,Brentford,R Jones,3,3,13,11,2,2,0,0,full,0,0,,0,0,0.02797202797202797,-2,0,1,11
2021/22,2021,2021-11-20,Norwich,Southampton,M Atkinson,2,1,8,9,3,2,0,0,full,0,0,,0,-1,-0.1527777777777778,1,0,1,11
2021/22,2021,2021-11-20,Watford,Man United,J Moss,4,1,7,5,2,1,0,1,full,0,0,,0,-1,-0.08571428571428569,-2,1,1,11
2021/22,2021,2021-11-20,Wolves,West Ham,M Dean,1,0,6,9,1,1,0,0,full,0,0,,0,0,-0.05555555555555555,3,0,1,11
2021/22,2021,2021-11-20,Liverpool,Arsenal,M Oliver,4,0,15,12,2,0,0,0,full,0,0,,0,-2,-0.13333333333333333,-3,0,1,11
2021/22,2021,2021-11-21,Man City,Everton,S Attwell,3,0,5,7,1,1,0,0,full,0,0,,0,0,-0.05714285714285716,2,0,1,11
2021/22,2021,2021-11-21,Tottenham,Leeds,A Marriner,2,1,11,12,1,4,0,0,full,0,0,,0,3,0.2424242424242424,1,0,1,11
2021/22,2021,2021-11-27,Arsenal,Newcastle,S Attwell,2,0,6,12,1,3,0,0,full,0,0,,0,2,0.08333333333333334,6,0,1,11
2021/22,2021,2021-11-27,Crystal Palace,Aston Villa,M Salisbury,1,2,12,10,3,3,0,0,full,0,0,,0,0,0.04999999999999999,-2,0,1,11
2021/22,2021,2021-11-27,Liverpool,Southampton,A Marriner,4,0,7,14,0,1,0,0,full,0,0,,0,1,0.07142857142857142,7,0,1,11
2021/22,2021,2021-11-27,Norwich,Wolves,S Hooper,0,0,11,10,2,2,0,0,full,0,0,,0,0,0.018181818181818188,-1,0,1,11
2021/22,2021,2021-11-27,Brighton,Leeds,C Pawson,0,0,12,14,1,3,0,0,full,0,0,,0,2,0.13095238095238093,2,0,1,11
2021/22,2021,2021-11-28,Brentford,Everton,D England,1,0,8,11,4,3,0,0,full,0,0,,0,-1,-0.2272727272727273,3,0,1,11
2021/22,2021,2021-11-28,Leicester,Watford,A Madley,4,2,5,19,0,0,0,0,full,0,0,,0,0,0.0,14,0,1,11
2021/22,2021,2021-11-28,Man City,West Ham,M Oliver,2,1,7,6,2,0,0,0,full,0,0,,0,-2,-0.2857142857142857,-1,0,1,11
2021/22,2021,2021-11-28,Chelsea,Man United,A Taylor,1,1,13,14,2,5,0,0,full,0,0,,0,3,0.2032967032967033,1,0,1,11
2021/22,2021,2021-11-30,Newcastle,Norwich,A Madley,1,1,8,11,0,0,0,1,full,0,0,,0,0,0.0,3,1,1,11
2021/22,2021,2021-11-30,Leeds,Crystal Palace,K Friend,1,0,15,15,5,3,0,0,full,0,0,,0,-2,-0.1333333333333333,0,0,1,11
2021/22,2021,2021-12-01,Southampton,Leicester,R Jones,2,2,14,11,1,3,0,0,full,0,0,,0,2,0.20129870129870128,-3,0,1,11
2021/22,2021,2021-12-01,Watford,Chelsea,D Coote,1,2,18,16,4,3,0,0,full,0,0,,0,-1,-0.03472222222222221,-2,0,1,11
2021/22,2021,2021-12-01,West Ham,Brighton,C Kavanagh,1,1,10,8,1,1,0,0,full,0,0,,0,0,0.024999999999999994,-2,0,1,11
2021/22,2021,2021-12-01,Wolves,Burnley,J Brooks,0,0,5,7,2,3,0,0,full,0,0,,0,1,0.028571428571428525,2,0,1,11
2021/22,2021,2021-12-01,Aston Villa,Man City,M Dean,1,2,8,12,0,0,0,0,full,0,0,,0,0,0.0,4,0,1,11
2021/22,2021,2021-12-01,Everton,Liverpool,P Tierney,1,4,8,16,4,3,0,0,full,0,0,,0,-1,-0.3125,8,0,1,11
2021/22,2021,2021-12-02,Tottenham,Brentford,J Moss,2,0,13,11,0,0,0,0,full,0,0,,0,0,0.0,-2,0,1,11
2021/22,2021,2021-12-02,Man United,Arsenal,M Atkinson,3,2,9,10,1,0,0,0,full,0,0,,0,-1,-0.1111111111111111,1,0,1,11
2021/22,2021,2021-12-04,West Ham,Chelsea,A Marriner,3,2,10,10,1,3,0,0,full,0,0,,0,2,0.19999999999999998,0,0,1,11
2021/22,2021,2021-12-04,Newcastle,Burnley,P Tierney,1,0,11,9,1,1,0,0,full,0,0,,0,0,0.020202020202020193,-2,0,1,11
2021/22,2021,2021-12-04,Southampton,Brighton,A Taylor,1,1,15,12,4,2,0,0,full,0,0,,0,-2,-0.1,-3,0,1,11
2021/22,2021,2021-12-04,Wolves,Liverpool,C Kavanagh,0,1,4,7,2,2,0,0,full,0,0,,0,0,-0.2142857142857143,3,0,1,11
2021/22,2021,2021-12-04,Watford,Man City,S Hooper,1,3,10,7,3,0,0,0,full,0,0,,0,-3,-0.3,-3,0,1,11
2021/22,2021,2021-12-05,Leeds,Brentford,D Coote,2,2,11,9,5,3,0,0,full,0,0,,0,-2,-0.12121212121212122,-2,0,1,11
2021/22,2021,2021-12-05,Man United,Crystal Palace,C Pawson,1,0,16,9,2,2,0,0,full,0,0,,0,0,0.09722222222222221,-7,0,1,11
2021/22,2021,2021-12-05,Tottenham,Norwich,J Gillett,3,0,11,4,1,2,0,0,full,0,0,,0,1,0.40909090909090906,-7,0,1,11
2021/22,2021,2021-12-05,Aston Villa,Leicester,M Oliver,2,1,8,25,1,1,0,0,full,0,0,,0,0,-0.08499999999999999,17,0,1,11
2021/22,2021,2021-12-06,Everton,Arsenal,M Dean,2,1,8,12,2,2,0,0,full,0,0,,0,0,-0.08333333333333334,4,0,1,11
2021/22,2021,2021-12-10,Brentford,Watford,M Oliver,2,1,12,18,4,0,0,0,full,0,0,,0,-4,-0.3333333333333333,6,0,1,11
2021/22,2021,2021-12-11,Man City,Wolves,J Moss,1,0,12,5,3,2,0,1,full,0,0,,0,-1,0.15000000000000002,-7,1,1,11
2021/22,2021,2021-12-11,Arsenal,Southampton,J Gillett,3,0,5,9,2,0,0,0,full,0,0,,0,-2,-0.4,4,0,1,11
2021/22,2021,2021-12-11,Chelsea,Leeds,C Kavanagh,3,2,9,15,2,5,0,0,full,0,0,,0,3,0.1111111111111111,6,0,1,11
2021/22,2021,2021-12-11,Liverpool,Aston Villa,S Attwell,1,0,13,6,1,2,0,0,full,0,0,,0,1,0.2564102564102564,-7,0,1,11
2021/22,2021,2021-12-11,Norwich,Man United,D England,0,1,6,17,1,1,0,0,full,0,0,,0,0,-0.10784313725490195,11,0,1,11
2021/22,2021,2021-12-12,Burnley,West Ham,G Scott,0,0,13,11,2,1,0,0,full,0,0,,0,-1,-0.06293706293706294,-2,0,1,11
2021/22,2021,2021-12-12,Leicester,Newcastle,P Bankes,4,0,9,16,2,3,0,0,full,0,0,,0,1,-0.03472222222222221,7,0,1,11
2021/22,2021,2021-12-12,Crystal Palace,Everton,A Madley,3,1,15,14,0,2,0,0,full,0,0,,0,2,0.14285714285714285,-1,0,1,11
2021/22,2021,2021-12-14,Norwich,Aston Villa,D Coote,0,2,12,9,3,1,0,0,full,0,0,,0,-2,-0.1388888888888889,-3,0,1,11
2021/22,2021,2021-12-14,Man City,Leeds,P Tierney,7,0,5,9,1,1,0,0,full,0,0,,0,0,-0.0888888888888889,4,0,1,11
2021/22,2021,2021-12-15,Brighton,Wolves,T Harrington,0,1,11,14,2,0,0,0,full,0,0,,0,-2,-0.18181818181818182,3,0,1,11
2021/22,2021,2021-12-15,Crystal Palace,Southampton,S Hooper,2,2,16,20,2,4,0,0,full,0,0,,0,2,0.07500000000000001,4,0,1,11
2021/22,2021,2021-12-15,Arsenal,West Ham,A Taylor,2,0,8,9,2,0,0,1,full,0,0,,0,-2,-0.25,1,1,1,11
2021/22,2021,2021-12-16,Chelsea,Everton,M Oliver,1,1,11,11,2,3,0,0,full,0,0,,0,1,0.09090909090909088,0,0,1,11
2021/22,2021,2021-12-16,Liverpool,Newcastle,M Dean,3,1,9,4,1,3,0,0,full,0,0,,0,2,0.6388888888888888,-5,0,1,11
2021/22,2021,2021-12-18,Leeds,Arsenal,A Marriner,1,4,11,7,3,1,0,0,full,0,0,,0,-2,-0.12987012987012986,-4,0,1,11
2021/22,2021,2021-12-19,Newcastle,Man City,M Atkinson,0,4,9,6,1,2,0,0,full,0,0,,0,1,0.2222222222222222,-3,0,1,11
2021/22,2021,2021-12-19,Wolves,Chelsea,D Coote,0,0,9,7,0,2,0,0,full,0,0,,0,2,0.2857142857142857,-2,0,1,11
2021/22,2021,2021-12-19,Tottenham,Liverpool,P Tierney,2,2,12,11,4,4,0,1,full,0,0,,0,0,0.03030303030303033,-1,1,1,11
2021/22,2021,2021-12-26,Man City,Leicester,C Kavanagh,6,3,11,9,1,2,0,0,full,0,0,,0,1,0.1313131313131313,-2,0,1,11
2021/22,2021,2021-12-26,Norwich,Arsenal,G Scott,0,5,13,7,1,2,0,0,full,0,0,,0,1,0.20879120879120877,-6,0,1,11
2021/22,2021,2021-12-26,Tottenham,Crystal Palace,J Moss,3,0,16,10,1,1,0,1,full,0,0,,0,0,0.037500000000000006,-6,1,1,11
2021/22,2021,2021-12-26,West Ham,Southampton,K Friend,2,3,10,9,2,3,0,0,full,0,0,,0,1,0.1333333333333333,-1,0,1,11
2021/22,2021,2021-12-26,Aston Villa,Chelsea,M Atkinson,1,3,8,11,3,1,0,0,full,0,0,,0,-2,-0.28409090909090906,3,0,1,11
2021/22,2021,2021-12-26,Brighton,Brentford,D England,2,0,8,10,1,3,0,0,full,0,0,,0,2,0.175,2,0,1,11
2021/22,2021,2021-12-27,Newcastle,Man United,C Pawson,1,1,11,8,3,3,0,0,full,0,0,,0,0,0.10227272727272729,-3,0,1,11
2021/22,2021,2021-12-28,Crystal Palace,Norwich,P Tierney,3,0,9,13,1,2,0,0,full,0,0,,0,1,0.04273504273504275,4,0,1,11
2021/22,2021,2021-12-28,Southampton,Tottenham,A Taylor,1,1,15,5,2,2,1,0,full,0,0,,0,0,0.2666666666666667,-10,-1,1,11
2021/22,2021,2021-12-28,Watford,West Ham,D England,1,4,12,12,0,1,0,0,full,0,0,,0,1,0.08333333333333333,0,0,1,11
2021/22,2021,2021-12-28,Leicester,Liverpool,M Oliver,1,0,8,11,0,1,0,0,full,0,0,,0,1,0.09090909090909091,3,0,1,11
2021/22,2021,2021-12-29,Chelsea,Brighton,M Dean,1,1,14,7,4,1,0,0,full,0,0,,0,-3,-0.14285714285714285,-7,0,1,11
2021/22,2021,2021-12-29,Brentford,Man City,D Coote,0,1,12,10,0,0,0,0,full,0,0,,0,0,0.0,-2,0,1,11
2021/22,2021,2021-12-30,Man United,Burnley,J Moss,3,1,5,10,0,0,0,0,full,0,0,,0,0,0.0,5,0,1,11
2021/22,2021,2022-01-01,Arsenal,Man City,S Attwell,1,2,13,5,3,2,1,0,full,0,0,,0,-1,0.16923076923076924,-8,-1,1,11
2021/22,2021,2022-01-01,Watford,Tottenham,R Jones,0,1,6,9,0,1,0,0,full,0,0,,0,1,0.1111111111111111,3,0,1,11
2021/22,2021,2022-01-01,Crystal Palace,West Ham,D England,2,3,6,16,0,2,0,0,full,0,0,,0,2,0.125,10,0,1,11
2021/22,2021,2022-01-02,Brentford,Aston Villa,C Pawson,2,1,17,11,2,2,0,0,full,0,0,,0,0,0.06417112299465241,-6,0,1,11
2021/22,2021,2022-01-02,Everton,Brighton,J Brooks,2,3,5,12,1,1,0,0,full,0,0,,0,0,-0.11666666666666668,7,0,1,11
2021/22,2021,2022-01-02,Leeds,Burnley,P Tierney,3,1,11,7,2,1,0,0,full,0,0,,0,-1,-0.038961038961038974,-4,0,1,11
2021/22,2021,2022-01-02,Chelsea,Liverpool,A Taylor,2,2,5,13,1,2,0,0,full,0,0,,0,1,-0.046153846153846156,8,0,1,11
2021/22,2021,2022-01-03,Man United,Wolves,M Dean,0,1,9,8,3,1,0,0,full,0,0,,0,-2,-0.20833333333333331,-1,0,1,11
2021/22,2021,2022-01-11,Southampton,Brentford,S Attwell,4,1,9,8,0,1,0,0,full,0,0,,0,1,0.125,-1,0,1,11
2021/22,2021,2022-01-12,West Ham,Norwich,S Hooper,2,0,9,8,0,0,0,0,full,0,0,,0,0,0.0,-1,0,1,11
2021/22,2021,2022-01-14,Brighton,Crystal Palace,R Jones,1,1,11,7,0,2,0,0,full,0,0,,0,2,0.2857142857142857,-4,0,1,11
2021/22,2021,2022-01-15,Man City,Chelsea,C Pawson,1,0,11,6,0,2,0,0,full,0,0,,0,2,0.3333333333333333,-5,0,1,11
2021/22,2021,2022-01-15,Newcastle,Watford,P Tierney,1,1,13,13,3,2,0,0,full,0,0,,0,-1,-0.07692307692307693,0,0,1,11
2021/22,2021,2022-01-15,Norwich,Everton,A Madley,2,1,12,14,3,1,0,0,full,0,0,,0,-2,-0.17857142857142858,2,0,1,11
2021/22,2021,2022-01-15,Wolves,Southampton,M Salisbury,3,1,13,14,2,3,0,0,full,0,0,,0,1,0.06043956043956042,1,0,1,11
2021/22,2021,2022-01-15,Aston Villa,Man United,D Coote,2,2,8,13,1,2,0,0,full,0,0,,0,1,0.028846153846153855,5,0,1,11
2021/22,2021,2022-01-16,Liverpool,Brentford,J Moss,3,0,6,6,0,1,0,0,full,0,0,,0,1,0.16666666666666666,0,0,1,11
2021/22,2021,2022-01-16,West Ham,Leeds,M Dean,2,3,6,9,3,2,0,0,full,0,0,,0,-1,-0.2777777777777778,3,0,1,11
2021/22,2021,2022-01-18,Brighton,Chelsea,K Friend,1,1,8,5,1,2,0,0,full,0,0,,0,1,0.275,-3,0,1,11
2021/22,2021,2022-01-19,Leicester,Tottenham,J Moss,2,3,6,12,1,2,0,0,full,0,0,,0,1,0.0,6,0,1,11
2021/22,2021,2022-01-19,Brentford,Man United,A Marriner,1,3,7,9,0,0,0,0,full,0,0,,0,0,0.0,2,0,1,11
2021/22,2021,2022-01-21,Watford,Norwich,M Dean,0,3,16,11,0,1,1,0,full,0,0,,0,1,0.09090909090909091,-5,-1,1,11
2021/22,2021,2022-01-22,Everton,Aston Villa,C Pawson,0,1,14,16,5,3,0,0,full,0,0,,0,-2,-0.16964285714285715,2,0,1,11
2021/22,2021,2022-01-22,Brentford,Wolves,P Bankes,1,2,6,7,2,3,0,0,full,0,0,,0,1,0.09523809523809523,1,0,1,11
2021/22,2021,2022-01-22,Leeds,Newcastle,C Kavanagh,0,1,9,9,4,2,0,0,full,0,0,,0,-2,-0.2222222222222222,0,0,1,11
2021/22,2021,2022-01-22,Man United,West Ham,J Moss,1,0,9,8,1,1,0,0,full,0,0,,0,0,0.013888888888888895,-1,0,1,11
2021/22,2021,2022-01-22,Southampton,Man City,S Hooper,1,1,13,5,3,0,0,0,full,0,0,,0,-3,-0.23076923076923078,-8,0,1,11
2021/22,2021,2022-01-23,Arsenal,Burnley,D Coote,0,0,9,13,0,2,0,0,full,0,0,,0,2,0.15384615384615385,4,0,1,11
2021/22,2021,2022-01-23,Crystal Palace,Liverpool,K Friend,1,3,12,10,4,1,0,0,full,0,0,,0,-3,-0.2333333333333333,-2,0,1,11
2021/22,2021,2022-01-23,Leicester,Brighton,M Atkinson,1,1,6,8,0,1,0,0,full,0,0,,0,1,0.125,2,0,1,11
2021/22,2021,2022-01-23,Chelsea,Tottenham,P Tierney,2,0,17,14,2,1,0,0,full,0,0,,0,-1,-0.046218487394957986,-3,0,1,11
2021/22,2021,2022-02-05,Burnley,Watford,C Pawson,0,0,16,9,1,2,0,0,full,0,0,,0,1,0.1597222222222222,-7,0,1,11
2021/22,2021,2022-02-08,Newcastle,Everton,A Taylor,3,1,13,13,2,3,0,0,full,0,0,,0,1,0.07692307692307693,0,0,1,11
2021/22,2021,2022-02-08,West Ham,Watford,M Atkinson,1,0,1,6,1,0,0,0,full,0,0,,1,-1,,5,0,1,11
2021/22,2021,2022-02-08,Burnley,Man United,M Dean,1,1,11,10,2,1,0,0,full,0,0,,0,-1,-0.08181818181818182,-1,0,1,11
2021/22,2021,2022-02-09,Man City,Brentford,D England,2,0,7,13,0,0,0,0,full,0,0,,0,0,0.0,6,0,1,11
2021/22,2021,2022-02-09,Norwich,Crystal Palace,P Tierney,1,1,11,15,1,2,0,0,full,0,0,,0,1,0.04242424242424242,4,0,1,11
2021/22,2021,2022-02-09,Tottenham,Southampton,D Coote,2,3,7,13,2,3,0,0,full,0,0,,0,1,-0.054945054945054916,6,0,1,11
2021/22,2021,2022-02-09,Aston Villa,Leeds,J Gillett,3,3,11,9,1,3,1,0,full,0,0,,0,2,0.2424242424242424,-2,-1,1,11
2021/22,2021,2022-02-10,Liverpool,Leicester,C Kavanagh,2,0,11,7,1,0,0,0,full,0,0,,0,-1,-0.09090909090909091,-4,0,1,11
2021/22,2021,2022-02-10,Wolves,Arsenal,M Oliver,0,1,12,13,2,3,0,1,full,0,0,,0,1,0.06410256410256412,1,1,1,11
2021/22,2021,2022-02-12,Man United,Southampton,S Attwell,1,1,12,13,4,0,0,0,full,0,0,,0,-4,-0.3333333333333333,1,0,1,11
2021/22,2021,2022-02-12,Brentford,Crystal Palace,S Hooper,0,0,10,10,1,0,0,0,full,0,0,,0,-1,-0.1,0,0,1,11
2021/22,2021,2022-02-12,Everton,Leeds,G Scott,3,0,8,9,1,1,0,0,full,0,0,,0,0,-0.013888888888888895,1,0,1,11
2021/22,2021,2022-02-12,Watford,Brighton,J Moss,0,2,16,9,3,2,0,0,full,0,0,,0,-1,0.03472222222222221,-7,0,1,11
2021/22,2021,2022-02-12,Norwich,Man City,A Marriner,0,4,7,8,0,2,0,0,full,0,0,,0,2,0.25,1,0,1,11
2021/22,2021,2022-02-13,Burnley,Liverpool,M Atkinson,0,1,7,6,0,1,0,0,full,0,0,,0,1,0.16666666666666666,-1,0,1,11
2021/22,2021,2022-02-13,Newcastle,Aston Villa,C Pawson,1,0,22,15,3,4,0,0,full,0,0,,0,1,0.1303030303030303,-7,0,1,11
2021/22,2021,2022-02-13,Tottenham,Wolves,K Friend,0,2,13,13,3,1,0,0,full,0,0,,0,-2,-0.15384615384615385,0,0,1,11
2021/22,2021,2022-02-13,Leicester,West Ham,M Oliver,2,2,10,9,1,2,0,0,full,0,0,,0,1,0.1222222222222222,-1,0,1,11
2021/22,2021,2022-02-15,Man United,Brighton,P Bankes,2,0,8,10,3,1,0,1,full,0,0,,0,-2,-0.275,2,1,1,11
2021/22,2021,2022-02-19,West Ham,Newcastle,C Kavanagh,1,1,3,7,3,3,0,0,full,0,0,,0,0,-0.5714285714285714,4,0,1,11
2021/22,2021,2022-02-19,Arsenal,Brentford,J Moss,2,1,10,5,1,1,0,0,full,0,0,,0,0,0.1,-5,0,1,11
2021/22,2021,2022-02-19,Aston Villa,Watford,R Jones,0,1,12,7,1,2,0,0,full,0,0,,0,1,0.20238095238095238,-5,0,1,11
2021/22,2021,2022-02-19,Brighton,Burnley,K Friend,0,3,12,12,1,4,0,0,full,0,0,,0,3,0.25,0,0,1,11
2021/22,2021,2022-02-19,Crystal Palace,Chelsea,D Coote,0,1,4,20,1,3,0,0,full,0,0,,0,2,-0.1,16,0,1,11
2021/22,2021,2022-02-19,Liverpool,Norwich,M Dean,3,1,7,8,0,1,0,0,full,0,0,,0,1,0.125,1,0,1,11
2021/22,2021,2022-02-19,Southampton,Everton,A Madley,2,0,6,9,0,2,0,0,full,0,0,,0,2,0.2222222222222222,3,0,1,11
2021/22,2021,2022-02-19,Man City,Tottenham,A Taylor,2,3,5,7,0,3,0,0,full,0,0,,0,3,0.42857142857142855,2,0,1,11
2021/22,2021,2022-02-20,Leeds,Man United,P Tierney,2,4,13,19,6,3,0,0,full,0,0,,0,-3,-0.3036437246963563,6,0,1,11
2021/22,2021,2022-02-20,Wolves,Leicester,C Pawson,2,1,12,9,4,4,0,0,full,0,0,,0,0,0.1111111111111111,-3,0,1,11
2021/22,2021,2022-02-23,Burnley,Tottenham,G Scott,1,0,8,8,0,0,0,0,full,0,0,,0,0,0.0,0,0,1,11
2021/22,2021,2022-02-23,Watford,Crystal Palace,A Marriner,1,4,12,9,2,1,0,0,full,0,0,,0,-1,-0.05555555555555555,-3,0,1,11
2021/22,2021,2022-02-23,Liverpool,Leeds,M Oliver,6,0,5,11,0,3,0,0,full,0,0,,0,3,0.2727272727272727,6,0,1,11
2021/22,2021,2022-02-24,Arsenal,Wolves,M Atkinson,2,1,8,9,1,1,0,0,full,0,0,,0,0,-0.013888888888888895,1,0,1,11
2021/22,2021,2022-02-25,Southampton,Norwich,S Hooper,2,0,12,9,1,2,0,0,full,0,0,,0,1,0.1388888888888889,-3,0,1,11
2021/22,2021,2022-02-26,Leeds,Tottenham,C Pawson,0,4,16,11,4,2,0,0,full,0,0,,0,-2,-0.06818181818181818,-5,0,1,11
2021/22,2021,2022-02-26,Brentford,Newcastle,M Dean,0,2,9,7,3,1,1,0,full,0,0,,0,-2,-0.19047619047619047,-2,-1,1,11
2021/22,2021,2022-02-26,Crystal Palace,Burnley,J Moss,1,1,5,17,0,2,0,0,full,0,0,,0,2,0.11764705882352941,12,0,1,11
2021/22,2021,2022-02-26,Man United,Watford,K Friend,0,0,2,7,0,0,0,0,full,0,0,,1,0,,5,0,1,11
2021/22,2021,2022-02-26,Brighton,Aston Villa,J Brooks,0,2,17,11,4,5,0,0,full,0,0,,0,1,0.2192513368983957,-6,0,1,11
2021/22,2021,2022-02-26,Everton,Man City,P Tierney,0,1,7,14,3,2,0,0,full,0,0,,0,-1,-0.2857142857142857,7,0,1,11
2021/22,2021,2022-02-27,West Ham,Wolves,A Taylor,1,0,8,2,1,0,0,0,full,0,0,,1,-1,,-6,0,1,11
2021/22,2021,2022-03-01,Burnley,Leicester,C Kavanagh,0,2,10,13,1,1,0,0,full,0,0,,0,0,-0.023076923076923078,3,0,1,11
2021/22,2021,2022-03-05,Leicester,Leeds,D Coote,1,0,9,12,1,2,0,0,full,0,0,,0,1,0.05555555555555555,3,0,1,11
2021/22,2021,2022-03-05,Aston Villa,Southampton,P Bankes,4,0,10,8,1,1,0,0,full,0,0,,0,0,0.024999999999999994,-2,0,1,11
2021/22,2021,2022-03-05,Burnley,Chelsea,A Marriner,0,4,12,7,2,0,0,0,full,0,0,,0,-2,-0.16666666666666666,-5,0,1,11
2021/22,2021,2022-03-05,Newcastle,Brighton,M Atkinson,2,1,8,10,1,1,0,0,full,0,0,,0,0,-0.024999999999999994,2,0,1,11
2021/22,2021,2022-03-05,Norwich,Brentford,A Taylor,1,3,13,18,2,5,0,0,full,0,0,,0,3,0.12393162393162394,5,0,1,11
2021/22,2021,2022-03-05,Wolves,Crystal Palace,A Madley,0,2,13,8,0,3,0,0,full,0,0,,0,3,0.375,-5,0,1,11
2021/22,2021,2022-03-05,Liverpool,West Ham,J Moss,1,0,7,7,2,1,0,0,full,0,0,,0,-1,-0.14285714285714285,0,0,1,11
2021/22,2021,2022-03-06,Watford,Arsenal,C Pawson,2,3,5,11,1,2,0,0,full,0,0,,0,1,-0.018181818181818188,6,0,1,11
2021/22,2021,2022-03-06,Man City,Man United,M Oliver,4,1,10,14,0,1,0,0,full,0,0,,0,1,0.07142857142857142,4,0,1,11
2021/22,2021,2022-03-07,Tottenham,Everton,S Attwell,5,0,15,10,2,0,0,0,full,0,0,,0,-2,-0.13333333333333333,-5,0,1,11
2021/22,2021,2022-03-10,Norwich,Chelsea,M Atkinson,1,3,8,15,0,2,0,0,full,0,0,,0,2,0.13333333333333333,7,0,1,11
2021/22,2021,2022-03-10,Southampton,Newcastle,K Friend,1,2,6,7,1,1,0,0,full,0,0,,0,0,-0.023809523809523808,1,0,1,11
2021/22,2021,2022-03-10,Wolves,Watford,D England,4,0,11,10,2,2,0,0,full,0,0,,0,0,0.018181818181818188,-1,0,1,11
2021/22,2021,2022-03-10,Leeds,Aston Villa,S Hooper,0,3,17,11,5,3,0,0,full,0,0,,0,-2,-0.021390374331550832,-6,0,1,11
2021/22,2021,2022-03-12,Brighton,Liverpool,M Dean,0,2,12,15,3,1,0,0,full,0,0,,0,-2,-0.18333333333333335,3,0,1,11
2021/22,2021,2022-03-12,Brentford,Burnley,P Tierney,2,0,6,10,1,1,0,1,full,0,0,,0,0,-0.06666666666666665,4,1,1,11
2021/22,2021,2022-03-12,Man United,Tottenham,J Moss,3,2,8,7,2,1,0,0,full,0,0,,0,-1,-0.10714285714285715,-1,0,1,11
2021/22,2021,2022-03-13,Chelsea,Newcastle,D Coote,1,0,17,16,4,3,0,0,full,0,0,,0,-1,-0.04779411764705882,-1,0,1,11
2021/22,2021,2022-03-13,Everton,Wolves,M Oliver,0,1,13,11,2,1,1,0,full,0,0,,0,-1,-0.06293706293706294,-2,-1,1,11
2021/22,2021,2022-03-13,Leeds,Norwich,S Attwell,2,1,18,8,3,1,0,0,full,0,0,,0,-2,-0.04166666666666666,-10,0,1,11
2021/22,2021,2022-03-13,Southampton,Watford,G Scott,1,2,8,12,3,2,0,0,full,0,0,,0,-1,-0.20833333333333334,4,0,1,11
2021/22,2021,2022-03-13,West Ham,Aston Villa,J Gillett,2,1,9,3,1,0,0,0,full,0,0,,0,-1,-0.1111111111111111,-6,0,1,11
2021/22,2021,2022-03-13,Arsenal,Leicester,A Taylor,2,0,8,10,0,3,0,0,full,0,0,,0,3,0.3,2,0,1,11
2021/22,2021,2022-03-14,Crystal Palace,Man City,M Atkinson,0,0,6,11,3,1,0,0,full,0,0,,0,-2,-0.40909090909090906,5,0,1,11
2021/22,2021,2022-03-16,Brighton,Tottenham,R Jones,0,2,11,9,2,2,0,0,full,0,0,,0,0,0.04040404040404039,-2,0,1,11
2021/22,2021,2022-03-16,Arsenal,Liverpool,A Marriner,0,2,9,9,0,1,0,0,full,0,0,,0,1,0.1111111111111111,0,0,1,11
2021/22,2021,2022-03-17,Everton,Newcastle,C Pawson,1,0,13,11,2,1,1,0,full,0,0,,0,-1,-0.06293706293706294,-2,-1,1,11
2021/22,2021,2022-03-18,Wolves,Leeds,K Friend,2,3,13,14,1,4,1,0,full,0,0,,0,3,0.20879120879120877,1,-1,1,11
2021/22,2021,2022-03-19,Aston Villa,Arsenal,A Madley,0,1,13,14,3,3,0,0,full,0,0,,0,0,-0.016483516483516508,1,0,1,11
2021/22,2021,2022-03-20,Leicester,Brentford,D England,2,1,10,10,1,2,0,0,full,0,0,,0,1,0.1,0,0,1,11
2021/22,2021,2022-03-20,Tottenham,West Ham,A Taylor,3,1,7,7,0,1,0,0,full,0,0,,0,1,0.14285714285714285,0,0,1,11
2021/22,2021,2022-04-02,Liverpool,Watford,S Attwell,2,0,9,8,1,1,0,0,full,0,0,,0,0,0.013888888888888895,-1,0,1,11
2021/22,2021,2022-04-02,Brighton,Norwich,S Hooper,0,0,12,11,1,1,0,0,full,0,0,,0,0,0.007575757575757583,-1,0,1,11
2021/22,2021,2022-04-02,Burnley,Man City,C Pawson,0,2,11,6,1,0,0,0,full,0,0,,0,-1,-0.09090909090909091,-5,0,1,11
2021/22,2021,2022-04-02,Chelsea,Brentford,A Madley,1,4,11,7,0,0,0,0,full,0,0,,0,0,0.0,-4,0,1,11
2021/22,2021,2022-04-02,Leeds,Southampton,A Taylor,1,1,14,7,1,1,0,0,full,0,0,,0,0,0.07142857142857142,-7,0,1,11
2021/22,2021,2022-04-02,Wolves,Aston Villa,D England,2,1,15,8,4,3,0,0,full,0,0,,0,-1,0.10833333333333334,-7,0,1,11
2021/22,2021,2022-04-02,Man United,Leicester,A Marriner,1,1,13,6,2,2,0,0,full,0,0,,0,0,0.17948717948717946,-7,0,1,11
2021/22,2021,2022-04-03,West Ham,Everton,M Oliver,2,1,9,12,1,1,0,1,full,0,0,,0,0,-0.027777777777777776,3,1,1,11
2021/22,2021,2022-04-03,Tottenham,Newcastle,M Atkinson,5,1,10,7,2,3,0,0,full,0,0,,0,1,0.22857142857142854,-3,0,1,11
2021/22,2021,2022-04-04,Crystal Palace,Arsenal,P Tierney,3,0,11,15,0,2,0,0,full,0,0,,0,2,0.13333333333333333,4,0,1,11
2021/22,2021,2022-04-06,Burnley,Everton,M Dean,3,2,11,16,2,2,0,0,full,0,0,,0,0,-0.05681818181818182,5,0,1,11
2021/22,2021,2022-04-08,Newcastle,Wolves,P Bankes,1,0,6,13,1,1,0,0,full,0,0,,0,0,-0.08974358974358973,7,0,1,11
2021/22,2021,2022-04-09,Everton,Man United,J Moss,1,0,4,10,2,2,0,0,full,0,0,,0,0,-0.3,6,0,1,11
2021/22,2021,2022-04-09,Arsenal,Brighton,D Coote,1,2,12,19,3,4,0,0,full,0,0,,0,1,-0.03947368421052633,7,0,1,11
2021/22,2021,2022-04-09,Southampton,Chelsea,K Friend,0,6,11,10,1,0,0,0,full,0,0,,0,-1,-0.09090909090909091,-1,0,1,11
2021/22,2021,2022-04-09,Watford,Leeds,A Marriner,0,3,8,12,2,0,0,0,full,0,0,,0,-2,-0.25,4,0,1,11
2021/22,2021,2022-04-09,Aston Villa,Tottenham,G Scott,0,4,12,14,2,3,0,0,full,0,0,,0,1,0.047619047619047616,2,0,1,11
2021/22,2021,2022-04-10,Brentford,West Ham,M Atkinson,2,0,2,6,0,1,0,0,full,0,0,,1,1,,4,0,1,11
2021/22,2021,2022-04-10,Leicester,Crystal Palace,R Jones,2,1,11,12,1,1,0,0,full,0,0,,0,0,-0.007575757575757583,1,0,1,11
2021/22,2021,2022-04-10,Norwich,Burnley,M Oliver,2,0,12,10,1,1,0,0,full,0,0,,0,0,0.016666666666666677,-2,0,1,11
2021/22,2021,2022-04-10,Man City,Liverpool,A Taylor,2,2,9,11,1,4,0,0,full,0,0,,0,3,0.25252525252525254,2,0,1,11
2021/22,2021,2022-04-16,Tottenham,Brighton,C Pawson,0,1,14,10,3,3,0,0,full,0,0,,0,0,0.08571428571428572,-4,0,1,11
2021/22,2021,2022-04-16,Man United,Norwich,A Madley,3,2,7,6,0,0,0,0,full,0,0,,0,0,0.0,-1,0,1,11
2021/22,2021,2022-04-16,Southampton,Arsenal,P Bankes,1,0,6,6,2,1,0,0,full,0,0,,0,-1,-0.16666666666666666,0,0,1,11
2021/22,2021,2022-04-16,Watford,Brentford,S Hooper,1,2,11,9,2,1,0,0,full,0,0,,0,-1,-0.07070707070707072,-2,0,1,11
2021/22,2021,2022-04-17,Newcastle,Leicester,J Gillett,2,1,10,10,2,2,0,0,full,0,0,,0,0,0.0,0,0,1,11
2021/22,2021,2022-04-17,West Ham,Burnley,P Tierney,1,1,9,10,2,2,0,0,full,0,0,,0,0,-0.0222222222222222,1,0,1,11
2021/22,2021,2022-04-19,Liverpool,Man United,M Atkinson,4,0,3,6,1,2,0,0,full,0,0,,0,1,0.0,3,0,1,11
2021/22,2021,2022-04-20,Chelsea,Arsenal,J Moss,2,4,7,6,3,1,0,0,full,0,0,,0,-2,-0.26190476190476186,-1,0,1,11
2021/22,2021,2022-04-20,Everton,Leicester,D Coote,1,1,8,17,3,1,0,0,full,0,0,,0,-2,-0.3161764705882353,9,0,1,11
2021/22,2021,2022-04-20,Newcastle,Crystal Palace,T Harrington,1,0,12,12,1,1,0,0,full,0,0,,0,0,0.0,0,0,1,11
2021/22,2021,2022-04-20,Man City,Brighton,M Dean,3,0,12,7,0,3,0,0,full,0,0,,0,3,0.42857142857142855,-5,0,1,11
2021/22,2021,2022-04-21,Burnley,Southampton,S Attwell,2,0,7,7,2,2,0,0,full,0,0,,0,0,0.0,0,0,1,11
2021/22,2021,2022-04-23,Arsenal,Man United,C Pawson,3,1,9,12,3,4,0,0,full,0,0,,0,1,0.0,3,0,1,11
2021/22,2021,2022-04-23,Leicester,Aston Villa,A Madley,0,0,15,16,3,2,0,0,full,0,0,,0,-1,-0.07500000000000001,1,0,1,11
2021/22,2021,2022-04-23,Man City,Watford,K Friend,5,1,9,7,1,0,0,0,full,0,0,,0,-1,-0.1111111111111111,-2,0,1,11
2021/22,2021,2022-04-23,Norwich,Newcastle,C Kavanagh,0,3,11,10,0,2,0,0,full,0,0,,0,2,0.2,-1,0,1,11
2021/22,2021,2022-04-23,Brentford,Tottenham,M Atkinson,0,0,8,7,2,1,0,0,full,0,0,,0,-1,-0.10714285714285715,-1,0,1,11
2021/22,2021,2022-04-24,Brighton,Southampton,R Jones,2,2,12,7,1,0,0,0,full,0,0,,0,-1,-0.08333333333333333,-5,0,1,11
2021/22,2021,2022-04-24,Burnley,Wolves,A Taylor,1,0,8,7,3,1,0,0,full,0,0,,0,-2,-0.23214285714285715,-1,0,1,11
2021/22,2021,2022-04-24,Chelsea,West Ham,M Oliver,1,0,11,9,1,0,0,1,full,0,0,,0,-1,-0.09090909090909091,-2,1,1,11
2021/22,2021,2022-04-24,Liverpool,Everton,S Attwell,2,0,8,8,2,5,0,0,full,0,0,,0,3,0.375,0,0,1,11
2021/22,2021,2022-04-25,Crystal Palace,Leeds,D England,0,0,12,13,2,2,0,0,full,0,0,,0,0,-0.012820512820512803,1,0,1,11
2021/22,2021,2022-04-28,Man United,Chelsea,M Dean,1,1,9,12,0,1,0,0,full,0,0,,0,1,0.08333333333333333,3,0,1,11
2021/22,2021,2022-04-30,Newcastle,Liverpool,A Marriner,0,1,11,11,1,3,0,0,full,0,0,,0,2,0.1818181818181818,0,0,1,11
2021/22,2021,2022-04-30,Aston Villa,Norwich,J Brooks,2,0,16,8,4,1,0,0,full,0,0,,0,-3,-0.125,-8,0,1,11
2021/22,2021,2022-04-30,Southampton,Crystal Palace,J Gillett,1,2,13,11,1,3,0,0,full,0,0,,0,2,0.19580419580419578,-2,0,1,11
2021/22,2021,2022-04-30,Watford,Burnley,C Pawson,1,2,13,9,1,2,0,0,full,0,0,,0,1,0.14529914529914528,-4,0,1,11
2021/22,2021,2022-04-30,Wolves,Brighton,S Hooper,0,3,6,4,2,1,0,0,full,0,0,,0,-1,-0.08333333333333331,-2,0,1,11
2021/22,2021,2022-04-30,Leeds,Man City,P Tierney,0,4,13,3,1,2,0,0,full,0,0,,0,1,0.5897435897435896,-10,0,1,11
2021/22,2021,2022-05-01,Everton,Chelsea,K Friend,1,0,9,12,3,5,0,0,full,0,0,,0,2,0.08333333333333337,3,0,1,11
2021/22,2021,2022-05-01,Tottenham,Leicester,J Moss,3,1,13,8,2,3,0,0,full,0,0,,0,1,0.22115384615384615,-5,0,1,11
2021/22,2021,2022-05-01,West Ham,Arsenal,M Dean,1,2,8,9,2,2,0,0,full,0,0,,0,0,-0.02777777777777779,1,0,1,11
2021/22,2021,2022-05-02,Man United,Brentford,C Kavanagh,3,0,4,6,1,0,0,0,full,0,0,,0,-1,-0.25,2,0,1,11
2021/22,2021,2022-05-07,Brentford,Southampton,M Salisbury,3,0,12,9,0,1,0,0,full,0,0,,0,1,0.1111111111111111,-3,0,1,11
2021/22,2021,2022-05-07,Burnley,Aston Villa,D Coote,1,3,13,11,1,2,0,0,full,0,0,,0,1,0.1048951048951049,-2,0,1,11
2021/22,2021,2022-05-07,Chelsea,Wolves,P Bankes,2,2,7,11,1,3,0,0,full,0,0,,0,2,0.12987012987012986,4,0,1,11
2021/22,2021,2022-05-07,Crystal Palace,Watford,G Scott,1,0,11,18,2,1,0,1,full,0,0,,0,-1,-0.12626262626262627,7,1,1,11
2021/22,2021,2022-05-07,Brighton,Man United,A Madley,4,0,13,9,0,2,0,0,full,0,0,,0,2,0.2222222222222222,-4,0,1,11
2021/22,2021,2022-05-07,Liverpool,Tottenham,M Oliver,1,1,12,8,3,2,0,0,full,0,0,,0,-1,0.0,-4,0,1,11
2021/22,2021,2022-05-08,Arsenal,Leeds,C Kavanagh,2,1,13,15,2,2,0,1,full,0,0,,0,0,-0.020512820512820523,2,1,1,11
2021/22,2021,2022-05-08,Leicester,Everton,C Pawson,1,2,11,6,3,0,0,0,full,0,0,,0,-3,-0.2727272727272727,-5,0,1,11
2021/22,2021,2022-05-08,Norwich,West Ham,R Jones,0,4,7,7,1,1,0,0,full,0,0,,0,0,0.0,0,0,1,11
2021/22,2021,2022-05-08,Man City,Newcastle,S Attwell,5,0,6,11,1,3,0,0,full,0,0,,0,2,0.10606060606060605,5,0,1,11
2021/22,2021,2022-05-10,Aston Villa,Liverpool,J Moss,1,2,10,12,0,0,0,0,full,0,0,,0,0,0.0,2,0,1,11
2021/22,2021,2022-05-11,Leeds,Chelsea,A Taylor,0,3,10,14,1,0,1,0,full,0,0,,0,-1,-0.1,4,-1,1,11
2021/22,2021,2022-05-11,Leicester,Norwich,S Hooper,3,0,10,5,0,0,0,0,full,0,0,,0,0,0.0,-5,0,1,11
2021/22,2021,2022-05-11,Watford,Everton,M Dean,0,0,5,12,1,2,0,0,full,0,0,,0,1,-0.033333333333333354,7,0,1,11
2021/22,2021,2022-05-11,Wolves,Man City,M Atkinson,1,5,2,10,0,1,0,0,full,0,0,,1,1,,8,0,1,11
2021/22,2021,2022-05-12,Tottenham,Arsenal,P Tierney,3,0,8,15,1,3,0,1,full,0,0,,0,2,0.07500000000000001,7,1,1,11
2021/22,2021,2022-05-15,Tottenham,Burnley,K Friend,1,0,12,8,3,2,0,0,full,0,0,,0,-1,0.0,-4,0,1,11
2021/22,2021,2022-05-15,Aston Villa,Crystal Palace,C Kavanagh,1,1,11,15,1,3,0,0,full,0,0,,0,2,0.1090909090909091,4,0,1,11
2021/22,2021,2022-05-15,Leeds,Brighton,M Dean,1,1,16,8,3,2,0,0,full,0,0,,0,-1,0.0625,-8,0,1,11
2021/22,2021,2022-05-15,Watford,Leicester,J Gillett,1,5,4,6,0,1,0,0,full,0,0,,0,1,0.16666666666666666,2,0,1,11
2021/22,2021,2022-05-15,West Ham,Man City,A Taylor,2,2,9,5,3,1,0,0,full,0,0,,0,-2,-0.1333333333333333,-4,0,1,11
2021/22,2021,2022-05-15,Wolves,Norwich,T Harrington,1,1,5,10,0,3,0,0,full,0,0,,0,3,0.3,5,0,1,11
2021/22,2021,2022-05-15,Everton,Brentford,M Oliver,2,3,8,8,0,3,2,0,full,0,0,,0,3,0.375,0,-2,1,11
2021/22,2021,2022-05-16,Newcastle,Arsenal,D England,2,0,11,8,0,3,0,0,full,0,0,,0,3,0.375,-3,0,1,11
2021/22,2021,2022-05-17,Southampton,Liverpool,M Atkinson,1,2,6,6,2,0,0,0,full,0,0,,0,-2,-0.3333333333333333,0,0,1,11
2021/22,2021,2022-05-19,Everton,Crystal Palace,A Taylor,3,2,9,13,2,3,0,0,full,0,0,,0,1,0.008547008547008572,4,0,1,11
2021/22,2021,2022-05-19,Aston Villa,Burnley,P Tierney,1,1,11,20,0,1,0,1,full,0,0,,0,1,0.05,9,1,1,11
2021/22,2021,2022-05-19,Chelsea,Leicester,S Attwell,1,1,13,7,4,1,0,0,full,0,0,,0,-3,-0.16483516483516486,-6,0,1,11
2021/22,2021,2022-05-22,Arsenal,Everton,A Marriner,5,1,8,9,0,1,0,0,full,0,0,,0,1,0.1111111111111111,1,0,1,11
2021/22,2021,2022-05-22,Brentford,Leeds,P Tierney,1,2,11,13,2,1,1,0,full,0,0,,0,-1,-0.1048951048951049,2,-1,1,11
2021/22,2021,2022-05-22,Brighton,West Ham,K Friend,3,1,9,9,1,1,0,0,full,0,0,,0,0,0.0,0,0,1,11
2021/22,2021,2022-05-22,Burnley,Newcastle,C Pawson,1,2,8,9,1,0,0,0,full,0,0,,0,-1,-0.125,1,0,1,11
2021/22,2021,2022-05-22,Chelsea,Watford,M Dean,2,1,9,9,0,0,0,0,full,0,0,,0,0,0.0,0,0,1,11
2021/22,2021,2022-05-22,Crystal Palace,Man United,M Atkinson,1,0,12,22,2,4,0,0,full,0,0,,0,2,0.015151515151515166,10,0,1,11
2021/22,2021,2022-05-22,Leicester,Southampton,J Moss,4,1,10,5,0,1,0,0,full,0,0,,0,1,0.2,-5,0,1,11
2021/22,2021,2022-05-22,Liverpool,Wolves,A Taylor,3,1,6,3,1,0,0,0,full,0,0,,0,-1,-0.16666666666666666,-3,0,1,11
2021/22,2021,2022-05-22,Man City,Aston Villa,M Oliver,3,2,5,11,0,1,0,0,full,0,0,,0,1,0.09090909090909091,6,0,1,11
2021/22,2021,2022-05-22,Norwich,Tottenham,C Kavanagh,0,5,13,7,3,1,0,0,full,0,0,,0,-2,-0.08791208791208793,-6,0,1,11
2022/23,2022,2022-08-05,Crystal Palace,Arsenal,A Taylor,0,2,16,11,1,2,0,0,full,0,0,,0,1,0.11931818181818182,-5,0,1,12
2022/23,2022,2022-08-06,Fulham,Liverpool,A Madley,2,2,7,9,2,0,0,0,full,0,0,,0,-2,-0.2857142857142857,2,0,1,12
2022/23,2022,2022-08-06,Bournemouth,Aston Villa,P Bankes,2,0,18,16,3,3,0,0,full,0,0,,0,0,0.020833333333333343,-2,0,1,12
2022/23,2022,2022-08-06,Leeds,Wolves,R Jones,2,1,13,9,2,0,0,0,full,0,0,,0,-2,-0.15384615384615385,-4,0,1,12
2022/23,2022,2022-08-06,Newcastle,Nott'm Forest,S Hooper,2,0,9,14,0,3,0,0,full,0,0,,0,3,0.21428571428571427,5,0,1,12
2022/23,2022,2022-08-06,Tottenham,Southampton,A Marriner,4,1,11,6,3,0,0,0,full,0,0,,0,-3,-0.2727272727272727,-5,0,1,12
2022/23,2022,2022-08-06,Everton,Chelsea,C Pawson,0,1,14,11,3,2,0,0,full,0,0,,0,-1,-0.03246753246753245,-3,0,1,12
2022/23,2022,2022-08-07,Leicester,Brentford,J Gillett,2,2,6,5,0,0,0,0,full,0,0,,0,0,0.0,-1,0,1,12
2022/23,2022,2022-08-07,Man United,Brighton,P Tierney,1,2,7,12,4,1,0,0,full,0,0,,0,-3,-0.4880952380952381,5,0,1,12
2022/23,2022,2022-08-07,West Ham,Man City,M Oliver,0,2,8,4,0,1,0,0,full,0,0,,0,1,0.25,-4,0,1,12
2022/23,2022,2022-08-13,Aston Villa,Everton,M Oliver,2,1,9,7,4,1,0,0,full,0,0,,0,-3,-0.30158730158730157,-2,0,1,12
2022/23,2022,2022-08-13,Arsenal,Leicester,D England,4,2,15,9,1,1,0,0,full,0,0,,0,0,0.04444444444444444,-6,0,1,12
2022/23,2022,2022-08-13,Brighton,Newcastle,G Scott,0,0,8,6,2,3,0,0,full,0,0,,0,1,0.25,-2,0,1,12
2022/23,2022,2022-08-13,Man City,Bournemouth,D Coote,4,0,9,9,0,3,0,0,full,0,0,,0,3,0.3333333333333333,0,0,1,12
2022/23,2022,2022-08-13,Southampton,Leeds,T Harrington,2,2,10,12,1,3,0,0,full,0,0,,0,2,0.15,2,0,1,12
2022/23,2022,2022-08-13,Wolves,Fulham,J Brooks,0,0,7,14,3,3,0,0,full,0,0,,0,0,-0.21428571428571427,7,0,1,12
2022/23,2022,2022-08-13,Brentford,Man United,S Attwell,4,0,6,15,0,4,0,0,full,0,0,,0,4,0.26666666666666666,9,0,1,12
2022/23,2022,2022-08-14,Nott'm Forest,West Ham,R Jones,1,0,10,11,4,1,0,0,full,0,0,,0,-3,-0.3090909090909091,1,0,1,12
2022/23,2022,2022-08-14,Chelsea,Tottenham,A Taylor,2,2,9,9,3,0,0,0,full,0,0,,0,-3,-0.3333333333333333,0,0,1,12
2022/23,2022,2022-08-15,Liverpool,Crystal Palace,P Tierney,1,1,7,8,2,4,1,0,full,0,0,,0,2,0.2142857142857143,1,-1,1,12
2022/23,2022,2022-08-20,Tottenham,Wolves,S Hooper,1,0,10,8,2,2,0,0,full,0,0,,0,0,0.04999999999999999,-2,0,1,12
2022/23,2022,2022-08-20,Crystal Palace,Aston Villa,A Madley,3,1,16,14,2,1,0,0,full,0,0,,0,-1,-0.053571428571428575,-2,0,1,12
2022/23,2022,2022-08-20,Everton,Nott'm Forest,A Marriner,1,1,6,9,3,2,0,0,full,0,0,,0,-1,-0.2777777777777778,3,0,1,12
2022/23,2022,2022-08-20,Fulham,Brentford,P Bankes,3,2,13,7,3,2,0,0,full,0,0,,0,-1,0.054945054945054916,-6,0,1,12
2022/23,2022,2022-08-20,Leicester,Southampton,M Salisbury,1,2,11,15,2,3,0,0,full,0,0,,0,1,0.018181818181818188,4,0,1,12
2022/23,2022,2022-08-20,Bournemouth,Arsenal,C Pawson,0,3,12,10,2,1,0,0,full,0,0,,0,-1,-0.06666666666666665,-2,0,1,12
2022/23,2022,2022-08-21,Leeds,Chelsea,S Attwell,3,0,16,15,0,1,0,1,full,0,0,,0,1,0.06666666666666667,-1,1,1,12
2022/23,2022,2022-08-21,West Ham,Brighton,A Taylor,0,2,10,7,2,0,0,0,full,0,0,,0,-2,-0.2,-3,0,1,12
2022/23,2022,2022-08-21,Newcastle,Man City,J Gillett,3,3,14,7,4,2,0,0,full,0,0,,0,-2,0.0,-7,0,1,12
2022/23,2022,2022-08-22,Man United,Liverpool,M Oliver,2,1,11,7,3,1,0,0,full,0,0,,0,-2,-0.12987012987012986,-4,0,1,12
2022/23,2022,2022-08-27,Southampton,Man United,A Madley,0,1,4,14,0,3,0,0,full,0,0,,0,3,0.21428571428571427,10,0,1,12
2022/23,2022,2022-08-27,Brentford,Everton,J Brooks,1,1,8,8,2,2,0,0,full,0,0,,0,0,0.0,0,0,1,12
2022/23,2022,2022-08-27,Brighton,Leeds,M Salisbury,1,0,10,14,2,3,0,0,full,0,0,,0,1,0.014285714285714263,4,0,1,12
2022/23,2022,2022-08-27,Chelsea,Leicester,P Tierney,2,1,10,7,1,2,1,0,full,0,0,,0,1,0.1857142857142857,-3,-1,1,12
2022/23,2022,2022-08-27,Liverpool,Bournemouth,S Attwell,9,0,6,5,0,1,0,0,full,0,0,,0,1,0.2,-1,0,1,12
2022/23,2022,2022-08-27,Man City,Crystal Palace,D England,4,2,14,8,1,2,0,0,full,0,0,,0,1,0.17857142857142858,-6,0,1,12
2022/23,2022,2022-08-27,Arsenal,Fulham,J Gillett,2,1,6,12,2,3,0,0,full,0,0,,0,1,-0.08333333333333331,6,0,1,12
2022/23,2022,2022-08-28,Aston Villa,West Ham,D Coote,0,1,10,10,2,0,0,0,full,0,0,,0,-2,-0.2,0,0,1,12
2022/23,2022,2022-08-28,Wolves,Newcastle,P Bankes,1,1,10,11,2,1,0,0,full,0,0,,0,-1,-0.1090909090909091,1,0,1,12
2022/23,2022,2022-08-28,Nott'm Forest,Tottenham,C Pawson,0,2,11,13,6,1,0,0,full,0,0,,0,-5,-0.4685314685314685,2,0,1,12
2022/23,2022,2022-08-30,Crystal Palace,Brentford,S Hooper,1,1,11,8,1,2,0,0,full,0,0,,0,1,0.1590909090909091,-3,0,1,12
2022/23,2022,2022-08-30,Fulham,Brighton,T Bramall,2,1,9,11,2,1,0,0,full,0,0,,0,-1,-0.1313131313131313,2,0,1,12
2022/23,2022,2022-08-30,Southampton,Chelsea,M Oliver,2,1,15,10,2,1,0,0,full,0,0,,0,-1,-0.033333333333333326,-5,0,1,12
2022/23,2022,2022-08-30,Leeds,Everton,D England,1,1,10,9,3,3,0,0,full,0,0,,0,0,0.033333333333333326,-1,0,1,12
2022/23,2022,2022-08-31,Arsenal,Aston Villa,R Jones,2,1,10,14,2,3,0,0,full,0,0,,0,1,0.014285714285714263,4,0,1,12
2022/23,2022,2022-08-31,Bournemouth,Wolves,A Taylor,0,0,12,12,2,1,0,0,full,0,0,,0,-1,-0.08333333333333333,0,0,1,12
2022/23,2022,2022-08-31,Man City,Nott'm Forest,P Tierney,6,0,9,7,0,1,0,0,full,0,0,,0,1,0.14285714285714285,-2,0,1,12
2022/23,2022,2022-08-31,West Ham,Tottenham,P Bankes,1,1,10,9,2,5,0,0,full,0,0,,0,3,0.35555555555555557,-1,0,1,12
2022/23,2022,2022-08-31,Liverpool,Newcastle,A Marriner,2,1,9,10,0,2,0,0,full,0,0,,0,2,0.2,1,0,1,12
2022/23,2022,2022-09-01,Leicester,Man United,C Pawson,0,1,7,15,1,3,0,0,full,0,0,,0,2,0.05714285714285716,8,0,1,12
2022/23,2022,2022-09-03,Everton,Liverpool,A Taylor,0,0,7,11,2,2,0,0,full,0,0,,0,0,-0.10389610389610388,4,0,1,12
2022/23,2022,2022-09-03,Brentford,Leeds,R Jones,5,2,8,9,2,2,0,0,full,0,0,,0,0,-0.02777777777777779,1,0,1,12
2022/23,2022,2022-09-03,Chelsea,West Ham,A Madley,2,1,6,11,4,2,0,0,full,0,0,,0,-2,-0.4848484848484848,5,0,1,12
2022/23,2022,2022-09-03,Newcastle,Crystal Palace,M Salisbury,0,0,19,12,2,1,0,0,full,0,0,,0,-1,-0.021929824561403508,-7,0,1,12
2022/23,2022,2022-09-03,Nott'm Forest,Bournemouth,M Oliver,2,3,13,10,2,1,0,0,full,0,0,,0,-1,-0.05384615384615385,-3,0,1,12
2022/23,2022,2022-09-03,Tottenham,Fulham,S Attwell,2,1,9,6,3,4,0,0,full,0,0,,0,1,0.3333333333333333,-3,0,1,12
2022/23,2022,2022-09-03,Wolves,Southampton,J Brooks,1,0,10,14,4,2,0,0,full,0,0,,0,-2,-0.2571428571428572,4,0,1,12
2022/23,2022,2022-09-03,Aston Villa,Man City,S Hooper,1,1,7,6,2,0,0,0,full,0,0,,0,-2,-0.2857142857142857,-1,0,1,12
2022/23,2022,2022-09-04,Brighton,Leicester,T Harrington,5,2,6,8,1,1,0,0,full,0,0,,0,0,-0.04166666666666666,2,0,1,12
2022/23,2022,2022-09-04,Man United,Arsenal,P Tierney,3,1,13,9,3,3,0,0,full,0,0,,0,0,0.10256410256410253,-4,0,1,12
2022/23,2022,2022-09-16,Aston Villa,Southampton,T Harrington,1,0,13,13,3,1,0,0,full,0,0,,0,-2,-0.15384615384615385,0,0,1,12
2022/23,2022,2022-09-16,Nott'm Forest,Fulham,J Gillett,2,3,11,10,2,4,0,0,full,0,0,,0,2,0.2181818181818182,-1,0,1,12
2022/23,2022,2022-09-17,Wolves,Man City,A Taylor,0,3,7,9,2,1,1,0,full,0,0,,0,-1,-0.1746031746031746,2,-1,1,12
2022/23,2022,2022-09-17,Newcastle,Bournemouth,C Pawson,1,1,10,11,2,2,0,0,full,0,0,,0,0,-0.018181818181818188,1,0,1,12
2022/23,2022,2022-09-17,Tottenham,Leicester,S Hooper,6,2,9,9,1,2,0,0,full,0,0,,0,1,0.1111111111111111,0,0,1,12
2022/23,2022,2022-09-18,Brentford,Arsenal,D Coote,0,3,10,10,0,2,0,0,full,0,0,,0,2,0.2,0,0,1,12
2022/23,2022,2022-09-18,Everton,West Ham,M Oliver,1,0,8,11,3,1,0,0,full,0,0,,0,-2,-0.28409090909090906,3,0,1,12
2022/23,2022,2022-10-01,Arsenal,Tottenham,A Taylor,3,1,10,10,2,1,0,1,full,0,0,,0,-1,-0.1,0,1,1,12
2022/23,2022,2022-10-01,Bournemouth,Brentford,T Bramall,0,0,11,10,1,2,0,0,full,0,0,,0,1,0.1090909090909091,-1,0,1,12
2022/23,2022,2022-10-01,Crystal Palace,Chelsea,C Kavanagh,1,2,11,13,1,3,0,0,full,0,0,,0,2,0.13986013986013987,2,0,1,12
2022/23,2022,2022-10-01,Fulham,Newcastle,D England,1,4,9,10,2,0,1,0,full,0,0,,0,-2,-0.2222222222222222,1,-1,1,12
2022/23,2022,2022-10-01,Liverpool,Brighton,A Madley,3,3,9,13,1,1,0,0,full,0,0,,0,0,-0.03418803418803418,4,0,1,12
2022/23,2022,2022-10-01,Southampton,Everton,A Marriner,1,2,11,10,2,2,0,0,full,0,0,,0,0,0.018181818181818188,-1,0,1,12
2022/23,2022,2022-10-01,West Ham,Wolves,P Tierney,2,0,8,6,2,2,0,0,full,0,0,,0,0,0.08333333333333331,-2,0,1,12
2022/23,2022,2022-10-02,Man City,Man United,M Oliver,6,3,3,9,0,3,0,0,full,0,0,,0,3,0.3333333333333333,6,0,1,12
2022/23,2022,2022-10-02,Leeds,Aston Villa,S Attwell,0,0,23,12,3,2,1,0,full,0,0,,0,-1,0.03623188405797101,-11,-1,1,12
2022/23,2022,2022-10-03,Leicester,Nott'm Forest,R Jones,4,0,13,12,2,4,0,0,full,0,0,,0,2,0.17948717948717946,-1,0,1,12
2022/23,2022,2022-10-08,Bournemouth,Leicester,M Salisbury,2,1,8,16,1,2,0,0,full,0,0,,0,1,0.0,8,0,1,12
2022/23,2022,2022-10-08,Chelsea,Wolves,S Hooper,3,0,8,8,2,0,0,0,full,0,0,,0,-2,-0.25,0,0,1,12
2022/23,2022,2022-10-08,Man City,Southampton,A Madley,4,0,4,8,0,1,0,0,full,0,0,,0,1,0.125,4,0,1,12
2022/23,2022,2022-10-08,Newcastle,Brentford,J Brooks,5,1,14,9,0,1,0,0,full,0,0,,0,1,0.1111111111111111,-5,0,1,12
2022/23,2022,2022-10-08,Brighton,Tottenham,T Harrington,0,1,9,14,1,2,0,0,full,0,0,,0,1,0.031746031746031744,5,0,1,12
2022/23,2022,2022-10-09,Crystal Palace,Leeds,P Tierney,2,1,13,23,3,3,0,0,full,0,0,,0,0,-0.10033444816053513,10,0,1,12
2022/23,2022,2022-10-09,West Ham,Fulham,C Kavanagh,3,1,9,7,1,3,0,0,full,0,0,,0,2,0.31746031746031744,-2,0,1,12
2022/23,2022,2022-10-09,Arsenal,Liverpool,M Oliver,3,2,11,11,1,2,0,0,full,0,0,,0,1,0.09090909090909091,0,0,1,12
2022/23,2022,2022-10-09,Everton,Man United,D Coote,1,2,7,13,2,1,0,0,full,0,0,,0,-1,-0.20879120879120877,6,0,1,12
2022/23,2022,2022-10-10,Nott'm Forest,Aston Villa,A Taylor,1,1,13,19,3,3,0,0,full,0,0,,0,0,-0.07287449392712553,6,0,1,12
2022/23,2022,2022-10-14,Brentford,Brighton,M Salisbury,2,0,12,15,3,1,0,0,full,0,0,,0,-2,-0.18333333333333335,3,0,1,12
2022/23,2022,2022-10-15,Leicester,Crystal Palace,A Madley,0,0,18,13,2,2,0,0,full,0,0,,0,0,0.04273504273504275,-5,0,1,12
2022/23,2022,2022-10-15,Fulham,Bournemouth,G Scott,2,2,9,11,2,0,0,0,full,0,0,,0,-2,-0.2222222222222222,2,0,1,12
2022/23,2022,2022-10-15,Wolves,Nott'm Forest,T Bramall,1,0,17,13,2,2,0,0,full,0,0,,0,0,0.036199095022624445,-4,0,1,12
2022/23,2022,2022-10-15,Tottenham,Everton,P Tierney,2,0,12,13,1,4,0,0,full,0,0,,0,3,0.2243589743589744,1,0,1,12
2022/23,2022,2022-10-16,Aston Villa,Chelsea,R Jones,0,2,12,11,0,3,0,0,full,0,0,,0,3,0.2727272727272727,-1,0,1,12
2022/23,2022,2022-10-16,Leeds,Arsenal,C Kavanagh,0,1,10,11,0,2,0,0,full,0,0,,0,2,0.18181818181818182,1,0,1,12
2022/23,2022,2022-10-16,Man United,Newcastle,C Pawson,0,0,13,11,3,1,0,0,full,0,0,,0,-2,-0.13986013986013987,-2,0,1,12
2022/23,2022,2022-10-16,Southampton,West Ham,P Bankes,1,1,7,3,1,1,0,0,full,0,0,,0,0,0.19047619047619047,-4,0,1,12
2022/23,2022,2022-10-16,Liverpool,Man City,A Taylor,1,0,10,7,3,1,0,0,full,0,0,,0,-2,-0.15714285714285714,-3,0,1,12
2022/23,2022,2022-10-18,Brighton,Nott'm Forest,D England,0,0,10,14,3,1,0,0,full,0,0,,0,-2,-0.22857142857142856,4,0,1,12
2022/23,2022,2022-10-18,Crystal Palace,Wolves,D Coote,2,1,14,18,3,1,0,0,full,0,0,,0,-2,-0.15873015873015872,4,0,1,12
2022/23,2022,2022-10-19,Bournemouth,Southampton,J Brooks,0,1,8,13,1,3,0,0,full,0,0,,0,2,0.10576923076923078,5,0,1,12
2022/23,2022,2022-10-19,Brentford,Chelsea,J Gillett,0,0,7,7,0,0,0,0,full,0,0,,0,0,0.0,0,0,1,12
2022/23,2022,2022-10-19,Liverpool,West Ham,S Attwell,1,0,9,8,0,0,0,0,full,0,0,,0,0,0.0,-1,0,1,12
2022/23,2022,2022-10-19,Newcastle,Everton,T Harrington,1,0,9,12,2,4,0,0,full,0,0,,0,2,0.1111111111111111,3,0,1,12
2022/23,2022,2022-10-19,Man United,Tottenham,S Hooper,2,0,7,7,1,0,0,0,full,0,0,,0,-1,-0.14285714285714285,0,0,1,12
2022/23,2022,2022-10-20,Fulham,Aston Villa,M Oliver,3,0,11,11,0,2,0,1,full,0,0,,0,2,0.18181818181818182,0,1,1,12
2022/23,2022,2022-10-20,Leicester,Leeds,P Bankes,2,0,15,11,2,1,0,0,full,0,0,,0,-1,-0.04242424242424242,-4,0,1,12
2022/23,2022,2022-10-22,Nott'm Forest,Liverpool,P Tierney,1,0,14,8,2,1,0,0,full,0,0,,0,-1,-0.01785714285714285,-6,0,1,12
2022/23,2022,2022-10-22,Everton,Crystal Palace,S Hooper,3,0,16,14,3,4,0,0,full,0,0,,0,1,0.0982142857142857,-2,0,1,12
2022/23,2022,2022-10-22,Man City,Brighton,C Pawson,3,1,11,12,1,3,0,0,full,0,0,,0,2,0.1590909090909091,1,0,1,12
2022/23,2022,2022-10-22,Chelsea,Man United,S Attwell,1,1,8,10,1,4,0,0,full,0,0,,0,3,0.275,2,0,1,12
2022/23,2022,2022-10-23,Aston Villa,Brentford,D England,4,0,14,11,1,0,0,0,full,0,0,,0,-1,-0.07142857142857142,-3,0,1,12
2022/23,2022,2022-10-23,Leeds,Fulham,A Taylor,2,3,12,8,1,1,0,0,full,0,0,,0,0,0.04166666666666667,-4,0,1,12
2022/23,2022,2022-10-23,Southampton,Arsenal,R Jones,1,1,11,8,2,1,0,0,full,0,0,,0,-1,-0.05681818181818182,-3,0,1,12
2022/23,2022,2022-10-23,Wolves,Leicester,M Oliver,0,4,10,13,2,1,0,0,full,0,0,,0,-1,-0.12307692307692308,3,0,1,12
2022/23,2022,2022-10-23,Tottenham,Newcastle,J Gillett,1,2,12,6,4,2,0,0,full,0,0,,0,-2,0.0,-6,0,1,12
2022/23,2022,2022-10-24,West Ham,Bournemouth,D Coote,2,0,9,11,0,2,0,0,full,0,0,,0,2,0.18181818181818182,2,0,1,12
2022/23,2022,2022-10-29,Leicester,Man City,R Jones,0,1,5,10,0,0,0,0,full,0,0,,0,0,0.0,5,0,1,12
2022/23,2022,2022-10-29,Bournemouth,Tottenham,A Taylor,2,3,10,5,1,2,0,0,full,0,0,,0,1,0.30000000000000004,-5,0,1,12
2022/23,2022,2022-10-29,Brentford,Wolves,R Madley,1,1,10,17,3,3,0,1,full,0,0,,0,0,-0.12352941176470586,7,1,1,12
2022/23,2022,2022-10-29,Brighton,Chelsea,A Madley,4,1,16,6,1,2,0,0,full,0,0,,0,1,0.2708333333333333,-10,0,1,12
2022/23,2022,2022-10-29,Crystal Palace,Southampton,M Salisbury,1,0,13,12,3,3,0,0,full,0,0,,0,0,0.019230769230769218,-1,0,1,12
2022/23,2022,2022-10-29,Newcastle,Aston Villa,P Tierney,4,0,11,11,1,1,0,0,full,0,0,,0,0,0.0,0,0,1,12
2022/23,2022,2022-10-29,Fulham,Everton,J Brooks,0,0,10,8,2,1,0,0,full,0,0,,0,-1,-0.07500000000000001,-2,0,1,12
2022/23,2022,2022-10-29,Liverpool,Leeds,M Oliver,1,2,9,3,0,1,0,0,full,0,0,,0,1,0.3333333333333333,-6,0,1,12
2022/23,2022,2022-10-30,Arsenal,Nott'm Forest,S Hooper,5,0,9,8,0,1,0,0,full,0,0,,0,1,0.125,-1,0,1,12
2022/23,2022,2022-10-30,Man United,West Ham,C Kavanagh,1,0,12,10,1,3,0,0,full,0,0,,0,2,0.21666666666666667,-2,0,1,12
2022/23,2022,2022-11-05,Leeds,Bournemouth,T Harrington,4,3,16,10,2,2,0,0,full,0,0,,0,0,0.07500000000000001,-6,0,1,12
2022/23,2022,2022-11-05,Man City,Fulham,D England,2,1,6,11,2,4,1,0,full,0,0,,0,2,0.03030303030303033,5,-1,1,12
2022/23,2022,2022-11-05,Nott'm Forest,Brentford,A Marriner,2,2,10,11,2,2,0,0,full,0,0,,0,0,-0.018181818181818188,1,0,1,12
2022/23,2022,2022-11-05,Wolves,Brighton,G Scott,2,3,15,11,2,0,1,0,full,0,0,,0,-2,-0.13333333333333333,-4,-1,1,12
2022/23,2022,2022-11-05,Everton,Leicester,D Coote,0,2,9,5,0,0,0,0,full,0,0,,0,0,0.0,-4,0,1,12
2022/23,2022,2022-11-06,Chelsea,Arsenal,M Oliver,0,1,20,13,5,2,0,0,full,0,0,,0,-3,-0.09615384615384615,-7,0,1,12
2022/23,2022,2022-11-06,Aston Villa,Man United,A Taylor,3,1,6,12,3,3,0,0,full,0,0,,0,0,-0.25,6,0,1,12
2022/23,2022,2022-11-06,Southampton,Newcastle,S Attwell,1,4,7,10,1,0,0,0,full,0,0,,0,-1,-0.14285714285714285,3,0,1,12
2022/23,2022,2022-11-06,West Ham,Crystal Palace,P Tierney,1,2,10,7,1,1,0,0,full,0,0,,0,0,0.042857142857142844,-3,0,1,12
2022/23,2022,2022-11-06,Tottenham,Liverpool,A Madley,1,2,10,8,0,0,0,0,full,0,0,,0,0,0.0,-2,0,1,12
2022/23,2022,2022-11-12,Man City,Brentford,P Bankes,1,2,9,7,2,2,0,0,full,0,0,,0,0,0.06349206349206349,-2,0,1,12
2022/23,2022,2022-11-12,Bournemouth,Everton,C Pawson,3,0,12,8,2,0,0,0,full,0,0,,0,-2,-0.16666666666666666,-4,0,1,12
2022/23,2022,2022-11-12,Liverpool,Southampton,S Hooper,3,1,8,8,0,2,0,0,full,0,0,,0,2,0.25,0,0,1,12
2022/23,2022,2022-11-12,Nott'm Forest,Crystal Palace,J Brooks,1,0,11,13,1,4,0,0,full,0,0,,0,3,0.2167832167832168,2,0,1,12
2022/23,2022,2022-11-12,Tottenham,Leeds,M Salisbury,4,3,8,7,1,1,0,1,full,0,0,,0,0,0.01785714285714285,-1,1,1,12
2022/23,2022,2022-11-12,West Ham,Leicester,J Gillett,0,2,9,8,3,1,0,0,full,0,0,,0,-2,-0.20833333333333331,-1,0,1,12
2022/23,2022,2022-11-12,Newcastle,Chelsea,R Jones,1,0,14,11,3,2,0,0,full,0,0,,0,-1,-0.03246753246753245,-3,0,1,12
2022/23,2022,2022-11-12,Wolves,Arsenal,S Attwell,0,2,5,6,3,2,0,0,full,0,0,,0,-1,-0.26666666666666666,1,0,1,12
2022/23,2022,2022-11-13,Brighton,Aston Villa,C Kavanagh,1,2,14,11,2,7,0,0,full,0,0,,0,5,0.4935064935064935,-3,0,1,12
2022/23,2022,2022-11-13,Fulham,Man United,P Tierney,1,2,9,10,1,1,0,0,full,0,0,,0,0,-0.0111111111111111,1,0,1,12
2022/23,2022,2022-12-26,Brentford,Tottenham,D Coote,2,2,11,10,3,1,0,0,full,0,0,,0,-2,-0.1727272727272727,-1,0,1,12
2022/23,2022,2022-12-26,Crystal Palace,Fulham,A Madley,0,3,12,15,0,0,2,0,full,0,0,,0,0,0.0,3,-2,1,12
2022/23,2022,2022-12-26,Everton,Wolves,C Pawson,1,2,9,22,1,6,0,0,full,0,0,,0,5,0.1616161616161616,13,0,1,12
2022/23,2022,2022-12-26,Leicester,Newcastle,J Gillett,0,3,9,6,0,0,0,0,full,0,0,,0,0,0.0,-3,0,1,12
2022/23,2022,2022-12-26,Southampton,Brighton,R Jones,1,3,9,10,1,2,0,0,full,0,0,,0,1,0.0888888888888889,1,0,1,12
2022/23,2022,2022-12-26,Aston Villa,Liverpool,P Tierney,1,3,7,12,0,0,0,0,full,0,0,,0,0,0.0,5,0,1,12
2022/23,2022,2022-12-26,Arsenal,West Ham,M Oliver,3,1,13,17,0,2,0,0,full,0,0,,0,2,0.11764705882352941,4,0,1,12
2022/23,2022,2022-12-27,Chelsea,Bournemouth,S Hooper,2,0,8,10,0,0,0,0,full,0,0,,0,0,0.0,2,0,1,12
2022/23,2022,2022-12-27,Man United,Nott'm Forest,A Taylor,3,0,13,4,3,1,0,0,full,0,0,,0,-2,0.019230769230769218,-9,0,1,12
2022/23,2022,2022-12-28,Leeds,Man City,S Attwell,1,3,11,14,3,3,0,0,full,0,0,,0,0,-0.05844155844155843,3,0,1,12
2022/23,2022,2022-12-30,West Ham,Brentford,D England,0,2,9,5,1,0,0,0,full,0,0,,0,-1,-0.1111111111111111,-4,0,1,12
2022/23,2022,2022-12-30,Liverpool,Leicester,C Pawson,2,1,8,15,0,1,0,0,full,0,0,,0,1,0.06666666666666667,7,0,1,12
2022/23,2022,2022-12-31,Wolves,Man United,R Jones,0,1,11,11,1,3,0,0,full,0,0,,0,2,0.1818181818181818,0,0,1,12
2022/23,2022,2022-12-31,Bournemouth,Crystal Palace,A Marriner,0,2,17,11,4,1,0,0,full,0,0,,0,-3,-0.1443850267379679,-6,0,1,12
2022/23,2022,2022-12-31,Fulham,Southampton,G Scott,2,1,8,13,0,1,0,0,full,0,0,,0,1,0.07692307692307693,5,0,1,12
2022/23,2022,2022-12-31,Man City,Everton,A Madley,1,1,13,14,3,4,0,0,full,0,0,,0,1,0.054945054945054916,1,0,1,12
2022/23,2022,2022-12-31,Newcastle,Leeds,S Hooper,0,0,13,19,3,5,0,0,full,0,0,,0,2,0.03238866396761131,6,0,1,12
2022/23,2022,2022-12-31,Brighton,Arsenal,A Taylor,2,4,7,11,3,3,0,0,full,0,0,,0,0,-0.15584415584415584,4,0,1,12
2022/23,2022,2023-01-01,Tottenham,Aston Villa,J Brooks,0,2,15,10,4,3,0,0,full,0,0,,0,-1,0.033333333333333326,-5,0,1,12
2022/23,2022,2023-01-01,Nott'm Forest,Chelsea,P Bankes,1,1,16,14,2,2,0,0,full,0,0,,0,0,0.01785714285714285,-2,0,1,12
2022/23,2022,2023-01-02,Brentford,Liverpool,S Attwell,3,1,5,8,1,3,0,0,full,0,0,,0,2,0.175,3,0,1,12
2022/23,2022,2023-01-03,Arsenal,Newcastle,A Madley,0,0,10,16,4,4,0,0,full,0,0,,0,0,-0.15000000000000002,6,0,1,12
2022/23,2022,2023-01-03,Everton,Brighton,A Marriner,1,4,8,10,3,1,0,0,full,0,0,,0,-2,-0.275,2,0,1,12
2022/23,2022,2023-01-03,Leicester,Fulham,D Bond,0,1,12,11,2,6,0,0,full,0,0,,0,4,0.3787878787878788,-1,0,1,12
2022/23,2022,2023-01-03,Man United,Bournemouth,M Salisbury,3,0,13,7,0,3,0,0,full,0,0,,0,3,0.42857142857142855,-6,0,1,12
2022/23,2022,2023-01-04,Southampton,Nott'm Forest,T Bramall,0,1,14,17,2,2,0,0,full,0,0,,0,0,-0.02521008403361344,3,0,1,12
2022/23,2022,2023-01-04,Leeds,West Ham,D Coote,2,2,11,18,3,1,0,0,full,0,0,,0,-2,-0.21717171717171715,7,0,1,12
2022/23,2022,2023-01-04,Aston Villa,Wolves,J Gillett,1,1,6,12,1,3,0,0,full,0,0,,0,2,0.08333333333333334,6,0,1,12
2022/23,2022,2023-01-04,Crystal Palace,Tottenham,M Oliver,0,4,11,8,1,2,0,0,full,0,0,,0,1,0.1590909090909091,-3,0,1,12
2022/23,2022,2023-01-05,Chelsea,Man City,P Tierney,0,1,9,9,2,0,0,0,full,0,0,,0,-2,-0.2222222222222222,0,0,1,12
2022/23,2022,2023-01-12,Fulham,Chelsea,D Coote,2,1,12,16,4,3,0,1,full,0,0,,0,-1,-0.14583333333333331,4,1,1,12
2022/23,2022,2023-01-13,Aston Villa,Leeds,M Oliver,2,1,12,8,2,2,0,0,full,0,0,,0,0,0.08333333333333334,-4,0,1,12
2022/23,2022,2023-01-14,Man United,Man City,S Attwell,2,1,15,5,3,0,0,0,full,0,0,,0,-3,-0.2,-10,0,1,12
2022/23,2022,2023-01-14,Brighton,Liverpool,D England,3,0,8,15,1,3,0,0,full,0,0,,0,2,0.07500000000000001,7,0,1,12
2022/23,2022,2023-01-14,Everton,Southampton,J Brooks,1,2,7,19,0,3,0,0,full,0,0,,0,3,0.15789473684210525,12,0,1,12
2022/23,2022,2023-01-14,Nott'm Forest,Leicester,P Tierney,2,0,11,12,1,2,0,0,full,0,0,,0,1,0.07575757575757575,1,0,1,12
2022/23,2022,2023-01-14,Wolves,West Ham,S Hooper,1,0,10,7,0,2,0,0,full,0,0,,0,2,0.2857142857142857,-3,0,1,12
2022/23,2022,2023-01-14,Brentford,Bournemouth,J Gillett,2,0,5,9,1,1,0,0,full,0,0,,0,0,-0.0888888888888889,4,0,1,12
2022/23,2022,2023-01-15,Chelsea,Crystal Palace,P Bankes,1,0,10,17,2,5,0,0,full,0,0,,0,3,0.09411764705882353,7,0,1,12
2022/23,2022,2023-01-15,Newcastle,Fulham,R Jones,1,0,6,14,1,3,0,0,full,0,0,,0,2,0.047619047619047616,8,0,1,12
2022/23,2022,2023-01-15,Tottenham,Arsenal,C Pawson,0,2,16,15,4,2,0,0,full,0,0,,0,-2,-0.11666666666666667,-1,0,1,12
2022/23,2022,2023-01-18,Crystal Palace,Man United,R Jones,1,1,9,10,1,2,0,0,full,0,0,,0,1,0.0888888888888889,1,0,1,12
2022/23,2022,2023-01-19,Man City,Tottenham,S Hooper,4,2,10,14,1,2,0,0,full,0,0,,0,1,0.042857142857142844,4,0,1,12
2022/23,2022,2023-01-21,Liverpool,Chelsea,M Oliver,0,0,16,9,3,1,0,0,full,0,0,,0,-2,-0.0763888888888889,-7,0,1,12
2022/23,2022,2023-01-21,Bournemouth,Nott'm Forest,A Madley,1,1,10,7,1,2,0,0,full,0,0,,0,1,0.1857142857142857,-3,0,1,12
2022/23,2022,2023-01-21,Leicester,Brighton,T Bramall,2,2,9,9,0,1,0,0,full,0,0,,0,1,0.1111111111111111,0,0,1,12
2022/23,2022,2023-01-21,Southampton,Aston Villa,M Salisbury,0,1,19,9,1,2,0,0,full,0,0,,0,1,0.1695906432748538,-10,0,1,12
2022/23,2022,2023-01-21,West Ham,Everton,S Attwell,2,0,9,6,1,1,0,0,full,0,0,,0,0,0.05555555555555555,-3,0,1,12
2022/23,2022,2023-01-21,Crystal Palace,Newcastle,C Pawson,0,0,13,7,4,2,0,0,full,0,0,,0,-2,-0.02197802197802201,-6,0,1,12
2022/23,2022,2023-01-22,Leeds,Brentford,P Bankes,0,0,10,18,2,2,0,0,full,0,0,,0,0,-0.0888888888888889,8,0,1,12
2022/23,2022,2023-01-22,Man City,Wolves,D Coote,3,0,10,10,1,2,0,0,full,0,0,,0,1,0.1,0,0,1,12
2022/23,2022,2023-01-22,Arsenal,Man United,A Taylor,3,2,8,9,1,2,0,0,full,0,0,,0,1,0.09722222222222221,1,0,1,12
2022/23,2022,2023-01-23,Fulham,Tottenham,P Tierney,0,1,10,10,1,3,0,0,full,0,0,,0,2,0.19999999999999998,0,0,1,12
2022/23,2022,2023-02-03,Chelsea,Fulham,S Attwell,0,0,16,12,1,4,0,0,full,0,0,,0,3,0.2708333333333333,-4,0,1,12
2022/23,2022,2023-02-04,Everton,Arsenal,D Coote,1,0,13,8,4,1,0,0,full,0,0,,0,-3,-0.1826923076923077,-5,0,1,12
2022/23,2022,2023-02-04,Aston Villa,Leicester,D England,2,4,10,10,0,2,0,0,full,0,0,,0,2,0.2,0,0,1,12
2022/23,2022,2023-02-04,Brentford,Southampton,D Bond,3,0,10,9,1,2,0,0,full,0,0,,0,1,0.1222222222222222,-1,0,1,12
2022/23,2022,2023-02-04,Brighton,Bournemouth,C Pawson,1,0,14,7,3,1,0,0,full,0,0,,0,-2,-0.07142857142857142,-7,0,1,12
2022/23,2022,2023-02-04,Man United,Crystal Palace,A Marriner,2,1,9,9,1,2,1,0,full,0,0,,0,1,0.1111111111111111,0,-1,1,12
2022/23,2022,2023-02-04,Wolves,Liverpool,P Tierney,3,0,9,7,1,1,0,0,full,0,0,,0,0,0.031746031746031744,-2,0,1,12
2022/23,2022,2023-02-04,Newcastle,West Ham,P Bankes,1,1,11,13,2,1,0,0,full,0,0,,0,-1,-0.1048951048951049,2,0,1,12
2022/23,2022,2023-02-05,Nott'm Forest,Leeds,R Jones,1,0,15,14,4,2,0,0,full,0,0,,0,-2,-0.12380952380952381,-1,0,1,12
2022/23,2022,2023-02-05,Tottenham,Man City,A Madley,1,0,19,14,2,3,1,0,full,0,0,,0,1,0.10902255639097744,-5,-1,1,12
2022/23,2022,2023-02-08,Man United,Leeds,S Hooper,2,2,7,11,1,3,0,0,full,0,0,,0,2,0.12987012987012986,4,0,1,12
2022/23,2022,2023-02-11,West Ham,Chelsea,C Pawson,1,1,9,11,1,1,0,0,full,0,0,,0,0,-0.020202020202020193,2,0,1,12
2022/23,2022,2023-02-11,Arsenal,Brentford,P Bankes,1,1,9,9,0,2,0,0,full,0,0,,0,2,0.2222222222222222,0,0,1,12
2022/23,2022,2023-02-11,Crystal Palace,Brighton,M Oliver,1,1,10,11,4,1,0,0,full,0,0,,0,-3,-0.3090909090909091,1,0,1,12
2022/23,2022,2023-02-11,Fulham,Nott'm Forest,A Madley,2,0,9,11,0,1,0,0,full,0,0,,0,1,0.09090909090909091,2,0,1,12
2022/23,2022,2023-02-11,Leicester,Tottenham,M Salisbury,4,1,14,9,5,2,0,0,full,0,0,,0,-3,-0.13492063492063494,-5,0,1,12
2022/23,2022,2023-02-11,Southampton,Wolves,J Gillett,1,2,12,14,2,2,0,1,full,0,0,,0,0,-0.023809523809523808,2,1,1,12
2022/23,2022,2023-02-11,Bournemouth,Newcastle,S Attwell,1,1,8,10,2,3,0,0,full,0,0,,0,1,0.04999999999999999,2,0,1,12
2022/23,2022,2023-02-12,Leeds,Man United,P Tierney,0,2,10,13,2,1,0,0,full,0,0,,0,-1,-0.12307692307692308,3,0,1,12
2022/23,2022,2023-02-12,Man City,Aston Villa,R Jones,3,1,13,14,1,2,0,0,full,0,0,,0,1,0.06593406593406592,1,0,1,12
2022/23,2022,2023-02-13,Liverpool,Everton,S Hooper,2,0,8,16,1,3,0,0,full,0,0,,0,2,0.0625,8,0,1,12
2022/23,2022,2023-02-15,Arsenal,Man City,A Taylor,1,3,11,15,2,3,0,0,full,0,0,,0,1,0.018181818181818188,4,0,1,12
2022/23,2022,2023-02-18,Aston Villa,Arsenal,S Hooper,2,4,13,4,2,1,0,0,full,0,0,,0,-1,0.09615384615384615,-9,0,1,12
2022/23,2022,2023-02-18,Brentford,Crystal Palace,P Tierney,1,1,10,8,2,2,0,0,full,0,0,,0,0,0.04999999999999999,-2,0,1,12
2022/23,2022,2023-02-18,Brighton,Fulham,D England,0,1,12,14,0,5,0,0,full,0,0,,0,5,0.35714285714285715,2,0,1,12
2022/23,2022,2023-02-18,Chelsea,Southampton,D Coote,0,1,16,24,3,6,0,0,full,0,0,,0,3,0.0625,8,0,1,12
2022/23,2022,2023-02-18,Everton,Leeds,A Madley,1,0,8,6,2,3,0,0,full,0,0,,0,1,0.25,-2,0,1,12
2022/23,2022,2023-02-18,Nott'm Forest,Man City,G Scott,1,1,8,6,1,0,0,0,full,0,0,,0,-1,-0.125,-2,0,1,12
2022/23,2022,2023-02-18,Wolves,Bournemouth,M Salisbury,0,1,12,10,3,3,0,0,full,0,0,,0,0,0.04999999999999999,-2,0,1,12
2022/23,2022,2023-02-18,Newcastle,Liverpool,A Taylor,0,2,3,8,1,1,1,0,full,0,0,,0,0,-0.20833333333333331,5,-1,1,12
2022/23,2022,2023-02-19,Man United,Leicester,S Attwell,3,0,9,9,0,2,0,0,full,0,0,,0,2,0.2222222222222222,0,0,1,12
2022/23,2022,2023-02-19,Tottenham,West Ham,M Oliver,2,0,16,10,2,1,0,0,full,0,0,,0,-1,-0.024999999999999994,-6,0,1,12
2022/23,2022,2023-02-24,Fulham,Wolves,M Oliver,1,1,12,17,2,0,0,0,full,0,0,,0,-2,-0.16666666666666666,5,0,1,12
2022/23,2022,2023-02-25,Everton,Aston Villa,A Taylor,0,2,12,12,2,1,0,0,full,0,0,,0,-1,-0.08333333333333333,0,0,1,12
2022/23,2022,2023-02-25,Leeds,Southampton,P Bankes,1,0,15,13,2,4,0,0,full,0,0,,0,2,0.17435897435897438,-2,0,1,12
2022/23,2022,2023-02-25,Leicester,Arsenal,C Pawson,0,1,14,9,0,1,0,0,full,0,0,,0,1,0.1111111111111111,-5,0,1,12
2022/23,2022,2023-02-25,West Ham,Nott'm Forest,J Gillett,4,0,8,5,0,0,0,0,full,0,0,,0,0,0.0,-3,0,1,12
2022/23,2022,2023-02-25,Bournemouth,Man City,P Tierney,1,4,10,9,2,2,0,0,full,0,0,,0,0,0.0222222222222222,-1,0,1,12
2022/23,2022,2023-02-25,Crystal Palace,Liverpool,D England,0,0,11,14,2,5,0,0,full,0,0,,0,3,0.17532467532467533,3,0,1,12
2022/23,2022,2023-02-26,Tottenham,Chelsea,S Attwell,2,0,10,10,2,3,0,0,full,0,0,,0,1,0.09999999999999998,0,0,1,12
2022/23,2022,2023-03-01,Arsenal,Everton,M Oliver,4,0,5,12,0,2,0,0,full,0,0,,0,2,0.16666666666666666,7,0,1,12
2022/23,2022,2023-03-01,Liverpool,Wolves,P Tierney,2,0,13,14,2,3,0,0,full,0,0,,0,1,0.06043956043956042,1,0,1,12
2022/23,2022,2023-03-04,Man City,Newcastle,S Hooper,2,0,8,13,2,4,0,0,full,0,0,,0,2,0.05769230769230771,5,0,1,12
2022/23,2022,2023-03-04,Arsenal,Bournemouth,C Kavanagh,3,2,6,8,0,2,0,0,full,0,0,,0,2,0.25,2,0,1,12
2022/23,2022,2023-03-04,Aston Villa,Crystal Palace,C Pawson,1,0,14,17,2,3,0,1,full,0,0,,0,1,0.03361344537815128,3,1,1,12
2022/23,2022,2023-03-04,Brighton,West Ham,S Attwell,4,0,6,8,0,3,0,0,full,0,0,,0,3,0.375,2,0,1,12
2022/23,2022,2023-03-04,Chelsea,Leeds,M Oliver,1,0,10,7,2,0,0,0,full,0,0,,0,-2,-0.2,-3,0,1,12
2022/23,2022,2023-03-04,Wolves,Tottenham,T Robinson,1,0,11,18,1,1,0,0,full,0,0,,0,0,-0.03535353535353536,7,0,1,12
2022/23,2022,2023-03-04,Southampton,Leicester,R Jones,1,0,12,11,4,2,0,0,full,0,0,,0,-2,-0.1515151515151515,-1,0,1,12
2022/23,2022,2023-03-05,Nott'm Forest,Everton,J Brooks,2,2,11,17,3,5,0,0,full,0,0,,0,2,0.021390374331550832,6,0,1,12
2022/23,2022,2023-03-05,Liverpool,Man United,A Madley,7,0,13,14,2,3,0,0,full,0,0,,0,1,0.06043956043956042,1,0,1,12
2022/23,2022,2023-03-06,Brentford,Fulham,A Taylor,3,2,12,17,0,3,0,0,full,0,0,,0,3,0.17647058823529413,5,0,1,12
2022/23,2022,2023-03-11,Bournemouth,Liverpool,J Brooks,1,0,7,9,2,1,0,0,full,0,0,,0,-1,-0.1746031746031746,2,0,1,12
2022/23,2022,2023-03-11,Everton,Brentford,S Hooper,1,0,11,12,2,1,0,0,full,0,0,,0,-1,-0.0984848484848485,1,0,1,12
2022/23,2022,2023-03-11,Leeds,Brighton,P Tierney,2,2,12,9,1,1,0,0,full,0,0,,0,0,0.027777777777777776,-3,0,1,12
2022/23,2022,2023-03-11,Leicester,Chelsea,A Marriner,1,3,10,11,1,2,1,0,full,0,0,,0,1,0.08181818181818182,1,-1,1,12
2022/23,2022,2023-03-11,Tottenham,Nott'm Forest,C Pawson,3,1,13,13,3,1,0,0,full,0,0,,0,-2,-0.15384615384615385,0,0,1,12
2022/23,2022,2023-03-11,Crystal Palace,Man City,R Jones,0,1,11,17,2,2,0,0,full,0,0,,0,0,-0.06417112299465241,6,0,1,12
2022/23,2022,2023-03-12,Fulham,Arsenal,D Coote,0,3,10,9,0,1,0,0,full,0,0,,0,1,0.1111111111111111,-1,0,1,12
2022/23,2022,2023-03-12,Man United,Southampton,A Taylor,0,0,12,9,2,0,0,0,full,0,0,,0,-2,-0.16666666666666666,-3,0,1,12
2022/23,2022,2023-03-12,West Ham,Aston Villa,C Kavanagh,1,1,8,6,1,0,0,0,full,0,0,,0,-1,-0.125,-2,0,1,12
2022/23,2022,2023-03-12,Newcastle,Wolves,A Madley,2,1,11,10,1,2,0,0,full,0,0,,0,1,0.1090909090909091,-1,0,1,12
2022/23,2022,2023-03-15,Brighton,Crystal Palace,P Bankes,1,0,13,20,1,2,0,0,full,0,0,,0,1,0.023076923076923078,7,0,1,12
2022/23,2022,2023-03-15,Southampton,Brentford,M Salisbury,0,2,14,10,1,2,0,0,full,0,0,,0,1,0.1285714285714286,-4,0,1,12
2022/23,2022,2023-03-17,Nott'm Forest,Newcastle,P Tierney,1,2,17,9,5,1,0,0,full,0,0,,0,-4,-0.18300653594771243,-8,0,1,12
2022/23,2022,2023-03-18,Aston Villa,Bournemouth,R Jones,3,0,8,13,1,4,0,0,full,0,0,,0,3,0.1826923076923077,5,0,1,12
2022/23,2022,2023-03-18,Brentford,Leicester,D Bond,1,1,10,11,1,2,1,0,full,0,0,,0,1,0.08181818181818182,1,-1,1,12
2022/23,2022,2023-03-18,Southampton,Tottenham,S Hooper,3,3,13,8,1,1,0,0,full,0,0,,0,0,0.04807692307692307,-5,0,1,12
2022/23,2022,2023-03-18,Wolves,Leeds,M Salisbury,2,4,15,9,3,5,1,0,full,0,0,,0,2,0.35555555555555557,-6,-1,1,12
2022/23,2022,2023-03-18,Chelsea,Everton,D England,2,2,8,12,2,2,0,0,full,0,0,,0,0,-0.08333333333333334,4,0,1,12
2022/23,2022,2023-03-19,Arsenal,Crystal Palace,S Attwell,4,1,8,10,0,1,0,0,full,0,0,,0,1,0.1,2,0,1,12
2022/23,2022,2023-04-01,Man City,Liverpool,S Hooper,4,1,9,12,1,1,0,0,full,0,0,,0,0,-0.027777777777777776,3,0,1,12
2022/23,2022,2023-04-01,Arsenal,Leeds,D England,4,1,11,13,0,2,0,0,full,0,0,,0,2,0.15384615384615385,2,0,1,12
2022/23,2022,2023-04-01,Bournemouth,Fulham,P Bankes,2,1,15,13,1,4,0,0,full,0,0,,0,3,0.24102564102564106,-2,0,1,12
2022/23,2022,2023-04-01,Brighton,Brentford,M Oliver,3,3,16,10,2,1,0,0,full,0,0,,0,-1,-0.024999999999999994,-6,0,1,12
2022/23,2022,2023-04-01,Crystal Palace,Leicester,T Robinson,2,1,12,16,3,4,0,0,full,0,0,,0,1,0.0,4,0,1,12
2022/23,2022,2023-04-01,Nott'm Forest,Wolves,C Kavanagh,1,1,14,13,3,5,0,0,full,0,0,,0,2,0.17032967032967036,-1,0,1,12
2022/23,2022,2023-04-01,Chelsea,Aston Villa,A Madley,0,2,14,16,3,3,0,0,full,0,0,,0,0,-0.026785714285714274,2,0,1,12
2022/23,2022,2023-04-02,West Ham,Southampton,P Tierney,1,0,10,11,0,2,0,0,full,0,0,,0,2,0.18181818181818182,1,0,1,12
2022/23,2022,2023-04-02,Newcastle,Man United,S Attwell,2,0,8,12,0,0,0,0,full,0,0,,0,0,0.0,4,0,1,12
2022/23,2022,2023-04-03,Everton,Tottenham,D Coote,1,1,10,14,0,3,1,1,full,0,0,,0,3,0.21428571428571427,4,0,1,12
2022/23,2022,2023-04-04,Bournemouth,Brighton,D Bond,0,2,11,5,1,1,0,0,full,0,0,,0,0,0.1090909090909091,-6,0,1,12
2022/23,2022,2023-04-04,Leeds,Nott'm Forest,R Jones,2,1,11,13,1,4,0,0,full,0,0,,0,3,0.2167832167832168,2,0,1,12
2022/23,2022,2023-04-04,Leicester,Aston Villa,G Scott,1,2,10,14,2,0,1,0,full,0,0,,0,-2,-0.2,4,-1,1,12
2022/23,2022,2023-04-04,Chelsea,Liverpool,A Taylor,0,0,6,17,1,4,0,0,full,0,0,,0,3,0.06862745098039216,11,0,1,12
2022/23,2022,2023-04-05,Man United,Brentford,J Brooks,1,0,8,13,3,2,0,0,full,0,0,,0,-1,-0.22115384615384615,5,0,1,12
2022/23,2022,2023-04-05,West Ham,Newcastle,C Pawson,1,5,11,12,2,1,0,0,full,0,0,,0,-1,-0.0984848484848485,1,0,1,12
2022/23,2022,2023-04-08,Man United,Everton,M Oliver,2,0,10,9,0,0,0,0,full,0,0,,0,0,0.0,-1,0,1,12
2022/23,2022,2023-04-08,Aston Villa,Nott'm Forest,A Taylor,2,0,7,17,3,4,0,0,full,0,0,,0,1,-0.19327731092436973,10,0,1,12
2022/23,2022,2023-04-08,Brentford,Newcastle,C Kavanagh,1,2,10,15,0,0,0,0,full,0,0,,0,0,0.0,5,0,1,12
2022/23,2022,2023-04-08,Fulham,West Ham,J Gillett,0,1,10,12,1,1,0,0,full,0,0,,0,0,-0.016666666666666677,2,0,1,12
2022/23,2022,2023-04-08,Leicester,Bournemouth,D Coote,0,1,10,13,0,3,0,0,full,0,0,,0,3,0.23076923076923078,3,0,1,12
2022/23,2022,2023-04-08,Tottenham,Brighton,S Attwell,2,1,15,15,3,1,0,0,full,0,0,,0,-2,-0.13333333333333336,0,0,1,12
2022/23,2022,2023-04-08,Wolves,Chelsea,P Bankes,1,0,14,10,2,5,0,0,full,0,0,,0,3,0.35714285714285715,-4,0,1,12
2022/23,2022,2023-04-08,Southampton,Man City,R Jones,1,4,6,10,0,2,0,0,full,0,0,,0,2,0.2,4,0,1,12
2022/23,2022,2023-04-09,Leeds,Crystal Palace,S Hooper,1,5,11,8,3,1,0,0,full,0,0,,0,-2,-0.1477272727272727,-3,0,1,12
2022/23,2022,2023-04-09,Liverpool,Arsenal,P Tierney,2,2,11,11,4,4,0,0,full,0,0,,0,0,0.0,0,0,1,12
2022/23,2022,2023-04-15,Aston Villa,Newcastle,J Brooks,3,0,13,15,1,1,0,0,full,0,0,,0,0,-0.010256410256410262,2,0,1,12
2022/23,2022,2023-04-15,Chelsea,Brighton,R Jones,1,2,11,11,2,2,0,0,full,0,0,,0,0,0.0,0,0,1,12
2022/23,2022,2023-04-15,Everton,Fulham,A Taylor,1,3,10,6,3,2,0,0,full,0,0,,0,-1,0.033333333333333326,-4,0,1,12
2022/23,2022,2023-04-15,Southampton,Crystal Palace,M Oliver,0,2,6,13,3,1,0,0,full,0,0,,0,-2,-0.4230769230769231,7,0,1,12
2022/23,2022,2023-04-15,Tottenham,Bournemouth,A Madley,2,3,8,9,1,2,0,0,full,0,0,,0,1,0.09722222222222221,1,0,1,12
2022/23,2022,2023-04-15,Wolves,Brentford,P Tierney,2,0,12,8,1,1,0,0,full,0,0,,0,0,0.04166666666666667,-4,0,1,12
2022/23,2022,2023-04-15,Man City,Leicester,D England,3,1,8,8,1,1,0,0,full,0,0,,0,0,0.0,0,0,1,12
2022/23,2022,2023-04-16,West Ham,Arsenal,D Coote,2,2,11,8,1,2,0,0,full,0,0,,0,1,0.1590909090909091,-3,0,1,12
2022/23,2022,2023-04-16,Nott'm Forest,Man United,S Hooper,0,2,9,9,2,2,0,0,full,0,0,,0,0,0.0,0,0,1,12
2022/23,2022,2023-04-17,Leeds,Liverpool,C Pawson,1,6,6,12,0,1,0,0,full,0,0,,0,1,0.08333333333333333,6,0,1,12
2022/23,2022,2023-04-21,Arsenal,Southampton,S Hooper,3,3,10,14,1,5,0,0,full,0,0,,0,4,0.2571428571428571,4,0,1,12
2022/23,2022,2023-04-22,Fulham,Leeds,P Bankes,2,1,10,15,1,4,0,0,full,0,0,,0,3,0.16666666666666666,5,0,1,12
2022/23,2022,2023-04-22,Brentford,Aston Villa,M Salisbury,1,1,12,8,3,2,0,0,full,0,0,,0,-1,0.0,-4,0,1,12
2022/23,2022,2023-04-22,Crystal Palace,Everton,J Brooks,0,0,12,14,1,1,0,1,full,0,0,,0,0,-0.011904761904761904,2,1,1,12
2022/23,2022,2023-04-22,Leicester,Wolves,A Madley,2,1,17,16,1,3,0,0,full,0,0,,0,2,0.12867647058823528,-1,0,1,12
2022/23,2022,2023-04-22,Liverpool,Nott'm Forest,M Oliver,3,2,9,12,0,1,0,0,full,0,0,,0,1,0.08333333333333333,3,0,1,12
2022/23,2022,2023-04-23,Bournemouth,West Ham,A Taylor,0,4,7,8,1,2,0,0,full,0,0,,0,1,0.10714285714285715,1,0,1,12
2022/23,2022,2023-04-23,Newcastle,Tottenham,D Coote,6,1,7,13,0,3,0,0,full,0,0,,0,3,0.23076923076923078,6,0,1,12
2022/23,2022,2023-04-25,Wolves,Crystal Palace,R Jones,2,0,13,14,5,4,0,0,full,0,0,,0,-1,-0.09890109890109894,1,0,1,12
2022/23,2022,2023-04-25,Aston Villa,Fulham,T Bramall,1,0,6,18,3,2,0,0,full,0,0,,0,-1,-0.3888888888888889,12,0,1,12
2022/23,2022,2023-04-25,Leeds,Leicester,P Tierney,1,1,14,15,4,2,0,0,full,0,0,,0,-2,-0.15238095238095237,1,0,1,12
2022/23,2022,2023-04-26,Nott'm Forest,Brighton,J Gillett,3,1,7,8,2,0,0,0,full,0,0,,0,-2,-0.2857142857142857,1,0,1,12
2022/23,2022,2023-04-26,Chelsea,Brentford,A Madley,0,2,5,13,1,2,0,0,full,0,0,,0,1,-0.046153846153846156,8,0,1,12
2022/23,2022,2023-04-26,West Ham,Liverpool,C Kavanagh,1,2,6,8,0,0,0,0,full,0,0,,0,0,0.0,2,0,1,12
2022/23,2022,2023-04-26,Man City,Arsenal,M Oliver,4,1,13,13,3,1,0,0,full,0,0,,0,-2,-0.15384615384615385,0,0,1,12
2022/23,2022,2023-04-27,Everton,Newcastle,A Marriner,1,4,8,6,2,1,0,0,full,0,0,,0,-1,-0.08333333333333334,-2,0,1,12
2022/23,2022,2023-04-27,Southampton,Bournemouth,D England,0,1,9,11,0,3,0,0,full,0,0,,0,3,0.2727272727272727,2,0,1,12
2022/23,2022,2023-04-27,Tottenham,Man United,A Taylor,2,2,8,7,1,2,0,0,full,0,0,,0,1,0.1607142857142857,-1,0,1,12
2022/23,2022,2023-04-29,Crystal Palace,West Ham,C Pawson,4,3,9,17,1,2,0,0,full,0,0,,0,1,0.006535947712418305,8,0,1,12
2022/23,2022,2023-04-29,Brentford,Nott'm Forest,P Bankes,2,1,6,13,1,2,0,0,full,0,0,,0,1,-0.012820512820512803,7,0,1,12
2022/23,2022,2023-04-29,Brighton,Wolves,D Coote,6,0,14,11,1,1,0,0,full,0,0,,0,0,0.019480519480519487,-3,0,1,12
2022/23,2022,2023-04-30,Bournemouth,Leeds,C Kavanagh,4,1,12,14,1,0,0,0,full,0,0,,0,-1,-0.08333333333333333,2,0,1,12
2022/23,2022,2023-04-30,Fulham,Man City,S Hooper,1,2,9,10,1,3,0,0,full,0,0,,0,2,0.18888888888888888,1,0,1,12
2022/23,2022,2023-04-30,Man United,Aston Villa,J Gillett,1,0,16,7,2,0,0,0,full,0,0,,0,-2,-0.125,-9,0,1,12
2022/23,2022,2023-04-30,Newcastle,Southampton,A Taylor,3,1,7,10,1,4,0,0,full,0,0,,0,3,0.2571428571428572,3,0,1,12
2022/23,2022,2023-04-30,Liverpool,Tottenham,P Tierney,4,3,12,6,3,2,0,0,full,0,0,,0,-1,0.08333333333333331,-6,0,1,12
2022/23,2022,2023-05-01,Leicester,Everton,M Oliver,2,2,10,12,4,1,0,0,full,0,0,,0,-3,-0.3166666666666667,2,0,1,12
2022/23,2022,2023-05-02,Arsenal,Chelsea,R Jones,3,1,10,10,0,2,0,0,full,0,0,,0,2,0.2,0,0,1,12
2022/23,2022,2023-05-03,Liverpool,Fulham,S Attwell,1,0,10,8,0,0,0,0,full,0,0,,0,0,0.0,-2,0,1,12
2022/23,2022,2023-05-03,Man City,West Ham,J Brooks,3,0,8,8,0,1,0,0,full,0,0,,0,1,0.125,0,0,1,12
2022/23,2022,2023-05-04,Brighton,Man United,A Marriner,1,0,10,14,4,4,0,0,full,0,0,,0,0,-0.11428571428571432,4,0,1,12
2022/23,2022,2023-05-06,Bournemouth,Chelsea,J Brooks,1,3,9,11,1,3,0,0,full,0,0,,0,2,0.1616161616161616,2,0,1,12
2022/23,2022,2023-05-06,Man City,Leeds,A Madley,2,1,3,16,0,3,0,0,full,0,0,,0,3,0.1875,13,0,1,12
2022/23,2022,2023-05-06,Tottenham,Crystal Palace,D England,1,0,15,14,3,5,0,0,full,0,0,,0,2,0.15714285714285714,-1,0,1,12
2022/23,2022,2023-05-06,Wolves,Aston Villa,S Attwell,1,0,20,9,3,3,0,0,full,0,0,,0,0,0.18333333333333332,-11,0,1,12
2022/23,2022,2023-05-06,Liverpool,Brentford,A Taylor,1,0,19,10,4,2,0,0,full,0,0,,0,-2,-0.010526315789473661,-9,0,1,12
2022/23,2022,2023-05-07,Newcastle,Arsenal,C Kavanagh,0,2,16,12,2,1,0,0,full,0,0,,0,-1,-0.04166666666666667,-4,0,1,12
2022/23,2022,2023-05-07,West Ham,Man United,P Bankes,1,0,4,9,0,2,0,0,full,0,0,,0,2,0.2222222222222222,5,0,1,12
2022/23,2022,2023-05-08,Fulham,Leicester,R Jones,5,3,13,15,0,3,0,0,full,0,0,,0,3,0.2,2,0,1,12
2022/23,2022,2023-05-08,Brighton,Everton,S Hooper,1,5,11,13,1,5,0,0,full,0,0,,0,4,0.29370629370629375,2,0,1,12
2022/23,2022,2023-05-08,Nott'm Forest,Southampton,M Oliver,4,3,16,10,1,0,0,0,full,0,0,,0,-1,-0.0625,-6,0,1,12
2022/23,2022,2023-05-13,Leeds,Newcastle,S Hooper,2,2,16,14,3,2,1,0,full,0,0,,0,-1,-0.04464285714285715,-2,-1,1,12
2022/23,2022,2023-05-13,Aston Villa,Tottenham,P Bankes,2,1,9,14,3,3,0,0,full,0,0,,0,0,-0.11904761904761904,5,0,1,12
2022/23,2022,2023-05-13,Chelsea,Nott'm Forest,P Tierney,2,2,13,15,3,1,0,0,full,0,0,,0,-2,-0.16410256410256413,2,0,1,12
2022/23,2022,2023-05-13,Crystal Palace,Bournemouth,M Salisbury,2,0,5,12,0,2,0,0,full,0,0,,0,2,0.16666666666666666,7,0,1,12
2022/23,2022,2023-05-13,Man United,Wolves,J Brooks,2,0,9,9,3,2,0,0,full,0,0,,0,-1,-0.1111111111111111,0,0,1,12
2022/23,2022,2023-05-13,Southampton,Fulham,T Bramall,0,2,17,12,2,0,0,0,full,0,0,,0,-2,-0.11764705882352941,-5,0,1,12
2022/23,2022,2023-05-14,Brentford,West Ham,M Oliver,2,0,5,5,1,0,0,0,full,0,0,,0,-1,-0.2,0,0,1,12
2022/23,2022,2023-05-14,Everton,Man City,A Taylor,0,3,12,4,1,0,0,0,full,0,0,,0,-1,-0.08333333333333333,-8,0,1,12
2022/23,2022,2023-05-14,Arsenal,Brighton,A Madley,0,3,13,17,1,2,0,0,full,0,0,,0,1,0.04072398190045248,4,0,1,12
2022/23,2022,2023-05-15,Leicester,Liverpool,C Pawson,0,3,11,17,2,1,0,0,full,0,0,,0,-1,-0.12299465240641712,6,0,1,12
2022/23,2022,2023-05-18,Newcastle,Brighton,R Jones,4,1,17,16,2,4,0,0,full,0,0,,0,2,0.1323529411764706,-1,0,1,12
2022/23,2022,2023-05-20,Tottenham,Brentford,J Gillett,1,3,11,9,1,1,0,0,full,0,0,,0,0,0.020202020202020193,-2,0,1,12
2022/23,2022,2023-05-20,Bournemouth,Man United,C Kavanagh,0,1,6,7,1,0,0,0,full,0,0,,0,-1,-0.16666666666666666,1,0,1,12
2022/23,2022,2023-05-20,Fulham,Crystal Palace,J Smith,2,2,13,12,3,0,0,0,full,0,0,,0,-3,-0.23076923076923078,-1,0,1,12
2022/23,2022,2023-05-20,Liverpool,Aston Villa,J Brooks,1,1,16,13,3,5,0,0,full,0,0,,0,2,0.19711538461538464,-3,0,1,12
2022/23,2022,2023-05-20,Wolves,Everton,D Coote,1,1,18,10,5,1,0,0,full,0,0,,0,-4,-0.17777777777777778,-8,0,1,12
2022/23,2022,2023-05-20,Nott'm Forest,Arsenal,A Taylor,1,0,11,12,3,2,0,0,full,0,0,,0,-1,-0.10606060606060605,1,0,1,12
2022/23,2022,2023-05-21,West Ham,Leeds,P Bankes,3,1,6,11,1,3,0,0,full,0,0,,0,2,0.10606060606060605,5,0,1,12
2022/23,2022,2023-05-21,Brighton,Southampton,P Tierney,3,1,8,9,2,5,0,0,full,0,0,,0,3,0.3055555555555556,1,0,1,12
2022/23,2022,2023-05-21,Man City,Chelsea,M Oliver,1,0,12,9,0,2,0,0,full,0,0,,0,2,0.2222222222222222,-3,0,1,12
2022/23,2022,2023-05-22,Newcastle,Leicester,A Marriner,0,0,9,5,2,0,0,0,full,0,0,,0,-2,-0.2222222222222222,-4,0,1,12
2022/23,2022,2023-05-24,Brighton,Man City,S Hooper,1,1,16,11,2,1,0,0,full,0,0,,0,-1,-0.03409090909090909,-5,0,1,12
2022/23,2022,2023-05-25,Man United,Chelsea,S Attwell,4,1,12,6,1,1,0,0,full,0,0,,0,0,0.08333333333333333,-6,0,1,12
2022/23,2022,2023-05-28,Arsenal,Wolves,A Marriner,5,0,8,11,0,0,0,0,full,0,0,,0,0,0.0,3,0,1,12
2022/23,2022,2023-05-28,Aston Villa,Brighton,D Coote,2,1,15,16,4,4,0,0,full,0,0,,0,0,-0.016666666666666663,1,0,1,12
2022/23,2022,2023-05-28,Brentford,Man City,J Brooks,1,0,12,8,4,0,0,0,full,0,0,,0,-4,-0.3333333333333333,-4,0,1,12
2022/23,2022,2023-05-28,Chelsea,Newcastle,J Gillett,1,1,9,11,0,0,0,0,full,0,0,,0,0,0.0,2,0,1,12
2022/23,2022,2023-05-28,Crystal Palace,Nott'm Forest,T Bramall,1,1,9,13,0,2,0,0,full,0,0,,0,2,0.15384615384615385,4,0,1,12
2022/23,2022,2023-05-28,Everton,Bournemouth,S Attwell,1,0,11,12,1,3,0,0,full,0,0,,0,2,0.1590909090909091,1,0,1,12
2022/23,2022,2023-05-28,Leeds,Tottenham,A Taylor,1,4,7,5,3,0,0,0,full,0,0,,0,-3,-0.42857142857142855,-2,0,1,12
2022/23,2022,2023-05-28,Leicester,West Ham,S Hooper,2,1,8,10,1,1,0,0,full,0,0,,0,0,-0.024999999999999994,2,0,1,12
2022/23,2022,2023-05-28,Man United,Fulham,R Jones,2,1,14,10,1,2,0,0,full,0,0,,0,1,0.1285714285714286,-4,0,1,12
2022/23,2022,2023-05-28,Southampton,Liverpool,D England,4,4,4,10,0,2,0,0,full,0,0,,0,2,0.2,6,0,1,12
