season,season_start,Date,HomeTeam,AwayTeam,Referee,FTHG,FTAG,HF,AF,HY,AY,HR,AR,crowd,ghost,partial,attendance,low_fouls,card_diff,cpf_diff,foul_diff,red_diff,var,trend,home_elo,away_elo,elo_diff
2010/11,2010,2010-08-14,Aston Villa,West Ham,M Dean,3,0,15,15,1,2,0,0,full,0,0,,0,1,0.0666666666666666,0,0,0,0,1500.0,1500.0,0.0
2010/11,2010,2010-08-14,Blackburn,Everton,P Dowd,1,0,19,14,2,1,0,0,full,0,0,,0,-1,-0.0338345864661654,-5,0,0,0,1500.0,1500.0,0.0
2010/11,2010,2010-08-14,Bolton,Fulham,S Attwell,0,0,12,13,1,3,0,0,full,0,0,,0,2,0.1474358974358974,1,0,0,0,1500.0,1500.0,0.0
2010/11,2010,2010-08-14,Chelsea,West Brom,M Clattenburg,6,0,10,10,1,0,0,0,full,0,0,,0,-1,-0.1,0,0,0,0,1500.0,1500.0,0.0
2010/11,2010,2010-08-14,Sunderland,Birmingham,A Taylor,2,2,13,10,3,3,1,0,full,0,0,,0,0,0.0692307692307692,-3,-1,0,0,1500.0,1500.0,0.0
2010/11,2010,2010-08-14,Tottenham,Man City,A Marriner,0,0,13,16,0,2,0,0,full,0,0,,0,2,0.125,3,0,0,0,1500.0,1500.0,0.0
2010/11,2010,2010-08-14,Wigan,Blackpool,M Halsey,0,4,8,11,1,1,0,0,full,0,0,,0,0,-0.034090909090909,3,0,0,0,1500.0,1500.0,0.0
2010/11,2010,2010-08-14,Wolves,Stoke,L Probert,2,1,17,13,0,2,0,0,full,0,0,,0,2,0.1538461538461538,-4,0,0,0,1500.0,1500.0,0.0
2010/11,2010,2010-08-15,Liverpool,Arsenal,M Atkinson,1,1,13,15,1,3,1,1,full,0,0,,0,2,0.123076923076923,2,0,0,0,1500.0,1500.0,0.0
2010/11,2010,2010-08-16,Man United,Newcastle,C Foy,3,0,9,5,2,2,0,0,full,0,0,,0,0,0.1777777777777778,-4,0,0,0,1500.0,1500.0,0.0
2010/11,2010,2010-08-21,Arsenal,Blackpool,M Jones,6,0,9,3,0,0,0,1,full,0,0,,0,0,0.0,-6,1,0,0,1501.7099735734362,1511.7099735734362,-10.0
2010/11,2010,2010-08-21,Birmingham,Blackburn,M Oliver,2,1,13,14,2,3,0,0,full,0,0,,0,1,0.0604395604395604,1,0,0,0,1501.7099735734362,1508.2900264265638,-6.580052853127654
2010/11,2010,2010-08-21,Everton,Wolves,L Mason,1,1,18,15,1,2,0,0,full,0,0,,0,1,0.0777777777777777,-3,0,0,0,1491.7099735734362,1508.2900264265638,-16.580052853127654
2010/11,2010,2010-08-21,Stoke,Tottenham,C Foy,1,2,15,4,3,1,0,0,full,0,0,,0,-2,0.0499999999999999,-11,0,0,0,1491.7099735734362,1498.2900264265638,-6.580052853127654
2010/11,2010,2010-08-21,West Brom,Sunderland,K Friend,1,0,16,12,2,2,0,0,full,0,0,,0,0,0.0416666666666666,-4,0,0,0,1491.7099735734362,1498.2900264265638,-6.580052853127654
2010/11,2010,2010-08-21,West Ham,Bolton,A Marriner,1,3,11,18,2,4,0,0,full,0,0,,0,2,0.0404040404040403,7,0,0,0,1491.7099735734362,1498.2900264265638,-6.580052853127654
2010/11,2010,2010-08-21,Wigan,Chelsea,M Dean,0,6,12,7,1,2,0,0,full,0,0,,0,1,0.2023809523809523,-5,0,0,0,1488.2900264265638,1508.2900264265638,-20.0
2010/11,2010,2010-08-22,Fulham,Man United,P Walton,2,2,7,6,2,2,0,0,full,0,0,,0,0,0.0476190476190476,-1,0,0,0,1501.7099735734362,1508.2900264265638,-6.580052853127654
2010/11,2010,2010-08-22,Newcastle,Aston Villa,M Atkinson,6,0,15,12,3,1,0,0,full,0,0,,0,-2,-0.1166666666666666,-3,0,0,0,1491.7099735734362,1508.2900264265638,-16.580052853127654
2010/11,2010,2010-08-23,Man City,Liverpool,P Dowd,3,0,13,12,1,1,0,0,full,0,0,,0,0,0.0064102564102564,-1,0,0,0,1501.7099735734362,1498.2900264265638,3.419947146872346
2010/11,2010,2010-08-28,Blackburn,Arsenal,C Foy,1,2,9,7,1,0,0,0,full,0,0,,0,-1,-0.1111111111111111,-2,0,0,0,1499.8155733950034,1510.2807112252685,-10.465137830265121
2010/11,2010,2010-08-28,Blackpool,Fulham,M Oliver,2,2,13,16,1,0,0,0,full,0,0,,0,-1,-0.0769230769230769,3,0,0,0,1503.1392359216038,1500.1844266049966,2.954809316607225
2010/11,2010,2010-08-28,Chelsea,Stoke,M Atkinson,2,0,5,10,0,2,0,0,full,0,0,,0,2,0.2,5,0,0,0,1519.4362591018096,1480.1844266049966,39.251832496812995
2010/11,2010,2010-08-28,Man United,West Ham,M Clattenburg,3,0,6,11,1,2,0,0,full,0,0,,0,1,0.0151515151515151,5,0,0,0,1509.8155733950034,1480.1844266049966,29.631146790006824
2010/11,2010,2010-08-28,Tottenham,Wigan,P Dowd,0,1,10,11,3,2,0,0,full,0,0,,0,-1,-0.1181818181818181,1,0,0,0,1509.8155733950034,1477.143793751318,32.67177964368534
2010/11,2010,2010-08-28,Wolves,Newcastle,S Attwell,1,1,20,17,7,4,0,0,full,0,0,,0,-3,-0.1147058823529411,-3,0,0,0,1509.5332872100776,1500.4667127899224,9.06657442015512
2010/11,2010,2010-08-29,Aston Villa,Everton,M Jones,1,0,19,10,4,0,0,0,full,0,0,,0,-4,-0.2105263157894736,-9,0,0,0,1499.5332872100776,1490.4667127899224,9.06657442015512
2010/11,2010,2010-08-29,Bolton,Birmingham,K Friend,2,2,19,17,2,3,1,0,full,0,0,,0,1,0.0712074303405572,-2,-1,0,0,1509.8155733950034,1510.1844266049966,-0.3688532099931763
2010/11,2010,2010-08-29,Liverpool,West Brom,L Probert,1,0,9,8,0,0,0,1,full,0,0,,0,0,0.0,-1,1,0,0,1490.095392127625,1500.1844266049966,-10.08903447737157
2010/11,2010,2010-08-29,Sunderland,Man City,M Dean,1,0,5,9,0,3,0,0,full,0,0,,0,3,0.3333333333333333,4,0,0,0,1489.8155733950034,1509.904607872375,-20.08903447737157
2010/11,2010,2010-09-11,Arsenal,Bolton,S Attwell,4,1,11,11,2,2,0,1,full,0,0,,0,0,0.0,0,1,0,0,1521.6968568120951,1508.1159077117745,13.580949100320595
2010/11,2010,2010-09-11,Everton,Man United,M Atkinson,3,3,11,18,1,1,0,0,full,0,0,,0,0,-0.0353535353535353,7,0,0,0,1482.4288305698142,1517.2915291912204,-34.86269862140625
2010/11,2010,2010-09-11,Fulham,Wolves,P Dowd,2,1,9,17,3,6,0,1,full,0,0,,0,3,0.0196078431372549,8,1,0,0,1501.9768377925657,1507.5711694301858,-5.594331637620144
2010/11,2010,2010-09-11,Man City,Blackburn,M Clattenburg,1,1,12,10,2,1,0,0,full,0,0,,0,-1,-0.0666666666666666,-2,0,0,0,1501.0483115240784,1488.3994278081768,12.648883715901547
2010/11,2010,2010-09-11,Newcastle,Blackpool,L Mason,0,2,15,14,2,3,0,0,full,0,0,,0,1,0.0809523809523809,-1,0,0,0,1502.4288305698142,1501.3468247340347,1.082005835779455
2010/11,2010,2010-09-11,West Brom,Tottenham,H Webb,1,1,12,9,2,1,0,0,full,0,0,,0,-1,-0.0555555555555555,-3,0,0,0,1491.6111785919504,1497.2097709273903,-5.598592335439889
2010/11,2010,2010-09-11,West Ham,Chelsea,C Foy,1,3,13,10,2,2,0,0,full,0,0,,0,0,0.0461538461538461,-3,0,0,0,1472.7084708087796,1526.6548152116547,-53.946344402875184
2010/11,2010,2010-09-11,Wigan,Sunderland,A Marriner,1,1,19,11,4,2,0,1,full,0,0,,0,-2,-0.0287081339712918,-8,1,0,0,1489.7495962189312,1498.6718697433,-8.922273524368848
2010/11,2010,2010-09-12,Birmingham,Liverpool,M Halsey,0,0,8,9,1,0,0,0,full,0,0,,0,-1,-0.125,1,0,0,0,1511.8840922882255,1498.6686401406712,13.215452147554288
2010/11,2010,2010-09-13,Stoke,Aston Villa,L Probert,2,1,11,14,1,2,0,0,full,0,0,,0,1,0.0519480519480519,3,0,0,0,1472.9658704951514,1507.5711694301858,-34.6052989350344
2010/11,2010,2010-09-18,Aston Villa,Bolton,M Dean,1,1,15,8,1,2,0,0,full,0,0,,0,1,0.1833333333333333,-7,0,0,0,1498.3007888342702,1500.2026326035825,-1.901843769312336
2010/11,2010,2010-09-18,Blackburn,Fulham,A Taylor,1,1,15,10,0,1,0,0,full,0,0,,0,1,0.1,-5,0,0,0,1490.4604795517369,1510.4235918341624,-19.963112282425527
2010/11,2010,2010-09-18,Everton,Newcastle,A Marriner,0,1,15,21,2,3,0,0,full,0,0,,0,1,0.0095238095238095,6,0,0,0,1481.7065806821934,1490.688641167108,-8.982060484914655
2010/11,2010,2010-09-18,Stoke,West Ham,L Mason,1,1,14,8,3,2,0,0,full,0,0,,0,-1,0.0357142857142857,-6,0,0,0,1482.236251091067,1462.5342502247383,19.702000866328717
2010/11,2010,2010-09-18,Sunderland,Arsenal,P Dowd,1,1,11,13,2,2,0,1,full,0,0,,0,0,-0.0279720279720279,2,1,0,0,1500.1315043272784,1529.6101319202871,-29.478627593008696
2010/11,2010,2010-09-18,Tottenham,Wolves,M Jones,3,1,7,11,3,3,0,0,full,0,0,,0,0,-0.1558441558441558,4,0,0,0,1498.7628972114292,1499.1244153885891,-0.36151817715995094
2010/11,2010,2010-09-18,West Brom,Birmingham,C Foy,3,1,11,8,1,1,0,0,full,0,0,,0,0,0.034090909090909,-3,0,0,0,1490.0580523079116,1509.8074313714449,-19.749379063533297
2010/11,2010,2010-09-19,Chelsea,Blackpool,M Clattenburg,4,0,7,4,1,2,0,0,full,0,0,,0,1,0.3571428571428571,-3,0,0,0,1536.829035795696,1513.087014136741,23.742021658955082
2010/11,2010,2010-09-19,Man United,Liverpool,H Webb,3,2,15,10,4,1,0,0,full,0,0,,0,-3,-0.1666666666666666,-5,0,0,0,1518.0137790788413,1500.7453010574518,17.268478021389456
2010/11,2010,2010-09-19,Wigan,Man City,L Probert,0,2,10,14,1,2,0,0,full,0,0,,0,1,0.0428571428571428,4,0,0,0,1488.2899616349528,1498.9872597805183,-10.697298145565583
2010/11,2010,2010-09-25,Arsenal,West Brom,M Oliver,2,3,15,14,4,3,0,0,full,0,0,,0,-1,-0.0523809523809523,-1,0,0,0,1530.48635479859,1498.9047015459118,31.581653252678052
2010/11,2010,2010-09-25,Birmingham,Wigan,M Clattenburg,0,0,12,18,2,3,1,0,full,0,0,,0,1,0.0,6,-1,0,0,1500.9607821334446,1476.8803647702418,24.08041736320274
2010/11,2010,2010-09-25,Blackpool,Blackburn,M Dean,1,2,12,11,2,1,0,0,full,0,0,,0,-1,-0.0757575757575757,-1,0,0,0,1505.4516877911876,1489.3131991247087,16.138488666478906
2010/11,2010,2010-09-25,Fulham,Everton,H Webb,0,0,15,13,2,1,0,0,full,0,0,,0,-1,-0.0564102564102564,-2,0,0,0,1511.5708722611905,1470.248630285188,41.32224197600249
2010/11,2010,2010-09-25,Liverpool,Sunderland,S Attwell,2,2,15,7,3,1,0,0,full,0,0,,0,-2,-0.0571428571428571,-8,0,0,0,1492.9333118451236,1499.2552814489757,-6.32196960385204
2010/11,2010,2010-09-25,Man City,Chelsea,A Marriner,1,0,10,12,2,3,0,0,full,0,0,,0,1,0.0499999999999999,2,0,0,0,1510.3968566452293,1544.4643621412492,-34.067505496019976
2010/11,2010,2010-09-25,West Ham,Tottenham,M Atkinson,1,0,10,11,2,0,0,0,full,0,0,,0,-2,-0.2,1,0,0,0,1464.788847091258,1507.063026508666,-42.27417941740805
2010/11,2010,2010-09-26,Bolton,Man United,P Dowd,2,2,16,18,1,2,0,0,full,0,0,,0,1,0.0486111111111111,2,0,0,0,1501.8594180458426,1525.8257682911694,-23.966350245326794
2010/11,2010,2010-09-26,Newcastle,Stoke,M Jones,1,2,8,11,0,1,0,0,full,0,0,,0,1,0.0909090909090909,3,0,0,0,1502.1465915641134,1479.9816542245474,22.164937339565995
2010/11,2010,2010-09-26,Wolves,Aston Villa,M Halsey,1,2,15,19,1,2,0,0,full,0,0,,0,1,0.0385964912280701,4,0,0,0,1490.8242860913522,1496.64400339201,-5.819717300657885
2010/11,2010,2010-10-02,Birmingham,Everton,P Dowd,0,2,5,11,0,0,0,0,full,0,0,,0,0,0.0,6,0,0,0,1498.5869154071293,1473.084963492273,25.501951914856363
2010/11,2010,2010-10-02,Stoke,Blackburn,H Webb,1,0,8,13,2,3,0,0,full,0,0,,0,1,-0.0192307692307692,5,0,0,0,1492.3034281742173,1501.4702212985499,-9.166793124332571
2010/11,2010,2010-10-02,Sunderland,Man United,C Foy,0,0,10,6,1,2,0,0,full,0,0,,0,1,0.2333333333333333,-4,0,0,0,1500.788082950232,1526.8591974212343,-26.071114471002375
2010/11,2010,2010-10-02,Tottenham,Aston Villa,M Clattenburg,2,1,12,19,1,3,0,0,full,0,0,,0,2,0.0745614035087719,7,0,0,0,1497.5727744322978,1508.1909180990367,-10.618143666738888
2010/11,2010,2010-10-02,West Brom,Bolton,P Walton,1,1,8,10,3,2,0,0,full,0,0,,0,-1,-0.175,2,0,0,0,1511.4812343384144,1500.8259889157778,10.655245422636654
2010/11,2010,2010-10-02,West Ham,Fulham,A Marriner,1,1,15,8,3,1,0,0,full,0,0,,0,-2,-0.075,-7,0,0,0,1474.2790991676263,1508.7345390541057,-34.455439886479326
2010/11,2010,2010-10-02,Wigan,Wolves,L Mason,2,0,9,12,1,2,0,1,full,0,0,,0,1,0.0555555555555555,3,1,0,0,1479.2542314965572,1479.2773713843255,-0.023139887768365952
2010/11,2010,2010-10-03,Chelsea,Arsenal,M Dean,2,0,7,12,1,1,0,0,full,0,0,,0,0,-0.0595238095238095,5,0,0,0,1535.2093763325604,1517.9098220060873,17.29955432647307
2010/11,2010,2010-10-03,Liverpool,Blackpool,M Jones,1,2,11,10,2,1,0,0,full,0,0,,0,-1,-0.0818181818181818,-1,0,0,0,1491.4005103438674,1493.2946656173465,-1.8941552734791003
2010/11,2010,2010-10-03,Man City,Newcastle,M Atkinson,2,1,11,13,3,2,0,0,full,0,0,,0,-1,-0.1188811188811188,2,0,0,0,1519.651842453918,1489.8248176144434,29.82702483947469
2010/11,2010,2010-10-16,Arsenal,Birmingham,M Atkinson,2,1,16,9,2,2,1,0,full,0,0,,0,0,0.0972222222222222,-7,-1,0,0,1510.0986844043277,1486.1744769689788,23.92420743534899
2010/11,2010,2010-10-16,Aston Villa,Chelsea,L Mason,0,0,11,11,4,3,0,0,full,0,0,,0,-1,-0.0909090909090909,0,0,0,0,1499.6027478730657,1543.02051393432,-43.41776606125427
2010/11,2010,2010-10-16,Bolton,Stoke,P Walton,2,1,10,8,2,2,1,0,full,0,0,,0,0,0.0499999999999999,-2,-1,0,0,1502.8320322133247,1500.8506821930598,1.9813500202649266
2010/11,2010,2010-10-16,Fulham,Tottenham,M Dean,1,2,9,10,1,1,0,0,full,0,0,,0,0,-0.0111111111111111,1,0,0,0,1509.468448651488,1506.1609446582688,3.307503993219143
2010/11,2010,2010-10-16,Man United,West Brom,M Jones,2,2,10,7,1,2,0,0,full,0,0,,0,1,0.1857142857142857,-3,0,0,0,1527.8326567361614,1509.4751910408675,18.357465695293968
2010/11,2010,2010-10-16,Newcastle,Wigan,M Halsey,2,2,13,14,2,1,0,0,full,0,0,,0,-1,-0.0824175824175824,1,0,0,0,1482.3541397156669,1487.544904475517,-5.190764759850026
2010/11,2010,2010-10-16,Wolves,West Ham,M Clattenburg,1,1,10,8,0,1,0,0,full,0,0,,0,1,0.125,-2,0,0,0,1470.9866984053658,1473.545189570244,-2.5584911648782054
2010/11,2010,2010-10-17,Blackpool,Man City,P Dowd,2,3,9,9,0,2,0,0,full,0,0,,0,2,0.2222222222222222,0,0,0,0,1504.9516662771687,1527.1225203526947,-22.170854075525995
2010/11,2010,2010-10-17,Everton,Liverpool,H Webb,2,0,10,9,2,2,0,0,full,0,0,,0,0,0.0222222222222222,-1,0,0,0,1485.4974019304234,1479.7435096840452,5.7538922463782
2010/11,2010,2010-10-18,Blackburn,Sunderland,L Probert,0,0,12,11,2,1,1,0,full,0,0,,0,-1,-0.0757575757575757,-1,-1,0,0,1492.9229672797073,1499.8146236353048,-6.8916563555974335
2010/11,2010,2010-10-23,Birmingham,Blackpool,A Taylor,2,0,8,16,1,1,0,0,full,0,0,,0,0,-0.0625,8,0,0,0,1478.5441005247824,1493.8671382721948,-15.3230377474124
2010/11,2010,2010-10-23,Chelsea,Wolves,L Probert,2,0,8,8,1,2,0,0,full,0,0,,0,1,0.125,0,0,0,0,1543.4974269253598,1469.3482997413116,74.14912718404821
2010/11,2010,2010-10-23,Sunderland,Aston Villa,M Halsey,1,0,11,13,1,2,0,0,full,0,0,,0,1,0.0629370629370629,2,0,0,0,1501.3314094649097,1499.1258348820259,2.2055745828838553
2010/11,2010,2010-10-23,Tottenham,Everton,M Jones,1,1,15,14,3,1,0,0,full,0,0,,0,-2,-0.1285714285714286,-1,0,0,0,1517.9631792869864,1493.627129092655,24.336050194331392
2010/11,2010,2010-10-23,West Brom,Fulham,K Friend,2,1,3,8,0,0,0,0,full,0,0,,0,0,0.0,5,0,0,0,1511.6930243233633,1497.6662140227704,14.026810300592842
2010/11,2010,2010-10-23,West Ham,Newcastle,C Foy,1,2,12,6,0,0,0,0,full,0,0,,0,0,0.0,-6,0,0,0,1475.1835882342982,1480.789560453192,-5.6059722188938395
2010/11,2010,2010-10-23,Wigan,Bolton,H Webb,1,1,8,14,0,2,0,0,full,0,0,,0,2,0.1428571428571428,6,0,0,0,1489.1094837379917,1511.0667528332024,-21.957269095210677
2010/11,2010,2010-10-24,Liverpool,Blackburn,P Dowd,2,1,17,12,2,3,0,0,full,0,0,,0,1,0.1323529411764706,-5,0,0,0,1471.6137825218136,1491.4061814501024,-19.792398928288776
2010/11,2010,2010-10-24,Man City,Arsenal,M Clattenburg,0,3,11,10,2,4,1,0,full,0,0,,0,2,0.2181818181818182,-1,-1,0,0,1538.2070483576686,1517.729060848524,20.47798750914444
2010/11,2010,2010-10-24,Stoke,Man United,A Marriner,1,2,6,13,2,2,0,0,full,0,0,,0,0,-0.1794871794871794,7,0,0,0,1492.6159615731822,1525.6148234536656,-32.998861880483446
2010/11,2010,2010-10-30,Arsenal,West Ham,M Jones,1,0,14,18,2,2,0,0,full,0,0,,0,0,-0.0317460317460317,4,0,0,0,1530.004846382475,1463.6306692373041,66.37417714517096
2010/11,2010,2010-10-30,Blackburn,Chelsea,P Walton,1,2,12,14,2,2,0,0,full,0,0,,0,0,-0.0238095238095238,2,0,0,0,1482.5583104543282,1549.8173891123474,-67.25907865801923
2010/11,2010,2010-10-30,Everton,Stoke,L Probert,1,0,16,14,1,1,0,0,full,0,0,,0,0,0.0089285714285714,-2,0,0,0,1496.0079376850294,1481.8403671713704,14.16757051365903
2010/11,2010,2010-10-30,Fulham,Wigan,A Marriner,2,0,7,12,0,0,0,0,full,0,0,,0,0,0.0,5,0,0,0,1489.7652097395828,1488.0188809754984,1.74632876408441
2010/11,2010,2010-10-30,Man United,Tottenham,M Clattenburg,2,0,12,10,0,3,0,0,full,0,0,,0,3,0.3,-2,0,0,0,1536.3904178554774,1515.5823706946119,20.8080471608655
2010/11,2010,2010-10-30,Wolves,Man City,M Dean,2,1,5,14,1,2,0,0,full,0,0,,0,1,-0.0571428571428571,9,0,0,0,1463.028337554324,1525.9312628237176,-62.90292526939356
2010/11,2010,2010-10-31,Aston Villa,Birmingham,H Webb,0,0,13,11,2,3,0,0,full,0,0,,0,1,0.1188811188811188,-2,0,0,0,1490.897366139741,1487.2652353390263,3.6321308007147763
2010/11,2010,2010-10-31,Bolton,Liverpool,M Atkinson,0,1,15,13,2,2,0,0,full,0,0,,0,0,0.0205128205128205,-2,0,0,0,1512.1573555956957,1480.4616535175878,31.695702078107843
2010/11,2010,2010-10-31,Newcastle,Sunderland,P Dowd,5,1,8,18,3,6,0,1,full,0,0,,0,3,-0.0416666666666666,10,1,0,0,1492.3424794501861,1509.5598782071945,-17.217398757008368
2010/11,2010,2010-11-01,Blackpool,West Brom,M Oliver,2,1,16,13,2,3,0,2,full,0,0,,0,1,0.1057692307692307,-3,2,0,0,1485.1460034579509,1519.5940286065509,-34.44802514859998
2010/11,2010,2010-11-06,Birmingham,West Ham,M Oliver,2,2,12,14,0,1,0,0,full,0,0,,0,1,0.0714285714285714,2,0,0,0,1489.0765084718346,1457.115658233795,31.960850238039484
2010/11,2010,2010-11-06,Blackburn,Wigan,K Friend,2,1,16,15,0,2,0,0,full,0,0,,0,2,0.1333333333333333,-1,0,0,0,1472.7672131365969,1479.777605913158,-7.010392776561048
2010/11,2010,2010-11-06,Blackpool,Everton,A Marriner,2,2,14,12,2,1,0,0,full,0,0,,0,-1,-0.0595238095238095,-2,0,0,0,1494.4118815970835,1503.905069389241,-9.493187792157414
2010/11,2010,2010-11-06,Bolton,Tottenham,C Foy,4,2,13,9,1,0,0,0,full,0,0,,0,-1,-0.0769230769230769,-4,0,0,0,1499.5777583887877,1507.867162141439,-8.289403752651197
2010/11,2010,2010-11-06,Fulham,Aston Villa,P Walton,1,1,12,4,1,0,0,0,full,0,0,,0,-1,-0.0833333333333333,-8,0,0,0,1498.0064848019233,1489.0860930069327,8.920391794990564
2010/11,2010,2010-11-06,Man United,Wolves,P Dowd,2,1,6,11,1,0,0,0,full,0,0,,0,-1,-0.1666666666666666,5,0,0,0,1544.1056264086503,1473.11188851572,70.99373789293031
2010/11,2010,2010-11-06,Sunderland,Stoke,M Atkinson,2,0,10,13,0,5,0,0,full,0,0,,0,5,0.3846153846153846,3,0,0,0,1500.7850741484588,1473.943235467159,26.841838681299805
2010/11,2010,2010-11-07,Arsenal,Newcastle,M Dean,0,1,16,12,3,1,1,0,full,0,0,,0,-2,-0.1041666666666666,-4,-1,0,0,1536.519857385984,1501.117283508922,35.402573877062196
2010/11,2010,2010-11-07,Liverpool,Chelsea,H Webb,2,0,15,17,0,2,0,0,full,0,0,,0,2,0.1176470588235294,2,0,0,0,1493.0412507244957,1559.6084864300788,-66.56723570558302
2010/11,2010,2010-11-07,West Brom,Man City,L Probert,0,2,15,16,3,4,1,1,full,0,0,,0,1,0.0499999999999999,1,0,0,0,1510.3281504674183,1515.8477118623216,-5.519561394903349
2010/11,2010,2010-11-09,Stoke,Birmingham,M Clattenburg,3,2,6,8,0,0,0,0,full,0,0,,0,0,0.0,2,0,0,0,1466.3919605759068,1486.489788920658,-20.09782834475118
2010/11,2010,2010-11-09,Tottenham,Sunderland,H Webb,1,1,6,15,2,1,0,0,full,0,0,,0,-1,-0.2666666666666666,9,0,0,0,1499.3446193369937,1508.336349039711,-8.991729702717294
2010/11,2010,2010-11-10,Aston Villa,Blackpool,A Taylor,3,2,7,10,2,3,0,0,full,0,0,,0,1,0.0142857142857142,3,0,0,0,1491.0441649626966,1492.9683329962113,-1.9241680335146611
2010/11,2010,2010-11-10,Chelsea,Fulham,M Atkinson,1,0,14,15,2,0,1,0,full,0,0,,0,-2,-0.1428571428571428,1,-1,0,0,1549.419488700349,1496.0484128461594,53.371075854189485
2010/11,2010,2010-11-10,Everton,Bolton,P Dowd,1,1,8,12,0,3,1,0,full,0,0,,0,3,0.25,4,-1,0,0,1505.348617990113,1508.100301193233,-2.75168320311991
2010/11,2010,2010-11-10,Man City,Man United,C Foy,0,0,10,12,0,2,0,0,full,0,0,,0,2,0.1666666666666666,2,0,0,0,1527.4030578910397,1550.5043697556712,-23.101311864631498
2010/11,2010,2010-11-10,Newcastle,Blackburn,M Jones,1,2,16,15,3,4,0,0,full,0,0,,0,1,0.0791666666666666,-1,0,0,0,1513.7961963025775,1481.2537663643063,32.5424299382712
2010/11,2010,2010-11-10,West Ham,West Brom,M Dean,2,2,13,5,3,0,0,0,full,0,0,,0,-3,-0.2307692307692307,-8,0,0,0,1459.7023777849718,1498.7728044387002,-39.07042665372842
2010/11,2010,2010-11-10,Wigan,Liverpool,P Walton,1,1,7,10,0,2,0,0,full,0,0,,0,2,0.2,3,0,0,0,1471.2910526854484,1503.2302484542256,-31.939195768777154
2010/11,2010,2010-11-10,Wolves,Arsenal,M Halsey,0,2,7,14,1,2,0,0,full,0,0,,0,1,0.0,7,0,0,0,1466.7131451686992,1523.8409445923285,-57.12779942362931
2010/11,2010,2010-11-13,Aston Villa,Man United,M Dean,2,2,11,9,3,4,0,0,full,0,0,,0,1,0.1717171717171717,-2,0,0,0,1499.388004433629,1551.5624244021458,-52.17441996851676
2010/11,2010,2010-11-13,Man City,Birmingham,M Jones,0,0,15,11,2,0,0,0,full,0,0,,0,-2,-0.1333333333333333,-4,0,0,0,1526.345003244565,1477.6332427745867,48.711760469978344
2010/11,2010,2010-11-13,Newcastle,Fulham,L Probert,0,0,11,19,2,2,0,0,full,0,0,,0,0,-0.0765550239234449,8,0,0,0,1501.193864356998,1489.2004091247766,11.993455232221322
2010/11,2010,2010-11-13,Stoke,Liverpool,M Halsey,2,0,14,10,2,3,0,1,full,0,0,,0,1,0.1571428571428571,-4,1,0,0,1475.248506721978,1504.036151765197,-28.787645043219072
2010/11,2010,2010-11-13,Tottenham,Blackburn,A Marriner,4,2,11,11,2,2,0,0,full,0,0,,0,0,0.0,0,0,0,0,1497.8869413279024,1493.856098309886,4.030843018016412
2010/11,2010,2010-11-13,West Ham,Blackpool,K Friend,0,0,7,7,0,1,0,0,full,0,0,,0,1,0.1428571428571428,0,0,0,0,1459.100703864146,1484.624493525279,-25.523789661132923
2010/11,2010,2010-11-13,Wigan,West Brom,A Taylor,1,0,13,13,1,1,0,0,full,0,0,,0,0,0.0,0,0,0,0,1470.485149374477,1499.374478359526,-28.889328985048905
2010/11,2010,2010-11-13,Wolves,Bolton,P Walton,2,3,10,10,1,0,0,0,full,0,0,,0,-1,-0.1,0,0,0,0,1456.6304784739732,1509.7332881146388,-53.102809640665555
2010/11,2010,2010-11-14,Chelsea,Sunderland,C Foy,0,3,9,13,1,2,0,0,full,0,0,,0,1,0.0427350427350427,4,0,0,0,1556.2674924217317,1509.7940270488023,46.47346537292947
2010/11,2010,2010-11-14,Everton,Arsenal,H Webb,1,2,15,14,2,2,0,0,full,0,0,,0,0,0.0095238095238095,-1,0,0,0,1503.7156310687074,1533.9236112870544,-30.207980218347075
2010/11,2010,2010-11-20,Arsenal,Tottenham,P Dowd,2,3,17,16,3,1,0,0,full,0,0,,0,-2,-0.1139705882352941,-1,0,0,0,1544.7789990805613,1506.0645711362229,38.71442794433847
2010/11,2010,2010-11-20,Birmingham,Chelsea,M Halsey,1,0,9,2,2,0,0,0,full,0,0,,1,-2,,-7,0,0,0,1480.6639512892393,1543.2954034551055,-62.63145216586622
2010/11,2010,2010-11-20,Blackpool,Wolves,M Clattenburg,2,1,7,9,0,2,0,0,full,0,0,,0,2,0.2222222222222222,2,0,0,0,1485.613554427466,1446.4319874514435,39.181566976022395
2010/11,2010,2010-11-20,Bolton,Newcastle,H Webb,5,1,13,9,0,2,0,1,full,0,0,,0,2,0.2222222222222222,-4,1,0,0,1519.9317791371684,1499.1508830040834,20.78089613308498
2010/11,2010,2010-11-20,Liverpool,West Ham,L Probert,3,0,8,8,0,1,0,0,full,0,0,,0,1,0.125,0,0,0,0,1494.9321065614117,1458.111642961959,36.82046359945275
2010/11,2010,2010-11-20,Man United,Wigan,M Atkinson,2,0,10,14,0,2,0,2,full,0,0,,0,2,0.1428571428571428,4,2,0,0,1551.7876246194135,1479.5920978597792,72.19552675963428
2010/11,2010,2010-11-20,West Brom,Stoke,C Foy,0,3,10,9,0,0,0,0,full,0,0,,0,0,0.0,-1,0,0,0,1490.2675298742238,1484.3525519257632,5.914977948460546
2010/11,2010,2010-11-21,Blackburn,Aston Villa,M Oliver,2,0,15,10,0,1,0,0,full,0,0,,0,1,0.1,-5,0,0,0,1485.6784685015655,1499.1628042163613,-13.484335714795861
2010/11,2010,2010-11-21,Fulham,Man City,L Mason,1,4,13,16,2,1,0,0,full,0,0,,0,-1,-0.0913461538461538,3,0,0,0,1491.243390477691,1523.3142947299125,-32.07090425222145
2010/11,2010,2010-11-22,Sunderland,Everton,P Walton,2,2,5,7,0,2,0,0,full,0,0,,0,2,0.2857142857142857,2,0,0,0,1522.7661160154285,1492.8602432752004,29.905872740228006
2010/11,2010,2010-11-27,Aston Villa,Arsenal,M Clattenburg,2,4,10,7,1,1,0,0,full,0,0,,0,0,0.0428571428571428,-3,0,0,0,1490.4936902683605,1532.011832416467,-41.51814214810656
2010/11,2010,2010-11-27,Bolton,Blackpool,M Dean,2,2,8,14,2,2,0,0,full,0,0,,0,0,-0.1071428571428571,6,0,0,0,1527.6477283781348,1492.8339765846215,34.81375179351335
2010/11,2010,2010-11-27,Everton,West Brom,L Mason,1,4,11,18,1,3,1,1,full,0,0,,0,2,0.0757575757575757,7,0,0,0,1495.391689493681,1478.3927831837736,16.998906309907397
2010/11,2010,2010-11-27,Fulham,Birmingham,H Webb,1,1,10,9,1,0,0,0,full,0,0,,0,-1,-0.1,-1,0,0,0,1480.4412535355075,1490.7396891226524,-10.298435587144922
2010/11,2010,2010-11-27,Man United,Blackburn,L Probert,7,1,6,6,0,2,0,0,full,0,0,,0,2,0.3333333333333333,0,0,0,0,1558.1563013042658,1494.3475824495663,63.808718854699464
2010/11,2010,2010-11-27,Stoke,Man City,P Walton,1,1,8,10,2,2,0,0,full,0,0,,0,0,-0.0499999999999999,2,0,0,0,1496.2272986162134,1534.116431672096,-37.88913305588267
2010/11,2010,2010-11-27,West Ham,Wigan,M Halsey,3,1,8,8,0,0,0,0,full,0,0,,0,0,0.0,0,0,0,0,1450.8283955529448,1473.223421174927,-22.395025621982086
2010/11,2010,2010-11-27,Wolves,Sunderland,M Jones,3,2,11,10,2,3,0,0,full,0,0,,0,1,0.1181818181818181,-1,0,0,0,1439.211565294288,1520.2346697969479,-81.02310450265986
2010/11,2010,2010-11-28,Newcastle,Chelsea,A Marriner,1,1,9,11,2,1,0,0,full,0,0,,0,-1,-0.1313131313131313,2,0,0,0,1491.434933763117,1533.2196656216925,-41.78473185857547
2010/11,2010,2010-11-28,Tottenham,Liverpool,M Atkinson,2,1,6,16,0,5,0,0,full,0,0,,0,5,0.3125,10,0,0,0,1518.8317378003171,1502.215353970426,16.61638382989122
2010/11,2010,2010-12-04,Arsenal,Fulham,C Foy,2,1,7,5,0,0,0,0,full,0,0,,0,0,0.0,-2,0,0,0,1542.543281857329,1479.0204064161499,63.52287544117917
2010/11,2010,2010-12-04,Birmingham,Tottenham,K Friend,1,1,14,7,1,1,0,0,full,0,0,,0,0,0.0714285714285714,-7,0,0,0,1492.16053624201,1526.661604577961,-34.501068335951004
2010/11,2010,2010-12-04,Blackburn,Wolves,H Webb,3,0,9,11,0,2,0,0,full,0,0,,0,2,0.1818181818181818,2,0,0,0,1487.7675333961058,1449.8159214691782,37.951611926927626
2010/11,2010,2010-12-04,Chelsea,Everton,L Probert,1,1,7,11,1,4,0,0,full,0,0,,0,3,0.2207792207792208,4,0,0,0,1533.7434633550658,1483.2110674076482,50.532395947417626
2010/11,2010,2010-12-04,Man City,Bolton,A Marriner,1,0,12,18,3,2,1,0,full,0,0,,0,-1,-0.1388888888888889,6,-1,0,0,1534.7519758111653,1524.9845541153538,9.767421695811436
2010/11,2010,2010-12-04,Wigan,Stoke,M Jones,2,2,11,10,1,4,0,0,full,0,0,,0,3,0.3090909090909091,-1,0,0,0,1464.301572449361,1495.5917544771441,-31.290182027783203
2010/11,2010,2010-12-05,Sunderland,West Ham,M Atkinson,1,0,6,8,1,3,0,0,full,0,0,,0,2,0.2083333333333333,2,0,0,0,1509.6303136220577,1459.7502442785108,49.88006934354689
2010/11,2010,2010-12-05,West Brom,Newcastle,M Dean,3,1,11,9,0,5,0,0,full,0,0,,0,5,0.5555555555555556,-2,0,0,0,1490.5734052698065,1490.9111360297436,-0.33773075993713064
2010/11,2010,2010-12-06,Liverpool,Aston Villa,P Dowd,3,0,12,13,0,1,0,0,full,0,0,,0,1,0.0769230769230769,1,0,0,0,1494.385487192782,1479.9622408274986,14.423246365283376
2010/11,2010,2010-12-11,Aston Villa,West Brom,M Halsey,2,1,8,14,0,2,0,0,full,0,0,,0,2,0.1428571428571428,6,0,0,0,1472.0721415598211,1498.8728697014535,-26.800728141632362
2010/11,2010,2010-12-11,Everton,Wigan,M Oliver,0,0,13,18,2,4,0,0,full,0,0,,0,2,0.0683760683760683,5,0,0,0,1486.2892888960903,1463.4771131600455,22.812175736044765
2010/11,2010,2010-12-11,Fulham,Sunderland,N Swarbrick,0,0,14,10,0,1,0,0,full,0,0,,0,1,0.1,-4,0,0,0,1472.4330903475268,1516.569098351601,-44.136008004074256
2010/11,2010,2010-12-11,Newcastle,Liverpool,L Mason,3,1,19,13,2,1,0,0,full,0,0,,0,-1,-0.0283400809716599,-6,0,0,0,1482.6116715980966,1502.2755864604594,-19.663914862362844
2010/11,2010,2010-12-11,Stoke,Blackpool,A Taylor,0,1,12,11,0,2,0,0,full,0,0,,0,2,0.1818181818181818,-1,0,0,0,1496.4162137664596,1495.4971508474025,0.9190629190570689
2010/11,2010,2010-12-11,West Ham,Man City,P Dowd,1,3,10,13,1,3,0,0,full,0,0,,0,2,0.1307692307692307,3,0,0,0,1452.8114595489674,1542.7704703283875,-89.95901077942017
2010/11,2010,2010-12-12,Bolton,Blackburn,M Clattenburg,2,1,12,13,4,3,1,0,full,0,0,,0,-1,-0.1025641025641025,1,-1,0,0,1516.9660595981316,1495.0206534470026,21.945406151128964
2010/11,2010,2010-12-12,Tottenham,Chelsea,M Dean,1,1,9,13,2,2,0,0,full,0,0,,0,0,-0.0683760683760683,4,0,0,0,1527.3942079441147,1530.6652418666238,-3.2710339225091047
2010/11,2010,2010-12-12,Wolves,Birmingham,M Atkinson,1,0,9,15,2,4,0,0,full,0,0,,0,2,0.0444444444444444,6,0,0,0,1442.5628014182814,1491.4279328758564,-48.86513145757499
2010/11,2010,2010-12-13,Man United,Arsenal,H Webb,1,0,7,16,0,4,0,0,full,0,0,,0,4,0.25,9,0,0,0,1564.7363503577262,1549.130597925952,15.605752431774135
2010/11,2010,2010-12-18,Blackburn,West Ham,M Dean,1,1,12,10,2,3,0,0,full,0,0,,0,1,0.1333333333333333,-2,0,0,0,1487.3364485182726,1443.671618365459,43.66483015281369
2010/11,2010,2010-12-18,Sunderland,Bolton,C Foy,1,0,6,13,1,3,0,0,full,0,0,,0,2,0.0641025641025641,7,0,0,0,1517.0253836925986,1524.6502645268615,-7.624880834262967
2010/11,2010,2010-12-20,Man City,Everton,P Walton,1,2,8,13,3,2,1,1,full,0,0,,0,-1,-0.2211538461538461,5,0,0,0,1551.910311511896,1483.949897790354,67.96041372154195
2010/11,2010,2010-12-26,Aston Villa,Tottenham,M Atkinson,1,2,13,11,3,3,0,1,full,0,0,,0,0,0.0419580419580419,-2,1,0,0,1481.1194874364073,1525.7757740662234,-44.65628662981612
2010/11,2010,2010-12-26,Blackburn,Stoke,M Jones,0,2,12,20,1,4,0,0,full,0,0,,0,3,0.1166666666666666,8,0,0,0,1484.438233689364,1484.6805725872077,-0.24233889784363782
2010/11,2010,2010-12-26,Bolton,West Brom,H Webb,2,0,8,8,1,1,0,0,full,0,0,,0,0,0.0,0,0,0,0,1516.146425412629,1489.8255238248673,26.320901587761682
2010/11,2010,2010-12-26,Fulham,West Ham,M Halsey,1,3,12,10,1,1,0,0,full,0,0,,0,0,0.0166666666666666,-2,0,0,0,1471.9768050065293,1446.5698331943674,25.406971812161828
2010/11,2010,2010-12-26,Man United,Sunderland,P Dowd,2,0,9,10,0,2,0,0,full,0,0,,0,2,0.2,1,0,0,0,1572.5939529678117,1525.529222806831,47.064730160980616
2010/11,2010,2010-12-26,Newcastle,Man City,C Foy,1,3,7,15,1,5,0,0,full,0,0,,0,4,0.1904761904761904,8,0,0,0,1491.4558937690244,1538.3852758881167,-46.929382119092224
2010/11,2010,2010-12-26,Wolves,Wigan,M Dean,1,2,7,14,1,3,0,0,full,0,0,,0,2,0.0714285714285714,7,0,0,0,1452.2424238206418,1465.8165042657818,-13.574080445139998
2010/11,2010,2010-12-27,Arsenal,Chelsea,M Clattenburg,3,1,12,16,2,3,0,0,full,0,0,,0,1,0.0208333333333333,4,0,0,0,1541.2729953158666,1532.283675744515,8.989319571351643
2010/11,2010,2010-12-28,Birmingham,Man United,L Mason,1,1,10,11,3,3,0,0,full,0,0,,0,0,-0.0272727272727272,1,0,0,0,1481.748310473496,1579.6063571411717,-97.85804666767558
2010/11,2010,2010-12-28,Man City,Aston Villa,M Oliver,4,0,14,12,1,2,0,0,full,0,0,,0,1,0.0952380952380952,-2,0,0,0,1548.7613011342728,1470.6781467509456,78.08315438332716
2010/11,2010,2010-12-28,Stoke,Fulham,K Friend,0,2,8,12,1,2,0,0,full,0,0,,0,1,0.0416666666666666,4,0,0,0,1496.3837742317107,1459.566941384998,36.816832846712714
2010/11,2010,2010-12-28,Sunderland,Blackpool,A Marriner,0,2,6,5,2,0,0,0,full,0,0,,0,-2,-0.3333333333333333,-1,0,0,0,1518.516818633471,1507.2327920266544,11.284026606816724
2010/11,2010,2010-12-28,Tottenham,Newcastle,A Taylor,2,0,9,16,2,4,1,0,full,0,0,,0,2,0.0277777777777777,7,-1,0,0,1536.2171147516851,1481.0798685228683,55.13724622881682
2010/11,2010,2010-12-28,West Brom,Blackburn,P Dowd,1,3,9,13,1,3,1,1,full,0,0,,0,2,0.1196581196581196,4,0,0,0,1482.2601490574193,1472.735032044861,9.525117012558212
2010/11,2010,2010-12-28,West Ham,Everton,H Webb,1,1,12,15,1,0,0,0,full,0,0,,0,-1,-0.0833333333333333,3,0,0,0,1458.9796968158987,1497.4749334141334,-38.49523659823467
2010/11,2010,2010-12-29,Chelsea,Bolton,M Jones,1,0,12,24,1,1,0,0,full,0,0,,0,0,-0.0416666666666666,12,0,0,0,1524.2436554633557,1523.711800180077,0.5318552832786736
2010/11,2010,2010-12-29,Liverpool,Wolves,P Walton,0,1,8,11,1,1,0,0,full,0,0,,0,0,-0.034090909090909,3,0,0,0,1493.4313642895315,1440.914075164128,52.51728912540352
2010/11,2010,2010-12-29,Wigan,Arsenal,L Probert,2,2,16,11,1,0,1,0,full,0,0,,0,-1,-0.0625,-5,-1,0,0,1477.1448529222955,1549.313015597026,-72.16816267473041
2010/11,2010,2011-01-01,Birmingham,Arsenal,P Walton,0,3,7,9,3,1,0,0,full,0,0,,0,-2,-0.3174603174603174,2,0,0,0,1482.8336605173122,1548.962930847999,-66.12927033068672
2010/11,2010,2011-01-01,Liverpool,Bolton,K Friend,2,1,11,16,2,2,0,0,full,0,0,,0,0,-0.0568181818181818,5,0,0,0,1480.3015176377364,1515.4366302704645,-35.135112632728124
2010/11,2010,2011-01-01,Man City,Blackpool,M Clattenburg,1,0,11,9,0,0,0,0,full,0,0,,0,0,0.0,-2,0,0,0,1554.9837777269745,1519.2561984863196,35.727579240654904
2010/11,2010,2011-01-01,Stoke,Everton,A Marriner,2,0,14,8,4,1,0,0,full,0,0,,0,-3,-0.1607142857142857,-6,0,0,0,1483.6671184294776,1498.0931010454692,-14.425982615991643
2010/11,2010,2011-01-01,Sunderland,Blackburn,M Dean,3,0,13,9,1,2,0,0,full,0,0,,0,1,0.1452991452991452,-4,0,0,0,1506.4934121738058,1484.7098363414138,21.78357583239199
2010/11,2010,2011-01-01,Tottenham,Fulham,M Jones,1,0,11,9,2,1,0,0,full,0,0,,0,-1,-0.0707070707070707,-2,0,0,0,1543.0194080843944,1472.2835971872312,70.73581089716322
2010/11,2010,2011-01-01,West Brom,Man United,C Foy,1,2,8,13,1,3,0,0,full,0,0,,0,2,0.1057692307692307,5,0,0,0,1470.2853447608666,1578.5210070973556,-108.23566233648899
2010/11,2010,2011-01-01,West Ham,Wolves,L Probert,2,0,7,14,0,1,0,0,full,0,0,,0,1,0.0714285714285714,7,0,0,0,1458.3615291845629,1454.043921815923,4.317607368639756
2010/11,2010,2011-01-02,Chelsea,Aston Villa,L Mason,3,3,17,11,2,7,0,0,full,0,0,,0,5,0.5187165775401069,-6,0,0,0,1532.5188253729682,1464.455670158244,68.06315521472425
2010/11,2010,2011-01-02,Wigan,Newcastle,H Webb,0,1,15,14,2,2,0,0,full,0,0,,0,0,0.0095238095238095,-1,0,0,0,1477.4949376713225,1474.277575190159,3.217362481163491
2010/11,2010,2011-01-04,Blackpool,Birmingham,J Moss,1,2,9,6,0,1,0,0,full,0,0,,0,1,0.1666666666666666,-3,0,0,0,1511.9437921824883,1473.0100567994598,38.933735383028534
2010/11,2010,2011-01-04,Fulham,West Brom,M Atkinson,3,0,7,9,0,1,0,0,full,0,0,,0,1,0.1111111111111111,2,0,0,0,1465.8783911658772,1461.664827050672,4.213564115205145
2010/11,2010,2011-01-04,Man United,Stoke,M Clattenburg,2,1,6,11,0,0,0,0,full,0,0,,0,0,0.0,5,0,0,0,1587.14152480755,1492.362864635171,94.77866017237898
2010/11,2010,2011-01-05,Arsenal,Man City,M Jones,0,0,6,12,0,2,1,1,full,0,0,,0,2,0.1666666666666666,6,0,0,0,1558.7865345658513,1562.2961840308058,-3.509649464954464
2010/11,2010,2011-01-05,Aston Villa,Sunderland,P Walton,0,1,9,12,3,3,1,1,full,0,0,,0,0,-0.0833333333333333,3,0,0,0,1467.9832951996186,1514.1820256325343,-46.19873043291568
2010/11,2010,2011-01-05,Blackburn,Liverpool,A Marriner,3,1,14,13,1,1,0,0,full,0,0,,0,0,0.0054945054945055,-1,0,0,0,1477.0212228826854,1489.5870679951204,-12.565845112435
2010/11,2010,2011-01-05,Bolton,Wigan,P Dowd,1,1,9,8,0,4,0,0,full,0,0,,0,4,0.5,-1,0,0,0,1506.1510799130806,1465.695213371162,40.45586654191857
2010/11,2010,2011-01-05,Everton,Tottenham,L Probert,2,1,16,12,1,0,0,0,full,0,0,,0,-1,-0.0625,-4,0,0,0,1489.3973548397757,1549.4246141057483,-60.02725926597259
2010/11,2010,2011-01-05,Newcastle,West Ham,M Dean,5,0,10,10,0,4,0,0,full,0,0,,0,4,0.4,0,0,0,0,1486.0772994903195,1466.5311805627618,19.5461189275577
2010/11,2010,2011-01-05,Wolves,Chelsea,M Halsey,1,0,15,12,0,1,0,0,full,0,0,,0,1,0.0833333333333333,-3,0,0,0,1445.8742704377241,1528.9912003315935,-83.11692989386938
2010/11,2010,2011-01-12,Blackpool,Liverpool,M Oliver,2,1,6,13,1,3,0,0,full,0,0,,0,2,0.0641025641025641,7,0,0,0,1499.170797698233,1480.9439128832623,18.226884814970617
2010/11,2010,2011-01-15,Chelsea,Blackburn,M Atkinson,2,0,10,6,1,0,0,0,full,0,0,,0,-1,-0.1,-4,0,0,0,1518.326821721566,1485.6643779945434,32.66244372702249
2010/11,2010,2011-01-15,Man City,Wolves,L Mason,4,3,9,9,0,0,0,0,full,0,0,,0,0,0.0,0,0,0,0,1563.9079291519251,1456.5386490477517,107.36928010417341
2010/11,2010,2011-01-15,Stoke,Bolton,M Oliver,2,0,8,13,0,2,0,0,full,0,0,,0,2,0.1538461538461538,5,0,0,0,1486.5447020637148,1503.3376931062298,-16.79299104251504
2010/11,2010,2011-01-15,West Brom,Blackpool,S Attwell,3,2,10,11,1,2,0,0,full,0,0,,0,1,0.0818181818181818,1,0,0,0,1453.4922812329146,1506.9565382647522,-53.46425703183763
2010/11,2010,2011-01-15,West Ham,Arsenal,A Marriner,0,3,8,7,1,0,0,0,full,0,0,,0,-1,-0.125,-1,0,0,0,1458.7815184212334,1557.174789444732,-98.39327102349853
2010/11,2010,2011-01-15,Wigan,Fulham,A Taylor,1,1,21,7,4,2,0,0,full,0,0,,0,-2,0.0952380952380952,-14,0,0,0,1468.5086001780128,1474.0509369836348,-5.5423368056219715
2010/11,2010,2011-01-16,Birmingham,Aston Villa,M Clattenburg,1,1,14,14,1,2,0,0,full,0,0,,0,1,0.0714285714285714,0,0,0,0,1485.7830512837152,1457.5862715340593,28.19677974965589
2010/11,2010,2011-01-16,Liverpool,Everton,P Dowd,2,2,16,17,3,0,0,0,full,0,0,,0,-3,-0.1875,1,0,0,0,1473.158172316743,1499.3981394245175,-26.23996710777442
2010/11,2010,2011-01-16,Sunderland,Newcastle,H Webb,1,1,17,5,1,1,0,0,full,0,0,,0,0,0.1411764705882353,-12,0,0,0,1524.5790492980937,1493.826961631848,30.752087666245643
2010/11,2010,2011-01-16,Tottenham,Man United,M Dean,0,0,9,18,2,4,0,1,full,0,0,,0,2,0.0,9,1,0,0,1539.4238295210066,1592.9596873790063,-53.535857857999645
2010/11,2010,2011-01-22,Arsenal,Wigan,K Friend,3,0,6,14,0,1,0,1,full,0,0,,0,1,0.0714285714285714,8,1,0,0,1566.074218431075,1466.95389382692,99.12032460415503
2010/11,2010,2011-01-22,Aston Villa,Man City,H Webb,1,0,11,11,1,1,0,0,full,0,0,,0,0,0.0,0,0,0,0,1460.0716213810135,1569.4316686550483,-109.36004727403474
2010/11,2010,2011-01-22,Blackpool,Sunderland,L Mason,1,2,13,9,2,0,0,0,full,0,0,,0,-2,-0.1538461538461538,-4,0,0,0,1497.1446298828653,1522.024821934722,-24.88019205185674
2010/11,2010,2011-01-22,Everton,West Ham,P Walton,2,2,8,12,1,2,0,1,full,0,0,,0,1,0.0416666666666666,4,1,0,0,1500.366784596704,1449.8820894348903,50.48469516181376
2010/11,2010,2011-01-22,Fulham,Stoke,S Attwell,2,0,11,10,1,1,0,1,full,0,0,,0,0,0.009090909090909,-1,1,0,0,1475.6056433347276,1495.3074758594921,-19.70183252476454
2010/11,2010,2011-01-22,Man United,Birmingham,M Jones,5,0,10,5,0,0,0,0,full,0,0,,0,0,0.0,-5,0,0,0,1593.1457188808183,1483.297701436761,109.8480174440574
2010/11,2010,2011-01-22,Newcastle,Tottenham,M Halsey,1,1,13,7,0,0,0,0,full,0,0,,0,0,0.0,-6,0,0,0,1496.3811889952196,1539.2377980191945,-42.8566090239749
2010/11,2010,2011-01-22,Wolves,Liverpool,M Atkinson,0,3,6,17,0,3,0,0,full,0,0,,0,3,0.1764705882352941,11,0,0,0,1451.0149095446286,1472.1895271445565,-21.174617599927842
2010/11,2010,2011-01-23,Blackburn,West Brom,M Clattenburg,2,0,4,6,0,1,0,0,full,0,0,,0,1,0.1666666666666666,2,0,0,0,1478.2699299970361,1463.3041896148015,14.965740382234571
2010/11,2010,2011-01-24,Bolton,Chelsea,C Foy,0,4,7,4,0,0,0,0,full,0,0,,0,0,0.0,-3,0,0,0,1494.5749193104525,1525.7212697190732,-31.14635040862072
2010/11,2010,2011-01-25,Blackpool,Man United,P Walton,2,3,10,10,1,2,0,0,full,0,0,,0,1,0.1,0,0,0,0,1486.1372293451884,1598.6125922478134,-112.47536290262497
2010/11,2010,2011-01-25,Wigan,Aston Villa,J Moss,1,2,9,13,2,3,0,0,full,0,0,,0,1,0.0085470085470085,4,0,0,0,1461.2382998051996,1471.4828359464243,-10.244536141224671
2010/11,2010,2011-01-26,Liverpool,Fulham,L Probert,1,0,11,10,0,0,0,0,full,0,0,,0,0,0.0,-1,0,0,0,1483.3023829895326,1484.450942298681,-1.148559309148368
2010/11,2010,2011-02-01,Arsenal,Everton,L Mason,2,1,12,14,3,5,0,0,full,0,0,,0,2,0.1071428571428571,2,0,0,0,1571.7898124527953,1497.2898060076427,74.50000644515262
2010/11,2010,2011-02-01,Man United,Aston Villa,C Foy,3,1,6,6,0,0,0,0,full,0,0,,0,0,0.0,0,0,0,0,1607.113610823375,1482.9052030642538,124.2084077591212
2010/11,2010,2011-02-01,Sunderland,Chelsea,M Halsey,2,4,10,10,1,2,0,0,full,0,0,,0,1,0.1,0,0,0,0,1533.0322224723989,1536.5498405349626,-3.51761806256377
2010/11,2010,2011-02-01,West Brom,Wigan,P Dowd,2,2,13,12,4,5,0,0,full,0,0,,0,1,0.1089743589743589,-1,0,0,0,1455.4290045586924,1449.8159326873702,5.6130718713222905
2010/11,2010,2011-02-02,Birmingham,Man City,K Friend,2,2,9,12,0,2,0,0,full,0,0,,0,2,0.1666666666666666,3,0,0,0,1477.8308280697659,1558.0204540896375,-80.18962601987164
2010/11,2010,2011-02-02,Blackburn,Tottenham,A Marriner,0,1,14,11,2,1,0,0,full,0,0,,0,-1,-0.0519480519480519,-3,0,0,0,1486.1451150531452,1539.7308244171898,-53.58570936404453
2010/11,2010,2011-02-02,Blackpool,West Ham,S Attwell,1,3,9,12,0,1,0,0,full,0,0,,0,1,0.0833333333333333,3,0,0,0,1477.6362107696268,1452.9590680239517,24.677142745675155
2010/11,2010,2011-02-02,Bolton,Wolves,P Walton,1,0,16,8,1,3,0,0,full,0,0,,0,2,0.3125,-8,0,0,0,1483.746348494563,1439.9020536996525,43.84429479491064
2010/11,2010,2011-02-02,Fulham,Newcastle,M Jones,1,0,14,19,0,3,0,0,full,0,0,,0,3,0.1578947368421052,5,0,0,0,1476.1288062684507,1495.8881625972244,-19.75935632877372
2010/11,2010,2011-02-02,Liverpool,Stoke,A Taylor,2,0,6,8,1,4,0,0,full,0,0,,0,3,0.3333333333333333,2,0,0,0,1491.6245190197628,1486.4621768955387,5.1623421242240966
2010/11,2010,2011-02-05,Aston Villa,Fulham,L Mason,2,2,15,11,3,2,0,0,full,0,0,,0,-1,-0.0181818181818181,-4,0,0,0,1477.7604999647665,1484.9757388561961,-7.215238891429635
2010/11,2010,2011-02-05,Everton,Blackpool,K Friend,5,3,8,17,0,1,0,0,full,0,0,,0,1,0.0588235294117647,9,0,0,0,1490.9785719998788,1465.2461433881135,25.732428611765272
2010/11,2010,2011-02-05,Man City,West Brom,M Atkinson,3,0,13,10,1,2,0,0,full,0,0,,0,1,0.123076923076923,-3,0,0,0,1557.4400031532737,1453.562643377955,103.87735977531861
2010/11,2010,2011-02-05,Newcastle,Arsenal,P Dowd,4,4,13,15,2,3,0,1,full,0,0,,0,1,0.0461538461538461,2,1,0,0,1487.041230009479,1578.1010464605592,-91.05981645108022
2010/11,2010,2011-02-05,Stoke,Sunderland,L Probert,3,2,7,15,1,3,0,0,full,0,0,,0,2,0.0571428571428571,8,0,0,0,1478.3160138965427,1521.4207007487835,-43.104686852240775
2010/11,2010,2011-02-05,Tottenham,Bolton,M Clattenburg,2,1,13,11,1,3,0,0,full,0,0,,0,2,0.1958041958041957,-2,0,0,0,1549.9154215700655,1490.8434028428007,59.072018727264776
2010/11,2010,2011-02-05,Wigan,Blackburn,M Dean,4,3,11,12,1,2,0,0,full,0,0,,0,1,0.0757575757575757,1,0,0,0,1451.6822938681075,1475.9605179002695,-24.278224032161916
2010/11,2010,2011-02-05,Wolves,Man United,M Oliver,2,1,6,11,2,2,0,0,full,0,0,,0,0,-0.1515151515151515,5,0,0,0,1432.8049993514148,1612.2583139228623,-179.45331457144744
2010/11,2010,2011-02-06,Chelsea,Liverpool,A Marriner,0,1,9,9,1,1,0,0,full,0,0,,0,0,0.0,0,0,0,0,1548.161362258578,1499.7706820187589,48.390680239819176
2010/11,2010,2011-02-06,West Ham,Birmingham,C Foy,0,1,18,13,3,1,0,0,full,0,0,,0,-2,-0.0897435897435897,-5,0,0,0,1465.349135405465,1478.4112790061297,-13.06214360066474
2010/11,2010,2011-02-12,Arsenal,Wolves,C Foy,2,0,15,9,0,1,0,0,full,0,0,,0,1,0.1111111111111111,-6,0,0,0,1577.2094470031368,1446.1137829359805,131.09566406715635
2010/11,2010,2011-02-12,Birmingham,Stoke,M Halsey,1,0,15,14,1,0,0,0,full,0,0,,0,-1,-0.0666666666666666,-1,0,0,0,1489.7540995506904,1487.830110645787,1.9239889049033536
2010/11,2010,2011-02-12,Blackburn,Newcastle,S Attwell,0,0,11,11,1,3,0,0,full,0,0,,0,2,0.1818181818181818,0,0,0,0,1466.9850656259803,1487.9328294669015,-20.947763840921198
2010/11,2010,2011-02-12,Blackpool,Aston Villa,H Webb,1,1,13,14,2,1,0,1,full,0,0,,0,-1,-0.0824175824175824,1,1,0,0,1457.6648284090309,1476.2528146031718,-18.587986194140967
2010/11,2010,2011-02-12,Liverpool,Wigan,K Friend,1,1,11,17,1,3,0,0,full,0,0,,0,2,0.0855614973262032,6,0,0,0,1512.792995596102,1460.6577461423967,52.13524945370523
2010/11,2010,2011-02-12,Man United,Man City,A Marriner,2,1,15,13,2,2,0,0,full,0,0,,0,0,0.0205128205128205,-2,0,0,0,1598.9495303382967,1563.0444704660806,35.90505987221604
2010/11,2010,2011-02-12,Sunderland,Tottenham,M Jones,1,2,14,12,2,4,0,0,full,0,0,,0,2,0.1904761904761904,-2,0,0,0,1511.9066039995391,1556.6164146062945,-44.709810606755354
2010/11,2010,2011-02-12,West Brom,West Ham,L Mason,3,3,12,13,2,3,0,0,full,0,0,,0,1,0.0641025641025641,1,0,0,0,1447.958176065148,1454.0063148609042,-6.048138795756131
2010/11,2010,2011-02-13,Bolton,Everton,L Probert,2,0,15,12,1,0,0,0,full,0,0,,0,-1,-0.0666666666666666,-3,0,0,0,1484.1424098065718,1498.5598869789615,-14.417477172389681
2010/11,2010,2011-02-14,Fulham,Chelsea,M Dean,0,0,10,13,2,1,0,0,full,0,0,,0,-1,-0.123076923076923,3,0,0,0,1486.4834242177908,1535.139048681235,-48.655624463444155
2010/11,2010,2011-02-15,Birmingham,Newcastle,L Mason,0,2,13,14,1,3,0,0,full,0,0,,0,2,0.1373626373626373,1,0,0,0,1497.990419754587,1489.0521333555414,8.938286399045637
2010/11,2010,2011-02-20,West Brom,Wolves,M Dean,1,1,6,6,0,0,0,0,full,0,0,,0,0,0.0,0,0,0,0,1446.4176791848658,1441.1191164624995,5.298562722366341
2010/11,2010,2011-02-22,Blackpool,Tottenham,C Foy,3,1,11,8,2,0,0,0,full,0,0,,0,-2,-0.1818181818181818,-3,0,0,0,1456.478507566771,1567.0562177381178,-110.57771017134678
2010/11,2010,2011-02-23,Arsenal,Stoke,P Walton,1,0,8,9,1,2,0,0,full,0,0,,0,1,0.0972222222222222,1,0,0,0,1582.2041134766177,1479.5937904418904,102.61032303472734
2010/11,2010,2011-02-26,Aston Villa,Blackburn,M Atkinson,4,1,4,12,0,3,0,1,full,0,0,,0,3,0.25,8,1,0,0,1477.4391354454317,1465.8657617373403,11.573373708091367
2010/11,2010,2011-02-26,Everton,Sunderland,S Attwell,2,0,11,8,0,0,0,0,full,0,0,,0,0,0.0,-3,0,0,0,1489.8643814144984,1501.4668008677158,-11.602419453217408
2010/11,2010,2011-02-26,Newcastle,Bolton,C Foy,1,1,7,11,0,2,1,0,full,0,0,,0,2,0.1818181818181818,4,-1,0,0,1501.0107006072362,1492.8379153710348,8.172785236201435
2010/11,2010,2011-02-26,Wigan,Man United,M Clattenburg,0,4,13,11,0,1,0,0,full,0,0,,0,1,0.0909090909090909,-2,0,0,0,1463.7776705578815,1606.2571979708152,-142.47952741293375
2010/11,2010,2011-02-26,Wolves,Blackpool,N Swarbrick,4,0,16,10,1,1,0,1,full,0,0,,0,0,0.0375,-6,1,0,0,1442.976739187466,1467.924054193341,-24.947315005874998
2010/11,2010,2011-02-27,Man City,Fulham,P Walton,1,1,17,13,1,2,0,0,full,0,0,,0,1,0.0950226244343891,-4,0,0,0,1555.736802833562,1486.1570228306352,69.57978000292678
2010/11,2010,2011-02-27,West Ham,Liverpool,M Halsey,3,1,10,8,0,1,0,0,full,0,0,,0,1,0.125,-2,0,0,0,1455.5468117411865,1509.6730711806172,-54.12625943943067
2010/11,2010,2011-02-28,Stoke,West Brom,M Oliver,1,1,17,14,2,2,0,0,full,0,0,,0,0,0.0252100840336134,-3,0,0,0,1473.959853695842,1444.5600564598994,29.399797235942515
2010/11,2010,2011-03-01,Chelsea,Man United,M Atkinson,2,1,11,14,3,2,0,1,full,0,0,,0,-1,-0.1298701298701298,3,1,0,0,1535.4654500683905,1613.9268592958617,-78.46140922747122
2010/11,2010,2011-03-05,Arsenal,Sunderland,A Taylor,0,0,13,10,3,3,0,0,full,0,0,,0,0,0.0692307692307692,-3,0,0,0,1587.8380502226662,1492.8508545583038,94.98719566436239
2010/11,2010,2011-03-05,Birmingham,West Brom,M Jones,1,3,8,10,3,1,0,0,full,0,0,,0,-2,-0.275,2,0,0,0,1486.0318525028922,1447.0778650583604,38.953987444531776
2010/11,2010,2011-03-05,Bolton,Aston Villa,K Friend,3,2,18,11,5,2,0,0,full,0,0,,0,-3,-0.0959595959595959,-7,0,0,0,1494.7752857940848,1485.4077432202962,9.367542573788569
2010/11,2010,2011-03-05,Fulham,Blackburn,M Clattenburg,3,2,12,17,2,3,0,0,full,0,0,,0,1,0.0098039215686274,5,0,0,0,1489.7228087253154,1457.8971539624758,31.825654762839577
2010/11,2010,2011-03-05,Man City,Wigan,S Attwell,1,0,17,8,3,1,0,0,full,0,0,,0,-2,-0.0514705882352941,-9,0,0,0,1552.1710169388818,1456.108009232835,96.06300770604685
2010/11,2010,2011-03-05,Newcastle,Everton,H Webb,1,2,12,14,2,4,0,0,full,0,0,,0,2,0.119047619047619,2,0,0,0,1499.0733301841863,1498.4803277239105,0.593002460275784
2010/11,2010,2011-03-05,West Ham,Stoke,A Marriner,3,0,9,10,0,3,0,0,full,0,0,,0,3,0.3,1,0,0,0,1465.3777680026205,1471.442045097381,-6.064277094760428
2010/11,2010,2011-03-06,Liverpool,Man United,P Dowd,3,1,12,12,2,3,0,0,full,0,0,,0,1,0.0833333333333333,0,0,0,0,1499.8421149191831,1603.3959967532405,-103.55388183405739
2010/11,2010,2011-03-06,Wolves,Tottenham,M Halsey,3,3,10,11,0,3,0,0,full,0,0,,0,3,0.2727272727272727,1,0,0,0,1451.9712510343543,1555.6106711115478,-103.63942007719356
2010/11,2010,2011-03-07,Blackpool,Chelsea,M Dean,1,3,5,8,0,0,0,0,full,0,0,,0,0,0.0,3,0,0,0,1458.9295423464525,1545.9963126110117,-87.06677026455918
2010/11,2010,2011-03-09,Everton,Birmingham,P Walton,1,1,8,12,1,3,0,0,full,0,0,,0,2,0.125,4,0,0,0,1510.2068653602623,1473.2583199483258,36.94854541193649
2010/11,2010,2011-03-19,Aston Villa,Wolves,P Dowd,0,1,15,19,1,3,0,0,full,0,0,,0,2,0.0912280701754385,4,0,0,0,1477.3781886420338,1453.2207306266052,24.157458015428574
2010/11,2010,2011-03-19,Blackburn,Blackpool,H Webb,2,2,15,12,1,1,0,0,full,0,0,,0,0,0.0166666666666666,-3,0,0,0,1450.4802422771252,1449.7070144022293,0.7732278748958379
2010/11,2010,2011-03-19,Everton,Fulham,M Oliver,2,1,15,19,2,0,0,0,full,0,0,,0,-2,-0.1333333333333333,4,0,0,0,1507.4866987109372,1497.139720410666,10.346978300271076
2010/11,2010,2011-03-19,Man United,Bolton,A Marriner,1,0,8,11,0,0,1,0,full,0,0,,0,0,0.0,3,-1,0,0,1592.1489407874938,1502.8048403723471,89.34410041514661
2010/11,2010,2011-03-19,Stoke,Newcastle,L Mason,4,0,16,9,1,1,0,0,full,0,0,,0,0,0.0486111111111111,-7,0,0,0,1462.9820884999692,1487.3467925478344,-24.36470404786519
2010/11,2010,2011-03-19,Tottenham,West Ham,M Dean,0,0,6,13,0,4,0,0,full,0,0,,0,4,0.3076923076923077,7,0,0,0,1554.3611915192969,1473.8377246000323,80.52346691926459
2010/11,2010,2011-03-19,West Brom,Arsenal,S Attwell,2,2,9,7,1,3,0,0,full,0,0,,0,2,0.3174603174603174,-2,0,0,0,1459.8513976129268,1583.6512615425738,-123.79986392964702
2010/11,2010,2011-03-19,Wigan,Birmingham,L Probert,2,1,13,13,3,1,0,0,full,0,0,,0,-2,-0.1538461538461538,0,0,0,0,1450.3203013237517,1475.978486597651,-25.658185273899335
2010/11,2010,2011-03-20,Chelsea,Man City,C Foy,2,0,16,13,2,5,0,0,full,0,0,,0,3,0.2596153846153846,-3,0,0,0,1555.218840555235,1557.9587248479652,-2.7398842927302667
2010/11,2010,2011-03-20,Sunderland,Liverpool,K Friend,0,2,11,7,3,3,1,0,full,0,0,,0,0,0.1558441558441558,-4,-1,0,0,1497.0376432383962,1511.08917088493,-14.051527646533714
2010/11,2010,2011-04-02,Arsenal,Blackburn,P Dowd,0,0,10,9,1,2,0,1,full,0,0,,0,1,0.1222222222222222,-1,1,0,0,1581.8353194552838,1448.748672417529,133.0866470377548
2010/11,2010,2011-04-02,Birmingham,Bolton,M Oliver,2,1,11,16,0,2,0,0,full,0,0,,0,2,0.125,5,0,0,0,1466.963716977295,1496.8567736849166,-29.893056707621554
2010/11,2010,2011-04-02,Everton,Aston Villa,M Jones,2,2,13,16,3,2,0,0,full,0,0,,0,-1,-0.1057692307692307,3,0,0,0,1515.4891725144323,1465.0022295740193,50.48694294041297
2010/11,2010,2011-04-02,Newcastle,Wolves,M Dean,4,1,19,10,5,3,0,0,full,0,0,,0,-2,0.0368421052631579,-9,0,0,0,1478.3688772438272,1465.5966896946197,12.772187549207501
2010/11,2010,2011-04-02,Stoke,Chelsea,P Walton,1,1,9,10,1,2,0,0,full,0,0,,0,1,0.0888888888888889,1,0,0,0,1471.9600038039764,1563.585523091652,-91.62551928767562
2010/11,2010,2011-04-02,West Brom,Liverpool,M Atkinson,2,1,10,15,2,3,0,0,full,0,0,,0,1,0.0,5,0,0,0,1461.6673397002169,1522.4040175297537,-60.7366778295368
2010/11,2010,2011-04-02,West Ham,Man United,L Mason,2,4,10,9,1,2,0,0,full,0,0,,0,1,0.1222222222222222,-1,0,0,0,1477.675302802867,1598.0970074749243,-120.42170467205733
2010/11,2010,2011-04-02,Wigan,Tottenham,A Marriner,0,0,11,13,1,1,0,0,full,0,0,,0,0,-0.0139860139860139,2,0,0,0,1459.3350709441077,1550.5236133164622,-91.1885423723545
2010/11,2010,2011-04-03,Fulham,Blackpool,S Attwell,3,0,14,5,2,1,0,0,full,0,0,,0,-1,0.0571428571428571,-9,0,0,0,1489.137246607171,1451.4385842618256,37.69866234534538
2010/11,2010,2011-04-03,Man City,Sunderland,H Webb,5,0,9,20,2,3,0,0,full,0,0,,0,1,-0.0722222222222222,11,0,0,0,1549.592042311548,1485.7227965935724,63.86924571797567
2010/11,2010,2011-04-09,Blackburn,Birmingham,C Foy,1,1,10,10,2,3,0,0,full,0,0,,0,1,0.0999999999999999,0,0,0,0,1453.796830882168,1476.099331978467,-22.30250109629901
2010/11,2010,2011-04-09,Bolton,West Ham,L Probert,3,0,6,10,1,0,0,0,full,0,0,,0,-1,-0.1666666666666666,4,0,0,0,1487.7211586837445,1469.3970566560122,18.32410202773235
2010/11,2010,2011-04-09,Chelsea,Wigan,H Webb,1,0,11,12,1,2,0,0,full,0,0,,0,1,0.0757575757575757,1,0,0,0,1562.677773192189,1460.2303458566698,102.44742733551925
2010/11,2010,2011-04-09,Man United,Fulham,M Jones,2,0,12,8,0,0,0,0,full,0,0,,0,0,0.0,-4,0,0,0,1606.3752536217792,1496.3970991402573,109.97815448152187
2010/11,2010,2011-04-09,Sunderland,West Brom,P Walton,2,3,10,11,3,1,0,0,full,0,0,,0,-2,-0.209090909090909,1,0,0,0,1479.144285794103,1471.6885429607996,7.455742833303475
2010/11,2010,2011-04-09,Tottenham,Stoke,K Friend,3,2,11,16,1,3,0,0,full,0,0,,0,2,0.096590909090909,5,0,0,0,1549.6283384039,1472.8677537034393,76.76058470046064
2010/11,2010,2011-04-09,Wolves,Everton,P Dowd,0,3,13,14,0,1,0,0,full,0,0,,0,1,0.0714285714285714,1,0,0,0,1457.6611394011984,1512.4121353545304,-54.750995953331994
2010/11,2010,2011-04-10,Aston Villa,Newcastle,S Attwell,1,0,8,10,2,2,0,0,full,0,0,,0,0,-0.0499999999999999,2,0,0,0,1468.0792667339213,1486.3044275372486,-18.2251608033273
2010/11,2010,2011-04-10,Blackpool,Arsenal,L Mason,1,3,13,9,2,2,0,0,full,0,0,,0,0,0.0683760683760683,-4,0,0,0,1444.1787317287392,1576.7871609906447,-132.60842926190548
2010/11,2010,2011-04-11,Liverpool,Man City,M Halsey,3,0,6,3,1,0,0,0,full,0,0,,0,-1,-0.1666666666666666,-3,0,0,0,1512.382814269171,1556.1705531110174,-43.787738841846476
2010/11,2010,2011-04-16,Birmingham,Sunderland,P Dowd,2,0,7,10,0,0,0,0,full,0,0,,0,0,0.0,3,0,0,0,1477.180115291392,1467.226786794744,9.953328496648055
2010/11,2010,2011-04-16,Blackpool,Wigan,P Walton,1,3,13,12,2,2,0,0,full,0,0,,0,0,0.0128205128205128,-1,0,0,0,1436.2386685345543,1454.592613567413,-18.353945032858746
2010/11,2010,2011-04-16,Everton,Blackburn,K Friend,2,0,9,17,2,3,0,0,full,0,0,,0,1,-0.045751633986928,8,0,0,0,1522.5632023420592,1452.716047569243,69.84715477281611
2010/11,2010,2011-04-16,West Brom,Chelsea,L Probert,1,3,7,10,1,0,0,0,full,0,0,,0,-1,-0.1428571428571428,3,0,0,0,1483.6060419601588,1568.3155054814458,-84.70946352128703
2010/11,2010,2011-04-16,West Ham,Aston Villa,M Halsey,1,2,8,3,0,0,0,0,full,0,0,,0,0,0.0,-5,0,0,0,1461.613976869798,1476.882651186242,-15.268674316443821
2010/11,2010,2011-04-17,Arsenal,Liverpool,A Marriner,1,1,13,13,2,4,0,0,full,0,0,,0,2,0.1538461538461538,0,0,0,0,1584.7272241848295,1521.9165262663414,62.81069791848813
2010/11,2010,2011-04-19,Newcastle,Man United,L Probert,0,0,9,10,2,2,0,0,full,0,0,,0,0,-0.0222222222222222,1,0,0,0,1477.501043084928,1611.8391515505732,-134.3381084656453
2010/11,2010,2011-04-20,Chelsea,Birmingham,M Jones,3,1,9,11,0,1,0,0,full,0,0,,0,1,0.0909090909090909,2,0,0,0,1577.6055066044257,1485.1934696192272,92.41203698519848
2010/11,2010,2011-04-20,Tottenham,Arsenal,M Atkinson,3,3,8,13,0,3,0,0,full,0,0,,0,3,0.2307692307692307,5,0,0,0,1555.8834964639498,1581.3326637278717,-25.449167263921936
2010/11,2010,2011-04-23,Aston Villa,Stoke,C Foy,1,1,9,9,0,3,0,0,full,0,0,,0,3,0.3333333333333333,0,0,0,0,1488.163055455814,1466.6125956433896,21.55045981242438
2010/11,2010,2011-04-23,Blackpool,Newcastle,M Atkinson,1,1,17,8,1,1,0,0,full,0,0,,0,0,0.0661764705882353,-9,0,0,0,1425.045706780924,1479.6086023174241,-54.56289553650004
2010/11,2010,2011-04-23,Chelsea,West Ham,P Dowd,3,0,7,13,1,2,0,0,full,0,0,,0,1,0.010989010989011,6,0,0,0,1583.4800336299809,1450.333572600226,133.14646102975485
2010/11,2010,2011-04-23,Liverpool,Birmingham,H Webb,5,0,7,12,1,0,0,0,full,0,0,,0,-1,-0.1428571428571428,5,0,0,0,1525.3110867232992,1479.318942593672,45.99214412962715
2010/11,2010,2011-04-23,Man United,Everton,P Walton,1,0,10,9,1,2,0,0,full,0,0,,0,1,0.1222222222222222,-1,0,0,0,1609.731592318077,1528.9907011175565,80.74089120052054
2010/11,2010,2011-04-23,Sunderland,Wigan,L Probert,4,2,11,9,1,2,0,0,full,0,0,,0,1,0.1313131313131313,-2,0,0,0,1459.2134324669087,1465.7855753210433,-6.572142854134654
2010/11,2010,2011-04-23,Tottenham,West Brom,S Attwell,2,2,8,9,1,1,0,0,full,0,0,,0,0,-0.0138888888888888,1,0,0,0,1554.8923088124532,1474.316040837179,80.57626797527428
2010/11,2010,2011-04-23,Wolves,Fulham,M Oliver,1,1,15,17,2,2,0,0,full,0,0,,0,0,-0.0156862745098039,2,0,0,0,1447.5100724136696,1490.9332012114633,-43.42312879779365
2010/11,2010,2011-04-24,Bolton,Arsenal,M Jones,2,1,13,14,3,3,0,0,full,0,0,,0,0,-0.0164835164835165,1,0,0,0,1495.5042384699586,1582.3238513793683,-86.81961290940967
2010/11,2010,2011-04-25,Blackburn,Man City,A Marriner,0,1,15,15,2,3,0,0,full,0,0,,0,1,0.0666666666666666,0,0,0,0,1446.2885487937458,1546.636841113847,-100.34829232010111
2010/11,2010,2011-04-26,Stoke,Wolves,L Mason,3,0,12,10,3,2,0,0,full,0,0,,0,-1,-0.0499999999999999,-2,0,0,0,1468.9176300439676,1447.033313423641,21.884316620326672
2010/11,2010,2011-04-27,Fulham,Bolton,A Taylor,3,0,12,8,1,1,0,0,full,0,0,,0,0,0.0416666666666666,-4,0,0,0,1491.409960201492,1506.2746393753566,-14.864679173864715
2010/11,2010,2011-04-30,Blackburn,Bolton,M Dean,1,0,7,9,2,1,0,0,full,0,0,,0,-1,-0.1746031746031746,2,0,0,0,1437.44467327894,1497.566479219991,-60.12180594105098
2010/11,2010,2011-04-30,Blackpool,Stoke,M Clattenburg,0,0,10,11,0,0,0,0,full,0,0,,0,0,0.0,1,0,0,0,1424.8892271085294,1476.6034990425908,-51.714271934061344
2010/11,2010,2011-04-30,Chelsea,Tottenham,A Marriner,2,1,11,11,3,1,0,0,full,0,0,,0,-2,-0.1818181818181818,0,0,0,0,1588.4305924188436,1551.0534347603489,37.37715765849475
2010/11,2010,2011-04-30,Sunderland,Fulham,M Atkinson,0,3,7,12,1,0,0,0,full,0,0,,0,-1,-0.1428571428571428,5,0,0,0,1467.6876631296739,1500.1181203568576,-32.43045722718375
2010/11,2010,2011-04-30,West Brom,Aston Villa,P Dowd,2,1,12,12,3,1,1,0,full,0,0,,0,-2,-0.1666666666666666,0,-1,0,0,1478.1549148892832,1485.858021055236,-7.703106165952704
2010/11,2010,2011-04-30,Wigan,Everton,L Mason,1,1,12,12,2,2,0,0,full,0,0,,0,0,0.0,0,0,0,0,1457.3113446582781,1522.8336144000964,-65.52226974181826
2010/11,2010,2011-05-01,Arsenal,Man United,C Foy,1,0,15,7,2,3,0,0,full,0,0,,0,1,0.2952380952380952,-8,0,0,0,1571.5534504739703,1615.888679035537,-44.33522856156674
2010/11,2010,2011-05-01,Birmingham,Wolves,K Friend,1,1,10,16,3,3,1,0,full,0,0,,0,0,-0.1124999999999999,6,-1,0,0,1472.2783965534898,1439.3474444250178,32.93095212847197
2010/11,2010,2011-05-01,Liverpool,Newcastle,P Walton,3,0,15,10,1,2,0,0,full,0,0,,0,1,0.1333333333333333,-5,0,0,0,1532.3516327634816,1479.7650819898188,52.58655077366279
2010/11,2010,2011-05-01,Man City,West Ham,H Webb,2,1,13,8,3,1,0,0,full,0,0,,0,-2,-0.1057692307692307,-5,0,0,0,1555.4807166286528,1445.3830138113633,110.09770281728947
2010/11,2010,2011-05-07,Aston Villa,Wigan,M Jones,1,1,6,11,2,0,0,0,full,0,0,,0,-2,-0.3333333333333333,5,0,0,0,1477.3519807607622,1457.4702749747662,19.88170578599602
2010/11,2010,2011-05-07,Bolton,Sunderland,K Friend,1,2,14,10,1,0,0,0,full,0,0,,0,-1,-0.0714285714285714,-4,0,0,0,1487.5629733633332,1456.895809217517,30.667164145816287
2010/11,2010,2011-05-07,Everton,Man City,P Dowd,2,1,13,15,4,2,0,0,full,0,0,,0,-2,-0.1743589743589743,2,0,0,0,1522.6746840836083,1560.941882108976,-38.267198025367634
2010/11,2010,2011-05-07,Newcastle,Birmingham,C Foy,2,1,10,12,1,4,0,1,full,0,0,,0,3,0.2333333333333333,2,1,0,0,1472.8967267567916,1469.6656423758445,3.2310843809470953
2010/11,2010,2011-05-07,Tottenham,Blackpool,L Probert,1,1,5,13,3,2,0,0,full,0,0,,0,-1,-0.4461538461538461,8,0,0,0,1543.7850212119185,1424.650789885523,119.1342313263956
2010/11,2010,2011-05-07,West Ham,Blackburn,P Walton,1,1,7,14,3,0,0,0,full,0,0,,0,-3,-0.4285714285714285,7,0,0,0,1439.92184833104,1447.4481791355977,-7.526330804557574
2010/11,2010,2011-05-08,Man United,Chelsea,H Webb,2,1,12,14,2,4,0,0,full,0,0,,0,2,0.119047619047619,2,0,0,0,1606.3392421369101,1595.699005967274,10.640236169636182
2010/11,2010,2011-05-08,Stoke,Arsenal,M Halsey,3,1,7,10,1,2,0,0,full,0,0,,0,1,0.0571428571428571,3,0,0,0,1476.8419362655973,1581.1028873725973,-104.26095110699998
2010/11,2010,2011-05-08,Wolves,West Brom,M Dean,3,1,9,7,3,1,0,0,full,0,0,,0,-2,-0.1904761904761904,-2,0,0,0,1441.960198602663,1486.6609551837569,-44.700756581093856
2010/11,2010,2011-05-09,Fulham,Liverpool,L Mason,2,5,18,11,5,2,0,0,full,0,0,,0,-3,-0.0959595959595959,-7,0,0,0,1510.9099742690146,1539.2199879965087,-28.31001372749415
2010/11,2010,2011-05-10,Man City,Tottenham,M Dean,1,0,7,8,1,1,0,0,full,0,0,,0,0,-0.0178571428571428,1,0,0,0,1551.5665878707334,1539.042131056246,12.524456814487394
2010/11,2010,2011-05-14,Blackburn,Man United,P Dowd,1,1,11,11,3,0,0,0,full,0,0,,0,-3,-0.2727272727272727,0,0,0,0,1448.9471129065491,1614.3336134593565,-165.38650055280732
2010/11,2010,2011-05-14,Blackpool,Bolton,A Marriner,4,3,16,12,2,4,0,0,full,0,0,,0,2,0.2083333333333333,-4,0,0,0,1429.3936800411955,1475.0110309702509,-45.61735092905542
2010/11,2010,2011-05-14,Sunderland,Wolves,M Jones,1,3,8,19,0,0,0,0,full,0,0,,0,0,0.0,11,0,0,0,1469.4477516105992,1451.5201353793934,17.927616231205775
2010/11,2010,2011-05-14,West Brom,Everton,A Taylor,1,0,15,9,2,2,0,1,full,0,0,,0,0,0.0888888888888888,-6,1,0,0,1477.1010184070265,1532.0499783218509,-54.9489599148244
2010/11,2010,2011-05-15,Arsenal,Aston Villa,M Oliver,1,2,9,10,1,4,0,0,full,0,0,,0,3,0.2888888888888889,1,0,0,0,1569.835801917862,1475.092475063664,94.7433268541979
2010/11,2010,2011-05-15,Birmingham,Fulham,P Walton,0,2,7,15,0,5,0,0,full,0,0,,0,5,0.3333333333333333,8,0,0,0,1461.4657488289156,1500.0003841811667,-38.534635352251144
2010/11,2010,2011-05-15,Chelsea,Newcastle,L Mason,2,2,17,13,4,2,0,0,full,0,0,,0,-2,-0.0814479638009049,-4,0,0,0,1587.7046346448276,1481.0966203037206,106.60801434110704
2010/11,2010,2011-05-15,Liverpool,Tottenham,H Webb,0,2,13,7,2,1,0,0,full,0,0,,0,-1,-0.010989010989011,-6,0,0,0,1550.1295780843566,1531.099753383735,19.029824700621475
2010/11,2010,2011-05-15,Wigan,West Ham,M Dean,3,2,7,10,1,1,0,0,full,0,0,,0,0,-0.0428571428571428,3,0,0,0,1459.7297806718643,1438.4229145600887,21.306866111775662
2010/11,2010,2011-05-17,Man City,Stoke,L Probert,3,0,6,9,0,3,0,0,full,0,0,,0,3,0.3333333333333333,3,0,0,0,1559.5089655432444,1488.1090217203325,71.39994382291184
2010/11,2010,2011-05-22,Aston Villa,Liverpool,L Probert,1,0,12,12,2,2,0,0,full,0,0,,0,0,0.0,0,0,0,0,1489.273473328005,1537.8933525564373,-48.61987922843241
2010/11,2010,2011-05-22,Bolton,Man City,C Foy,0,2,11,10,1,1,1,0,full,0,0,,0,0,0.009090909090909,-1,-1,0,0,1465.4247605810194,1565.897537913275,-100.47277733225565
2010/11,2010,2011-05-22,Everton,Chelsea,P Walton,1,0,12,14,3,2,1,0,full,0,0,,0,-1,-0.1071428571428571,2,-1,0,0,1522.1953487004507,1583.245912025975,-61.05056332552431
2010/11,2010,2011-05-22,Fulham,Arsenal,M Atkinson,2,2,12,5,2,1,1,0,full,0,0,,0,-1,0.0333333333333333,-7,-1,0,0,1510.6174221506121,1555.6548036535212,-45.03738150290906
2010/11,2010,2011-05-22,Man United,Blackpool,M Dean,4,2,8,5,2,1,0,0,full,0,0,,0,-1,-0.0499999999999999,-3,0,0,0,1611.3900727730665,1438.979950430427,172.41012234263962
2010/11,2010,2011-05-22,Newcastle,West Brom,M Halsey,3,3,5,8,0,0,0,0,full,0,0,,0,0,0.0,3,0,0,0,1485.5553429225731,1486.9556480284266,-1.4003051058534766
2010/11,2010,2011-05-22,Stoke,Wigan,A Marriner,0,1,10,9,1,4,0,0,full,0,0,,0,3,0.3444444444444444,-1,0,0,0,1481.7204493503018,1467.4313860161358,14.28906333416603
2010/11,2010,2011-05-22,Tottenham,Birmingham,M Clattenburg,2,1,5,15,0,3,0,0,full,0,0,,0,3,0.2,10,0,0,0,1543.3359789116544,1450.8487108594702,92.48726805218416
2010/11,2010,2011-05-22,West Ham,Sunderland,A Taylor,0,3,7,8,0,2,0,0,full,0,0,,0,2,0.25,1,0,0,0,1430.7213092158172,1457.2416850578265,-26.520375842009344
2010/11,2010,2011-05-22,Wolves,Blackburn,H Webb,2,3,12,9,3,1,0,0,full,0,0,,0,-2,-0.1388888888888889,-3,0,0,0,1463.726201932166,1451.890653592839,11.835548339327033
2011/12,2011,2011-08-13,Blackburn,Wolves,K Friend,1,2,14,10,4,2,0,0,full,0,0,,0,-2,-0.0857142857142856,-4,0,0,1,1463.929279310777,1451.687576214228,12.241703096548918
2011/12,2011,2011-08-13,Fulham,Aston Villa,L Mason,0,0,10,18,2,4,0,0,full,0,0,,0,2,0.0222222222222222,8,0,0,1,1510.1870294177309,1498.9460442098323,11.240985207898575
2011/12,2011,2011-08-13,Liverpool,Sunderland,P Dowd,1,1,17,12,4,4,0,0,full,0,0,,0,0,0.0980392156862745,-5,0,0,1,1528.22078167461,1468.2023345208113,60.01844715379866
2011/12,2011,2011-08-13,Newcastle,Arsenal,P Walton,0,0,9,11,3,5,0,1,full,0,0,,0,2,0.1212121212121212,2,1,0,1,1483.8845216477714,1556.0851963864025,-72.20067473863105
2011/12,2011,2011-08-13,QPR,Bolton,M Atkinson,0,4,9,16,1,2,1,0,full,0,0,,0,1,0.0138888888888888,7,-1,0,1,1433.1864491054705,1456.584419995513,-23.397970890042416
2011/12,2011,2011-08-13,Wigan,Norwich,S Attwell,1,1,11,8,2,2,0,0,full,0,0,,0,0,0.0681818181818181,-3,0,0,1,1479.5375962781195,1433.1864491054705,46.35114717264901
2011/12,2011,2011-08-14,Stoke,Chelsea,M Halsey,0,0,12,12,2,2,0,0,full,0,0,,0,0,0.0,0,0,0,1,1469.614239088318,1573.215674474973,-103.60143538665488
2011/12,2011,2011-08-14,West Brom,Man United,M Jones,1,2,16,9,3,2,0,0,full,0,0,,0,-1,0.0347222222222222,-7,0,0,1,1488.6264693032283,1615.5473161095379,-126.92084680630956
2011/12,2011,2011-08-15,Man City,Swansea,M Dean,4,0,9,2,0,0,0,0,full,0,0,,1,0,,-7,0,0,1,1574.7378784987816,1433.1864491054705,141.55142939331108
2011/12,2011,2011-08-20,Arsenal,Liverpool,M Atkinson,0,2,11,6,2,2,1,0,full,0,0,,0,0,0.1515151515151515,-5,-1,0,1,1555.7341770148955,1524.8975208614918,30.836656153403737
2011/12,2011,2011-08-20,Aston Villa,Blackburn,S Attwell,3,1,9,13,3,0,0,0,full,0,0,,0,-3,-0.3333333333333333,4,0,0,1,1500.9682625285716,1451.879452032698,49.08881049587353
2011/12,2011,2011-08-20,Chelsea,West Brom,L Mason,2,1,12,8,2,4,0,0,full,0,0,,0,2,0.3333333333333333,-4,0,0,1,1571.9672711163041,1480.529134453768,91.43813666253618
2011/12,2011,2011-08-20,Everton,QPR,K Friend,0,1,12,9,1,1,0,0,full,0,0,,0,0,0.0277777777777777,-3,0,0,1,1532.2255862514528,1422.136838165749,110.08874808570386
2011/12,2011,2011-08-20,Sunderland,Newcastle,H Webb,0,1,17,7,3,3,1,0,full,0,0,,0,0,0.2521008403361344,-10,-1,0,1,1471.5255953339295,1484.2355410192783,-12.709945685348885
2011/12,2011,2011-08-20,Swansea,Wigan,P Dowd,0,0,8,18,0,3,0,0,full,0,0,,0,3,0.1666666666666666,10,0,0,1,1428.4139148213144,1476.5687172623595,-48.15480244104515
2011/12,2011,2011-08-21,Bolton,Man City,M Jones,2,3,19,14,2,0,0,0,full,0,0,,0,-2,-0.1052631578947368,-5,0,0,1,1467.6340309352345,1579.5104127829377,-111.87638184770321
2011/12,2011,2011-08-21,Norwich,Stoke,N Swarbrick,1,1,13,12,0,2,1,0,full,0,0,,0,2,0.1666666666666666,-1,-1,0,1,1436.1553281212305,1470.862642446987,-34.70731432575644
2011/12,2011,2011-08-21,Wolves,Fulham,M Dean,2,0,7,10,2,2,0,0,full,0,0,,0,0,-0.0857142857142856,3,0,0,1,1463.737403492307,1508.1648110989915,-44.42740760668448
2011/12,2011,2011-08-22,Man United,Tottenham,L Probert,3,0,12,9,1,2,0,0,full,0,0,,0,1,0.1388888888888889,-3,0,0,1,1623.6446509589982,1549.2087093015004,74.43594165749778
2011/12,2011,2011-08-27,Aston Villa,Wolves,M Atkinson,0,0,10,9,1,3,0,0,full,0,0,,0,2,0.2333333333333333,-1,0,0,1,1507.927701697582,1473.2894881626785,34.63821353490357
2011/12,2011,2011-08-27,Blackburn,Everton,L Mason,0,1,17,13,5,2,0,0,full,0,0,,0,-3,-0.1402714932126696,-4,0,0,1,1444.9200128636876,1517.6869563754312,-72.76694351174365
2011/12,2011,2011-08-27,Chelsea,Norwich,M Jones,3,1,17,14,2,2,0,1,full,0,0,,0,0,0.0252100840336134,-3,1,0,1,1577.8650853536424,1435.428629387701,142.43645596594138
2011/12,2011,2011-08-27,Liverpool,Bolton,L Probert,3,1,5,7,0,2,0,0,full,0,0,,0,2,0.2857142857142857,2,0,0,1,1537.4540233590426,1459.1161553342245,78.33786802481814
2011/12,2011,2011-08-27,Swansea,Sunderland,M Halsey,0,0,7,10,1,1,0,0,full,0,0,,0,0,-0.0428571428571428,3,0,0,1,1428.0731146622963,1460.1728218650449,-32.099707202748505
2011/12,2011,2011-08-27,Wigan,QPR,M Oliver,2,0,13,8,2,0,0,0,full,0,0,,0,-2,-0.1538461538461538,-5,0,0,1,1476.9095174213776,1436.6754680417705,40.234049379607086
2011/12,2011,2011-08-28,Man United,Arsenal,H Webb,8,2,9,7,2,3,0,1,full,0,0,,0,1,0.2063492063492063,-2,1,0,1,1629.9574781040824,1543.1776745173447,86.77980358673767
2011/12,2011,2011-08-28,Newcastle,Fulham,K Friend,2,1,19,8,2,1,0,0,full,0,0,,0,-1,0.0197368421052631,-11,0,0,1,1495.588314488163,1498.6127264286201,-3.0244119404571848
2011/12,2011,2011-08-28,Tottenham,Man City,P Dowd,1,5,11,9,2,4,0,0,full,0,0,,0,2,0.2626262626262626,-2,0,0,1,1542.8958821564163,1588.0282883839477,-45.13240622753142
2011/12,2011,2011-08-28,West Brom,Stoke,M Dean,0,1,9,12,0,0,0,0,full,0,0,,0,0,0.0,3,0,0,1,1474.6313202164297,1471.5893411805164,3.0419790359133003
2011/12,2011,2011-09-10,Arsenal,Swansea,S Attwell,1,0,10,7,3,2,0,0,full,0,0,,0,-1,-0.0142857142857142,-3,0,0,1,1537.167735177027,1427.2718014070624,109.89593376996459
2011/12,2011,2011-09-10,Bolton,Man United,A Marriner,0,5,14,1,2,0,0,0,full,0,0,,1,-2,,-13,0,0,1,1452.8999621023636,1635.9674174444,-183.0674553420365
2011/12,2011,2011-09-10,Everton,Aston Villa,M Oliver,2,2,13,11,1,1,0,0,full,0,0,,0,0,0.0139860139860139,-2,0,0,1,1527.3196595063068,1505.2692221221814,22.050437384125416
2011/12,2011,2011-09-10,Man City,Wigan,M Atkinson,3,0,6,9,0,0,0,0,full,0,0,,0,0,0.0,3,0,0,1,1598.4559511196464,1484.102010745628,114.35394037401852
2011/12,2011,2011-09-10,Stoke,Liverpool,M Clattenburg,1,0,12,13,0,1,0,0,full,0,0,,0,1,0.0769230769230769,1,0,0,1,1483.3841805991738,1543.6702165909035,-60.286035991729705
2011/12,2011,2011-09-10,Sunderland,Chelsea,L Probert,1,2,7,3,1,1,0,0,full,0,0,,0,0,0.1904761904761904,-4,0,0,1,1460.9741351202788,1582.6191320674213,-121.64499694714254
2011/12,2011,2011-09-10,Wolves,Tottenham,P Walton,0,2,5,12,3,2,0,0,full,0,0,,0,-1,-0.4333333333333333,7,0,0,1,1475.9479677380791,1532.4682194207176,-56.520251682638445
2011/12,2011,2011-09-11,Fulham,Blackburn,H Webb,1,1,7,12,3,1,0,0,full,0,0,,0,-2,-0.3452380952380952,5,0,0,1,1490.2380719334546,1435.287309732812,54.95076220064266
2011/12,2011,2011-09-11,Norwich,West Brom,M Halsey,0,1,10,11,1,2,0,0,full,0,0,,0,1,0.0818181818181818,1,0,0,1,1430.674582673922,1462.8364807977723,-32.16189812385028
2011/12,2011,2011-09-12,QPR,Newcastle,P Dowd,0,0,10,15,1,3,0,0,full,0,0,,0,2,0.1,5,0,0,1,1429.4829747175202,1503.9629689833284,-74.47999426580827
2011/12,2011,2011-09-17,Aston Villa,Newcastle,N Swarbrick,1,1,13,10,1,1,0,0,full,0,0,,0,0,0.023076923076923,-3,0,0,1,1507.5878779120656,1503.5464423810602,4.041435531005391
2011/12,2011,2011-09-17,Blackburn,Arsenal,A Marriner,4,3,14,9,2,1,0,0,full,0,0,,0,-1,-0.0317460317460317,-5,0,0,1,1438.4801969701152,1542.6335128731141,-104.15331590299888
2011/12,2011,2011-09-17,Bolton,Norwich,H Webb,1,2,8,8,3,1,1,0,full,0,0,,0,-2,-0.25,0,-1,0,1,1446.3010594299042,1419.8750479491441,26.426011480760053
2011/12,2011,2011-09-17,Everton,Wigan,P Walton,3,1,14,8,2,1,0,0,full,0,0,,0,-1,-0.0178571428571428,-6,0,0,1,1525.0010037164227,1478.7375698292838,46.263433887138945
2011/12,2011,2011-09-17,Swansea,West Brom,M Atkinson,3,0,4,9,1,2,0,0,full,0,0,,0,1,-0.0277777777777777,5,0,0,1,1421.8060237109753,1473.6360155225502,-51.82999181157493
2011/12,2011,2011-09-17,Wolves,QPR,A Taylor,0,3,15,13,2,3,0,0,full,0,0,,0,1,0.0974358974358974,-2,0,0,1,1465.8478158792864,1429.8995013197884,35.94831455949793
2011/12,2011,2011-09-18,Fulham,Man City,M Clattenburg,2,2,10,9,1,1,0,0,full,0,0,,0,0,0.0111111111111111,-1,0,0,1,1487.0451846961514,1603.8203920359906,-116.7752073398392
2011/12,2011,2011-09-18,Man United,Chelsea,P Dowd,3,1,11,12,2,3,0,0,full,0,0,,0,1,0.0681818181818181,1,0,0,1,1642.5663201168595,1590.8632336261676,51.70308649069193
2011/12,2011,2011-09-18,Sunderland,Stoke,K Friend,4,0,15,12,1,2,0,0,full,0,0,,0,1,0.0999999999999999,-3,0,0,1,1452.7300335615325,1493.3924133749465,-40.66237981341396
2011/12,2011,2011-09-18,Tottenham,Liverpool,M Jones,4,0,10,9,1,4,0,2,full,0,0,,0,3,0.3444444444444444,-1,2,0,1,1542.5683712795103,1533.6619838151307,8.906387464379577
2011/12,2011,2011-09-24,Arsenal,Bolton,M Clattenburg,3,0,7,9,0,1,0,1,full,0,0,,0,1,0.1111111111111111,2,1,0,1,1531.3694757897408,1433.863588423118,97.5058873666228
2011/12,2011,2011-09-24,Chelsea,Swansea,M Dean,4,1,15,11,3,3,1,0,full,0,0,,0,0,0.0727272727272727,-4,-1,0,1,1583.9719258078,1431.5709153065216,152.4010105012785
2011/12,2011,2011-09-24,Liverpool,Wolves,K Friend,2,1,15,6,3,4,0,0,full,0,0,,0,1,0.4666666666666666,-9,0,0,1,1525.6196681449571,1453.1543288240987,72.46533932085845
2011/12,2011,2011-09-24,Man City,Everton,H Webb,2,0,9,13,1,5,0,0,full,0,0,,0,4,0.2735042735042735,4,0,0,1,1602.2006621169455,1532.0344269408656,70.16623517607991
2011/12,2011,2011-09-24,Newcastle,Blackburn,M Atkinson,3,1,6,16,0,4,0,1,full,0,0,,0,4,0.25,10,1,0,1,1505.3691073230661,1449.7442340534885,55.62487326957762
2011/12,2011,2011-09-24,Stoke,Man United,P Walton,1,1,10,3,1,0,0,0,full,0,0,,0,-1,-0.1,-7,0,0,1,1483.9484208045137,1649.457627935227,-165.50920713071332
2011/12,2011,2011-09-24,West Brom,Fulham,S Attwell,0,0,6,14,0,3,0,0,full,0,0,,0,3,0.2142857142857142,8,0,0,1,1463.871123927004,1488.6649146151965,-24.79379068819253
2011/12,2011,2011-09-24,Wigan,Tottenham,J Moss,1,2,13,6,3,1,1,0,full,0,0,,0,-2,-0.0641025641025641,-7,-1,0,1,1471.7041466048408,1550.610686949684,-78.90654034484305
2011/12,2011,2011-09-25,QPR,Aston Villa,M Oliver,1,1,14,19,1,6,1,0,full,0,0,,0,5,0.244360902255639,5,-1,0,1,1442.5929883749761,1505.7652129700596,-63.172224595083435
2011/12,2011,2011-09-26,Norwich,Sunderland,C Foy,2,1,3,7,2,1,0,0,full,0,0,,0,-1,-0.5238095238095237,4,0,0,1,1432.3125189559303,1462.1740261319653,-29.861507176035047
2011/12,2011,2011-10-01,Aston Villa,Wigan,M Clattenburg,2,0,12,6,0,1,0,0,full,0,0,,0,1,0.1666666666666666,-6,0,0,1,1505.6739115438304,1462.2477840691743,43.42612747465614
2011/12,2011,2011-10-01,Blackburn,Man City,P Dowd,0,4,9,14,1,1,0,0,full,0,0,,0,0,-0.0396825396825396,5,0,0,1,1442.954534966363,1608.6201517662232,-165.66561679986012
2011/12,2011,2011-10-01,Everton,Liverpool,M Atkinson,0,2,15,9,1,1,1,0,full,0,0,,0,0,0.0444444444444444,-6,-1,0,1,1525.614937291588,1531.9816049439037,-6.366667652315755
2011/12,2011,2011-10-01,Man United,Norwich,S Attwell,2,0,9,6,1,0,0,0,full,0,0,,0,-1,-0.1111111111111111,-3,0,0,1,1646.510861813772,1441.4472326804027,205.0636291333692
2011/12,2011,2011-10-01,Sunderland,West Brom,L Mason,2,2,9,13,2,0,0,0,full,0,0,,0,-2,-0.2222222222222222,4,0,0,1,1453.0393124074928,1462.8612618576465,-9.821949450153625
2011/12,2011,2011-10-01,Wolves,Newcastle,M Halsey,1,2,7,10,1,2,0,0,full,0,0,,0,1,0.0571428571428571,3,0,0,1,1446.7923920251521,1512.1588064101916,-65.36641438503943
2011/12,2011,2011-10-02,Bolton,Chelsea,P Walton,1,5,10,11,1,2,0,0,full,0,0,,0,1,0.0818181818181818,1,0,0,1,1428.1099813468477,1588.5212343603064,-160.4112530134587
2011/12,2011,2011-10-02,Fulham,QPR,A Marriner,6,0,10,7,2,3,0,0,full,0,0,,0,1,0.2285714285714285,-3,0,0,1,1489.674776684554,1442.6842898012053,46.990486883348694
2011/12,2011,2011-10-02,Swansea,Stoke,M Jones,2,0,14,18,3,5,0,0,full,0,0,,0,2,0.0634920634920635,4,0,0,1,1427.0216067540152,1486.8951869259688,-59.87358017195356
2011/12,2011,2011-10-02,Tottenham,Arsenal,M Dean,2,1,11,8,2,1,0,0,full,0,0,,0,-1,-0.0568181818181818,-3,0,0,1,1560.0670494853505,1537.1230828660111,22.943966619339335
2011/12,2011,2011-10-15,Chelsea,Everton,M Jones,3,1,13,11,2,2,0,0,full,0,0,,0,0,0.0279720279720279,-2,0,0,1,1595.7090300398945,1514.0833921019725,81.62563793792197
2011/12,2011,2011-10-15,Liverpool,Man United,A Marriner,1,1,8,11,1,3,0,0,full,0,0,,0,2,0.1477272727272727,3,0,0,1,1543.513150133519,1650.0829575532214,-106.56980741970233
2011/12,2011,2011-10-15,Man City,Aston Villa,A Taylor,4,1,10,6,1,1,0,0,full,0,0,,0,0,0.0666666666666666,-4,0,0,1,1615.6692752716344,1512.7819912918706,102.88728397976388
2011/12,2011,2011-10-15,Norwich,Swansea,J Moss,3,1,6,5,0,1,0,0,full,0,0,,0,1,0.2,-1,0,0,1,1437.8751369409533,1437.0179680990318,0.8571688419215207
2011/12,2011,2011-10-15,QPR,Blackburn,M Clattenburg,1,1,10,13,3,2,0,0,full,0,0,,0,-1,-0.1461538461538461,3,0,0,1,1435.6699393436181,1435.9054114609519,-0.23547211733375661
2011/12,2011,2011-10-15,Stoke,Fulham,M Atkinson,2,0,14,15,4,4,0,0,full,0,0,,0,0,-0.019047619047619,1,0,0,1,1476.8988255809522,1496.6891271421412,-19.790301561188926
2011/12,2011,2011-10-15,Wigan,Bolton,M Dean,1,3,16,14,4,4,0,0,full,0,0,,0,0,0.0357142857142857,-2,0,0,1,1455.139704321134,1420.9221856672596,34.21751865387455
2011/12,2011,2011-10-16,Arsenal,Sunderland,H Webb,2,1,9,19,3,3,0,0,full,0,0,,0,0,-0.175438596491228,10,0,0,1,1529.4660593050296,1451.6050304076996,77.86102889733002
2011/12,2011,2011-10-16,Newcastle,Tottenham,L Probert,2,2,11,15,1,2,0,0,full,0,0,,0,1,0.0424242424242424,4,0,0,1,1522.0043608700603,1567.724073046332,-45.71971217627174
2011/12,2011,2011-10-16,West Brom,Wolves,C Foy,2,0,14,12,0,1,0,0,full,0,0,,0,1,0.0833333333333333,-2,0,0,1,1464.2955438574397,1436.9468375652834,27.348706292156294
2011/12,2011,2011-10-22,Aston Villa,West Brom,P Dowd,1,2,11,8,2,3,1,0,full,0,0,,0,1,0.1931818181818181,-3,-1,0,1,1507.1545042939608,1471.8331096162617,35.32139467769912
2011/12,2011,2011-10-22,Bolton,Sunderland,M Jones,0,2,15,14,0,3,0,0,full,0,0,,0,3,0.2142857142857142,-1,0,0,1,1433.5694088276364,1445.3770715078815,-11.80766268024513
2011/12,2011,2011-10-22,Liverpool,Norwich,P Walton,1,1,6,8,0,1,0,0,full,0,0,,0,1,0.125,2,0,0,1,1544.845566915784,1446.1412236044107,98.70434331137335
2011/12,2011,2011-10-22,Newcastle,Wigan,N Swarbrick,1,0,7,22,3,2,0,0,full,0,0,,0,-1,-0.3376623376623376,15,0,0,1,1521.5935724455178,1442.4924811607573,79.10109128476051
2011/12,2011,2011-10-22,Wolves,Swansea,M Oliver,2,2,14,11,2,0,0,0,full,0,0,,0,-2,-0.1428571428571428,-3,0,0,1,1429.4092718064614,1428.7518814355744,0.6573903708870148
2011/12,2011,2011-10-23,Arsenal,Stoke,L Mason,3,1,9,13,0,2,0,0,full,0,0,,0,2,0.1538461538461538,4,0,0,1,1535.6940182048477,1485.7466370110035,49.947381193844194
2011/12,2011,2011-10-23,Blackburn,Tottenham,S Attwell,1,2,19,7,4,1,0,0,full,0,0,,0,-3,-0.0676691729323308,-12,0,0,1,1437.6088050132557,1568.1348614708745,-130.52605645761878
2011/12,2011,2011-10-23,Fulham,Everton,L Probert,1,3,12,8,3,1,0,0,full,0,0,,0,-2,-0.125,-4,0,0,1,1487.84131571209,1507.9479885013263,-20.106672789236427
2011/12,2011,2011-10-23,Man United,Man City,M Clattenburg,1,6,15,11,4,4,1,0,full,0,0,,0,0,0.0969696969696969,-4,-1,0,1,1648.7505407709564,1621.2967622695442,27.453778501412216
2011/12,2011,2011-10-23,QPR,Chelsea,C Foy,1,0,17,17,2,7,0,2,full,0,0,,0,5,0.2941176470588235,0,2,0,1,1433.9665457913143,1601.8444336405407,-167.87788784922645
2011/12,2011,2011-10-29,Chelsea,Arsenal,A Marriner,3,5,7,18,2,3,0,0,full,0,0,,0,1,-0.119047619047619,11,0,0,1,1588.835537214775,1542.6310472013981,46.204490013376926
2011/12,2011,2011-10-29,Everton,Man United,M Halsey,0,1,12,8,3,0,0,0,full,0,0,,0,-3,-0.25,-4,0,0,1,1519.0911911193334,1636.2852658962706,-117.19407477693721
2011/12,2011,2011-10-29,Man City,Wolves,S Attwell,3,1,17,5,2,1,1,0,full,0,0,,0,-1,0.0823529411764706,-12,-1,0,1,1633.76203714423,1427.6809362382394,206.08110090599052
2011/12,2011,2011-10-29,Norwich,Blackburn,A Taylor,3,3,9,10,2,1,0,0,full,0,0,,0,-1,-0.1222222222222222,1,0,0,1,1450.4158494287938,1429.611279321933,20.804570106860865
2011/12,2011,2011-10-29,Sunderland,Aston Villa,C Foy,2,2,7,13,1,3,0,0,full,0,0,,0,2,0.0879120879120879,6,0,0,1,1456.7553305123727,1494.477760478756,-37.72242996638329
2011/12,2011,2011-10-29,Swansea,Bolton,M Clattenburg,3,1,9,14,3,4,0,1,full,0,0,,0,1,-0.0476190476190476,5,1,0,1,1430.4802170037965,1422.1911498231452,8.289067180651273
2011/12,2011,2011-10-29,West Brom,Liverpool,L Mason,0,2,12,9,1,0,0,0,full,0,0,,0,-1,-0.0833333333333333,-3,0,0,1,1484.5098534314666,1540.570941091401,-56.0610876599344
2011/12,2011,2011-10-29,Wigan,Fulham,M Jones,0,2,17,14,2,5,0,0,full,0,0,,0,3,0.2394957983193277,-3,0,0,1,1436.2950944925076,1476.6981130940828,-40.40301860157524
2011/12,2011,2011-10-30,Tottenham,QPR,H Webb,3,1,12,14,0,0,0,0,full,0,0,,0,0,0.0,2,0,0,1,1576.1323871621973,1446.97544221708,129.1569449451174
2011/12,2011,2011-10-31,Stoke,Newcastle,M Dean,1,3,8,14,0,1,0,0,full,0,0,,0,1,0.0714285714285714,6,0,0,1,1478.809608014453,1527.7909591137675,-48.98135109931445
2011/12,2011,2011-11-05,Arsenal,West Brom,M Oliver,3,0,12,12,0,0,0,0,full,0,0,,0,0,0.0,0,0,0,1,1555.5960766634475,1474.396487277943,81.19958938550462
2011/12,2011,2011-11-05,Aston Villa,Norwich,K Friend,3,2,11,9,1,5,0,0,full,0,0,,0,4,0.4646464646464646,-2,0,0,1,1495.1180831920378,1448.1311528355168,46.98693035652104
2011/12,2011,2011-11-05,Blackburn,Chelsea,M Dean,0,1,12,10,4,2,0,0,full,0,0,,0,-2,-0.1333333333333333,-2,0,0,1,1431.8959759152099,1575.8705077527256,-143.97453183751577
2011/12,2011,2011-11-05,Liverpool,Swansea,P Dowd,0,0,13,5,2,1,0,0,full,0,0,,0,-1,0.0461538461538461,-8,0,0,1,1550.6843072449246,1438.5396255476337,112.14468169729093
2011/12,2011,2011-11-05,Man United,Sunderland,L Mason,1,0,6,14,0,2,0,0,full,0,0,,0,2,0.1428571428571428,8,0,0,1,1644.6537985924554,1456.1150077990908,188.53879079336457
2011/12,2011,2011-11-05,Newcastle,Everton,A Marriner,2,1,12,15,2,3,0,0,full,0,0,,0,1,0.0333333333333333,3,0,0,1,1538.1079950389776,1510.7226584231487,27.38533661582892
2011/12,2011,2011-11-05,QPR,Man City,M Atkinson,2,3,5,14,1,1,0,0,full,0,0,,0,0,-0.1285714285714286,9,0,0,1,1441.9388382075954,1637.316980071676,-195.3781418640806
2011/12,2011,2011-11-06,Bolton,Stoke,H Webb,5,0,10,9,0,1,0,0,full,0,0,,0,1,0.1111111111111111,-1,0,0,1,1414.131741279308,1468.492572089243,-54.360830809934896
2011/12,2011,2011-11-06,Fulham,Tottenham,P Walton,1,3,5,9,0,1,0,0,full,0,0,,0,1,0.1111111111111111,4,0,0,1,1487.2615621514783,1581.168991171682,-93.90742902020361
2011/12,2011,2011-11-06,Wolves,Wigan,L Probert,3,1,11,13,2,1,0,0,full,0,0,,0,-1,-0.1048951048951049,2,0,0,1,1424.1259933107933,1425.7316454351121,-1.6056521243187944
2011/12,2011,2011-11-19,Everton,Wolves,J Moss,2,1,14,13,1,2,0,0,full,0,0,,0,1,0.0824175824175824,-1,0,0,1,1503.186083015397,1432.460917968779,70.7251650466178
2011/12,2011,2011-11-19,Man City,Newcastle,C Foy,3,1,10,7,0,0,0,0,full,0,0,,0,0,0.0,-3,0,0,1,1643.6063988322212,1545.6445704467294,97.9618283854918
2011/12,2011,2011-11-19,Norwich,Arsenal,P Dowd,1,2,11,9,3,0,0,0,full,0,0,,0,-3,-0.2727272727272727,-2,0,0,1,1441.116709137502,1561.7419164260104,-120.62520728850836
2011/12,2011,2011-11-19,Stoke,QPR,M Jones,2,3,17,10,4,2,0,0,full,0,0,,0,-2,-0.0352941176470588,-7,0,0,1,1458.6548661743348,1435.6494194470501,23.005446727284607
2011/12,2011,2011-11-19,Sunderland,Fulham,A Taylor,0,0,8,12,1,1,0,0,full,0,0,,0,0,-0.0416666666666666,4,0,0,1,1452.2552283608065,1478.2344097469788,-25.979181386172286
2011/12,2011,2011-11-19,Swansea,Man United,M Dean,0,1,6,9,0,1,0,0,full,0,0,,0,1,0.1111111111111111,3,0,0,1,1443.1251140978711,1648.5135780307396,-205.3884639328685
2011/12,2011,2011-11-19,West Brom,Bolton,N Swarbrick,2,1,12,12,1,0,0,0,full,0,0,,0,-1,-0.0833333333333333,0,0,0,1,1468.25064751538,1423.9694471942162,44.28120032116385
2011/12,2011,2011-11-19,Wigan,Blackburn,A Marriner,3,3,14,13,2,3,0,1,full,0,0,,0,1,0.0879120879120879,-1,1,0,1,1417.3967207771263,1424.2669665445123,-6.870245767385995
2011/12,2011,2011-11-20,Chelsea,Liverpool,L Probert,1,2,13,11,3,2,0,0,full,0,0,,0,-1,-0.0489510489510489,-2,0,0,1,1583.4995171234232,1546.0988186946872,37.40069842873595
2011/12,2011,2011-11-21,Tottenham,Aston Villa,M Halsey,2,0,4,5,0,2,0,0,full,0,0,,0,2,0.4,1,0,0,1,1590.1961435761814,1502.1325268900525,88.06361668612885
2011/12,2011,2011-11-26,Arsenal,Fulham,M Dean,1,1,9,7,1,3,0,0,full,0,0,,0,2,0.3174603174603174,-2,0,0,1,1570.0144795057245,1479.2104899666688,90.80398953905569
2011/12,2011,2011-11-26,Bolton,Everton,M Oliver,0,2,9,10,1,1,1,0,full,0,0,,0,0,-0.0111111111111111,1,-1,0,1,1416.8839040698354,1509.5915558556476,-92.70765178581223
2011/12,2011,2011-11-26,Chelsea,Wolves,L Mason,3,0,10,10,1,2,0,0,full,0,0,,0,1,0.1,0,0,0,1,1570.767303682041,1426.0554451285284,144.71185855351268
2011/12,2011,2011-11-26,Man United,Newcastle,M Jones,1,1,12,15,1,4,0,1,full,0,0,,0,3,0.1833333333333333,3,1,0,1,1654.5572414984908,1539.9017140840094,114.65552741448141
2011/12,2011,2011-11-26,Norwich,QPR,M Clattenburg,2,1,15,7,1,0,0,0,full,0,0,,0,-1,-0.0666666666666666,-8,0,0,1,1432.844146057788,1447.9940682168997,-15.149922159111611
2011/12,2011,2011-11-26,Stoke,Blackburn,M Halsey,3,1,10,5,0,0,0,0,full,0,0,,0,0,0.0,-5,0,0,1,1446.3102174044852,1425.784354437151,20.525862967334206
2011/12,2011,2011-11-26,Sunderland,Wigan,K Friend,1,2,12,13,3,1,0,0,full,0,0,,0,-2,-0.173076923076923,1,0,0,1,1451.2791481411166,1415.8793328844877,35.399815256628926
2011/12,2011,2011-11-26,West Brom,Tottenham,L Probert,1,3,11,13,2,1,0,0,full,0,0,,0,-1,-0.1048951048951049,2,0,0,1,1475.3361906397608,1596.175060517669,-120.83886987790811
2011/12,2011,2011-11-27,Liverpool,Man City,M Atkinson,1,1,11,13,1,4,0,1,full,0,0,,0,3,0.2167832167832168,2,1,0,1,1558.8310321360693,1649.3492551949412,-90.51822305887185
2011/12,2011,2011-11-27,Swansea,Aston Villa,N Swarbrick,0,0,9,17,3,4,0,0,full,0,0,,0,1,-0.0980392156862745,8,0,0,1,1437.08145063012,1496.153609948565,-59.072159318445074
2011/12,2011,2011-12-03,Aston Villa,Man United,L Probert,0,1,4,11,0,0,0,0,full,0,0,,0,0,0.0,7,0,0,1,1496.1803152866046,1649.9148700588564,-153.73455477225184
2011/12,2011,2011-12-03,Blackburn,Swansea,C Foy,4,2,12,13,1,1,0,1,full,0,0,,0,0,-0.0064102564102564,1,1,0,1,1418.0614465289393,1437.0547452920803,-18.993298763140956
2011/12,2011,2011-12-03,Man City,Norwich,H Webb,5,1,8,7,0,1,0,0,full,0,0,,0,1,0.1428571428571428,-1,0,0,1,1648.4731222662892,1441.5603800088963,206.9127422573929
2011/12,2011,2011-12-03,Newcastle,Chelsea,M Dean,0,3,7,6,2,3,0,0,full,0,0,,0,1,0.2142857142857143,-1,0,0,1,1544.5440855236438,1575.4740454808227,-30.92995995717888
2011/12,2011,2011-12-03,QPR,West Brom,M Atkinson,1,1,7,9,0,3,0,0,full,0,0,,0,3,0.3333333333333333,2,0,0,1,1439.2778342657914,1467.0695931197124,-27.79175885392101
2011/12,2011,2011-12-03,Tottenham,Bolton,S Attwell,3,0,10,5,0,2,0,1,full,0,0,,0,2,0.4,-5,1,0,1,1604.4416580377174,1407.82253476709,196.61912327062737
2011/12,2011,2011-12-03,Wigan,Arsenal,M Clattenburg,0,4,8,12,3,2,0,0,full,0,0,,0,-1,-0.2083333333333333,4,0,0,1,1428.55817197667,1565.9274858518643,-137.36931387519417
2011/12,2011,2011-12-04,Everton,Stoke,L Mason,0,1,14,13,0,1,0,0,full,0,0,,0,1,0.0769230769230769,-1,0,0,1,1518.652925158393,1454.033125312697,64.61979984569598
2011/12,2011,2011-12-04,Wolves,Sunderland,P Dowd,2,1,10,12,2,3,0,0,full,0,0,,0,1,0.0499999999999999,2,0,0,1,1421.3487033297467,1438.6003090489344,-17.251605719187637
2011/12,2011,2011-12-05,Fulham,Liverpool,K Friend,1,0,12,9,3,1,0,1,full,0,0,,0,-2,-0.1388888888888889,-3,1,0,1,1483.297483620529,1559.7071650647213,-76.4096814441923
2011/12,2011,2011-12-10,Arsenal,Everton,H Webb,1,0,7,14,2,2,0,0,full,0,0,,0,0,-0.1428571428571428,7,0,0,1,1573.736711894502,1505.2123763281238,68.52433556637811
2011/12,2011,2011-12-10,Bolton,Aston Villa,P Dowd,1,2,10,7,1,2,0,0,full,0,0,,0,1,0.1857142857142857,-3,0,0,1,1404.1055762018336,1488.8146070189946,-84.70903081716096
2011/12,2011,2011-12-10,Liverpool,QPR,L Mason,1,0,12,5,2,0,0,0,full,0,0,,0,-2,-0.1666666666666666,-7,0,0,1,1549.23520735465,1438.3534530343368,110.88175432031312
2011/12,2011,2011-12-10,Man United,Wolves,M Oliver,4,1,7,8,1,0,0,0,full,0,0,,0,-1,-0.1428571428571428,1,0,0,1,1657.2805783264664,1430.1244771764796,227.15610114998685
2011/12,2011,2011-12-10,Norwich,Newcastle,M Atkinson,4,2,9,8,3,2,0,1,full,0,0,,0,-1,-0.0833333333333333,-1,1,0,1,1438.019409110699,1533.7093295684513,-95.68992045775235
2011/12,2011,2011-12-10,Swansea,Fulham,J Moss,2,0,8,7,1,1,0,0,full,0,0,,0,0,0.0178571428571428,-1,0,0,1,1428.2295628940249,1493.7694413306003,-65.53987843657546
2011/12,2011,2011-12-10,West Brom,Wigan,M Dean,1,2,9,7,1,1,0,0,full,0,0,,0,0,0.0317460317460317,-2,0,0,1,1467.993974351167,1420.7489459340325,47.24502841713456
2011/12,2011,2011-12-11,Stoke,Tottenham,C Foy,2,1,8,7,2,2,0,1,full,0,0,,0,0,0.0357142857142857,-1,1,0,1,1467.473674142966,1608.1586166029738,-140.68494246000773
2011/12,2011,2011-12-11,Sunderland,Blackburn,P Walton,2,1,11,7,2,2,0,0,full,0,0,,0,0,0.1038961038961038,-4,0,0,1,1429.8245352022016,1426.8866289269947,2.937906275206842
2011/12,2011,2011-12-12,Chelsea,Man City,M Clattenburg,2,1,11,18,4,2,0,1,full,0,0,,0,-2,-0.2525252525252525,7,1,0,1,1586.3088014360153,1652.0140931644867,-65.70529172847137
2011/12,2011,2011-12-17,Blackburn,West Brom,M Clattenburg,1,2,7,10,1,1,0,0,full,0,0,,0,0,-0.0428571428571428,3,0,0,1,1418.678569232066,1455.0016530484772,-36.32308381641133
2011/12,2011,2011-12-17,Everton,Norwich,L Probert,1,1,9,12,1,1,0,0,full,0,0,,0,0,-0.0277777777777777,3,0,0,1,1498.7516179460176,1449.0430495770283,49.70856836898929
2011/12,2011,2011-12-17,Fulham,Bolton,C Foy,2,0,6,11,1,3,0,0,full,0,0,,0,2,0.106060606060606,5,0,0,1,1483.6100043235617,1394.8155626874081,88.79444163615358
2011/12,2011,2011-12-17,Newcastle,Swansea,L Mason,0,0,11,11,1,1,0,0,full,0,0,,0,0,0.0,0,0,0,1,1522.6856891021218,1438.3889999010635,84.29668920105837
2011/12,2011,2011-12-17,Wigan,Chelsea,M Atkinson,1,1,8,6,0,0,0,0,full,0,0,,0,0,0.0,-2,0,0,1,1433.7412672367223,1596.4729981735677,-162.73173093684545
2011/12,2011,2011-12-17,Wolves,Stoke,A Taylor,1,2,8,11,2,4,0,0,full,0,0,,0,2,0.1136363636363636,3,0,0,1,1426.9104082715728,1479.755107046593,-52.844698775020106
2011/12,2011,2011-12-18,Aston Villa,Liverpool,P Walton,0,2,5,14,1,2,0,0,full,0,0,,0,1,-0.0571428571428571,9,0,0,1,1498.10462053342,1554.6784733770216,-56.57385284360157
2011/12,2011,2011-12-18,Man City,Arsenal,P Dowd,1,0,13,10,2,3,0,0,full,0,0,,0,1,0.1461538461538461,-3,0,0,1,1641.8498964269343,1580.197470276608,61.652426150326164
2011/12,2011,2011-12-18,QPR,Man United,H Webb,0,2,5,7,1,2,0,0,full,0,0,,0,1,0.0857142857142856,2,0,0,1,1432.910187011965,1660.4946472313732,-227.58446021940813
2011/12,2011,2011-12-18,Tottenham,Sunderland,M Dean,1,0,6,8,1,2,0,0,full,0,0,,0,1,0.0833333333333333,2,0,0,1,1595.877183699347,1438.0325948971304,157.84458880221655
2011/12,2011,2011-12-20,Blackburn,Bolton,M Atkinson,1,2,10,7,3,0,0,0,full,0,0,,0,-3,-0.3,-3,0,0,1,1407.9981457963768,1388.854264505378,19.143881290998706
2011/12,2011,2011-12-20,Wolves,Norwich,C Foy,2,2,5,11,2,2,0,0,full,0,0,,0,0,-0.2181818181818182,6,0,0,1,1416.7044912589572,1452.0997905496456,-35.3952992906884
2011/12,2011,2011-12-21,Aston Villa,Arsenal,J Moss,1,2,10,8,2,3,1,0,full,0,0,,0,1,0.175,-2,-1,0,1,1488.0060112876806,1573.5625012054527,-85.55648991777207
2011/12,2011,2011-12-21,Everton,Swansea,K Friend,1,0,8,13,1,2,0,0,full,0,0,,0,1,0.0288461538461538,5,0,0,1,1495.6948769734004,1442.3187983666887,53.376078606711644
2011/12,2011,2011-12-21,Fulham,Man United,M Halsey,0,5,7,8,1,0,0,0,full,0,0,,0,-1,-0.1428571428571428,1,0,0,1,1489.5713025055918,1666.0134356883163,-176.44213318272455
2011/12,2011,2011-12-21,Man City,Stoke,M Dean,3,0,7,5,2,1,0,0,full,0,0,,0,-1,-0.0857142857142856,-2,0,0,1,1648.4848654980897,1489.9610240592085,158.52384143888116
2011/12,2011,2011-12-21,Newcastle,West Brom,A Taylor,2,3,9,10,1,0,0,0,full,0,0,,0,-1,-0.1111111111111111,1,0,0,1,1518.7558906364966,1465.6820764841664,53.073814152330215
2011/12,2011,2011-12-21,QPR,Sunderland,A Marriner,2,3,10,11,2,2,0,0,full,0,0,,0,0,-0.0181818181818181,1,0,0,1,1427.3913985550219,1433.5924743906523,-6.2010758356304905
2011/12,2011,2011-12-21,Wigan,Liverpool,M Oliver,0,0,16,12,1,2,0,0,full,0,0,,0,1,0.1041666666666666,-4,0,0,1,1436.6148620802892,1564.777082622761,-128.1622205424719
2011/12,2011,2011-12-22,Tottenham,Chelsea,H Webb,1,1,14,8,2,2,0,0,full,0,0,,0,0,0.1071428571428571,-6,0,0,1,1600.317304205825,1593.5994033300008,6.717900875824171
2011/12,2011,2011-12-26,Bolton,Newcastle,P Walton,0,2,9,11,1,1,0,0,full,0,0,,0,0,-0.0202020202020201,2,0,0,1,1401.0936084530592,1505.6116022806982,-104.51799382763897
2011/12,2011,2011-12-26,Chelsea,Fulham,K Friend,1,1,10,12,1,1,0,0,full,0,0,,0,0,-0.0166666666666666,2,0,0,1,1595.496438063232,1482.8026858405299,112.69375222270219
2011/12,2011,2011-12-26,Liverpool,Blackburn,M Jones,1,1,5,15,1,0,0,0,full,0,0,,0,-1,-0.2,10,0,0,1,1562.84000486455,1395.7588018486956,167.0812030158545
2011/12,2011,2011-12-26,Man United,Wigan,P Dowd,5,0,12,10,2,1,0,1,full,0,0,,0,-1,-0.0666666666666666,-2,1,0,1,1672.7820523533783,1438.5519398385002,234.2301125148781
2011/12,2011,2011-12-26,Stoke,Aston Villa,M Clattenburg,0,0,13,10,3,0,0,0,full,0,0,,0,-3,-0.2307692307692307,-3,0,0,1,1485.5343958423282,1478.7402624021133,6.794133440214864
2011/12,2011,2011-12-26,Sunderland,Everton,H Webb,1,1,6,14,0,1,0,0,full,0,0,,0,1,0.0714285714285714,8,0,0,1,1445.1286735603353,1502.5427510101808,-57.414077449845536
2011/12,2011,2011-12-26,West Brom,Man City,L Mason,0,0,8,8,0,1,0,0,full,0,0,,0,1,0.125,0,0,0,1,1478.8263648399648,1652.91149371497,-174.08512887500524
2011/12,2011,2011-12-27,Arsenal,Wolves,S Attwell,1,1,3,12,2,3,0,1,full,0,0,,0,1,-0.4166666666666666,9,1,0,1,1582.82825009102,1415.9974925620302,166.8307575289898
2011/12,2011,2011-12-27,Norwich,Tottenham,M Oliver,0,2,7,6,1,1,0,0,full,0,0,,0,0,0.0238095238095238,-1,0,0,1,1452.8067892465726,1598.4202694725936,-145.613480226021
2011/12,2011,2011-12-27,Swansea,QPR,L Probert,1,1,9,12,1,3,0,0,full,0,0,,0,2,0.1388888888888889,3,0,0,1,1435.4709243299083,1415.855199385339,19.615724944569365
2011/12,2011,2011-12-30,Liverpool,Newcastle,L Probert,3,1,7,11,0,2,0,0,full,0,0,,0,2,0.1818181818181818,4,0,0,1,1557.0991721341159,1514.33723800528,42.76193412883595
2011/12,2011,2011-12-31,Arsenal,QPR,M Atkinson,1,0,11,13,2,2,0,0,full,0,0,,0,0,-0.0279720279720279,2,0,0,1,1577.0922520768827,1418.1074391265443,158.98481295033844
2011/12,2011,2011-12-31,Bolton,Wolves,M Clattenburg,1,1,11,8,0,0,0,0,full,0,0,,0,0,0.0,-3,0,0,1,1392.3679727284775,1421.7334905761675,-29.365517847689944
2011/12,2011,2011-12-31,Chelsea,Aston Villa,M Halsey,1,3,7,13,1,1,0,0,full,0,0,,0,0,-0.0659340659340659,6,0,0,1,1590.898478000592,1480.6394122350962,110.25906576549573
2011/12,2011,2011-12-31,Man United,Blackburn,M Dean,2,3,8,10,2,2,0,0,full,0,0,,0,0,-0.0499999999999999,2,0,0,1,1675.8877850851634,1401.4996345791299,274.3881505060335
2011/12,2011,2011-12-31,Norwich,Fulham,H Webb,1,1,9,6,0,0,0,0,full,0,0,,0,0,0.0,-3,0,0,1,1445.2222506733785,1487.40064590317,-42.17839522979148
2011/12,2011,2011-12-31,Stoke,Wigan,M Oliver,2,2,14,5,2,3,0,1,full,0,0,,0,1,0.4571428571428571,-9,1,0,1,1483.6352460093453,1435.446207106715,48.18903890263027
2011/12,2011,2011-12-31,Swansea,Tottenham,P Dowd,1,1,8,4,1,2,0,0,full,0,0,,0,1,0.375,-4,0,0,1,1433.218684588703,1606.0048080457877,-172.78612345708484
2011/12,2011,2012-01-01,Sunderland,Man City,K Friend,1,0,7,6,1,1,0,0,full,0,0,,0,0,0.0238095238095238,-1,0,0,1,1445.0542461007255,1649.7409992150447,-204.68675311431912
2011/12,2011,2012-01-01,West Brom,Everton,S Attwell,0,1,10,8,0,2,0,0,full,0,0,,0,2,0.25,-2,0,0,1,1481.99685933989,1502.6171784697906,-20.62031912990051
2011/12,2011,2012-01-02,Aston Villa,Swansea,A Taylor,0,2,11,6,2,4,0,0,full,0,0,,0,2,0.4848484848484848,-5,0,0,1,1495.1819335827988,1436.3555092453355,58.82642433746332
2011/12,2011,2012-01-02,Blackburn,Stoke,L Mason,1,2,8,7,2,1,0,0,full,0,0,,0,-1,-0.1071428571428571,-1,0,0,1,1418.9532958942589,1480.6182069284434,-61.66491103418457
2011/12,2011,2012-01-02,Fulham,Arsenal,L Probert,2,1,6,12,0,1,0,1,full,0,0,,0,1,0.0833333333333333,6,1,0,1,1487.9131435150364,1581.5097405460897,-93.5965970310533
2011/12,2011,2012-01-02,QPR,Norwich,N Swarbrick,1,2,12,12,2,1,1,0,full,0,0,,0,-1,-0.0833333333333333,0,-1,0,1,1413.6899506573372,1444.7097530615122,-31.019802404174925
2011/12,2011,2012-01-02,Wolves,Chelsea,P Walton,1,2,9,10,3,2,0,0,full,0,0,,0,-1,-0.1333333333333333,1,0,0,1,1422.6129439272704,1576.3559566528893,-153.74301272561888
2011/12,2011,2012-01-03,Man City,Liverpool,M Jones,3,0,13,7,1,2,1,0,full,0,0,,0,1,0.2087912087912087,-6,-1,0,1,1635.8017118101027,1564.2247797770522,71.57693203305053
2011/12,2011,2012-01-03,Tottenham,West Brom,M Halsey,1,0,3,14,0,5,0,0,full,0,0,,0,5,0.3571428571428571,11,0,0,1,1602.8679833891551,1470.868249894746,131.99973349440916
2011/12,2011,2012-01-03,Wigan,Sunderland,M Dean,1,4,9,6,1,0,0,0,full,0,0,,0,-1,-0.1111111111111111,-3,0,0,1,1438.463246187617,1458.9935335056675,-20.53028731805057
2011/12,2011,2012-01-04,Everton,Bolton,P Dowd,1,2,7,11,1,3,0,0,full,0,0,,0,2,0.1298701298701298,4,0,0,1,1513.7457879149347,1391.4885193773746,122.2572685375601
2011/12,2011,2012-01-04,Newcastle,Man United,H Webb,3,0,16,15,1,2,0,0,full,0,0,,0,1,0.0708333333333333,-1,0,0,1,1507.2116303623436,1658.4341237700344,-151.22249340769076
2011/12,2011,2012-01-11,Tottenham,Everton,M Atkinson,2,0,5,15,1,3,0,0,full,0,0,,0,2,0.0,10,0,0,1,1607.8431732523861,1498.9335275023868,108.9096457499993
2011/12,2011,2012-01-14,Aston Villa,Everton,M Clattenburg,1,1,12,11,1,1,0,0,full,0,0,,0,0,0.0075757575757575,-1,0,0,1,1481.8892275357582,1493.4451694172465,-11.555941881488252
2011/12,2011,2012-01-14,Blackburn,Fulham,A Taylor,3,1,14,11,1,1,1,0,full,0,0,,0,0,0.0194805194805194,-3,-1,0,1,1409.0012155190684,1498.8771285499724,-89.87591303090403
2011/12,2011,2012-01-14,Chelsea,Sunderland,P Dowd,1,0,9,9,3,1,0,0,full,0,0,,0,-2,-0.2222222222222222,0,0,0,1,1583.72143837595,1470.1247011925564,113.59673718339354
2011/12,2011,2012-01-14,Liverpool,Stoke,H Webb,0,0,6,11,0,3,0,0,full,0,0,,0,3,0.2727272727272727,5,0,0,1,1557.8406363247059,1490.570287303634,67.27034902107198
2011/12,2011,2012-01-14,Man United,Bolton,P Walton,3,0,7,7,0,1,0,0,full,0,0,,0,1,0.1428571428571428,0,0,0,1,1645.8672447427655,1406.3007797899224,239.56646495284303
2011/12,2011,2012-01-14,Tottenham,Wolves,M Jones,1,1,6,12,1,3,0,0,full,0,0,,0,2,0.0833333333333333,6,0,0,1,1613.3315313375265,1415.2474622042098,198.0840691333167
2011/12,2011,2012-01-14,West Brom,Norwich,M Dean,1,2,6,14,0,1,0,0,full,0,0,,0,1,0.0714285714285714,8,0,0,1,1465.893060031515,1455.5419411066612,10.351118924853836
2011/12,2011,2012-01-15,Newcastle,QPR,C Foy,1,0,5,9,0,4,0,0,full,0,0,,0,4,0.4444444444444444,4,0,0,1,1519.7785093896125,1402.8577626121883,116.92074677742426
2011/12,2011,2012-01-15,Swansea,Arsenal,M Oliver,3,2,9,9,0,0,0,0,full,0,0,,0,0,0.0,0,0,0,1,1449.648215292376,1570.5457555111536,-120.89754021877752
2011/12,2011,2012-01-16,Wigan,Man City,M Atkinson,0,1,16,15,3,3,0,0,full,0,0,,0,0,0.0125,-1,0,0,1,1427.3320785007281,1642.185855262449,-214.85377676172084
2011/12,2011,2012-01-21,Bolton,Liverpool,K Friend,3,1,10,13,0,2,0,0,full,0,0,,0,2,0.1538461538461538,3,0,0,1,1403.2747850423889,1554.3330065379473,-151.05822149555843
2011/12,2011,2012-01-21,Everton,Blackburn,M Halsey,1,1,15,13,2,2,0,0,full,0,0,,0,0,0.0205128205128205,-2,0,0,1,1494.8305351899244,1419.8590002371843,74.97153495274006
2011/12,2011,2012-01-21,Fulham,Newcastle,L Mason,5,2,8,12,0,4,0,0,full,0,0,,0,4,0.3333333333333333,4,0,0,1,1488.0193438318565,1525.0851460329782,-37.06580220112164
2011/12,2011,2012-01-21,Norwich,Chelsea,M Clattenburg,0,0,5,4,0,0,0,0,full,0,0,,0,0,0.0,-1,0,0,1,1467.5395817243643,1589.103007432592,-121.56342570822767
2011/12,2011,2012-01-21,QPR,Wigan,J Moss,3,1,10,15,2,2,0,0,full,0,0,,0,0,-0.0666666666666666,5,0,0,1,1397.5511259688226,1421.5156997066276,-23.96457373780504
2011/12,2011,2012-01-21,Stoke,West Brom,A Taylor,1,2,10,10,0,0,0,0,full,0,0,,0,0,0.0,0,0,0,1,1494.0779170903925,1453.8954194138119,40.182497676580624
2011/12,2011,2012-01-21,Sunderland,Swansea,C Foy,2,0,9,6,0,0,0,0,full,0,0,,0,0,0.0,-3,0,0,1,1464.7431321359143,1461.383255653378,3.359876482536265
2011/12,2011,2012-01-21,Wolves,Aston Villa,M Oliver,2,3,11,8,1,0,1,0,full,0,0,,0,-1,-0.0909090909090909,-3,-1,0,1,1421.5559554646347,1480.5038617630803,-58.94790629844556
2011/12,2011,2012-01-22,Arsenal,Man United,M Dean,1,2,15,6,5,2,0,0,full,0,0,,0,-3,0.0,-9,0,0,1,1558.8107151501517,1648.893239490299,-90.0825243401473
2011/12,2011,2012-01-22,Man City,Tottenham,H Webb,3,2,7,10,2,1,0,0,full,0,0,,0,-1,-0.1857142857142857,3,0,0,1,1648.0022340565495,1607.0230380771015,40.97919597944792
2011/12,2011,2012-01-31,Everton,Man City,P Walton,1,0,12,9,1,2,0,0,full,0,0,,0,1,0.1388888888888889,-3,0,0,1,1491.130050088335,1655.1749827327465,-164.04493264441135
2011/12,2011,2012-01-31,Man United,Stoke,M Jones,2,0,9,14,1,3,0,0,full,0,0,,0,2,0.1031746031746031,5,0,0,1,1658.0295520783461,1481.271777296143,176.75777478220311
2011/12,2011,2012-01-31,Swansea,Chelsea,A Marriner,1,1,10,19,2,3,0,1,full,0,0,,0,1,-0.0421052631578947,9,1,0,1,1453.1869486827325,1587.349384506928,-134.16243582419543
2011/12,2011,2012-01-31,Tottenham,Wigan,L Probert,3,1,7,7,0,1,0,0,full,0,0,,0,1,0.1428571428571428,0,0,0,1,1599.8502894009046,1412.5491794225852,187.30110997831935
2011/12,2011,2012-01-31,Wolves,Liverpool,A Taylor,0,3,6,8,1,3,0,0,full,0,0,,0,2,0.2083333333333333,2,0,0,1,1411.525673866273,1541.770544642178,-130.24487077590493
2011/12,2011,2012-02-01,Aston Villa,QPR,N Swarbrick,2,2,3,12,0,1,0,0,full,0,0,,0,1,0.0833333333333333,9,0,0,1,1490.534143361442,1406.517646252865,84.01649710857691
2011/12,2011,2012-02-01,Blackburn,Newcastle,P Dowd,0,2,9,17,1,2,0,0,full,0,0,,0,1,0.0065359477124183,8,0,0,1,1423.5594853387736,1515.7442882232071,-92.18480288443357
2011/12,2011,2012-02-01,Bolton,Arsenal,C Foy,0,0,8,10,1,1,0,0,full,0,0,,0,0,-0.0249999999999999,2,0,0,1,1415.8372469381582,1549.6744025621047,-133.8371556239465
2011/12,2011,2012-02-01,Fulham,West Brom,M Halsey,1,1,6,7,1,0,0,0,full,0,0,,0,-1,-0.1666666666666666,1,0,0,1,1497.3602016416276,1466.7015592080613,30.65864243356623
2011/12,2011,2012-02-01,Sunderland,Norwich,L Mason,3,0,6,14,1,1,0,0,full,0,0,,0,0,-0.0952380952380952,8,0,0,1,1472.9394391065598,1469.2932046500284,3.6462344565313742
2011/12,2011,2012-02-04,Arsenal,Blackburn,A Marriner,7,1,9,14,2,3,0,1,full,0,0,,0,1,-0.0079365079365079,5,1,0,1,1547.5806256446288,1414.4831977230497,133.09742792157908
2011/12,2011,2012-02-04,Man City,Fulham,M Dean,3,0,8,7,1,3,0,0,full,0,0,,0,2,0.3035714285714285,-1,0,0,1,1642.2667497960213,1494.8084885512883,147.45826124473297
2011/12,2011,2012-02-04,Norwich,Bolton,L Probert,2,0,6,6,0,0,0,0,full,0,0,,0,0,0.0,0,0,0,1,1461.104870398216,1417.931023855634,43.17384654258194
2011/12,2011,2012-02-04,QPR,Wolves,M Clattenburg,1,2,7,14,0,3,1,0,full,0,0,,0,3,0.2142857142857142,7,-1,0,1,1410.4406234195214,1403.520378271414,6.9202451481073695
2011/12,2011,2012-02-04,Stoke,Sunderland,M Atkinson,0,1,12,6,0,1,1,0,full,0,0,,0,1,0.1666666666666666,-6,-1,0,1,1477.196348497543,1481.1277733583722,-3.931424860829111
2011/12,2011,2012-02-04,West Brom,Swansea,J Moss,1,2,11,6,2,1,0,0,full,0,0,,0,-1,-0.0151515151515151,-5,0,0,1,1469.2532722984006,1455.289675725117,13.963596573283667
2011/12,2011,2012-02-04,Wigan,Everton,A Taylor,1,1,12,8,2,0,0,0,full,0,0,,0,-2,-0.1666666666666666,-4,0,0,1,1408.6671589250154,1504.0382830250603,-95.37112410004488
2011/12,2011,2012-02-05,Chelsea,Man United,H Webb,3,3,14,13,2,1,0,0,full,0,0,,0,-1,-0.0659340659340659,-1,0,0,1,1585.2466574645434,1662.104980876946,-76.85832341240257
2011/12,2011,2012-02-05,Newcastle,Aston Villa,M Halsey,2,1,6,11,1,2,0,0,full,0,0,,0,1,0.0151515151515151,5,0,0,1,1524.820575838931,1486.6111661947855,38.20940964414558
2011/12,2011,2012-02-06,Liverpool,Tottenham,M Oliver,0,0,6,11,2,2,0,0,full,0,0,,0,0,-0.1515151515151515,5,0,0,1,1549.775840237037,1603.7323098984743,-53.95646966143727
2011/12,2011,2012-02-11,Blackburn,QPR,M Dean,3,2,11,10,1,1,0,0,full,0,0,,0,0,0.009090909090909,-1,0,0,1,1409.5315874066036,1398.5379749591996,10.993612447404075
2011/12,2011,2012-02-11,Bolton,Wigan,H Webb,1,2,19,10,3,2,0,0,full,0,0,,0,-1,0.0421052631578947,-9,0,0,1,1410.816288753591,1409.6817189908472,1.1345697627436948
2011/12,2011,2012-02-11,Everton,Chelsea,M Jones,2,0,13,12,0,3,0,0,full,0,0,,0,3,0.25,-1,0,0,1,1503.0237229592285,1585.731498573303,-82.70777561407454
2011/12,2011,2012-02-11,Fulham,Stoke,C Foy,2,1,12,6,1,2,0,0,full,0,0,,0,1,0.25,-6,0,0,1,1490.158408233157,1465.5964300013932,24.56197823176376
2011/12,2011,2012-02-11,Man United,Liverpool,P Dowd,2,1,10,11,1,1,0,0,full,0,0,,0,0,-0.009090909090909,1,0,0,1,1661.6201397681864,1549.6019109930548,112.01822877513155
2011/12,2011,2012-02-11,Sunderland,Arsenal,N Swarbrick,1,2,7,7,2,1,0,0,full,0,0,,0,-1,-0.1428571428571428,0,0,0,1,1492.7276918545222,1552.5322359610748,-59.80454410655261
2011/12,2011,2012-02-11,Swansea,Norwich,M Atkinson,2,3,6,12,0,2,0,0,full,0,0,,0,2,0.1666666666666666,6,0,0,1,1467.3869320986569,1468.2196055002591,-0.8326734016022783
2011/12,2011,2012-02-11,Tottenham,Newcastle,A Marriner,5,0,7,9,2,1,0,0,full,0,0,,0,-1,-0.1746031746031746,2,0,0,1,1603.9062391424566,1532.0668371403142,71.83940200214238
2011/12,2011,2012-02-12,Aston Villa,Man City,M Oliver,0,1,15,5,3,0,0,0,full,0,0,,0,-3,-0.2,-10,0,0,1,1479.3649048934024,1646.9168301141526,-167.55192522075026
2011/12,2011,2012-02-12,Wolves,West Brom,L Mason,1,5,6,11,1,0,0,0,full,0,0,,0,-1,-0.1666666666666666,5,0,0,1,1415.423026731736,1457.1560159248606,-41.732989193124695
2011/12,2011,2012-02-25,Chelsea,Bolton,M Oliver,3,0,7,13,0,1,0,0,full,0,0,,0,1,0.0769230769230769,6,0,0,1,1575.0788453011276,1399.0746322929656,176.00421300816197
2011/12,2011,2012-02-25,Man City,Blackburn,M Jones,3,0,6,10,0,2,0,0,full,0,0,,0,2,0.2,4,0,0,1,1653.91646866221,1417.5161988691489,236.40026979306117
2011/12,2011,2012-02-25,Newcastle,Wolves,P Walton,2,2,8,8,1,1,0,0,full,0,0,,0,0,0.0,0,0,0,1,1525.6892586803724,1404.897743822364,120.79151485800844
2011/12,2011,2012-02-25,QPR,Fulham,P Dowd,0,1,17,12,1,4,1,0,full,0,0,,0,3,0.2745098039215686,-5,-1,0,1,1390.5533634966544,1497.7714664505913,-107.21810295393698
2011/12,2011,2012-02-25,West Brom,Sunderland,C Foy,4,0,6,8,1,1,0,0,full,0,0,,0,0,-0.0416666666666666,2,0,0,1,1467.6812988342326,1482.7220661822832,-15.040767348050622
2011/12,2011,2012-02-25,Wigan,Aston Villa,K Friend,0,0,8,8,0,4,0,0,full,0,0,,0,4,0.5,0,0,0,1,1421.4233754514726,1472.365266345345,-50.94189089387237
2011/12,2011,2012-02-26,Arsenal,Tottenham,M Dean,5,2,15,12,3,3,0,1,full,0,0,,0,0,0.0499999999999999,-3,1,0,1,1562.5378616333137,1610.2838176023984,-47.74595596908466
2011/12,2011,2012-02-26,Norwich,Man United,A Marriner,1,2,9,10,1,2,0,0,full,0,0,,0,1,0.0888888888888889,1,0,0,1,1479.9063040887077,1667.0375260157002,-187.13122192699257
2011/12,2011,2012-02-26,Stoke,Swansea,H Webb,2,0,13,7,1,0,0,0,full,0,0,,0,-1,-0.0769230769230769,-6,0,0,1,1457.9833717839588,1455.7002335102084,2.28313827375041
2011/12,2011,2012-03-03,Blackburn,Aston Villa,H Webb,1,1,9,5,1,0,0,0,full,0,0,,0,-1,-0.1111111111111111,-4,0,0,1,1414.4430985013903,1472.625920628675,-58.18282212728468
2011/12,2011,2012-03-03,Liverpool,Arsenal,M Halsey,1,2,11,9,0,1,0,0,full,0,0,,0,1,0.1111111111111111,-2,0,0,1,1544.184524745541,1572.1853080710698,-28.0007833255288
2011/12,2011,2012-03-03,Man City,Bolton,M Clattenburg,2,0,13,8,0,0,0,0,full,0,0,,0,0,0.0,-5,0,0,1,1656.9895690299686,1394.9851091992157,262.0044598307529
2011/12,2011,2012-03-03,QPR,Everton,K Friend,1,1,16,15,1,2,0,0,full,0,0,,0,1,0.0708333333333333,-1,0,0,1,1381.9041038798546,1513.676376231404,-131.77227235154942
2011/12,2011,2012-03-03,Stoke,Norwich,M Oliver,1,0,10,16,0,2,0,0,full,0,0,,0,2,0.125,6,0,0,1,1466.2096782112005,1473.410421662649,-7.2007434514484885
2011/12,2011,2012-03-03,West Brom,Chelsea,P Dowd,1,0,9,10,3,1,0,0,full,0,0,,0,-2,-0.2333333333333333,1,0,0,1,1476.3944429594671,1579.1683683948775,-102.77392543541032
2011/12,2011,2012-03-03,Wigan,Swansea,A Marriner,0,2,15,7,2,2,0,1,full,0,0,,0,0,0.1523809523809523,-8,1,0,1,1421.1627211681425,1447.4739270829666,-26.311205914824086
2011/12,2011,2012-03-04,Fulham,Wolves,M Jones,5,0,7,9,1,2,0,0,full,0,0,,0,1,0.0793650793650793,2,0,0,1,1506.4207260673911,1409.677520480838,96.74320558655313
2011/12,2011,2012-03-04,Newcastle,Sunderland,M Dean,1,1,14,14,5,3,0,1,full,0,0,,0,-2,-0.1428571428571428,0,1,0,1,1520.9094820218984,1474.0089220570487,46.90055996484966
2011/12,2011,2012-03-04,Tottenham,Man United,M Atkinson,1,3,8,10,1,2,0,0,full,0,0,,0,1,0.075,2,0,0,1,1600.6363711646422,1673.5334084417589,-72.89703727711662
2011/12,2011,2012-03-10,Aston Villa,Fulham,J Moss,1,0,9,11,2,0,0,0,full,0,0,,0,-2,-0.2222222222222222,2,0,0,1,1472.6782227352703,1512.1923433427123,-39.51412060744201
2011/12,2011,2012-03-10,Bolton,QPR,M Atkinson,2,1,13,13,2,2,0,0,full,0,0,,0,0,0.0,0,0,0,1,1392.276109435507,1383.94098399387,8.33512544163682
2011/12,2011,2012-03-10,Chelsea,Stoke,A Marriner,1,0,12,15,1,2,0,1,full,0,0,,0,1,0.05,3,1,0,1,1567.943418415774,1474.7015851235867,93.24183329218727
2011/12,2011,2012-03-10,Everton,Tottenham,M Halsey,1,0,13,11,2,2,0,0,full,0,0,,0,0,0.0279720279720279,-2,0,0,1,1511.6394961173885,1591.0074073302687,-79.36791121288024
2011/12,2011,2012-03-10,Sunderland,Liverpool,A Taylor,1,0,13,15,1,1,0,0,full,0,0,,0,0,-0.0102564102564102,2,0,0,1,1476.9922138366953,1533.2661086456756,-56.27389480898023
2011/12,2011,2012-03-10,Wolves,Blackburn,C Foy,0,2,10,10,1,2,0,0,full,0,0,,0,1,0.1,0,0,0,1,1403.9059032055168,1414.390796394795,-10.484893189278182
2011/12,2011,2012-03-11,Man United,West Brom,L Probert,2,0,5,13,0,1,0,1,full,0,0,,0,1,0.0769230769230769,8,1,0,1,1683.1623722761324,1487.6193929385706,195.54297933756175
2011/12,2011,2012-03-11,Norwich,Wigan,K Friend,1,1,12,7,4,4,0,0,full,0,0,,0,0,0.238095238095238,-5,0,0,1,1464.9185147502628,1410.1961072154343,54.72240753482856
2011/12,2011,2012-03-11,Swansea,Man City,L Mason,1,0,9,14,0,2,0,0,full,0,0,,0,2,0.1428571428571428,5,0,0,1,1458.4405410356749,1659.6985687936774,-201.25802775800253
2011/12,2011,2012-03-12,Arsenal,Newcastle,H Webb,2,1,11,12,2,3,0,0,full,0,0,,0,1,0.0681818181818181,1,0,0,1,1583.1037241709353,1517.9261902422518,65.17753392868349
2011/12,2011,2012-03-13,Liverpool,Everton,P Dowd,3,0,6,7,1,4,0,0,full,0,0,,0,3,0.4047619047619047,1,0,0,1,1523.373350462514,1522.1963726932988,1.1769777692152275
2011/12,2011,2012-03-17,Fulham,Swansea,M Halsey,0,3,8,7,0,0,0,0,full,0,0,,0,0,0.0,-1,0,0,1,1502.7812919849566,1472.2961333195335,30.485158665423114
2011/12,2011,2012-03-17,Wigan,West Brom,M Oliver,1,1,8,10,2,4,0,0,full,0,0,,0,2,0.15,2,0,0,1,1413.3830906821559,1483.8836514180039,-70.50056073584801
2011/12,2011,2012-03-18,Newcastle,Norwich,P Dowd,1,0,8,15,0,3,0,0,full,0,0,,0,3,0.2,7,0,0,1,1511.3808838859195,1461.7315312835412,49.64935260237826
2011/12,2011,2012-03-18,Wolves,Man United,A Taylor,0,5,6,11,1,1,1,0,full,0,0,,0,0,-0.0757575757575757,5,-1,0,1,1392.490314824924,1686.8981137966991,-294.40779897177504
2011/12,2011,2012-03-20,Blackburn,Sunderland,M Atkinson,2,0,13,10,0,1,0,0,full,0,0,,0,1,0.1,-3,0,0,1,1425.8063847753876,1486.8849720198568,-61.07858724446919
2011/12,2011,2012-03-21,Everton,Arsenal,L Mason,0,1,11,11,2,1,0,0,full,0,0,,0,-1,-0.0909090909090909,0,0,0,1,1513.9392127040046,1589.6490305272675,-75.70981782326294
2011/12,2011,2012-03-21,Man City,Chelsea,M Dean,2,1,8,7,1,2,0,0,full,0,0,,0,1,0.1607142857142857,-1,0,0,1,1645.8429765098188,1573.7981463810906,72.04483012872811
2011/12,2011,2012-03-21,QPR,Liverpool,H Webb,3,2,8,6,0,0,0,0,full,0,0,,0,0,0.0,-2,0,0,1,1375.8828511574304,1531.6305104518083,-155.74765929437785
2011/12,2011,2012-03-21,Tottenham,Stoke,M Jones,1,1,10,10,1,1,0,0,full,0,0,,0,0,0.0,0,0,0,1,1580.4505307543584,1468.84685715827,111.60367359608836
2011/12,2011,2012-03-24,Arsenal,Aston Villa,P Dowd,3,0,6,13,0,5,0,0,full,0,0,,0,5,0.3846153846153846,7,0,0,1,1599.1971735263496,1482.089274093026,117.10789943332361
2011/12,2011,2012-03-24,Bolton,Blackburn,A Marriner,2,1,8,3,0,2,0,0,full,0,0,,0,2,0.6666666666666666,-5,0,0,1,1400.3342422719466,1435.8374289120416,-35.50318664009501
2011/12,2011,2012-03-24,Chelsea,Tottenham,M Atkinson,0,0,9,11,1,2,0,0,full,0,0,,0,1,0.0707070707070707,2,0,0,1,1567.4257036569447,1575.877348279898,-8.451644622953154
2011/12,2011,2012-03-24,Liverpool,Wigan,L Mason,1,2,14,10,1,2,0,0,full,0,0,,0,1,0.1285714285714286,-4,0,0,1,1518.942380559846,1413.6852291261455,105.25715143370053
2011/12,2011,2012-03-24,Norwich,Wolves,M Clattenburg,2,1,13,7,2,2,1,0,full,0,0,,0,0,0.1318681318681318,-6,-1,0,1,1454.786727059231,1388.3708135632687,66.41591349596229
2011/12,2011,2012-03-24,Stoke,Man City,H Webb,1,1,15,12,1,2,0,0,full,0,0,,0,1,0.0999999999999999,-3,0,0,1,1473.4200396327305,1652.2154192339647,-178.79537960123412
2011/12,2011,2012-03-24,Sunderland,QPR,M Jones,3,1,11,9,2,3,0,1,full,0,0,,0,1,0.1515151515151515,-2,1,0,1,1476.853927883203,1388.5709810493927,88.28294683381023
2011/12,2011,2012-03-24,Swansea,Everton,N Swarbrick,0,2,10,10,1,2,0,0,full,0,0,,0,1,0.1,0,0,0,1,1484.8431776745722,1504.3910697049225,-19.54789203035034
2011/12,2011,2012-03-25,West Brom,Newcastle,C Foy,1,3,10,4,0,1,0,0,full,0,0,,0,1,0.25,-6,0,0,1,1483.5815129740142,1518.3256881102297,-34.74417513621552
2011/12,2011,2012-03-26,Man United,Fulham,M Oliver,1,0,17,6,1,0,0,0,full,0,0,,0,-1,-0.0588235294117647,-11,0,0,1,1691.0176150583545,1490.234247629918,200.78336742843658
2011/12,2011,2012-03-31,Aston Villa,Chelsea,L Mason,2,4,13,5,1,0,0,0,full,0,0,,0,-1,-0.0769230769230769,-8,0,0,1,1476.7868365131517,1565.9528145106067,-89.165977997455
2011/12,2011,2012-03-31,Everton,West Brom,P Walton,2,0,8,12,2,1,0,0,full,0,0,,0,-1,-0.1666666666666666,4,0,0,1,1515.5501422037266,1472.8558695852998,42.694272618426794
2011/12,2011,2012-03-31,Fulham,Norwich,A Taylor,2,1,11,9,1,2,0,0,full,0,0,,0,1,0.1313131313131313,-2,0,0,1,1486.5892847106297,1461.3006827340557,25.288601976574
2011/12,2011,2012-03-31,Man City,Sunderland,P Dowd,3,3,11,13,1,1,0,0,full,0,0,,0,0,-0.0139860139860139,2,0,0,1,1648.9235098729391,1482.8275540675313,166.0959558054078
2011/12,2011,2012-03-31,QPR,Arsenal,M Dean,2,1,13,9,5,2,0,0,full,0,0,,0,-3,-0.1623931623931624,-4,0,0,1,1382.5973548650643,1604.499611106224,-221.90225624115965
2011/12,2011,2012-03-31,Wigan,Stoke,M Clattenburg,2,0,14,13,2,4,0,0,full,0,0,,0,2,0.1648351648351648,-1,0,0,1,1428.112746460497,1476.711948993756,-48.59920253325913
2011/12,2011,2012-03-31,Wolves,Bolton,J Moss,2,3,11,11,1,1,0,0,full,0,0,,0,0,0.0,0,0,0,1,1381.856857888444,1409.6303333687931,-27.773475480349134
2011/12,2011,2012-04-01,Newcastle,Liverpool,M Atkinson,2,0,10,11,3,3,0,1,full,0,0,,0,0,-0.0272727272727272,1,1,0,1,1529.0513314989441,1504.5148632254945,24.5364682734496
2011/12,2011,2012-04-01,Tottenham,Swansea,A Marriner,3,1,11,12,0,0,0,0,full,0,0,,0,0,0.0,1,0,0,1,1577.350237426236,1473.684105175768,103.66613225046785
2011/12,2011,2012-04-02,Blackburn,Man United,H Webb,0,2,8,5,1,1,0,0,full,0,0,,0,0,0.075,-3,0,0,1,1426.541337815195,1694.6625779776427,-268.12124016244775
2011/12,2011,2012-04-06,Swansea,Newcastle,H Webb,0,2,10,7,1,1,0,0,full,0,0,,0,0,0.0428571428571428,-3,0,0,1,1468.0747315605722,1536.665082131125,-68.5903505705528
2011/12,2011,2012-04-07,Bolton,Fulham,M Dean,0,3,11,9,1,0,0,0,full,0,0,,0,-1,-0.0909090909090909,-2,0,0,1,1420.555236338902,1494.1826304530914,-73.62739411418943
2011/12,2011,2012-04-07,Chelsea,Wigan,M Jones,2,1,14,11,2,2,0,0,full,0,0,,0,0,0.0389610389610389,-3,0,0,1,1575.1153165437208,1437.784722858388,137.33059368533281
2011/12,2011,2012-04-07,Liverpool,Aston Villa,M Oliver,1,1,4,9,1,1,0,0,full,0,0,,0,0,-0.1388888888888889,5,0,0,1,1496.9011125933137,1467.6243344800375,29.276778113276123
2011/12,2011,2012-04-07,Norwich,Everton,A Marriner,2,2,7,17,0,3,0,0,full,0,0,,0,3,0.1764705882352941,10,0,0,1,1453.707336991594,1522.677536500192,-68.97019950859794
2011/12,2011,2012-04-07,Stoke,Wolves,M Halsey,2,1,7,11,1,1,0,0,full,0,0,,0,0,-0.0519480519480519,4,0,0,1,1467.039972595865,1370.9319549183351,96.10801767752992
2011/12,2011,2012-04-07,Sunderland,Tottenham,C Foy,0,0,12,10,2,2,0,0,full,0,0,,0,0,0.0333333333333333,-2,0,0,1,1488.5493440445644,1582.9596110414318,-94.41026699686745
2011/12,2011,2012-04-07,West Brom,Blackburn,L Probert,3,0,5,7,1,1,0,1,full,0,0,,0,0,-0.0571428571428571,2,1,0,1,1465.7284752888345,1421.9048640564276,43.82361123240685
2011/12,2011,2012-04-08,Arsenal,Man City,M Atkinson,1,0,13,14,2,4,0,1,full,0,0,,0,2,0.1318681318681318,1,1,0,1,1590.1500574189133,1643.201719895906,-53.05166247699276
2011/12,2011,2012-04-08,Man United,QPR,L Mason,2,0,13,10,1,0,0,1,full,0,0,,0,-1,-0.0769230769230769,-3,1,0,1,1699.29905173641,1396.946908552375,302.3521431840352
2011/12,2011,2012-04-09,Aston Villa,Stoke,M Dean,1,1,9,9,3,0,0,0,full,0,0,,0,-3,-0.3333333333333333,0,0,0,1,1470.138826470464,1472.8266149362164,-2.687788465752419
2011/12,2011,2012-04-09,Everton,Sunderland,K Friend,4,0,7,12,0,2,0,0,full,0,0,,0,2,0.1666666666666666,5,0,0,1,1522.4194107560315,1489.5365254765804,32.8828852794511
2011/12,2011,2012-04-09,Fulham,Chelsea,M Clattenburg,1,1,5,16,1,3,0,0,full,0,0,,0,2,-0.0125,11,0,0,1,1503.7906035356773,1579.9766985227877,-76.18609498711044
2011/12,2011,2012-04-09,Newcastle,Bolton,M Jones,2,0,7,18,1,1,0,0,full,0,0,,0,0,-0.0873015873015873,11,0,0,1,1546.4178823377367,1410.947263256316,135.47061908142064
2011/12,2011,2012-04-09,Tottenham,Norwich,M Oliver,1,2,12,12,1,2,0,0,full,0,0,,0,1,0.0833333333333333,0,0,0,1,1581.9724296094157,1453.9654627357545,128.0069668736612
2011/12,2011,2012-04-10,Blackburn,Liverpool,A Taylor,2,3,16,12,4,5,0,1,full,0,0,,0,1,0.1666666666666666,-4,1,0,1,1414.8072645462244,1494.3866206028872,-79.57935605666285
2011/12,2011,2012-04-11,Man City,West Brom,K Friend,4,0,7,9,0,0,0,0,full,0,0,,0,0,0.0,2,0,0,1,1633.4016824678315,1472.8260747990378,160.57560766879374
2011/12,2011,2012-04-11,QPR,Swansea,L Probert,3,0,9,10,2,0,0,0,full,0,0,,0,-2,-0.2222222222222222,1,0,0,1,1394.7373461438929,1458.3219313539605,-63.584585210067644
2011/12,2011,2012-04-11,Wigan,Man United,P Dowd,1,0,8,14,1,2,0,0,full,0,0,,0,1,0.0178571428571428,6,0,0,1,1432.9233408793211,1701.5086141448921,-268.585273265571
2011/12,2011,2012-04-11,Wolves,Arsenal,N Swarbrick,0,3,9,4,3,0,1,0,full,0,0,,0,-3,-0.3333333333333333,-5,-1,0,1,1365.1453125779838,1599.950094846988,-234.80478226900414
2011/12,2011,2012-04-14,Norwich,Man City,C Foy,1,6,10,5,1,2,0,0,full,0,0,,0,1,0.3,-5,0,0,1,1468.9038727853042,1637.7877339414556,-168.8838611561514
2011/12,2011,2012-04-14,Sunderland,Wolves,M Jones,0,0,4,11,0,1,0,0,full,0,0,,0,1,0.0909090909090909,7,0,0,1,1482.147990575226,1359.7910534097527,122.35693716547325
2011/12,2011,2012-04-14,Swansea,Blackburn,M Clattenburg,3,0,8,12,0,2,0,0,full,0,0,,0,2,0.1666666666666666,4,0,0,1,1448.21876235871,1405.3702079146037,42.848554444106185
2011/12,2011,2012-04-14,West Brom,QPR,J Moss,1,0,13,11,3,1,0,0,full,0,0,,0,-2,-0.1398601398601398,-2,0,0,1,1468.4400233254137,1404.8405151391435,63.599508186270214
2011/12,2011,2012-04-15,Man United,Aston Villa,M Halsey,4,0,9,7,3,3,0,0,full,0,0,,0,0,0.0952380952380952,-2,0,0,1,1686.1355809336414,1468.504049605109,217.63153132853245
2011/12,2011,2012-04-16,Arsenal,Wigan,A Marriner,1,2,15,13,2,3,0,0,full,0,0,,0,1,0.0974358974358974,-2,0,0,1,1605.304354015219,1448.2963740905718,157.0079799246471
2011/12,2011,2012-04-21,Arsenal,Chelsea,M Dean,0,0,11,11,3,4,0,0,full,0,0,,0,1,0.0909090909090909,0,0,0,1,1589.7611328008838,1579.5111620080645,10.24997079281934
2011/12,2011,2012-04-21,Aston Villa,Sunderland,A Taylor,0,0,11,8,0,2,0,1,full,0,0,,0,2,0.25,-3,1,0,1,1465.1393144147514,1477.3335261010907,-12.194211686339258
2011/12,2011,2012-04-21,Blackburn,Norwich,K Friend,2,0,8,13,1,1,0,0,full,0,0,,0,0,-0.048076923076923,5,0,0,1,1398.246887254881,1461.939079095747,-63.692191840866144
2011/12,2011,2012-04-21,Bolton,Swansea,P Dowd,1,1,19,7,2,1,0,0,full,0,0,,0,-1,0.037593984962406,-12,0,0,1,1406.046374564723,1455.3420830184327,-49.29570845370972
2011/12,2011,2012-04-21,Fulham,Wigan,L Mason,2,1,11,16,1,2,0,0,full,0,0,,0,1,0.034090909090909,5,0,0,1,1504.2561400504005,1463.8395953049069,40.41654474549364
2011/12,2011,2012-04-21,Newcastle,Stoke,A Marriner,3,0,8,10,0,2,0,0,full,0,0,,0,2,0.2,2,0,0,1,1551.3187710293298,1474.4613918015714,76.85737922775843
2011/12,2011,2012-04-21,QPR,Tottenham,M Clattenburg,1,0,13,10,4,0,1,0,full,0,0,,0,-4,-0.3076923076923077,-3,-1,0,1,1398.255147710376,1567.034019559866,-168.7788718494901
2011/12,2011,2012-04-22,Liverpool,West Brom,N Swarbrick,0,1,10,8,2,0,0,0,full,0,0,,0,-2,-0.2,-2,0,0,1,1503.8236772345078,1475.0253907541812,28.798286480326624
2011/12,2011,2012-04-22,Man United,Everton,M Jones,4,4,8,11,1,2,0,0,full,0,0,,0,1,0.0568181818181818,3,0,0,1,1689.500316123999,1529.807945657386,159.69237046661306
2011/12,2011,2012-04-22,Wolves,Man City,L Probert,0,2,6,10,0,1,0,0,full,0,0,,0,1,0.1,4,0,0,1,1364.605517883888,1644.7525276310128,-280.1470097471247
2011/12,2011,2012-04-24,Aston Villa,Bolton,C Foy,1,2,9,16,1,2,0,0,full,0,0,,0,1,0.0138888888888888,7,0,0,1,1463.7719715094106,1405.7383777340735,58.03359377533707
2011/12,2011,2012-04-28,Everton,Fulham,P Dowd,4,0,13,8,1,1,0,0,full,0,0,,0,0,0.048076923076923,-5,0,0,1,1535.404459710357,1511.4437954675889,23.96066424276819
2011/12,2011,2012-04-28,Norwich,Liverpool,M Halsey,0,3,9,4,4,0,0,0,full,0,0,,0,-4,-0.4444444444444444,-5,0,0,1,1451.8328132723486,1491.3220910372454,-39.48927776489677
2011/12,2011,2012-04-28,Stoke,Arsenal,C Foy,1,1,8,10,1,2,0,0,full,0,0,,0,1,0.075,2,0,0,1,1468.2086287619622,1587.7662874464281,-119.55765868446588
2011/12,2011,2012-04-28,Sunderland,Bolton,L Probert,2,2,8,16,1,0,0,0,full,0,0,,0,-1,-0.125,8,0,0,1,1478.7008690064315,1419.010723090077,59.690145916354595
2011/12,2011,2012-04-28,Swansea,Wolves,J Moss,4,4,8,8,2,1,0,0,full,0,0,,0,-1,-0.125,0,0,0,1,1455.6500798490822,1360.2110123978835,95.43906745119875
2011/12,2011,2012-04-28,West Brom,Aston Villa,M Clattenburg,0,0,14,16,0,4,0,0,full,0,0,,0,4,0.25,2,0,0,1,1487.5269769514437,1450.4996261534072,37.02735079803642
2011/12,2011,2012-04-28,Wigan,Newcastle,M Dean,4,0,14,12,2,1,0,0,full,0,0,,0,-1,-0.0595238095238095,-2,0,0,1,1456.6519398877185,1557.571534068939,-100.91959418122042
2011/12,2011,2012-04-29,Chelsea,QPR,H Webb,6,1,9,8,0,1,0,0,full,0,0,,0,1,0.125,-1,0,0,1,1581.5060073625202,1411.2876103199767,170.21839704254353
2011/12,2011,2012-04-29,Tottenham,Blackburn,M Jones,2,0,5,14,0,0,0,0,full,0,0,,0,0,0.0,9,0,0,1,1554.0015569502652,1408.3531530782793,145.64840387198592
2011/12,2011,2012-04-30,Man City,Man United,A Marriner,1,0,11,14,3,2,0,0,full,0,0,,0,-1,-0.1298701298701298,3,0,0,1,1649.1470331170174,1683.903802071028,-34.75676895401057
2011/12,2011,2012-05-01,Liverpool,Fulham,L Probert,0,1,11,7,0,0,0,0,full,0,0,,0,0,0.0,-4,0,0,1,1501.911752230802,1503.8144093899873,-1.9026571591853099
2011/12,2011,2012-05-01,Stoke,Everton,A Taylor,1,1,6,14,2,1,0,0,full,0,0,,0,-1,-0.2619047619047618,8,0,0,1,1469.906240317688,1543.0338457879586,-73.12760547027074
2011/12,2011,2012-05-02,Bolton,Tottenham,M Dean,1,4,6,9,2,1,0,0,full,0,0,,0,-1,-0.2222222222222222,3,0,0,1,1422.3255755792804,1558.6889231734226,-136.36334759414217
2011/12,2011,2012-05-02,Chelsea,Newcastle,M Halsey,0,2,9,5,0,3,0,0,full,0,0,,0,3,0.6,-4,0,0,1,1585.704951645262,1546.3991890788775,39.3057625663846
2011/12,2011,2012-05-05,Arsenal,Norwich,A Taylor,3,3,8,15,2,3,0,0,full,0,0,,0,1,-0.0499999999999999,7,0,0,1,1586.0686758907025,1441.243152078792,144.82552381191044
2011/12,2011,2012-05-06,Aston Villa,Tottenham,L Probert,1,1,10,8,1,2,0,1,full,0,0,,0,1,0.15,-2,1,0,1,1453.2218930432834,1566.5257310253774,-113.30383798209391
2011/12,2011,2012-05-06,Bolton,West Brom,K Friend,2,2,14,8,1,4,0,0,full,0,0,,0,3,0.4285714285714286,-6,0,0,1,1414.4887677273257,1484.8047100615674,-70.31594233424175
2011/12,2011,2012-05-06,Fulham,Sunderland,M Atkinson,2,1,9,13,0,0,0,0,full,0,0,,0,0,0.0,4,0,0,1,1515.47117206362,1475.386016517228,40.085155546392116
2011/12,2011,2012-05-06,Man United,Swansea,C Foy,2,0,12,6,1,0,0,0,full,0,0,,0,-1,-0.0833333333333333,-6,0,0,1,1674.6290848882447,1451.4525709298935,223.17651395835128
2011/12,2011,2012-05-06,Newcastle,Man City,H Webb,0,2,12,7,4,3,0,0,full,0,0,,0,-1,0.0952380952380952,-5,0,0,1,1559.182065052012,1658.4217502998006,-99.23968524778866
2011/12,2011,2012-05-06,QPR,Stoke,A Marriner,1,0,11,14,0,0,0,0,full,0,0,,0,0,0.0,3,0,0,1,1407.0886660372348,1470.2839034691897,-63.195237431954865
2011/12,2011,2012-05-06,Wolves,Everton,L Mason,0,0,7,10,0,0,0,0,full,0,0,,0,0,0.0,3,0,0,1,1364.4085213170722,1542.6561826364568,-178.24766131938463
2011/12,2011,2012-05-07,Blackburn,Wigan,M Clattenburg,0,1,14,12,2,1,0,0,full,0,0,,0,-1,-0.0595238095238095,-2,0,0,1,1403.665786855122,1467.82428487778,-64.15849802265802
2011/12,2011,2012-05-08,Liverpool,Chelsea,K Friend,4,1,15,13,2,4,0,0,full,0,0,,0,2,0.1743589743589743,-2,0,0,1,1490.2549895571692,1572.9220756721277,-82.66708611495847
2011/12,2011,2012-05-13,Chelsea,Blackburn,L Mason,2,1,13,4,1,0,0,0,full,0,0,,0,-1,-0.0769230769230769,-9,0,0,1,1562.270588558251,1393.785472334256,168.48511622399496
2011/12,2011,2012-05-13,Everton,Newcastle,A Marriner,3,1,15,16,2,1,0,0,full,0,0,,0,-1,-0.0708333333333333,1,0,0,1,1539.3783368043476,1550.3066962433727,-10.928359439025144
2011/12,2011,2012-05-13,Man City,QPR,M Dean,3,2,4,6,1,1,0,1,full,0,0,,0,0,-0.0833333333333333,2,1,0,1,1667.2971191084398,1417.1806297705375,250.1164893379023
2011/12,2011,2012-05-13,Norwich,Aston Villa,M Atkinson,2,0,6,10,1,2,0,0,full,0,0,,0,1,0.0333333333333333,4,0,0,1,1446.5387647796283,1454.7441757306246,-8.205410950996338
2011/12,2011,2012-05-13,Stoke,Bolton,C Foy,2,2,10,5,1,1,0,0,full,0,0,,0,0,0.1,-5,0,0,1,1460.191939735887,1414.7855971926294,45.40634254325755
2011/12,2011,2012-05-13,Sunderland,Man United,H Webb,0,1,14,11,3,3,0,0,full,0,0,,0,0,0.0584415584415584,-3,0,0,1,1468.1895749970156,1677.9054317049656,-209.71585670795002
2011/12,2011,2012-05-13,Swansea,Liverpool,M Halsey,1,0,5,5,1,1,0,0,full,0,0,,0,0,0.0,0,0,0,1,1448.1762241131726,1500.906476671046,-52.73025255787343
2011/12,2011,2012-05-13,Tottenham,Fulham,P Dowd,2,0,8,12,0,2,0,0,full,0,0,,0,2,0.1666666666666666,4,0,0,1,1565.0034483380362,1522.6676135838325,42.33583475420369
2011/12,2011,2012-05-13,West Brom,Arsenal,M Jones,2,3,12,10,0,1,0,0,full,0,0,,0,1,0.1,-2,0,0,1,1484.5078805962637,1580.7730631898662,-96.2651825936025
2011/12,2011,2012-05-13,Wigan,Wolves,M Oliver,3,2,15,9,1,2,0,0,full,0,0,,0,1,0.1555555555555555,-6,0,0,1,1477.704599398646,1367.6863671491815,110.01823224946452
2012/13,2012,2012-08-18,Arsenal,Sunderland,C Foy,0,0,12,8,0,0,0,0,full,0,0,,0,0,0.0,-4,0,0,2,1589.7330416344403,1462.250447692142,127.48259394229831
2012/13,2012,2012-08-18,Fulham,Norwich,M Oliver,5,0,12,11,0,0,0,0,full,0,0,,0,0,0.0,-1,0,0,2,1515.5307511313472,1455.0589429326913,60.471808198655935
2012/13,2012,2012-08-18,Newcastle,Tottenham,M Atkinson,2,1,12,8,2,2,0,0,full,0,0,,0,0,0.0833333333333333,-4,0,0,2,1541.7097741618736,1572.1403107905214,-30.430536628647815
2012/13,2012,2012-08-18,QPR,Swansea,L Probert,0,5,11,14,2,2,0,0,full,0,0,,0,0,-0.0389610389610389,3,0,0,2,1414.30732130471,1457.9670144928177,-43.65969318810767
2012/13,2012,2012-08-18,Reading,Stoke,K Friend,1,1,9,14,2,4,0,1,full,0,0,,0,2,0.0634920634920634,5,1,0,2,1389.8354592133571,1457.247877442404,-67.4124182290468
2012/13,2012,2012-08-18,West Brom,Liverpool,P Dowd,3,0,10,11,1,4,0,1,full,0,0,,0,3,0.2636363636363636,1,1,0,2,1475.5479021516896,1491.1156862914008,-15.567784139711193
2012/13,2012,2012-08-18,West Ham,Aston Villa,M Dean,1,0,17,8,0,1,0,0,full,0,0,,0,1,0.125,-9,0,0,2,1389.8354592133571,1446.2239975775617,-56.38853836420458
2012/13,2012,2012-08-19,Man City,Southampton,H Webb,3,2,4,6,1,2,0,0,full,0,0,,0,1,0.0833333333333333,2,0,0,2,1670.1704275742673,1389.8354592133571,280.3349683609101
2012/13,2012,2012-08-19,Wigan,Chelsea,M Jones,0,2,16,11,2,2,0,0,full,0,0,,0,0,0.0568181818181818,-5,0,0,2,1483.1675811975695,1566.5027280888062,-83.33514689123672
2012/13,2012,2012-08-20,Everton,Man United,A Marriner,1,0,12,11,1,2,0,0,full,0,0,,0,1,0.0984848484848485,-1,0,0,2,1547.9752588858466,1683.8445590098393,-135.86930012399262
2012/13,2012,2012-08-22,Chelsea,Reading,L Mason,4,2,11,14,0,2,0,0,full,0,0,,0,2,0.1428571428571428,3,0,0,2,1575.8320966737951,1390.0487733962443,185.78332327755083
2012/13,2012,2012-08-25,Aston Villa,Everton,M Oliver,1,3,10,7,1,0,1,0,full,0,0,,0,-1,-0.1,-3,-1,0,2,1436.3279400555718,1560.1248924458569,-123.79695239028501
2012/13,2012,2012-08-25,Chelsea,Newcastle,P Dowd,2,0,8,10,1,0,0,0,full,0,0,,0,-1,-0.125,2,0,0,2,1579.7415243528367,1550.8607455346755,28.88077881816116
2012/13,2012,2012-08-25,Man United,Fulham,K Friend,3,2,12,7,0,1,0,0,full,0,0,,0,1,0.1428571428571428,-5,0,0,2,1671.694925449829,1522.1958876918268,149.49903775800226
2012/13,2012,2012-08-25,Norwich,QPR,M Clattenburg,1,1,15,14,0,2,0,0,full,0,0,,0,2,0.1428571428571428,-1,0,0,2,1448.3938063722117,1403.8373559281447,44.55645044406697
2012/13,2012,2012-08-25,Southampton,Wigan,A Taylor,0,2,11,9,0,0,0,0,full,0,0,,0,0,0.0,-2,0,0,2,1387.3642249536938,1473.8382126125805,-86.4739876588867
2012/13,2012,2012-08-25,Swansea,West Ham,M Atkinson,3,0,13,17,2,4,0,0,full,0,0,,0,2,0.0814479638009049,4,0,0,2,1468.436979869383,1399.731516735347,68.70546313403611
2012/13,2012,2012-08-25,Tottenham,West Brom,M Dean,1,1,8,7,1,2,0,0,full,0,0,,0,1,0.1607142857142857,-1,0,0,2,1562.9893394177195,1484.275966746149,78.7133726715706
2012/13,2012,2012-08-26,Liverpool,Man City,A Marriner,2,2,10,7,1,0,0,0,full,0,0,,0,-1,-0.1,-3,0,0,2,1482.3876216969416,1672.6416618339306,-190.25404013698903
2012/13,2012,2012-08-26,Stoke,Arsenal,L Mason,0,0,9,9,2,0,0,0,full,0,0,,0,-2,-0.2222222222222222,0,0,0,2,1457.0345632595167,1584.8060519710468,-127.77148871153008
2012/13,2012,2012-09-01,Man City,QPR,C Foy,3,1,12,3,2,1,0,0,full,0,0,,0,-1,0.1666666666666666,-9,0,0,2,1669.0589484449276,1406.7590605363382,262.2998879085894
2012/13,2012,2012-09-01,Swansea,Sunderland,R East,2,2,11,7,1,1,1,0,full,0,0,,0,0,0.0519480519480519,-4,-1,0,2,1474.8931788490065,1467.1774373555354,7.715741493471114
2012/13,2012,2012-09-01,Tottenham,Norwich,M Halsey,1,1,7,12,1,0,1,0,full,0,0,,0,-1,-0.1428571428571428,5,-1,0,2,1559.1962759330954,1445.4721017640181,113.72417416907729
2012/13,2012,2012-09-01,West Brom,Everton,J Moss,2,0,11,15,1,4,0,0,full,0,0,,0,3,0.1757575757575757,4,0,0,2,1488.069030230773,1568.3090313960745,-80.24000116530146
2012/13,2012,2012-09-01,West Ham,Fulham,A Taylor,3,0,12,5,0,0,0,0,full,0,0,,0,0,0.0,-7,0,0,2,1393.2753177557236,1517.5876019688615,-124.3122842131379
2012/13,2012,2012-09-01,Wigan,Stoke,M Atkinson,2,2,13,11,1,2,0,0,full,0,0,,0,1,0.1048951048951049,-2,0,0,2,1483.0777013137174,1458.9608144841927,24.116886829524674
2012/13,2012,2012-09-02,Liverpool,Arsenal,H Webb,0,2,12,7,2,2,0,0,full,0,0,,0,0,0.119047619047619,-5,0,0,2,1485.9703350859445,1582.8798007463708,-96.90946566042635
2012/13,2012,2012-09-02,Newcastle,Aston Villa,L Probert,1,1,6,20,1,4,0,0,full,0,0,,0,3,0.0333333333333333,14,0,0,2,1543.3645573366591,1428.1438011053542,115.2207562313049
2012/13,2012,2012-09-02,Southampton,Man United,M Dean,2,3,9,4,1,0,0,0,full,0,0,,0,-1,-0.1111111111111111,-5,0,0,2,1378.1247362525569,1676.3032111727944,-298.1784749202375
2012/13,2012,2012-09-15,Arsenal,Southampton,K Friend,6,1,4,7,0,0,0,0,full,0,0,,0,0,0.0,3,0,0,2,1591.8214393714459,1374.0757812311322,217.7456581403137
2012/13,2012,2012-09-15,Aston Villa,Swansea,L Mason,2,0,11,4,3,1,0,0,full,0,0,,0,-2,-0.0227272727272727,-7,0,0,2,1432.7989253511396,1472.9684726706575,-40.16954731951796
2012/13,2012,2012-09-15,Fulham,West Brom,R East,3,0,6,10,0,0,0,1,full,0,0,,0,0,0.0,4,1,0,2,1505.7574014273107,1498.6509261831065,7.106475244204148
2012/13,2012,2012-09-15,Man United,Wigan,M Oliver,4,0,10,14,2,2,0,0,full,0,0,,0,0,-0.0571428571428571,4,0,0,2,1680.352166194219,1480.7028440882423,199.6493221059768
2012/13,2012,2012-09-15,Norwich,West Ham,C Foy,0,0,10,12,0,1,0,0,full,0,0,,0,1,0.0833333333333333,2,0,0,2,1450.0934177835686,1405.1055182972743,44.98789948629428
2012/13,2012,2012-09-15,QPR,Chelsea,A Marriner,0,0,16,17,0,2,0,0,full,0,0,,0,2,0.1176470588235294,1,0,0,2,1404.0540412695057,1587.237712550853,-183.18367128134742
2012/13,2012,2012-09-15,Stoke,Man City,M Clattenburg,1,1,12,12,0,1,0,0,full,0,0,,0,1,0.0833333333333333,0,0,0,2,1461.3356717096678,1671.7639677117602,-210.42829600209234
2012/13,2012,2012-09-15,Sunderland,Liverpool,M Atkinson,1,1,18,10,1,2,0,0,full,0,0,,0,1,0.1444444444444444,-8,0,0,2,1469.1021435338844,1477.0286964608695,-7.926552926985096
2012/13,2012,2012-09-16,Reading,Tottenham,H Webb,1,3,4,9,0,1,0,0,full,0,0,,0,1,0.1111111111111111,5,0,0,2,1386.1393457172028,1554.574959913545,-168.43561419634216
2012/13,2012,2012-09-17,Everton,Newcastle,M Jones,2,2,16,12,3,3,0,0,full,0,0,,0,0,0.0625,-4,0,0,2,1557.727135443741,1538.7094330908737,19.017702352867218
2012/13,2012,2012-09-22,Chelsea,Stoke,M Oliver,1,0,12,15,2,1,0,0,full,0,0,,0,-1,-0.0999999999999999,3,0,0,2,1583.833657523719,1465.41365426175,118.42000326196899
2012/13,2012,2012-09-22,Southampton,Aston Villa,J Moss,4,1,5,13,1,3,0,0,full,0,0,,0,2,0.0307692307692307,8,0,0,2,1370.712884268587,1442.2287780385093,-71.51589376992229
2012/13,2012,2012-09-22,Swansea,Everton,A Taylor,0,3,23,7,4,1,1,0,full,0,0,,0,-3,-0.031055900621118,-16,-1,0,2,1463.5386199832878,1555.491241379704,-91.95262139641613
2012/13,2012,2012-09-22,West Brom,Reading,C Foy,1,0,14,6,1,0,0,0,full,0,0,,0,-1,-0.0714285714285714,-8,0,0,2,1490.5587402085348,1379.1628344166138,111.395905791921
2012/13,2012,2012-09-22,West Ham,Sunderland,L Mason,1,1,12,10,2,1,0,0,full,0,0,,0,-1,-0.0666666666666666,-2,0,0,2,1408.0385768282692,1467.6144722049314,-59.575895376662174
2012/13,2012,2012-09-22,Wigan,Fulham,L Probert,1,2,7,13,0,3,0,0,full,0,0,,0,3,0.2307692307692307,6,0,0,2,1477.0383826774498,1513.8495874018824,-36.81120472443263
2012/13,2012,2012-09-23,Liverpool,Man United,M Halsey,1,2,14,7,1,2,1,0,full,0,0,,0,1,0.2142857142857142,-7,-1,0,2,1478.5163677898224,1684.0166276050115,-205.5002598151891
2012/13,2012,2012-09-23,Man City,Arsenal,M Dean,1,1,11,7,1,0,0,0,full,0,0,,0,-1,-0.0909090909090909,-4,0,0,2,1667.685985159678,1595.184336333991,72.50164882568697
2012/13,2012,2012-09-23,Newcastle,Norwich,N Swarbrick,1,0,11,19,1,1,0,0,full,0,0,,0,0,-0.0382775119617224,8,0,0,2,1540.9453271549107,1447.1603592525737,93.78496790233703
2012/13,2012,2012-09-23,Tottenham,QPR,P Dowd,2,1,7,12,0,2,0,0,full,0,0,,0,2,0.1666666666666666,5,0,0,2,1561.551471214134,1407.4580962966397,154.0933749174942
2012/13,2012,2012-09-29,Arsenal,Chelsea,M Atkinson,1,2,14,13,2,3,0,0,full,0,0,,0,1,0.0879120879120879,-1,0,0,2,1598.823306251638,1589.1067157021937,9.71659054944439
2012/13,2012,2012-09-29,Everton,Southampton,L Probert,3,1,2,3,0,0,0,0,full,0,0,,1,0,,1,0,0,2,1564.574155103931,1381.0442170080266,183.5299380959043
2012/13,2012,2012-09-29,Fulham,Man City,M Halsey,1,2,7,12,0,1,0,0,full,0,0,,0,1,0.0833333333333333,5,0,0,2,1524.5160253054137,1664.047015242031,-139.5309899366173
2012/13,2012,2012-09-29,Man United,Tottenham,C Foy,2,3,5,7,0,0,0,0,full,0,0,,0,0,0.0,2,0,0,2,1690.0575773347582,1566.0666323437597,123.99094499099851
2012/13,2012,2012-09-29,Norwich,Liverpool,M Jones,2,5,5,2,1,0,0,0,full,0,0,,1,-1,,-3,0,0,2,1441.3185693577243,1472.4754180600758,-31.156848702351454
2012/13,2012,2012-09-29,Reading,Newcastle,A Marriner,2,2,6,8,0,3,0,0,full,0,0,,0,3,0.375,2,0,0,2,1373.7312862248434,1546.7871170497601,-173.0558308249167
2012/13,2012,2012-09-29,Stoke,Swansea,J Moss,2,0,10,8,1,1,0,0,full,0,0,,0,0,0.0249999999999999,-2,0,0,2,1460.1405960832753,1454.455706259061,5.684889824214451
2012/13,2012,2012-09-29,Sunderland,Wigan,H Webb,1,0,20,16,2,5,0,1,full,0,0,,0,3,0.2125,-4,1,0,2,1467.6266789111633,1466.3719447739186,1.254734137244668
2012/13,2012,2012-09-30,Aston Villa,West Brom,A Taylor,1,1,9,11,1,1,0,0,full,0,0,,0,0,-0.0202020202020201,2,0,0,2,1431.8974452990697,1495.9902884003052,-64.09284310123553
2012/13,2012,2012-10-01,QPR,West Ham,M Clattenburg,1,2,9,21,1,8,1,0,full,0,0,,0,7,0.2698412698412698,12,-1,0,2,1402.942935167014,1408.0263701220374,-5.083434955023449
2012/13,2012,2012-10-06,Chelsea,Norwich,A Taylor,4,1,7,1,0,0,0,0,full,0,0,,1,0,,-6,0,0,2,1601.0868155504302,1430.4902986333157,170.5965169171145
2012/13,2012,2012-10-06,Man City,Sunderland,L Probert,3,0,10,10,0,3,0,0,full,0,0,,0,3,0.3,0,0,0,2,1671.7970907838292,1475.8816689562618,195.91542182756734
2012/13,2012,2012-10-06,Swansea,Reading,M Dean,2,2,8,11,1,3,0,0,full,0,0,,0,2,0.1477272727272727,3,0,0,2,1446.3240624467307,1376.8751081442347,69.44895430249608
2012/13,2012,2012-10-06,West Brom,QPR,M Jones,3,2,16,12,2,2,0,0,full,0,0,,0,0,0.0416666666666666,-4,0,0,2,1495.8724923552718,1391.3753424709603,104.49714988431151
2012/13,2012,2012-10-06,West Ham,Arsenal,P Dowd,1,3,12,7,3,2,0,0,full,0,0,,0,-1,0.0357142857142857,-5,0,0,2,1419.593962818091,1586.8432064034016,-167.24924358531052
2012/13,2012,2012-10-06,Wigan,Everton,K Friend,2,2,14,14,2,5,0,0,full,0,0,,0,3,0.2142857142857143,0,0,0,2,1458.11695472882,1568.5245426601107,-110.40758793129066
2012/13,2012,2012-10-07,Liverpool,Stoke,L Mason,0,0,9,16,0,6,0,0,full,0,0,,0,6,0.375,7,0,0,2,1483.3036887844844,1468.2722398956055,15.031448888878913
2012/13,2012,2012-10-07,Newcastle,Man United,H Webb,0,3,15,12,4,4,0,0,full,0,0,,0,0,0.0666666666666666,-3,0,0,2,1543.6432951303689,1675.2070654592392,-131.5637703288703
2012/13,2012,2012-10-07,Southampton,Fulham,M Clattenburg,2,2,13,5,4,0,0,0,full,0,0,,0,-4,-0.3076923076923077,-8,0,0,2,1377.093829451847,1516.7659497636155,-139.6721203117686
2012/13,2012,2012-10-07,Tottenham,Aston Villa,N Swarbrick,2,0,7,10,1,3,0,0,full,0,0,,0,2,0.1571428571428571,3,0,0,2,1580.9171442192787,1432.015241344103,148.90190287517567
2012/13,2012,2012-10-20,Fulham,Aston Villa,C Foy,1,0,7,11,1,2,0,0,full,0,0,,0,1,0.0389610389610389,4,0,0,2,1514.512169227235,1427.3947537413758,87.11741548585928
2012/13,2012,2012-10-20,Liverpool,Reading,R East,1,0,13,6,1,1,0,0,full,0,0,,0,0,0.0897435897435897,-7,0,0,2,1481.1770680568939,1380.4376069039752,100.7394611529187
2012/13,2012,2012-10-20,Man United,Stoke,A Taylor,4,2,9,10,1,1,0,0,full,0,0,,0,0,-0.0111111111111111,1,0,0,2,1683.1759382369598,1470.398860623196,212.77707761376382
2012/13,2012,2012-10-20,Norwich,Arsenal,L Probert,1,0,9,9,4,0,0,0,full,0,0,,0,-4,-0.4444444444444444,0,0,0,2,1426.298570527149,1593.850774642002,-167.5522041148531
2012/13,2012,2012-10-20,Swansea,Wigan,M Jones,2,1,13,11,2,3,0,0,full,0,0,,0,1,0.1188811188811188,-2,0,0,2,1442.7615636869903,1459.5577068224907,-16.796143135500415
2012/13,2012,2012-10-20,Tottenham,Chelsea,M Dean,2,4,7,8,3,2,0,0,full,0,0,,0,-1,-0.1785714285714285,1,0,0,2,1585.537631822006,1605.2785436565969,-19.74091183459086
2012/13,2012,2012-10-20,West Brom,Man City,M Clattenburg,1,2,11,15,4,3,0,1,full,0,0,,0,-1,-0.1636363636363636,4,1,0,2,1501.4625785862274,1675.526323453732,-174.0637448675045
2012/13,2012,2012-10-20,West Ham,Southampton,N Swarbrick,4,1,10,12,0,2,0,0,full,0,0,,0,2,0.1666666666666666,2,0,0,2,1412.5863945794906,1379.3476099882273,33.23878459126331
2012/13,2012,2012-10-21,QPR,Everton,J Moss,1,1,12,18,2,1,0,1,full,0,0,,0,-1,-0.1111111111111111,6,1,0,2,1385.7852562400046,1567.08379056644,-181.2985343264354
2012/13,2012,2012-10-21,Sunderland,Newcastle,M Atkinson,1,1,14,15,0,4,0,1,full,0,0,,0,4,0.2666666666666666,1,1,0,2,1472.152436286359,1535.6744223526482,-63.52198606628917
2012/13,2012,2012-10-27,Arsenal,QPR,A Taylor,1,0,14,9,1,2,0,1,full,0,0,,0,1,0.1507936507936507,-5,1,0,2,1580.8504058854674,1389.14125163465,191.7091542508174
2012/13,2012,2012-10-27,Aston Villa,Norwich,P Dowd,1,1,12,7,2,0,1,0,full,0,0,,0,-2,-0.1666666666666666,-5,-1,0,2,1421.3929814402989,1439.2989392836837,-17.90595784338484
2012/13,2012,2012-10-27,Man City,Swansea,M Atkinson,1,0,8,10,1,2,0,0,full,0,0,,0,1,0.075,2,0,0,2,1682.3563825774313,1451.5244268186505,230.83195575878085
2012/13,2012,2012-10-27,Reading,Fulham,M Jones,3,3,6,17,1,1,0,0,full,0,0,,0,0,-0.1078431372549019,11,0,0,2,1374.7599848700904,1520.513941528312,-145.75395665822157
2012/13,2012,2012-10-27,Stoke,Sunderland,M Halsey,0,0,12,6,2,2,0,0,full,0,0,,0,0,0.1666666666666666,-6,0,0,2,1466.9551915886814,1472.2538037218644,-5.298612133183042
2012/13,2012,2012-10-27,Wigan,West Ham,J Moss,2,1,10,16,3,4,0,0,full,0,0,,0,1,-0.0499999999999999,6,0,0,2,1450.7948436908305,1419.965387019535,30.829456671295475
2012/13,2012,2012-10-28,Chelsea,Man United,M Clattenburg,2,3,13,11,2,2,2,0,full,0,0,,0,0,0.0279720279720279,-2,-2,0,2,1616.432134882533,1686.6196072714745,-70.18747238894139
2012/13,2012,2012-10-28,Everton,Liverpool,A Marriner,2,2,16,18,4,3,0,0,full,0,0,,0,-1,-0.0833333333333333,2,0,0,2,1563.7277951717947,1486.8546900907786,76.87310508101609
2012/13,2012,2012-10-28,Newcastle,West Brom,C Foy,2,1,13,7,3,2,0,0,full,0,0,,0,-1,0.0549450549450549,-6,0,0,2,1535.5730549171428,1494.632519462528,40.940535454614746
2012/13,2012,2012-10-28,Southampton,Tottenham,L Mason,1,2,14,8,0,3,0,0,full,0,0,,0,3,0.375,-6,0,0,2,1371.968617548183,1574.3840405960698,-202.41542304788686
2012/13,2012,2012-11-03,Fulham,Everton,N Swarbrick,2,2,16,9,3,1,0,0,full,0,0,,0,-2,-0.0763888888888889,-7,0,0,2,1518.094673137562,1559.9801691483929,-41.88549601083082
2012/13,2012,2012-11-03,Man United,Arsenal,M Dean,2,1,13,13,5,3,0,1,full,0,0,,0,-2,-0.1538461538461538,0,1,0,2,1696.3264722508873,1584.6536567312294,111.67281551965789
2012/13,2012,2012-11-03,Norwich,Stoke,A Marriner,1,0,11,13,1,5,0,0,full,0,0,,0,4,0.2937062937062937,2,0,0,2,1440.504609679715,1465.3936405846616,-24.889030904946594
2012/13,2012,2012-11-03,Sunderland,Aston Villa,M Jones,0,1,10,17,2,3,0,0,full,0,0,,0,1,-0.0235294117647058,7,0,0,2,1473.8153547258842,1420.1873110442675,53.628043681616646
2012/13,2012,2012-11-03,Swansea,Chelsea,K Friend,1,1,12,9,4,1,0,0,full,0,0,,0,-3,-0.2222222222222222,-3,0,0,2,1448.3670290193513,1606.7252699031203,-158.35824088376899
2012/13,2012,2012-11-03,Tottenham,Wigan,M Atkinson,0,1,10,11,1,1,0,0,full,0,0,,0,0,-0.009090909090909,1,0,0,2,1580.5001243842312,1458.2385348689168,122.26158951531443
2012/13,2012,2012-11-03,West Ham,Man City,H Webb,0,0,11,12,3,0,0,0,full,0,0,,0,-3,-0.2727272727272727,1,0,0,2,1412.5216958414487,1685.5137803767304,-272.9920845352817
2012/13,2012,2012-11-04,Liverpool,Newcastle,A Taylor,1,1,10,13,0,1,0,1,full,0,0,,0,1,0.0769230769230769,3,1,0,2,1490.6023161141804,1542.7468274197456,-52.144511305565175
2012/13,2012,2012-11-04,QPR,Reading,M Oliver,1,1,11,15,0,2,0,0,full,0,0,,0,2,0.1333333333333333,4,0,0,2,1385.338000788888,1377.1792532608404,8.15874752804757
2012/13,2012,2012-11-05,West Brom,Southampton,M Halsey,2,0,6,12,1,0,0,0,full,0,0,,0,-1,-0.1666666666666666,6,0,0,2,1487.4587469599253,1365.8525337600215,121.60621319990378
2012/13,2012,2012-11-10,Arsenal,Fulham,P Dowd,3,3,12,10,1,2,0,0,full,0,0,,0,1,0.1166666666666666,-2,0,0,2,1579.2284129249222,1517.5737677163054,61.654645208616785
2012/13,2012,2012-11-10,Aston Villa,Man United,K Friend,2,3,12,7,1,1,0,0,full,0,0,,0,0,0.0595238095238095,-5,0,0,2,1433.345967086384,1701.7517160571945,-268.40574897081046
2012/13,2012,2012-11-10,Everton,Sunderland,L Mason,2,1,14,14,1,3,0,0,full,0,0,,0,2,0.1428571428571428,0,0,0,2,1560.5010745696495,1460.6566986837677,99.84437588588185
2012/13,2012,2012-11-10,Reading,Norwich,C Foy,0,0,9,16,0,1,0,0,full,0,0,,0,1,0.0625,7,0,0,2,1379.116234808296,1449.4974609635055,-70.38122615520956
2012/13,2012,2012-11-10,Southampton,Swansea,A Marriner,1,1,11,10,2,2,0,0,full,0,0,,0,0,0.0181818181818181,-1,0,0,2,1360.6503818355059,1451.1247261213816,-90.47434428587576
2012/13,2012,2012-11-10,Stoke,QPR,M Atkinson,1,0,11,16,2,3,0,0,full,0,0,,0,1,0.0056818181818181,5,0,0,2,1456.400789300871,1383.4010192414323,72.99977005943879
2012/13,2012,2012-11-10,Wigan,West Brom,N Swarbrick,1,2,9,13,1,4,0,0,full,0,0,,0,3,0.1965811965811966,4,0,0,2,1473.0508908477354,1492.660898884441,-19.610008036705494
2012/13,2012,2012-11-11,Chelsea,Liverpool,H Webb,1,1,12,13,1,3,0,0,full,0,0,,0,2,0.1474358974358974,1,0,0,2,1603.96757280109,1490.3762554946409,113.59131730644913
2012/13,2012,2012-11-11,Man City,Tottenham,M Oliver,2,1,16,7,1,2,0,0,full,0,0,,0,1,0.2232142857142857,-9,0,0,2,1680.0511419545446,1565.6877684054125,114.36337354913212
2012/13,2012,2012-11-11,Newcastle,West Ham,M Dean,0,1,8,14,1,2,0,0,full,0,0,,0,1,0.0178571428571428,6,0,0,2,1542.9728880392852,1417.9843342636345,124.98855377565064
2012/13,2012,2012-11-17,Arsenal,Tottenham,H Webb,5,2,13,12,1,2,0,1,full,0,0,,0,1,0.0897435897435897,-1,1,0,2,1575.8633253588027,1560.3235406521135,15.539784706689261
2012/13,2012,2012-11-17,Liverpool,Wigan,K Friend,3,0,9,11,0,3,0,0,full,0,0,,0,3,0.2727272727272727,2,0,0,2,1494.9945637144417,1461.8935822090907,33.100981505351
2012/13,2012,2012-11-17,Man City,Aston Villa,J Moss,5,0,9,4,0,1,0,0,full,0,0,,0,1,0.25,-5,0,0,2,1685.4153697078436,1428.7153238750063,256.7000458328373
2012/13,2012,2012-11-17,Newcastle,Swansea,P Dowd,1,2,7,7,1,3,0,0,full,0,0,,0,2,0.2857142857142857,0,0,0,2,1528.1004488305884,1450.2498464448145,77.85060238577398
2012/13,2012,2012-11-17,Norwich,Man United,A Taylor,1,0,10,7,0,1,0,0,full,0,0,,0,1,0.1428571428571428,-3,0,0,2,1449.198754144844,1706.3823592685721,-257.18360512372806
2012/13,2012,2012-11-17,QPR,Southampton,M Dean,1,3,12,9,1,0,0,0,full,0,0,,0,-1,-0.0833333333333333,-3,0,0,2,1377.0524212150979,1361.525261512073,15.527159703024836
2012/13,2012,2012-11-17,Reading,Everton,M Atkinson,2,1,11,11,3,2,0,0,full,0,0,,0,-1,-0.0909090909090908,0,0,0,2,1379.4149416269574,1566.1996693177184,-186.78472769076097
2012/13,2012,2012-11-17,West Brom,Chelsea,M Oliver,2,1,7,13,0,0,0,0,full,0,0,,0,0,0.0,6,0,0,2,1503.8182075230857,1599.3492645812892,-95.53105705820349
2012/13,2012,2012-11-18,Fulham,Sunderland,L Probert,1,3,9,13,1,3,1,0,full,0,0,,0,2,0.1196581196581196,4,-1,0,2,1520.9388552824248,1454.9581039356988,65.98075134672604
2012/13,2012,2012-11-19,West Ham,Stoke,C Foy,1,1,8,9,1,0,0,0,full,0,0,,0,-1,-0.125,1,0,0,2,1432.8567734723313,1462.7493873272056,-29.8926138548743
2012/13,2012,2012-11-24,Aston Villa,Arsenal,L Mason,0,0,6,9,1,0,0,0,full,0,0,,0,-1,-0.1666666666666666,3,0,0,2,1425.934010592524,1583.7227395983455,-157.78872900582155
2012/13,2012,2012-11-24,Everton,Norwich,M Jones,1,1,10,18,0,3,0,0,full,0,0,,0,3,0.1666666666666666,8,0,0,2,1552.7043031478088,1464.3342579434177,88.37004520439109
2012/13,2012,2012-11-24,Man United,QPR,L Probert,3,1,6,10,1,1,0,0,full,0,0,,0,0,-0.0666666666666666,4,0,0,2,1691.2468554699985,1364.912182183837,326.33467328616143
2012/13,2012,2012-11-24,Stoke,Fulham,M Oliver,1,0,14,11,1,1,0,0,full,0,0,,0,0,0.0194805194805194,-3,0,0,2,1463.6137849771233,1507.4638186331736,-43.8500336560503
2012/13,2012,2012-11-24,Sunderland,West Brom,M Dean,2,4,12,15,2,3,0,0,full,0,0,,0,1,0.0333333333333333,3,0,0,2,1468.43314058495,1514.8373232337676,-46.404182648817596
2012/13,2012,2012-11-24,Wigan,Reading,H Webb,3,2,15,9,2,0,0,0,full,0,0,,0,-2,-0.1333333333333333,-6,0,0,2,1454.5108955651287,1392.910307796867,61.600587768261676
2012/13,2012,2012-11-25,Chelsea,Man City,C Foy,0,0,9,16,0,3,0,0,full,0,0,,0,3,0.1875,7,0,0,2,1588.3301488706072,1688.196682990326,-99.86653411971884
2012/13,2012,2012-11-25,Southampton,Newcastle,M Atkinson,2,0,12,14,2,2,0,0,full,0,0,,0,0,-0.0238095238095238,2,0,0,2,1373.6655005433338,1514.3286651334602,-140.66316459012637
2012/13,2012,2012-11-25,Swansea,Liverpool,J Moss,0,0,6,10,1,0,0,0,full,0,0,,0,-1,-0.1666666666666666,4,0,0,2,1464.0216301419428,1502.3772503584037,-38.35562021646092
2012/13,2012,2012-11-25,Tottenham,West Ham,A Marriner,3,1,9,10,1,2,0,0,full,0,0,,0,1,0.0888888888888889,1,0,0,2,1552.4641264125707,1431.9923758224136,120.47175059015717
2012/13,2012,2012-11-27,Aston Villa,Reading,L Probert,1,0,10,5,1,0,0,0,full,0,0,,0,-1,-0.1,-5,0,0,2,1428.6765555734703,1386.2740155795757,42.40253999389461
2012/13,2012,2012-11-27,Sunderland,QPR,A Marriner,0,0,10,15,1,3,0,0,full,0,0,,0,2,0.1,5,0,0,2,1458.0420211262933,1362.959725491898,95.08229563439522
2012/13,2012,2012-11-28,Chelsea,Fulham,A Taylor,0,0,10,11,3,0,0,0,full,0,0,,0,-3,-0.3,1,0,0,2,1589.4725903932333,1497.9283175305795,91.54427286265377
2012/13,2012,2012-11-28,Everton,Arsenal,M Oliver,1,1,15,9,2,1,0,0,full,0,0,,0,-1,-0.0222222222222222,-6,0,0,2,1548.6758290611172,1580.980194617399,-32.30436555628194
2012/13,2012,2012-11-28,Man United,West Ham,M Jones,1,0,7,9,1,1,0,0,full,0,0,,0,0,-0.0317460317460317,2,0,0,2,1693.1993121619375,1426.7650484709773,266.4342636909603
2012/13,2012,2012-11-28,Southampton,Norwich,M Clattenburg,1,1,11,7,1,1,0,0,full,0,0,,0,0,0.0519480519480519,-4,0,0,2,1385.9463392464315,1468.3627320301093,-82.4163927836778
2012/13,2012,2012-11-28,Stoke,Newcastle,H Webb,2,1,12,12,2,2,0,0,full,0,0,,0,0,0.0,0,0,0,2,1473.1492860797173,1502.0478264303624,-28.898540350645135
2012/13,2012,2012-11-28,Swansea,West Brom,L Mason,3,1,10,16,0,4,0,0,full,0,0,,0,4,0.25,6,0,0,2,1463.399459483645,1525.2284426924243,-61.82898320877939
2012/13,2012,2012-11-28,Tottenham,Liverpool,P Dowd,2,1,4,14,1,2,0,0,full,0,0,,0,1,-0.1071428571428571,10,0,0,2,1557.691453764007,1502.9994210167015,54.692032747305575
2012/13,2012,2012-11-28,Wigan,Man City,M Halsey,0,2,13,12,1,1,0,0,full,0,0,,0,0,0.0064102564102564,-1,0,0,2,1461.1471877824201,1687.0542414677,-225.90705368527983
2012/13,2012,2012-12-01,Arsenal,Swansea,M Clattenburg,0,2,11,9,1,0,0,0,full,0,0,,0,-1,-0.0909090909090909,-2,0,0,2,1581.7756548794498,1473.4521013657702,108.3235535136796
2012/13,2012,2012-12-01,Fulham,Tottenham,C Foy,0,3,10,8,0,2,0,0,full,0,0,,0,2,0.25,-2,0,0,2,1502.0330437530204,1564.505255778774,-62.472212025753606
2012/13,2012,2012-12-01,Liverpool,Southampton,M Oliver,1,0,10,8,2,0,0,0,full,0,0,,0,-2,-0.2,-2,0,0,2,1496.1856190019346,1386.5906411149806,109.59497788695398
2012/13,2012,2012-12-01,Man City,Everton,L Probert,1,1,16,12,2,1,0,0,full,0,0,,0,-1,-0.0416666666666666,-4,0,0,2,1692.6116977648405,1547.8803687990664,144.73132896577408
2012/13,2012,2012-12-01,QPR,Aston Villa,H Webb,1,1,5,6,1,2,0,0,full,0,0,,0,1,0.1333333333333333,1,0,0,2,1367.1487713016816,1435.8116555791692,-68.66288427748759
2012/13,2012,2012-12-01,Reading,Man United,M Halsey,3,4,10,12,1,1,0,0,full,0,0,,0,0,-0.0166666666666666,2,0,0,2,1379.1389155738768,1695.8491424931312,-316.7102269192544
2012/13,2012,2012-12-01,West Brom,Stoke,K Friend,0,1,8,15,0,3,0,0,full,0,0,,0,3,0.2,7,0,0,2,1515.175800810299,1482.25649757558,32.91930323471911
2012/13,2012,2012-12-01,West Ham,Chelsea,M Atkinson,3,1,15,6,1,2,0,0,full,0,0,,0,1,0.2666666666666666,-9,0,0,2,1424.1152181397836,1585.3678641707925,-161.2526460310089
2012/13,2012,2012-12-02,Norwich,Sunderland,P Dowd,2,1,11,16,0,2,0,0,full,0,0,,0,2,0.125,5,0,0,2,1467.7184301615603,1453.8529753165099,13.865454845050408
2012/13,2012,2012-12-03,Newcastle,Wigan,M Jones,3,0,12,14,1,3,0,1,full,0,0,,0,2,0.1309523809523809,2,1,0,2,1492.9406149344998,1455.5897314852796,37.35088344922019
2012/13,2012,2012-12-08,Arsenal,West Brom,M Jones,2,0,11,12,2,3,0,0,full,0,0,,0,1,0.0681818181818181,1,0,0,2,1567.2774585868442,1502.5633590295229,64.71409955732133
2012/13,2012,2012-12-08,Aston Villa,Stoke,R East,0,0,8,13,0,1,0,1,full,0,0,,0,1,0.0769230769230769,5,1,0,2,1435.5623693844134,1494.8689393563561,-59.306569971942736
2012/13,2012,2012-12-08,Southampton,Reading,J Moss,1,0,11,10,0,0,0,0,full,0,0,,0,0,0.0,-1,0,0,2,1381.1179793881447,1375.423543775639,5.694435612505686
2012/13,2012,2012-12-08,Sunderland,Chelsea,M Halsey,1,3,11,14,1,3,0,0,full,0,0,,0,2,0.1233766233766233,3,0,0,2,1445.9475310301327,1572.533373052951,-126.58584202281827
2012/13,2012,2012-12-08,Swansea,Norwich,H Webb,3,4,12,9,2,1,0,0,full,0,0,,0,-1,-0.0555555555555555,-3,0,0,2,1487.9502976583758,1475.6238744479374,12.326423210438406
2012/13,2012,2012-12-08,Wigan,QPR,P Dowd,2,2,7,11,0,1,0,0,full,0,0,,0,1,0.0909090909090909,4,0,0,2,1448.3206181166402,1367.3980574964373,80.92256062020283
2012/13,2012,2012-12-09,Everton,Tottenham,K Friend,2,1,10,9,2,2,0,0,full,0,0,,0,0,0.0222222222222222,-1,0,0,2,1553.1740303747117,1574.4341009977013,-21.260070622989588
2012/13,2012,2012-12-09,Man City,Man United,M Atkinson,2,3,11,9,4,3,0,0,full,0,0,,0,-1,-0.0303030303030303,-2,0,0,2,1687.3180361891953,1699.564514291369,-12.246478102173796
2012/13,2012,2012-12-09,West Ham,Liverpool,L Probert,2,3,12,10,1,2,0,0,full,0,0,,0,1,0.1166666666666666,-2,0,0,2,1436.949709257625,1501.6582807287705,-64.70857147114543
2012/13,2012,2012-12-10,Fulham,Newcastle,L Mason,2,1,13,11,0,0,0,0,full,0,0,,0,0,0.0,-2,0,0,2,1492.104198534093,1500.2097283031392,-8.105529769046143
2012/13,2012,2012-12-11,Sunderland,Reading,N Swarbrick,3,0,8,11,2,1,0,0,full,0,0,,0,-1,-0.1590909090909091,3,0,0,2,1437.8409013266585,1367.2921651209758,70.54873620568264
2012/13,2012,2012-12-15,Liverpool,Aston Villa,N Swarbrick,1,3,4,11,1,2,0,0,full,0,0,,0,1,-0.0681818181818181,7,0,0,2,1511.5227654442197,1435.542410890344,75.98035455387571
2012/13,2012,2012-12-15,Man United,Sunderland,C Foy,3,1,13,10,0,0,0,0,full,0,0,,0,0,0.0,-3,0,0,2,1710.9303809436783,1444.2507968907828,266.6795840528955
2012/13,2012,2012-12-15,Newcastle,Man City,A Marriner,1,3,9,16,3,2,0,0,full,0,0,,0,-1,-0.2083333333333333,7,0,0,2,1491.692361887177,1675.952169536886,-184.25980764970905
2012/13,2012,2012-12-15,Norwich,Wigan,L Probert,2,1,7,4,3,1,0,0,full,0,0,,0,-2,-0.1785714285714285,-3,0,0,2,1487.676037591895,1444.4732490616807,43.20278853021432
2012/13,2012,2012-12-15,QPR,Fulham,M Atkinson,2,1,10,14,1,2,0,0,full,0,0,,0,1,0.0428571428571428,4,0,0,2,1371.2454265513968,1500.6215649500552,-129.37613839865844
2012/13,2012,2012-12-15,Stoke,Everton,M Halsey,1,1,11,13,1,0,0,0,full,0,0,,0,-1,-0.0909090909090909,2,0,0,2,1494.8888978504256,1562.063603671814,-67.17470582138844
2012/13,2012,2012-12-16,Tottenham,Swansea,M Dean,1,0,12,8,2,3,0,0,full,0,0,,0,1,0.2083333333333333,-4,0,0,2,1565.544527700599,1475.8981345144182,89.64639318618083
2012/13,2012,2012-12-16,West Brom,West Ham,P Dowd,0,0,12,9,3,3,0,0,full,0,0,,0,0,0.0833333333333333,-3,0,0,2,1496.00630051439,1427.0852245421759,68.92107597221411
2012/13,2012,2012-12-17,Reading,Arsenal,A Taylor,2,5,8,4,1,1,0,0,full,0,0,,0,0,0.125,-4,0,0,2,1360.8822695568515,1573.834517101977,-212.9522475451256
2012/13,2012,2012-12-22,Liverpool,Fulham,M Clattenburg,4,0,13,6,1,2,0,0,full,0,0,,0,1,0.2564102564102564,-7,0,0,2,1497.7972472413292,1488.6508817277384,9.146365513590808
2012/13,2012,2012-12-22,Man City,Reading,M Dean,1,0,11,15,2,3,0,0,full,0,0,,0,1,0.0181818181818181,4,0,0,2,1682.5207588504124,1355.0206364770086,327.5001223734039
2012/13,2012,2012-12-22,Newcastle,QPR,K Friend,1,0,9,16,3,2,0,0,full,0,0,,0,-1,-0.2083333333333333,7,0,0,2,1485.1237725736505,1383.2161097737137,101.90766279993682
2012/13,2012,2012-12-22,Southampton,Sunderland,H Webb,0,1,11,15,0,3,0,0,full,0,0,,0,3,0.2,4,0,0,2,1389.249358042808,1441.604211118654,-52.354853075845995
2012/13,2012,2012-12-22,Tottenham,Stoke,L Mason,0,0,8,11,2,5,0,0,full,0,0,,0,3,0.2045454545454545,3,0,0,2,1571.4853247601413,1495.0953731347608,76.38995162538049
2012/13,2012,2012-12-22,West Brom,Norwich,M Atkinson,2,1,14,9,1,1,0,0,full,0,0,,0,0,0.0396825396825396,-5,0,0,2,1492.457074213063,1494.7900090415708,-2.3329348285078595
2012/13,2012,2012-12-22,West Ham,Everton,A Taylor,1,2,12,8,1,0,1,1,full,0,0,,0,-1,-0.0833333333333333,-4,0,0,2,1430.634450843503,1561.8571283874787,-131.2226775439758
2012/13,2012,2012-12-22,Wigan,Arsenal,J Moss,0,1,14,8,1,1,0,0,full,0,0,,0,0,0.0535714285714285,-6,0,0,2,1437.359277612005,1579.69615018182,-142.3368725698151
2012/13,2012,2012-12-23,Chelsea,Aston Villa,P Dowd,8,0,6,11,0,0,0,0,full,0,0,,0,0,0.0,5,0,0,2,1580.6400027564252,1449.2679290932344,131.3720736631908
2012/13,2012,2012-12-23,Swansea,Man United,M Oliver,1,1,11,16,2,4,0,0,full,0,0,,0,2,0.0681818181818181,5,0,0,2,1469.9573374548759,1713.5769667158072,-243.61962926093133
2012/13,2012,2012-12-26,Aston Villa,Tottenham,M Clattenburg,0,4,11,7,1,0,0,0,full,0,0,,0,-1,-0.0909090909090909,-4,0,0,2,1444.2792227804107,1567.7496581414223,-123.4704353610116
2012/13,2012,2012-12-26,Everton,Wigan,L Mason,2,1,10,11,1,3,0,0,full,0,0,,0,2,0.1727272727272727,1,0,0,2,1569.8354154626654,1429.6857329511593,140.14968251150617
2012/13,2012,2012-12-26,Fulham,Southampton,M Oliver,1,1,14,12,3,0,0,0,full,0,0,,0,-3,-0.2142857142857142,-2,0,0,2,1480.6152075644936,1379.0293485342902,101.58585903020344
2012/13,2012,2012-12-26,Man United,Newcastle,M Dean,4,3,12,16,3,3,0,0,full,0,0,,0,0,-0.0625,4,0,0,2,1708.7346319450269,1490.7740927138025,217.9605392312244
2012/13,2012,2012-12-26,Norwich,Chelsea,J Moss,0,1,7,7,1,1,0,0,full,0,0,,0,0,0.0,0,0,0,2,1486.434724797134,1585.628709069249,-99.1939842721149
2012/13,2012,2012-12-26,QPR,West Brom,C Foy,1,2,9,10,1,0,0,0,full,0,0,,0,-1,-0.1111111111111111,1,0,0,2,1377.5657896335617,1500.8123584574996,-123.24656882393788
2012/13,2012,2012-12-26,Reading,Swansea,M Jones,0,0,14,17,2,1,0,0,full,0,0,,0,-1,-0.0840336134453781,3,0,0,2,1353.0799679469092,1474.7996722256562,-121.71970427874703
2012/13,2012,2012-12-26,Stoke,Liverpool,H Webb,3,1,11,5,3,1,0,0,full,0,0,,0,-2,-0.0727272727272727,-6,0,0,2,1498.83103975348,1505.8329214045739,-7.001881651093981
2012/13,2012,2012-12-26,Sunderland,Man City,K Friend,1,0,14,16,1,3,0,0,full,0,0,,0,2,0.1160714285714285,2,0,0,2,1451.8242206271716,1684.4614273805119,-232.63720675334025
2012/13,2012,2012-12-29,Arsenal,Newcastle,C Foy,7,3,8,10,0,1,0,0,full,0,0,,0,1,0.1,2,0,0,2,1587.3696948426657,1487.4146546422617,99.95504020040403
2012/13,2012,2012-12-29,Aston Villa,Wigan,K Friend,0,3,16,8,3,2,0,0,full,0,0,,0,-1,0.0625,-8,0,0,2,1436.0859942484467,1424.8838163160717,11.20217793237498
2012/13,2012,2012-12-29,Fulham,Swansea,A Marriner,1,2,14,12,2,1,0,0,full,0,0,,0,-1,-0.0595238095238095,-2,0,0,2,1476.2730405936936,1473.0416899093218,3.2313506843718187
2012/13,2012,2012-12-29,Man United,West Brom,J Moss,2,0,9,7,1,0,0,0,full,0,0,,0,-1,-0.1111111111111111,-2,0,0,2,1712.0940700165677,1509.0118207714715,203.08224924509614
2012/13,2012,2012-12-29,Norwich,Man City,M Jones,3,4,8,10,3,1,0,1,full,0,0,,0,-2,-0.275,2,1,0,2,1477.5580572263352,1669.8647508477225,-192.30669362138724
2012/13,2012,2012-12-29,Reading,West Ham,M Oliver,1,0,17,10,3,4,0,0,full,0,0,,0,1,0.2235294117647059,-7,0,0,2,1354.8379502632436,1422.6561637683162,-67.81821350507266
2012/13,2012,2012-12-29,Stoke,Southampton,M Clattenburg,3,3,6,9,1,2,1,0,full,0,0,,0,1,0.0555555555555555,3,-1,0,2,1507.3173536232807,1383.3715155050902,123.94583811819052
2012/13,2012,2012-12-29,Sunderland,Tottenham,L Mason,1,2,9,15,1,3,0,0,full,0,0,,0,2,0.0888888888888889,6,0,0,2,1466.420897159961,1575.9428866733863,-109.5219895134253
2012/13,2012,2012-12-30,Everton,Chelsea,H Webb,1,2,14,12,2,3,0,0,full,0,0,,0,1,0.1071428571428571,-2,0,0,2,1574.637332097753,1594.5053766400479,-19.86804454229491
2012/13,2012,2012-12-30,QPR,Liverpool,A Taylor,0,3,10,8,2,1,0,0,full,0,0,,0,-1,-0.075,-2,0,0,2,1369.3663273195898,1497.3466075347728,-127.98028021518303
2012/13,2012,2013-01-01,Man City,Stoke,M Oliver,3,0,6,9,2,2,0,0,full,0,0,,0,0,-0.1111111111111111,3,0,0,2,1676.2306501366386,1502.4678346380267,173.76281549861187
2012/13,2012,2013-01-01,Southampton,Arsenal,L Probert,1,1,9,6,2,0,0,0,full,0,0,,0,-2,-0.2222222222222222,-3,0,0,2,1388.2210344903442,1593.0656940952686,-204.84465960492435
2012/13,2012,2013-01-01,Swansea,Aston Villa,M Halsey,2,2,7,15,0,4,0,0,full,0,0,,0,4,0.2666666666666666,8,0,0,2,1484.8418037788508,1424.0648472403548,60.77695653849605
2012/13,2012,2013-01-01,Tottenham,Reading,H Webb,3,1,9,9,0,0,0,0,full,0,0,,0,0,0.0,0,0,0,2,1584.5271041629392,1365.0629385622656,219.4641656006736
2012/13,2012,2013-01-01,West Brom,Fulham,M Dean,1,2,14,6,0,0,0,0,full,0,0,,0,0,0.0,-8,0,0,2,1505.406136662658,1464.4729267241646,40.93320993849329
2012/13,2012,2013-01-01,West Ham,Norwich,M Clattenburg,2,1,14,7,0,0,0,0,full,0,0,,0,0,0.0,-7,0,0,2,1412.4311754692942,1471.192157937419,-58.760982468124894
2012/13,2012,2013-01-01,Wigan,Man United,A Marriner,0,4,13,5,1,1,0,0,full,0,0,,0,0,0.123076923076923,-8,0,0,2,1436.9049633241636,1715.6997541253813,-278.7947908012177
2012/13,2012,2013-01-02,Chelsea,QPR,L Mason,0,1,12,8,1,1,0,0,full,0,0,,0,0,0.0416666666666666,-4,0,0,2,1605.655357235546,1361.2983643971445,244.35699283840154
2012/13,2012,2013-01-02,Liverpool,Sunderland,P Dowd,3,0,8,5,0,1,0,0,full,0,0,,0,1,0.2,-3,0,0,2,1505.4145704572181,1457.836679670408,47.57789078681003
2012/13,2012,2013-01-02,Newcastle,Everton,M Atkinson,1,2,21,7,3,2,0,0,full,0,0,,0,-1,0.1428571428571428,-14,0,0,2,1481.7186553896588,1563.4873515022548,-81.76869611259599
2012/13,2012,2013-01-12,Aston Villa,Southampton,M Halsey,0,1,9,6,1,1,0,0,full,0,0,,0,0,0.0555555555555555,-3,0,0,2,1427.4075144962392,1392.1641608427426,35.24335365349657
2012/13,2012,2013-01-12,Everton,Swansea,P Dowd,0,0,13,9,1,4,0,0,full,0,0,,0,3,0.3675213675213675,-4,0,0,2,1572.861616662617,1481.4991365229664,91.36248013965064
2012/13,2012,2013-01-12,Fulham,Wigan,M Clattenburg,1,1,8,15,0,1,0,0,full,0,0,,0,1,0.0666666666666666,7,0,0,2,1477.298960216502,1432.4837088977058,44.8152513187963
2012/13,2012,2013-01-12,Norwich,Newcastle,A Taylor,0,0,5,6,0,1,0,0,full,0,0,,0,1,0.1666666666666666,1,0,0,2,1461.2278195774777,1472.3443902292966,-11.116570651818847
2012/13,2012,2013-01-12,QPR,Tottenham,L Probert,0,0,10,7,1,1,0,0,full,0,0,,0,0,0.0428571428571428,-3,0,0,2,1378.3425116460078,1587.8624181281828,-209.51990648217497
2012/13,2012,2013-01-12,Reading,West Brom,K Friend,3,2,6,13,1,1,0,0,full,0,0,,0,0,-0.0897435897435897,7,0,0,2,1361.727624597022,1492.5801031703204,-130.8524785732984
2012/13,2012,2013-01-12,Stoke,Chelsea,A Marriner,0,4,13,9,1,0,0,0,full,0,0,,0,-1,-0.0769230769230769,-4,0,0,2,1498.3361755222334,1588.6112099866828,-90.27503446444939
2012/13,2012,2013-01-12,Sunderland,West Ham,N Swarbrick,3,0,10,13,0,3,0,0,full,0,0,,0,3,0.2307692307692307,3,0,0,2,1450.8377211785423,1422.3955138292356,28.442207349306727
2012/13,2012,2013-01-13,Arsenal,Man City,M Dean,0,2,11,18,2,4,1,1,full,0,0,,0,2,0.0404040404040403,7,0,0,2,1589.1225677428702,1680.362309252432,-91.23974150956178
2012/13,2012,2013-01-13,Man United,Liverpool,H Webb,2,1,14,16,1,4,0,0,full,0,0,,0,3,0.1785714285714285,2,0,0,2,1720.1210085518392,1512.413528949084,207.70747960275526
2012/13,2012,2013-01-16,Chelsea,Southampton,M Oliver,2,2,10,11,1,0,0,0,full,0,0,,0,-1,-0.1,1,0,0,2,1597.7420232842599,1404.8388192707243,192.90320401353551
2012/13,2012,2013-01-19,Liverpool,Norwich,M Oliver,5,0,10,8,1,1,0,0,full,0,0,,0,0,0.0249999999999999,-2,0,0,2,1508.8858697642308,1459.8300525726902,49.055817191540655
2012/13,2012,2013-01-19,Man City,Fulham,J Moss,2,0,12,6,1,2,0,0,full,0,0,,0,1,0.25,-6,0,0,2,1689.465572540934,1474.3704440677711,215.09512847316296
2012/13,2012,2013-01-19,Newcastle,Reading,A Marriner,1,2,9,10,2,3,0,0,full,0,0,,0,1,0.0777777777777777,1,0,0,2,1473.742157234084,1373.7391156526025,100.00304158148151
2012/13,2012,2013-01-19,Swansea,Stoke,M Dean,3,1,11,9,0,0,0,0,full,0,0,,0,0,0.0,-2,0,0,2,1485.5995109939597,1489.2053622246563,-3.605851230696544
2012/13,2012,2013-01-19,West Brom,Aston Villa,L Probert,2,2,8,10,3,3,0,0,full,0,0,,0,0,-0.075,2,0,0,2,1480.5686121147398,1414.7328560682574,65.8357560464824
2012/13,2012,2013-01-19,West Ham,QPR,H Webb,1,1,6,11,1,0,0,0,full,0,0,,0,-1,-0.1666666666666666,5,0,0,2,1414.8874901467386,1382.3986734202354,32.48881672650327
2012/13,2012,2013-01-19,Wigan,Sunderland,A Taylor,2,3,10,16,3,2,0,0,full,0,0,,0,-1,-0.175,6,0,0,2,1435.4122250464368,1458.3457448610393,-22.933519814602505
2012/13,2012,2013-01-20,Chelsea,Arsenal,M Atkinson,2,1,10,11,2,1,0,0,full,0,0,,0,-1,-0.1090909090909091,1,0,0,2,1591.5241487111464,1580.019304454368,11.50484425677837
2012/13,2012,2013-01-20,Tottenham,Man United,C Foy,1,1,7,14,1,4,0,0,full,0,0,,0,3,0.1428571428571428,7,0,0,2,1583.8062563539552,1723.6486677366922,-139.84241138273705
2012/13,2012,2013-01-21,Southampton,Everton,N Swarbrick,0,0,14,11,2,1,0,0,full,0,0,,0,-1,-0.0519480519480519,-3,0,0,2,1411.0566938438378,1568.7612421916238,-157.70454834778593
2012/13,2012,2013-01-23,Arsenal,West Ham,A Marriner,5,1,9,10,0,1,0,0,full,0,0,,0,1,0.1,1,0,0,2,1572.0488055612427,1412.2865968696042,159.76220869163853
2012/13,2012,2013-01-29,Aston Villa,Newcastle,M Dean,1,2,16,9,5,2,0,0,full,0,0,,0,-3,-0.0902777777777777,-7,0,0,2,1418.204222848006,1459.4370308945367,-41.232808046530636
2012/13,2012,2013-01-29,QPR,Man City,P Dowd,0,0,9,9,2,2,0,0,full,0,0,,0,0,0.0,0,0,0,2,1384.9995666973698,1692.871368362003,-307.87180166463327
2012/13,2012,2013-01-29,Stoke,Wigan,M Jones,2,2,12,10,1,1,0,0,full,0,0,,0,0,0.0166666666666666,-2,0,0,2,1480.8144102446604,1424.3493952655556,56.46501497910481
2012/13,2012,2013-01-29,Sunderland,Swansea,A Marriner,0,0,11,11,1,2,0,0,full,0,0,,0,1,0.0909090909090909,0,0,0,2,1469.4085746419205,1493.9904629739556,-24.581888332035078
2012/13,2012,2013-01-30,Arsenal,Liverpool,K Friend,2,2,9,11,3,1,0,0,full,0,0,,0,-2,-0.2424242424242424,2,0,0,2,1576.4509111424709,1515.8461707889564,60.604740353514444
2012/13,2012,2013-01-30,Everton,West Brom,M Oliver,2,1,9,14,0,2,0,0,full,0,0,,0,2,0.1428571428571428,5,0,0,2,1566.0209380328713,1477.0972453349912,88.92369269788014
2012/13,2012,2013-01-30,Fulham,West Ham,C Foy,3,1,8,9,2,0,0,0,full,0,0,,0,-2,-0.25,1,0,0,2,1470.9646482467022,1407.884491288376,63.08015695832614
2012/13,2012,2013-01-30,Man United,Southampton,L Mason,2,1,10,10,2,1,0,0,full,0,0,,0,-1,-0.1,0,0,0,2,1721.390235309992,1413.7969980025903,307.59323730740175
2012/13,2012,2013-01-30,Norwich,Tottenham,N Swarbrick,1,1,13,14,4,1,0,0,full,0,0,,0,-3,-0.2362637362637362,1,0,0,2,1452.8697515479646,1586.0646887806554,-133.1949372326908
2012/13,2012,2013-01-30,Reading,Chelsea,M Halsey,2,2,8,20,1,2,0,0,full,0,0,,0,1,-0.0249999999999999,12,0,0,2,1388.0442419921499,1599.4946476042717,-211.4504056121218
2012/13,2012,2013-02-02,Arsenal,Stoke,C Foy,1,0,3,13,0,3,0,0,full,0,0,,0,3,0.2307692307692307,10,0,0,2,1573.112647554024,1477.582437100246,95.53021045377818
2012/13,2012,2013-02-02,Everton,Aston Villa,M Jones,3,3,6,23,1,4,0,0,full,0,0,,0,3,0.0072463768115942,17,0,0,2,1571.9791233351075,1407.6645843862666,164.3145389488409
2012/13,2012,2013-02-02,Fulham,Man United,K Friend,0,1,8,15,1,1,0,0,full,0,0,,0,0,-0.0583333333333333,7,0,0,2,1477.563227629829,1723.5411928142503,-245.97796518442124
2012/13,2012,2013-02-02,Newcastle,Chelsea,H Webb,3,2,11,5,2,3,0,0,full,0,0,,0,1,0.4181818181818181,-6,0,0,2,1469.9766693562763,1595.3921681413622,-125.4154987850859
2012/13,2012,2013-02-02,QPR,Norwich,J Moss,0,0,6,20,2,5,0,0,full,0,0,,0,3,-0.0833333333333333,14,0,0,2,1391.1278135663042,1454.945847455102,-63.8180338887978
2012/13,2012,2013-02-02,Reading,Sunderland,L Mason,2,1,12,15,1,3,0,0,full,0,0,,0,2,0.1166666666666666,3,0,0,2,1392.1467214550594,1468.392676104344,-76.24595464928461
2012/13,2012,2013-02-02,West Ham,Swansea,L Probert,1,0,7,9,1,1,0,0,full,0,0,,0,0,-0.0317460317460317,2,0,0,2,1401.2859119052491,1495.006361511532,-93.72044960628295
2012/13,2012,2013-02-02,Wigan,Southampton,A Marriner,2,2,6,16,0,2,0,0,full,0,0,,0,2,0.125,10,0,0,2,1427.58136840997,1411.646040498332,15.935327911638069
2012/13,2012,2013-02-03,Man City,Liverpool,A Taylor,2,2,14,7,2,4,0,0,full,0,0,,0,2,0.4285714285714285,-7,0,0,2,1686.7431214930687,1519.1844343774032,167.5586871156654
2012/13,2012,2013-02-03,West Brom,Tottenham,M Clattenburg,0,1,9,9,1,0,1,0,full,0,0,,0,-1,-0.1111111111111111,0,-1,0,2,1471.139060032755,1583.988592873518,-112.849532840763
2012/13,2012,2013-02-09,Chelsea,Wigan,M Dean,4,1,9,13,1,2,0,0,full,0,0,,0,1,0.0427350427350427,4,0,0,2,1583.5312960712108,1425.4299223090834,158.10137376212742
2012/13,2012,2013-02-09,Norwich,Fulham,H Webb,0,0,10,16,2,2,0,0,full,0,0,,0,0,-0.075,6,0,0,2,1454.8359600295205,1472.457353478785,-17.621393449264588
2012/13,2012,2013-02-09,Southampton,Man City,M Atkinson,3,1,9,13,1,2,0,0,full,0,0,,0,1,0.0427350427350427,4,0,0,2,1413.7974865992187,1680.9930822695017,-267.19559567028296
2012/13,2012,2013-02-09,Stoke,Reading,M Oliver,2,1,7,4,2,0,0,0,full,0,0,,0,-2,-0.2857142857142857,-3,0,0,2,1471.7821068854344,1402.613977121608,69.1681297638263
2012/13,2012,2013-02-09,Sunderland,Arsenal,A Taylor,0,1,6,13,3,2,0,1,full,0,0,,0,-1,-0.3461538461538461,7,1,0,2,1457.9254204377953,1578.9129777688356,-120.9875573310403
2012/13,2012,2013-02-09,Swansea,QPR,N Swarbrick,4,1,10,9,1,3,0,0,full,0,0,,0,2,0.2333333333333333,-1,0,0,2,1484.0388449606114,1391.2377009918857,92.80114396872568
2012/13,2012,2013-02-09,Tottenham,Newcastle,P Dowd,2,1,5,11,0,2,0,0,full,0,0,,0,2,0.1818181818181818,6,0,0,2,1592.479085660078,1481.8375414264276,110.6415442336504
2012/13,2012,2013-02-10,Aston Villa,West Ham,M Clattenburg,2,1,15,12,3,2,0,0,full,0,0,,0,-1,-0.0333333333333333,-3,0,0,2,1413.3517861986481,1412.2534284561698,1.0983577424783562
2012/13,2012,2013-02-10,Man United,Everton,M Halsey,2,0,12,9,0,2,0,0,full,0,0,,0,2,0.2222222222222222,-3,0,0,2,1728.6470669652942,1566.291921522726,162.3551454425683
2012/13,2012,2013-02-11,Liverpool,West Brom,J Moss,0,2,9,9,1,4,0,0,full,0,0,,0,3,0.3333333333333333,0,0,0,2,1524.9344736009703,1462.648567246195,62.28590635477531
2012/13,2012,2013-02-17,Liverpool,Swansea,H Webb,5,0,6,9,0,1,0,0,full,0,0,,0,1,0.1111111111111111,3,0,0,2,1511.5532841825848,1489.9040829673988,21.64920121518594
2012/13,2012,2013-02-23,Arsenal,Aston Villa,M Atkinson,2,1,7,12,1,2,0,0,full,0,0,,0,1,0.0238095238095238,5,0,0,2,1587.1754246156588,1421.6111404063442,165.56428420931456
2012/13,2012,2013-02-23,Fulham,Stoke,L Probert,1,0,4,9,1,3,0,0,full,0,0,,0,2,0.0833333333333333,5,0,0,2,1473.6710944383608,1478.226667119016,-4.555572680655132
2012/13,2012,2013-02-23,Norwich,Everton,L Mason,2,1,15,10,1,1,0,0,full,0,0,,0,0,0.0333333333333333,-5,0,0,2,1453.6222190699448,1561.9408459255528,-108.31862685560804
2012/13,2012,2013-02-23,QPR,Man United,A Taylor,0,2,10,6,0,0,0,0,full,0,0,,0,0,0.0,-4,0,0,2,1385.3724629850983,1732.9981425624674,-347.62567957736906
2012/13,2012,2013-02-23,Reading,Wigan,P Dowd,0,3,9,11,1,1,1,0,full,0,0,,0,0,-0.0202020202020201,2,-1,0,2,1396.1694168880265,1420.9949058860655,-24.825488998038963
2012/13,2012,2013-02-23,West Brom,Sunderland,R East,2,1,13,9,2,1,0,0,full,0,0,,0,-1,-0.0427350427350427,-4,0,0,2,1476.0297566645804,1449.6629735909721,26.366783073608303
2012/13,2012,2013-02-24,Man City,Chelsea,A Marriner,2,0,19,5,3,1,0,0,full,0,0,,0,-2,0.0421052631578947,-14,0,0,2,1665.6485610618058,1587.9663124942288,77.68224856757706
2012/13,2012,2013-02-24,Newcastle,Southampton,C Foy,4,2,12,12,0,4,0,0,full,0,0,,0,4,0.3333333333333333,0,0,0,2,1476.3887954461732,1429.1420078069145,47.24678763925863
2012/13,2012,2013-02-25,West Ham,Tottenham,H Webb,2,3,12,7,4,1,0,0,full,0,0,,0,-3,-0.1904761904761904,-5,0,0,2,1403.9940742484737,1597.9278316403324,-193.93375739185876
2012/13,2012,2013-03-02,Chelsea,West Brom,K Friend,1,0,12,16,1,2,0,0,full,0,0,,0,1,0.0416666666666666,4,0,0,2,1581.7339391734085,1483.5938891724402,98.14005000096836
2012/13,2012,2013-03-02,Everton,Reading,A Taylor,3,1,8,8,1,1,0,0,full,0,0,,0,0,0.0,0,0,0,2,1550.5590212433995,1385.1604578733356,165.3985633700638
2012/13,2012,2013-03-02,Man United,Norwich,N Swarbrick,4,0,5,15,0,4,0,0,full,0,0,,0,4,0.2666666666666666,10,0,0,2,1736.2049263582676,1465.0040437520981,271.20088260616944
2012/13,2012,2013-03-02,Southampton,QPR,H Webb,1,2,7,15,1,3,0,0,full,0,0,,0,2,0.0571428571428571,8,0,0,2,1422.1343752102127,1382.165679189298,39.96869602091465
2012/13,2012,2013-03-02,Stoke,West Ham,J Moss,0,1,12,12,1,2,0,0,full,0,0,,0,1,0.0833333333333333,0,0,0,2,1469.8090760253992,1397.6687514874914,72.14032453790787
2012/13,2012,2013-03-02,Sunderland,Fulham,M Halsey,2,2,9,14,1,3,0,0,full,0,0,,0,2,0.1031746031746031,5,0,0,2,1442.0988410831123,1482.0886855319775,-39.98984444886514
2012/13,2012,2013-03-02,Swansea,Newcastle,C Pawson,1,0,9,17,0,2,0,0,full,0,0,,0,2,0.1176470588235294,8,0,0,2,1482.2118081966585,1483.396428042875,-1.184619846216492
2012/13,2012,2013-03-02,Wigan,Liverpool,M Atkinson,0,4,11,15,2,2,0,0,full,0,0,,0,0,-0.0484848484848484,4,0,0,2,1432.0038649007563,1519.2455589533251,-87.24169405256885
2012/13,2012,2013-03-03,Tottenham,Arsenal,M Clattenburg,2,1,17,13,3,1,0,0,full,0,0,,0,-2,-0.0995475113122172,-4,0,0,2,1604.2531544013148,1591.463936444068,12.78921795724682
2012/13,2012,2013-03-04,Aston Villa,Man City,M Dean,0,1,10,14,2,0,0,0,full,0,0,,0,-2,-0.2,4,0,0,2,1417.3226285779351,1671.880934382626,-254.55830580469092
2012/13,2012,2013-03-09,Norwich,Southampton,M Clattenburg,0,0,9,10,2,3,0,0,full,0,0,,0,1,0.0777777777777777,1,0,0,2,1462.4166549390527,1409.3339055319727,53.08274940707997
2012/13,2012,2013-03-09,QPR,Sunderland,M Jones,3,1,4,19,0,2,0,0,full,0,0,,0,2,0.1052631578947368,15,0,0,2,1394.966148867538,1441.5235384719542,-46.55738960441613
2012/13,2012,2013-03-09,Reading,Aston Villa,J Moss,1,2,8,7,2,3,0,0,full,0,0,,0,1,0.1785714285714285,-1,0,0,2,1380.8687313108187,1412.4022828445825,-31.533551533763784
2012/13,2012,2013-03-09,West Brom,Swansea,L Mason,2,1,9,10,1,1,0,0,full,0,0,,0,0,-0.0111111111111111,1,0,0,2,1477.8552318659438,1490.5349529307337,-12.679721064789874
2012/13,2012,2013-03-10,Liverpool,Tottenham,M Oliver,3,2,9,8,1,1,0,0,full,0,0,,0,0,0.0138888888888888,-1,0,0,2,1528.4630828154718,1612.1882354159459,-83.72515260047408
2012/13,2012,2013-03-10,Newcastle,Stoke,A Marriner,2,1,10,12,1,1,0,0,full,0,0,,0,0,-0.0166666666666666,2,0,0,2,1475.0732833087998,1456.1791321239475,18.894151184852262
2012/13,2012,2013-03-16,Aston Villa,QPR,K Friend,3,2,16,10,3,2,0,0,full,0,0,,0,-1,0.0125,-6,0,0,2,1423.2197846092938,1404.5794323895475,18.64035221974632
2012/13,2012,2013-03-16,Everton,Man City,L Probert,2,0,15,10,4,3,1,0,full,0,0,,0,-1,0.0333333333333333,-5,-1,0,2,1554.8507478059164,1676.8012801159787,-121.95053231006227
2012/13,2012,2013-03-16,Man United,Reading,L Mason,1,0,5,16,0,2,0,0,full,0,0,,0,2,0.125,11,0,0,2,1738.792315171313,1370.0512295461074,368.74108562520564
2012/13,2012,2013-03-16,Southampton,Liverpool,P Dowd,3,1,10,10,0,1,0,0,full,0,0,,0,1,0.1,0,0,0,2,1412.478425637241,1539.144888166024,-126.66646252878309
2012/13,2012,2013-03-16,Stoke,West Brom,M Dean,0,0,15,11,2,2,0,0,full,0,0,,0,0,0.0484848484848484,-4,0,0,2,1448.4116476077902,1486.5016043923695,-38.08995678457927
2012/13,2012,2013-03-16,Swansea,Arsenal,J Moss,0,2,2,7,1,1,0,0,full,0,0,,1,0,,5,0,0,2,1481.888580404308,1583.5288554294368,-101.64027502512886
2012/13,2012,2013-03-17,Chelsea,West Ham,M Oliver,2,0,5,14,0,2,0,0,full,0,0,,0,2,0.1428571428571428,9,0,0,2,1587.472596479905,1411.298695388943,176.17390109096186
2012/13,2012,2013-03-17,Sunderland,Norwich,C Foy,1,1,11,11,1,3,0,1,full,0,0,,0,2,0.1818181818181818,0,1,0,2,1431.9102549499448,1459.2721348337845,-27.36187988383972
2012/13,2012,2013-03-17,Tottenham,Fulham,M Jones,0,1,10,5,1,1,0,0,full,0,0,,0,0,0.1,-5,0,0,2,1601.5064300653937,1482.6639881431356,118.8424419222581
2012/13,2012,2013-03-17,Wigan,Newcastle,M Halsey,2,1,7,12,1,1,0,0,full,0,0,,0,0,-0.0595238095238095,5,0,0,2,1422.7863410386096,1482.840767824957,-60.05442678634745
2012/13,2012,2013-03-30,Arsenal,Reading,C Foy,4,1,9,14,0,1,0,0,full,0,0,,0,1,0.0714285714285714,5,0,0,2,1592.3360576686694,1368.488632386094,223.8474252825754
2012/13,2012,2013-03-30,Everton,Stoke,M Jones,1,0,13,18,1,3,0,0,full,0,0,,0,2,0.0897435897435897,5,0,0,2,1566.6151678085332,1447.7818605040598,118.83330730447346
2012/13,2012,2013-03-30,Man City,Newcastle,N Swarbrick,4,0,6,8,0,2,0,0,full,0,0,,0,2,0.25,2,0,0,2,1665.0368601133619,1472.8392012961335,192.19765881722833
2012/13,2012,2013-03-30,Southampton,Chelsea,J Moss,2,1,12,6,2,1,0,0,full,0,0,,0,-1,0.0,-6,0,0,2,1424.3740330956416,1591.558942644549,-167.1849095489074
2012/13,2012,2013-03-30,Sunderland,Man United,K Friend,0,1,11,9,3,1,0,0,full,0,0,,0,-2,-0.1616161616161616,-2,0,0,2,1430.9736079404026,1740.3549123313264,-309.3813043909238
2012/13,2012,2013-03-30,Swansea,Tottenham,A Taylor,1,2,5,10,2,4,0,0,full,0,0,,0,2,0.0,5,0,0,2,1473.0813781650754,1586.7700516612852,-113.68867349620973
2012/13,2012,2013-03-30,West Ham,West Brom,A Marriner,3,1,10,13,1,1,0,1,full,0,0,,0,0,-0.023076923076923,3,1,0,2,1407.212349224299,1487.1313914961,-79.91904227180089
2012/13,2012,2013-03-30,Wigan,Norwich,H Webb,1,0,13,9,1,2,0,0,full,0,0,,0,1,0.1452991452991452,-4,0,0,2,1432.7879075674332,1460.2087818433267,-27.42087427589354
2012/13,2012,2013-03-31,Aston Villa,Liverpool,L Mason,1,2,9,8,1,1,0,0,full,0,0,,0,0,0.0138888888888888,-1,0,0,2,1430.9942110913144,1527.2492807076233,-96.2550696163089
2012/13,2012,2013-04-01,Fulham,QPR,L Probert,3,2,11,7,2,1,1,0,full,0,0,,0,-1,-0.0389610389610389,-4,-1,0,2,1497.4003665472442,1396.805005907527,100.59536063971723
2012/13,2012,2013-04-06,Norwich,Swansea,M Oliver,2,2,8,16,5,3,0,0,full,0,0,,0,-2,-0.4375,8,0,0,2,1451.1437457276604,1464.6144788007364,-13.470733073075962
2012/13,2012,2013-04-06,Reading,Southampton,M Jones,0,2,5,11,0,0,0,0,full,0,0,,0,0,0.0,6,0,0,2,1365.222852474275,1437.364778892865,-72.14192641858995
2012/13,2012,2013-04-06,Stoke,Aston Villa,M Clattenburg,1,3,16,11,3,1,0,0,full,0,0,,0,-2,-0.096590909090909,-5,0,0,2,1442.5180349707512,1422.0339447193808,20.48409025137039
2012/13,2012,2013-04-06,West Brom,Arsenal,H Webb,1,2,7,15,2,4,0,1,full,0,0,,0,2,-0.019047619047619,8,1,0,2,1476.558702695694,1595.6018375804883,-119.04313488479443
2012/13,2012,2013-04-07,Chelsea,Sunderland,N Swarbrick,2,1,9,15,0,2,0,0,full,0,0,,0,2,0.1333333333333333,6,0,0,2,1578.5681968473257,1427.1289128851754,151.43928396215028
2012/13,2012,2013-04-07,Liverpool,West Ham,A Taylor,0,0,8,4,0,1,0,0,full,0,0,,0,1,0.25,-4,0,0,2,1536.2095470795568,1417.785038024705,118.4245090548518
2012/13,2012,2013-04-07,Newcastle,Fulham,K Friend,1,0,13,11,2,2,0,0,full,0,0,,0,0,0.0279720279720279,-2,0,0,2,1469.0446040867496,1503.0813618478094,-34.03675776105979
2012/13,2012,2013-04-07,QPR,Wigan,P Dowd,1,1,9,12,2,3,1,0,full,0,0,,0,1,0.0277777777777777,3,-1,0,2,1391.1240106069617,1441.8529436830995,-50.728933076137764
2012/13,2012,2013-04-07,Tottenham,Everton,A Marriner,2,2,14,8,1,1,0,0,full,0,0,,0,0,0.0535714285714285,-6,0,0,2,1595.2369510256242,1571.8789933418418,23.357957683782388
2012/13,2012,2013-04-08,Man United,Man City,M Dean,1,2,13,18,3,5,0,0,full,0,0,,0,2,0.047008547008547,5,0,0,2,1744.1996073865537,1668.8314573227458,75.36815006380789
2012/13,2012,2013-04-13,Arsenal,Norwich,M Jones,3,1,8,10,1,2,0,0,full,0,0,,0,1,0.075,2,0,0,2,1603.9186120326208,1449.8124750969132,154.10613693570758
2012/13,2012,2013-04-13,Aston Villa,Fulham,P Dowd,1,1,5,15,1,2,0,0,full,0,0,,0,1,-0.0666666666666666,10,0,0,2,1434.3098968063887,1493.8272561121596,-59.517359305770924
2012/13,2012,2013-04-13,Everton,QPR,L Mason,2,0,6,12,3,3,0,0,full,0,0,,0,0,-0.25,6,0,0,2,1574.2332281404958,1390.8572311679184,183.37599697257747
2012/13,2012,2013-04-13,Reading,Liverpool,M Clattenburg,0,0,9,8,2,1,0,0,full,0,0,,0,-1,-0.0972222222222222,-1,0,0,2,1355.5721830066507,1531.482504548773,-175.91032154212235
2012/13,2012,2013-04-13,Southampton,West Ham,M Dean,1,1,9,18,2,3,0,0,full,0,0,,0,1,-0.0555555555555555,9,0,0,2,1447.0154483604892,1422.5120805554889,24.50336780500038
2012/13,2012,2013-04-14,Newcastle,Sunderland,H Webb,0,3,14,7,3,2,0,0,full,0,0,,0,-1,0.0714285714285714,-7,0,0,2,1478.2987098223994,1422.5601182177807,55.738591604618705
2012/13,2012,2013-04-14,Stoke,Man United,J Moss,0,2,9,9,1,1,0,0,full,0,0,,0,0,0.0,0,0,0,2,1430.2420828837433,1730.4892741406907,-300.2471912569474
2012/13,2012,2013-04-16,Arsenal,Everton,N Swarbrick,0,0,11,12,2,3,0,0,full,0,0,,0,1,0.0681818181818181,1,0,0,2,1608.433516349689,1578.1864256622873,30.247090687401624
2012/13,2012,2013-04-17,Fulham,Chelsea,M Dean,0,3,11,11,2,1,0,0,full,0,0,,0,-1,-0.0909090909090909,0,0,0,2,1493.8411476190715,1583.1369915147204,-89.29584389564889
2012/13,2012,2013-04-17,Man City,Wigan,J Moss,1,0,12,5,2,1,0,0,full,0,0,,0,-1,0.0333333333333333,-7,0,0,2,1682.5417905686088,1442.119723122143,240.42206744646592
2012/13,2012,2013-04-17,West Ham,Man United,L Probert,2,2,9,7,1,0,0,0,full,0,0,,0,-1,-0.1111111111111111,-2,0,0,2,1424.8974314437892,1734.4999098710573,-309.6024784272681
2012/13,2012,2013-04-20,Fulham,Arsenal,A Marriner,0,1,13,8,0,2,1,1,full,0,0,,0,2,0.25,-5,0,0,2,1484.6823570932909,1605.8928807307695,-121.21052363747867
2012/13,2012,2013-04-20,Norwich,Reading,M Dean,2,1,8,12,2,3,0,0,full,0,0,,0,1,0.0,4,0,0,2,1445.297570779845,1358.7898511071246,86.50771967272044
2012/13,2012,2013-04-20,QPR,Stoke,C Foy,0,2,8,14,1,2,0,0,full,0,0,,0,1,0.0178571428571428,6,0,0,2,1386.904033646127,1426.2314471533766,-39.32741350724973
2012/13,2012,2013-04-20,Sunderland,Everton,P Dowd,1,0,6,15,1,2,0,0,full,0,0,,0,1,-0.0333333333333333,9,0,0,2,1435.7733545745555,1580.7270612812067,-144.95370670665125
2012/13,2012,2013-04-20,Swansea,Southampton,M Halsey,0,0,11,13,0,0,0,0,full,0,0,,0,0,0.0,2,0,0,2,1465.9457494314836,1444.630097472189,21.315651959294655
2012/13,2012,2013-04-20,West Brom,Newcastle,M Jones,1,1,9,10,0,2,0,0,full,0,0,,0,2,0.2,1,0,0,2,1468.2419282435615,1465.0854734656245,3.156454777936915
2012/13,2012,2013-04-20,West Ham,Wigan,N Swarbrick,2,0,12,11,3,1,0,0,full,0,0,,0,-2,-0.1590909090909091,-1,0,0,2,1431.0566888414787,1439.1063554896368,-8.049666648158109
2012/13,2012,2013-04-21,Liverpool,Chelsea,K Friend,2,2,8,11,5,2,0,0,full,0,0,,0,-3,-0.4431818181818182,3,0,0,2,1528.264836448299,1592.295782040501,-64.03094559220199
2012/13,2012,2013-04-21,Tottenham,Man City,L Mason,3,1,11,10,3,3,0,0,full,0,0,,0,0,0.0272727272727272,-1,0,0,2,1592.8827162269702,1685.5551582011149,-92.6724419741447
2012/13,2012,2013-04-22,Man United,Aston Villa,A Taylor,3,0,10,6,1,0,0,0,full,0,0,,0,-1,-0.1,-4,0,0,2,1728.3406524733678,1434.2960052994767,294.044647173891
2012/13,2012,2013-04-27,Everton,Fulham,J Moss,1,0,12,16,1,3,0,0,full,0,0,,0,2,0.1041666666666666,4,0,0,2,1568.3294898956701,1476.4261332881226,91.9033566075475
2012/13,2012,2013-04-27,Man City,West Ham,H Webb,2,1,9,7,1,3,0,0,full,0,0,,0,2,0.3174603174603174,-2,0,0,2,1674.6175320047469,1439.5724827693061,235.04504923544073
2012/13,2012,2013-04-27,Newcastle,Liverpool,A Marriner,0,6,14,7,3,2,1,0,full,0,0,,0,-1,0.0714285714285714,-7,-1,0,2,1466.8835014295591,1528.3808511833,-61.497349753740764
2012/13,2012,2013-04-27,Southampton,West Brom,R Madley,0,3,9,11,2,2,2,1,full,0,0,,0,0,-0.0404040404040403,2,-1,0,2,1446.9287316450175,1466.4439002796269,-19.51516863460938
2012/13,2012,2013-04-27,Stoke,Norwich,A Taylor,1,0,10,8,4,2,0,0,full,0,0,,0,-2,-0.15,-2,0,0,2,1436.8257508481367,1451.3140966079457,-14.488345759808908
2012/13,2012,2013-04-27,Wigan,Tottenham,M Atkinson,2,2,12,10,3,1,0,0,full,0,0,,0,-2,-0.15,-2,0,0,2,1430.5905615618094,1603.8203424233382,-173.22978086152875
2012/13,2012,2013-04-28,Arsenal,Man United,P Dowd,1,1,12,10,3,5,0,0,full,0,0,,0,2,0.25,-2,0,0,2,1614.1491045359378,1730.6459718959397,-116.49686736000194
2012/13,2012,2013-04-28,Chelsea,Swansea,M Clattenburg,2,0,9,10,1,3,0,0,full,0,0,,0,2,0.1888888888888888,1,0,0,2,1592.1797673055003,1463.647115258655,128.53265204684521
2012/13,2012,2013-04-28,Reading,QPR,K Friend,0,0,12,14,0,2,0,0,full,0,0,,0,2,0.1428571428571428,2,0,0,2,1352.773325279024,1376.3097299513668,-23.53640467234277
2012/13,2012,2013-04-29,Aston Villa,Sunderland,L Probert,6,1,10,15,0,3,0,1,full,0,0,,0,3,0.2,5,1,0,2,1431.9906858769048,1448.170925960092,-16.1802400831873
2012/13,2012,2013-05-04,Fulham,Reading,N Swarbrick,2,4,14,7,2,1,0,0,full,0,0,,0,-1,0.0,-7,0,0,2,1470.5394497590928,1351.7276550524896,118.81179470660322
2012/13,2012,2013-05-04,Norwich,Aston Villa,K Friend,1,2,15,13,2,3,0,0,full,0,0,,0,1,0.0974358974358974,-2,0,0,2,1442.616585938991,1440.7360970542188,1.8804888847721486
2012/13,2012,2013-05-04,QPR,Arsenal,J Moss,0,1,8,6,2,1,0,0,full,0,0,,0,-1,-0.0833333333333333,-2,0,0,2,1377.3554001779012,1615.7610323532751,-238.40563217537397
2012/13,2012,2013-05-04,Swansea,Man City,M Jones,0,0,9,10,0,0,0,0,full,0,0,,0,0,0.0,1,0,0,2,1458.596957198527,1677.7109776051584,-219.11402040663143
2012/13,2012,2013-05-04,Tottenham,Southampton,M Clattenburg,1,0,8,9,1,1,0,0,full,0,0,,0,0,-0.0138888888888888,1,0,0,2,1600.6720093713514,1435.7687299546621,164.9032794166892
2012/13,2012,2013-05-04,West Brom,Wigan,L Probert,2,3,9,7,4,3,0,0,full,0,0,,0,-1,-0.0158730158730158,-2,0,0,2,1477.6039019699822,1433.7388946137962,43.86500735618597
2012/13,2012,2013-05-04,West Ham,Newcastle,P Dowd,0,0,12,12,1,1,0,0,full,0,0,,0,0,0.0,0,0,0,2,1436.4790371688946,1456.9265983530113,-20.447561184116694
2012/13,2012,2013-05-05,Liverpool,Everton,M Oliver,0,0,10,10,1,2,0,0,full,0,0,,0,1,0.1,0,0,0,2,1538.3377542598478,1574.2161734247,-35.878419164852176
2012/13,2012,2013-05-05,Man United,Chelsea,H Webb,0,1,14,9,2,1,1,0,full,0,0,,0,-1,-0.0317460317460317,-5,-1,0,2,1729.0340440786024,1597.2299253656283,131.80411871297406
2012/13,2012,2013-05-06,Sunderland,Stoke,L Mason,1,1,6,12,2,2,1,0,full,0,0,,0,0,-0.1666666666666666,6,-1,0,2,1439.425514782778,1445.5232615170914,-6.097746734313432
2012/13,2012,2013-05-07,Man City,West Brom,P Dowd,1,0,10,9,2,1,0,0,full,0,0,,0,-1,-0.0888888888888889,-1,0,0,2,1673.4267197703266,1464.7004104108082,208.72630935951838
2012/13,2012,2013-05-07,Wigan,Swansea,K Friend,2,3,14,13,2,2,0,0,full,0,0,,0,0,0.010989010989011,-1,0,0,2,1446.6423861729702,1462.8812150333588,-16.238828860388594
2012/13,2012,2013-05-08,Chelsea,Tottenham,M Dean,2,2,6,16,1,2,0,0,full,0,0,,0,1,-0.0416666666666666,10,0,0,2,1612.2505256307074,1604.9733541317391,7.2771714989683005
2012/13,2012,2013-05-11,Aston Villa,Chelsea,L Mason,1,2,13,8,2,3,1,1,full,0,0,,0,1,0.2211538461538461,-5,0,0,2,1452.49856373758,1610.3379778385554,-157.83941410097532
2012/13,2012,2013-05-12,Everton,West Ham,P Dowd,2,0,8,11,1,2,0,0,full,0,0,,0,1,0.0568181818181818,3,0,0,2,1574.9093349677407,1435.3455189623126,139.56381600542818
2012/13,2012,2013-05-12,Fulham,Liverpool,M Halsey,1,3,2,10,0,1,0,0,full,0,0,,1,1,,8,0,0,2,1455.8037555978767,1537.644592716807,-81.84083711893027
2012/13,2012,2013-05-12,Man United,Swansea,J Moss,2,1,5,6,0,0,0,0,full,0,0,,0,0,0.0,1,0,0,2,1714.0134438135233,1474.134144042952,239.87929977057138
2012/13,2012,2013-05-12,Norwich,West Brom,H Webb,4,0,10,7,2,1,0,0,full,0,0,,0,-1,-0.0571428571428571,-3,0,0,2,1430.8541192556297,1461.1897588843476,-30.3356396287179
2012/13,2012,2013-05-12,QPR,Newcastle,L Probert,1,2,8,8,1,3,0,1,full,0,0,,0,2,0.25,0,1,0,2,1372.082020782122,1458.0601165595933,-85.97809577747125
2012/13,2012,2013-05-12,Stoke,Tottenham,K Friend,1,2,11,5,4,1,1,0,full,0,0,,0,-3,-0.1636363636363636,-6,-1,0,2,1447.0623644197747,1606.8859019238912,-159.82353750411653
2012/13,2012,2013-05-12,Sunderland,Southampton,M Dean,1,1,9,10,0,2,0,0,full,0,0,,0,2,0.2,1,0,0,2,1437.8864118800948,1431.4673851942744,6.419026685820427
2012/13,2012,2013-05-14,Arsenal,Wigan,M Dean,4,1,11,11,0,2,0,0,full,0,0,,0,2,0.1818181818181818,0,0,0,2,1621.0344117490542,1435.389457163377,185.64495458567717
2012/13,2012,2013-05-14,Reading,Man City,M Atkinson,0,2,6,7,0,1,0,0,full,0,0,,0,1,0.1428571428571428,1,0,0,2,1366.4633492137057,1676.9373712967872,-310.47402208308154
2012/13,2012,2013-05-19,Chelsea,Everton,A Taylor,2,1,7,8,2,2,0,0,full,0,0,,0,0,-0.0357142857142857,1,0,0,2,1617.5940838042816,1579.723568696327,37.87051510795459
2012/13,2012,2013-05-19,Liverpool,QPR,M Atkinson,1,0,7,3,1,3,0,0,full,0,0,,0,2,0.8571428571428572,-4,0,0,2,1547.0167896489615,1362.828340185783,184.18844946317859
2012/13,2012,2013-05-19,Man City,Norwich,M Halsey,2,3,10,8,1,0,0,0,full,0,0,,0,-1,-0.1,-2,0,0,2,1680.76256928125,1440.0023790251269,240.76019025612322
2012/13,2012,2013-05-19,Newcastle,Arsenal,H Webb,0,1,17,10,1,2,0,0,full,0,0,,0,1,0.1411764705882353,-7,0,0,2,1467.3137971559324,1624.9463452692926,-157.63254811336014
2012/13,2012,2013-05-19,Southampton,Stoke,L Probert,1,1,9,7,0,2,0,0,full,0,0,,0,2,0.2857142857142857,-2,0,0,2,1433.356125859516,1439.8589833146611,-6.502857455145204
2012/13,2012,2013-05-19,Swansea,Fulham,L Mason,0,3,12,9,2,1,0,0,full,0,0,,0,-1,-0.0555555555555555,-3,0,0,2,1471.1127711953789,1446.4315586657222,24.681212529656705
2012/13,2012,2013-05-19,Tottenham,Sunderland,A Marriner,1,0,6,12,1,3,0,1,full,0,0,,0,2,0.0833333333333333,6,1,0,2,1614.0892830290047,1435.9976712148532,178.09161181415152
2012/13,2012,2013-05-19,West Brom,Man United,M Oliver,5,5,10,6,0,1,0,0,full,0,0,,0,1,0.1666666666666666,-4,0,0,2,1452.0414991148505,1717.0348166610963,-264.99331754624586
2012/13,2012,2013-05-19,West Ham,Reading,M Dean,4,2,14,8,2,1,0,0,full,0,0,,0,-1,-0.0178571428571428,-6,0,0,2,1430.5312852337263,1362.6381512292428,67.8931340044835
2012/13,2012,2013-05-19,Wigan,Aston Villa,N Swarbrick,2,2,8,12,2,1,0,0,full,0,0,,0,-1,-0.1666666666666666,4,0,0,2,1431.4775236431387,1445.2424577718539,-13.76493412871514
2013/14,2013,2013-08-17,Arsenal,Aston Villa,A Taylor,1,3,15,18,4,5,1,0,full,0,0,,0,1,0.0111111111111111,3,-1,0,3,1632.2079579356562,1446.5654097527947,185.64254818286145
2013/14,2013,2013-08-17,Liverpool,Stoke,M Atkinson,1,0,11,11,1,1,0,0,full,0,0,,0,0,0.0,0,0,0,3,1550.9551740607421,1441.3867003624123,109.56847369832985
2013/14,2013,2013-08-17,Norwich,Everton,M Oliver,2,2,13,10,2,0,0,0,full,0,0,,0,-2,-0.1538461538461538,-3,0,0,3,1456.993989499865,1572.4682904730967,-115.47430097323172
2013/14,2013,2013-08-17,Sunderland,Fulham,N Swarbrick,0,1,14,14,0,3,0,0,full,0,0,,0,3,0.2142857142857142,0,0,0,3,1431.947101248339,1458.8217364933198,-26.87463524498071
2013/14,2013,2013-08-17,Swansea,Man United,P Dowd,1,4,13,10,1,3,0,0,full,0,0,,0,2,0.223076923076923,-3,0,0,3,1458.7225933677812,1711.735729716409,-253.01313634862777
2013/14,2013,2013-08-17,West Brom,Southampton,K Friend,0,1,14,24,4,0,0,0,full,0,0,,0,-4,-0.2857142857142857,10,0,0,3,1457.3405860595378,1431.8284088117648,25.512177247773025
2013/14,2013,2013-08-17,West Ham,Cardiff,H Webb,2,0,10,7,0,1,0,0,full,0,0,,0,1,0.1428571428571428,-3,0,0,3,1437.0079455687564,1381.735339443471,55.27260612528539
2013/14,2013,2013-08-18,Chelsea,Hull,J Moss,2,0,7,16,0,1,0,0,full,0,0,,0,1,0.0625,9,0,0,3,1624.849362027512,1381.735339443471,243.11402258404087
2013/14,2013,2013-08-18,Crystal Palace,Tottenham,M Clattenburg,0,1,6,9,1,0,0,0,full,0,0,,0,-1,-0.1666666666666666,3,0,0,3,1381.735339443471,1618.1398529955188,-236.40451355204777
2013/14,2013,2013-08-19,Man City,Newcastle,A Marriner,4,0,9,7,2,3,0,1,full,0,0,,0,1,0.2063492063492063,-2,1,0,3,1663.770958806512,1460.0521844895688,203.71877431694315
2013/14,2013,2013-08-21,Chelsea,Aston Villa,K Friend,2,1,12,13,1,4,0,0,full,0,0,,0,3,0.2243589743589744,1,0,0,3,1627.8232839606512,1462.653432642124,165.1698513185272
2013/14,2013,2013-08-24,Aston Villa,Liverpool,M Clattenburg,0,1,9,8,3,3,0,0,full,0,0,,0,0,0.0416666666666666,-1,0,0,3,1458.357266535147,1556.4284423002343,-98.07117576508745
2013/14,2013,2013-08-24,Everton,West Brom,R East,0,0,14,15,1,1,0,0,full,0,0,,0,0,-0.0047619047619047,1,0,0,3,1570.8850432756144,1444.9278704429703,125.95717283264412
2013/14,2013,2013-08-24,Fulham,Arsenal,H Webb,1,3,10,8,2,2,0,0,full,0,0,,0,0,0.0499999999999999,-2,0,0,3,1469.7722826621764,1616.1199350463269,-146.34765238415048
2013/14,2013,2013-08-24,Hull,Norwich,M Jones,1,0,14,19,1,1,1,0,full,0,0,,0,0,-0.018796992481203,5,-1,0,3,1378.7614175103317,1458.5772366973472,-79.81581918701545
2013/14,2013,2013-08-24,Newcastle,West Ham,P Dowd,0,0,12,14,0,1,0,0,full,0,0,,0,1,0.0714285714285714,2,0,0,3,1456.4573175403123,1443.806741742138,12.650575798174259
2013/14,2013,2013-08-24,Southampton,Sunderland,L Mason,1,1,12,13,2,2,0,0,full,0,0,,0,0,-0.0128205128205128,1,0,0,3,1444.2411244283323,1420.9965550794825,23.244569348849836
2013/14,2013,2013-08-24,Stoke,Crystal Palace,A Marriner,2,1,13,6,3,0,0,0,full,0,0,,0,-3,-0.2307692307692307,-7,0,0,3,1435.91343212292,1376.4171092920203,59.49632283089977
2013/14,2013,2013-08-25,Cardiff,Man City,L Probert,3,2,2,9,0,0,0,0,full,0,0,,1,0,,7,0,0,3,1374.9365432700895,1667.3658257557686,-292.4292824856791
2013/14,2013,2013-08-25,Tottenham,Swansea,N Swarbrick,1,0,10,15,1,4,0,0,full,0,0,,0,3,0.1666666666666666,5,0,0,3,1623.4580831469696,1453.76917504672,169.6889081002496
2013/14,2013,2013-08-26,Man United,Chelsea,M Atkinson,0,0,9,9,0,2,0,0,full,0,0,,0,2,0.2222222222222222,0,0,0,3,1716.6891480374702,1632.1194500676283,84.56969796984185
2013/14,2013,2013-08-31,Cardiff,Everton,A Taylor,0,0,11,9,1,1,0,0,full,0,0,,0,0,0.0202020202020201,-2,0,0,3,1390.7796631342978,1565.991372547958,-175.21170941366017
2013/14,2013,2013-08-31,Crystal Palace,Sunderland,L Probert,3,1,6,6,1,0,0,1,full,0,0,,0,-1,-0.1666666666666666,0,1,0,3,1369.7269951852431,1423.3477069440382,-53.620711758795096
2013/14,2013,2013-08-31,Man City,Hull,P Dowd,2,0,15,14,2,3,0,0,full,0,0,,0,1,0.0809523809523809,-1,0,0,3,1651.5227058915602,1389.3311450052952,262.19156088626505
2013/14,2013,2013-08-31,Newcastle,Fulham,C Foy,1,0,13,9,2,2,0,0,full,0,0,,0,0,0.0683760683760683,-4,0,0,3,1454.3962191635871,1462.2076321929567,-7.8114130293695325
2013/14,2013,2013-08-31,Norwich,Southampton,H Webb,1,0,11,15,0,0,0,0,full,0,0,,0,0,0.0,4,0,0,3,1448.0075092023837,1441.8899725637766,6.117536638607135
2013/14,2013,2013-08-31,West Ham,Stoke,J Moss,0,1,10,12,2,1,0,0,full,0,0,,0,-1,-0.1166666666666666,2,0,0,3,1445.8678401188631,1442.6035462296973,3.264293889165856
2013/14,2013,2013-09-01,Arsenal,Tottenham,M Oliver,1,0,15,14,2,2,0,0,full,0,0,,0,0,0.0095238095238095,-1,0,0,3,1623.6845855155466,1627.6671477112766,-3.9825621957299973
2013/14,2013,2013-09-01,Liverpool,Man United,A Marriner,1,0,15,15,2,4,0,0,full,0,0,,0,2,0.1333333333333333,0,0,0,3,1565.337030573916,1712.7527073088968,-147.4156767349807
2013/14,2013,2013-09-01,West Brom,Swansea,M Dean,0,2,10,14,4,3,0,0,full,0,0,,0,-1,-0.1857142857142857,4,0,0,3,1449.8215411706267,1449.560110482413,0.2614306882137498
2013/14,2013,2013-09-14,Aston Villa,Newcastle,M Dean,1,2,9,11,1,4,0,0,full,0,0,,0,3,0.2525252525252525,2,0,0,3,1449.4486782614651,1462.905307346023,-13.45662908455779
2013/14,2013,2013-09-14,Everton,Chelsea,H Webb,1,0,10,12,0,4,0,0,full,0,0,,0,4,0.3333333333333333,2,0,0,3,1562.7917419413632,1636.0558907962018,-73.2641488548386
2013/14,2013,2013-09-14,Fulham,West Brom,L Probert,1,1,9,12,0,1,0,0,full,0,0,,0,1,0.0833333333333333,3,0,0,3,1453.698544010521,1438.1042639776895,15.59428003283142
2013/14,2013,2013-09-14,Hull,Cardiff,R Madley,1,1,8,8,1,2,0,0,full,0,0,,0,1,0.125,0,0,0,3,1386.6246667504283,1393.9792937408927,-7.3546269904643395
2013/14,2013,2013-09-14,Man United,Crystal Palace,J Moss,2,0,8,11,1,2,0,1,full,0,0,,0,1,0.0568181818181818,3,1,0,3,1700.2884624688388,1379.543405140842,320.74505732799685
2013/14,2013,2013-09-14,Stoke,Man City,M Clattenburg,0,0,13,11,1,1,0,0,full,0,0,,0,0,0.0139860139860139,-2,0,0,3,1454.404577540245,1654.229184146427,-199.824606606182
2013/14,2013,2013-09-14,Sunderland,Arsenal,M Atkinson,1,3,12,10,1,2,0,0,full,0,0,,0,1,0.1166666666666666,-2,0,0,3,1413.5312969884394,1632.0861012284304,-218.55480423999097
2013/14,2013,2013-09-14,Tottenham,Norwich,L Mason,2,0,2,12,1,3,0,0,full,0,0,,1,2,,10,0,0,3,1619.2656319983928,1456.12713792893,163.1384940694627
2013/14,2013,2013-09-15,Southampton,West Ham,A Marriner,0,0,12,10,1,3,0,0,full,0,0,,0,2,0.2166666666666666,-2,0,0,3,1433.7703438372303,1434.0668088083153,-0.29646497108501535
2013/14,2013,2013-09-16,Swansea,Liverpool,M Oliver,2,2,7,10,2,3,0,0,full,0,0,,0,1,0.0142857142857142,3,0,0,3,1461.2773876753502,1577.801275413974,-116.5238877386239
2013/14,2013,2013-09-21,Chelsea,Fulham,A Marriner,2,0,11,9,0,0,0,0,full,0,0,,0,0,0.0,-2,0,0,3,1625.6743032740123,1451.5564616691802,174.11784160483217
2013/14,2013,2013-09-21,Liverpool,Southampton,N Swarbrick,0,1,6,9,0,1,0,0,full,0,0,,0,1,0.1111111111111111,3,0,0,3,1576.1885901044225,1432.0686549141797,144.1199351902428
2013/14,2013,2013-09-21,Newcastle,Hull,M Atkinson,2,3,11,8,1,1,0,0,full,0,0,,0,0,0.034090909090909,-3,0,0,3,1474.236976725541,1385.1209023423983,89.11607438314263
2013/14,2013,2013-09-21,Norwich,Aston Villa,C Foy,0,1,15,10,1,0,0,0,full,0,0,,0,-1,-0.0666666666666666,-5,0,0,3,1451.791394670017,1438.1170088819472,13.674385788069912
2013/14,2013,2013-09-21,West Brom,Sunderland,P Dowd,3,0,9,10,0,2,0,0,full,0,0,,0,2,0.2,1,0,0,3,1440.2463463190302,1407.8024045451937,32.443941773836514
2013/14,2013,2013-09-21,West Ham,Everton,L Mason,2,3,16,12,2,1,1,0,full,0,0,,0,-1,-0.0416666666666666,-4,-1,0,3,1435.7684977313659,1573.1733294635526,-137.40483173218672
2013/14,2013,2013-09-22,Arsenal,Stoke,M Dean,3,1,8,15,0,2,0,0,full,0,0,,0,2,0.1333333333333333,7,0,0,3,1637.8149936716761,1458.22499000925,179.59000366242617
2013/14,2013,2013-09-22,Cardiff,Tottenham,M Clattenburg,0,1,5,7,1,4,0,0,full,0,0,,0,3,0.3714285714285714,2,0,0,3,1395.4830581489227,1623.6013752573058,-228.11831710838305
2013/14,2013,2013-09-22,Crystal Palace,Swansea,K Friend,0,2,13,9,2,2,0,0,full,0,0,,0,0,0.0683760683760683,-4,0,0,3,1377.5335197778297,1462.8900729849017,-85.35655320707201
2013/14,2013,2013-09-22,Man City,Man United,H Webb,4,1,8,12,1,2,0,0,full,0,0,,0,1,0.0416666666666666,4,0,0,3,1650.4087716774222,1702.298347831851,-51.88957615442882
2013/14,2013,2013-09-28,Aston Villa,Man City,M Jones,3,2,13,9,1,1,0,0,full,0,0,,0,0,0.0341880341880341,-4,0,0,3,1450.2063058489207,1660.1753773071391,-209.96907145821842
2013/14,2013,2013-09-28,Fulham,Cardiff,C Pawson,1,2,14,13,1,1,0,0,full,0,0,,0,0,0.0054945054945055,-1,0,0,3,1447.4314980299678,1389.9765412560364,57.45495677393137
2013/14,2013,2013-09-28,Hull,West Ham,K Friend,1,0,11,12,1,2,0,0,full,0,0,,0,1,0.0757575757575757,1,0,0,3,1399.1673486230434,1427.960244888505,-28.79289626546165
2013/14,2013,2013-09-28,Man United,West Brom,M Oliver,1,2,10,14,3,2,0,0,full,0,0,,0,-1,-0.1571428571428571,4,0,0,3,1692.5317422021342,1447.6466573148061,244.88508488732805
2013/14,2013,2013-09-28,Southampton,Crystal Palace,M Atkinson,2,0,11,12,1,2,0,0,full,0,0,,0,1,0.0757575757575757,1,0,0,3,1447.3496386387026,1368.2620470346128,79.08759160408977
2013/14,2013,2013-09-28,Swansea,Arsenal,M Clattenburg,1,2,5,11,3,2,0,0,full,0,0,,0,-1,-0.4181818181818181,6,0,0,3,1472.1615457281187,1641.8377731082337,-169.67622738011505
2013/14,2013,2013-09-28,Tottenham,Chelsea,M Dean,1,1,14,14,5,1,0,1,full,0,0,,0,-4,-0.2857142857142857,0,1,0,3,1629.1078921501921,1629.7992669132248,-0.691374763032627
2013/14,2013,2013-09-29,Stoke,Norwich,A Taylor,0,1,14,12,2,1,0,0,full,0,0,,0,-1,-0.0595238095238095,-2,0,0,3,1454.2022105726924,1439.7020977030438,14.500112869648547
2013/14,2013,2013-09-29,Sunderland,Liverpool,H Webb,1,3,8,10,2,1,0,0,full,0,0,,0,-1,-0.15,2,0,0,3,1400.4020935494177,1560.9076063798996,-160.50551283048185
2013/14,2013,2013-09-30,Everton,Newcastle,P Dowd,3,2,5,15,3,1,0,0,full,0,0,,0,-2,-0.5333333333333333,10,0,0,3,1580.9815823064134,1460.1905304448958,120.79105186151764
2013/14,2013,2013-10-05,Cardiff,Newcastle,K Friend,1,2,11,8,1,0,0,0,full,0,0,,0,-1,-0.0909090909090909,-3,0,0,3,1403.2340074108313,1454.9702968217714,-51.73628941094012
2013/14,2013,2013-10-05,Fulham,Stoke,R East,1,0,11,13,3,2,0,0,full,0,0,,0,-1,-0.1188811188811188,2,0,0,3,1434.174031875173,1442.090196032044,-7.916164156871218
2013/14,2013,2013-10-05,Hull,Aston Villa,M Clattenburg,0,0,7,11,2,1,0,0,full,0,0,,0,-1,-0.1948051948051948,4,0,0,3,1408.271543756085,1464.2732629897666,-56.00171923368157
2013/14,2013,2013-10-05,Liverpool,Crystal Palace,A Taylor,3,1,11,6,2,1,0,0,full,0,0,,0,-1,-0.0151515151515151,-5,0,0,3,1568.0929037931903,1362.064327993522,206.02857579966826
2013/14,2013,2013-10-05,Man City,Everton,J Moss,3,1,15,10,5,4,0,0,full,0,0,,0,-1,0.0666666666666667,-5,0,0,3,1646.1084201662932,1586.2018159295378,59.906604236755356
2013/14,2013,2013-10-05,Sunderland,Man United,C Foy,1,2,15,13,2,4,0,0,full,0,0,,0,2,0.1743589743589743,-2,0,0,3,1393.216796136127,1675.4799455365073,-282.26314940038037
2013/14,2013,2013-10-06,Norwich,Chelsea,N Swarbrick,1,3,12,9,1,1,0,0,full,0,0,,0,0,0.0277777777777777,-3,0,0,3,1451.814112243692,1631.489916430764,-179.6758041870719
2013/14,2013,2013-10-06,Southampton,Swansea,M Dean,2,0,13,8,3,1,0,0,full,0,0,,0,-2,-0.1057692307692307,-5,0,0,3,1453.5473576797933,1465.2174428036083,-11.670085123814943
2013/14,2013,2013-10-06,Tottenham,West Ham,L Probert,0,3,5,9,0,0,0,0,full,0,0,,0,0,0.0,4,0,0,3,1627.417242632653,1418.8560497554633,208.56119287718957
2013/14,2013,2013-10-06,West Brom,Arsenal,L Mason,1,1,6,11,1,2,0,0,full,0,0,,0,1,0.0151515151515151,5,0,0,3,1464.698453980433,1648.781876032744,-184.0834220523111
2013/14,2013,2013-10-19,Arsenal,Norwich,L Probert,4,1,8,7,0,0,0,0,full,0,0,,0,0,0.0,-1,0,0,3,1645.3549451417348,1445.1285972978992,200.22634784383558
2013/14,2013,2013-10-19,Chelsea,Cardiff,A Taylor,4,1,12,5,1,2,0,0,full,0,0,,0,1,0.3166666666666667,-7,0,0,3,1638.1754313765568,1392.9962035424255,245.17922783413132
2013/14,2013,2013-10-19,Everton,Hull,N Swarbrick,2,1,7,17,3,1,0,0,full,0,0,,0,-2,-0.3697478991596638,10,0,0,3,1579.522212857644,1408.1564690648297,171.36574379281433
2013/14,2013,2013-10-19,Man United,Southampton,M Jones,1,1,10,19,2,3,0,0,full,0,0,,0,1,-0.0421052631578947,9,0,0,3,1679.832824321319,1462.1652143074018,217.66761001391728
2013/14,2013,2013-10-19,Newcastle,Liverpool,A Marriner,2,2,8,10,2,3,1,0,full,0,0,,0,1,0.0499999999999999,2,-1,0,3,1465.2081006901772,1571.6487306203117,-106.44062993013449
2013/14,2013,2013-10-19,Stoke,West Brom,H Webb,0,0,12,10,1,0,0,0,full,0,0,,0,-1,-0.0833333333333333,-2,0,0,3,1433.5781597548857,1468.1253848714423,-34.54722511655655
2013/14,2013,2013-10-19,Swansea,Sunderland,C Pawson,4,0,12,13,1,2,0,0,full,0,0,,0,1,0.0705128205128205,1,0,0,3,1456.5995861759998,1388.8639173513152,67.73566882468458
2013/14,2013,2013-10-19,West Ham,Man City,M Oliver,1,3,7,12,1,2,0,0,full,0,0,,0,1,0.0238095238095238,5,0,0,3,1435.3426462743473,1652.788023238187,-217.44537696383964
2013/14,2013,2013-10-20,Aston Villa,Tottenham,P Dowd,0,2,13,12,3,4,0,0,full,0,0,,0,1,0.1025641025641025,-1,0,0,3,1464.388337681022,1610.930646113769,-146.54230843274695
2013/14,2013,2013-10-21,Crystal Palace,Fulham,L Mason,1,4,10,13,0,1,0,0,full,0,0,,0,1,0.0769230769230769,3,0,0,3,1358.5085011664007,1442.6860681523312,-84.17756698593053
2013/14,2013,2013-10-26,Aston Villa,Everton,A Taylor,0,2,14,8,0,2,0,0,full,0,0,,0,2,0.25,-6,0,0,3,1456.8289568545,1583.6992888994396,-126.87033204493969
2013/14,2013,2013-10-26,Crystal Palace,Arsenal,C Foy,0,2,12,8,0,0,0,1,full,0,0,,0,0,0.0,-4,1,0,3,1349.2032663600746,1649.009475223566,-299.8062088634913
2013/14,2013,2013-10-26,Liverpool,West Brom,J Moss,4,1,14,11,0,2,0,0,full,0,0,,0,2,0.1818181818181818,-3,0,0,3,1570.3199660384141,1468.8566668559622,101.46329918245192
2013/14,2013,2013-10-26,Man United,Stoke,L Mason,3,2,8,18,2,6,0,0,full,0,0,,0,4,0.0833333333333333,10,0,0,3,1673.1969783096893,1432.8468777703658,240.35010053932342
2013/14,2013,2013-10-26,Norwich,Cardiff,M Jones,0,0,8,10,1,1,0,0,full,0,0,,0,0,-0.0249999999999999,2,0,0,3,1441.474067216068,1390.0522537665818,51.42181344948631
2013/14,2013,2013-10-26,Southampton,Fulham,A Marriner,2,0,12,8,0,2,0,0,full,0,0,,0,2,0.25,-4,0,0,3,1468.8010603190316,1451.9913029586573,16.809757360374306
2013/14,2013,2013-10-27,Chelsea,Man City,H Webb,2,1,11,15,2,3,0,0,full,0,0,,0,1,0.0181818181818181,4,0,0,3,1641.1193811524006,1658.5430580013726,-17.423676848972036
2013/14,2013,2013-10-27,Sunderland,Newcastle,L Probert,2,1,13,14,1,1,0,0,full,0,0,,0,0,-0.0054945054945055,1,0,0,3,1382.38328679568,1466.5368652720747,-84.15357847639461
2013/14,2013,2013-10-27,Swansea,West Ham,P Dowd,0,0,12,14,1,3,0,0,full,0,0,,0,2,0.1309523809523809,2,0,0,3,1463.080216731635,1429.5876115111616,33.49260522047325
2013/14,2013,2013-10-27,Tottenham,Hull,M Oliver,1,0,13,10,3,3,0,0,full,0,0,,0,0,0.0692307692307692,-3,0,0,3,1618.490026940291,1403.9793930230342,214.51063391725688
2013/14,2013,2013-11-02,Arsenal,Liverpool,M Atkinson,2,0,11,7,2,1,0,0,full,0,0,,0,-1,-0.0389610389610389,-4,0,0,3,1653.0282565226157,1575.9806619619835,77.0475945606322
2013/14,2013,2013-11-02,Fulham,Man United,L Probert,1,3,6,12,2,1,0,0,full,0,0,,0,-1,-0.25,6,0,0,3,1444.16673916036,1676.2114063692427,-232.04466720888263
2013/14,2013,2013-11-02,Hull,Sunderland,A Marriner,1,0,17,11,2,0,0,2,full,0,0,,0,-2,-0.1176470588235294,-6,2,0,3,1400.564078826072,1393.0773648740212,7.486713952050877
2013/14,2013,2013-11-02,Man City,Norwich,P Dowd,7,0,6,9,1,1,0,0,full,0,0,,0,0,-0.0555555555555555,3,0,0,3,1649.7624054801738,1438.372690198032,211.38971528214188
2013/14,2013,2013-11-02,Newcastle,Chelsea,L Mason,2,0,13,11,2,2,0,0,full,0,0,,0,0,0.0279720279720279,-2,0,0,3,1455.8427871937336,1649.9000336735994,-194.05724647986585
2013/14,2013,2013-11-02,Stoke,Southampton,C Foy,1,1,13,13,3,1,0,0,full,0,0,,0,-2,-0.1538461538461538,0,0,0,3,1429.8324497108124,1476.625624117329,-46.79317440651653
2013/14,2013,2013-11-02,West Brom,Crystal Palace,N Swarbrick,2,0,11,9,0,1,0,0,full,0,0,,0,1,0.1111111111111111,-2,0,0,3,1463.1959709323928,1345.1844850610248,118.011485871368
2013/14,2013,2013-11-02,West Ham,Aston Villa,H Webb,0,0,8,15,0,2,0,0,full,0,0,,0,2,0.1333333333333333,7,0,0,3,1432.2154214447528,1448.730220668863,-16.51479922411022
2013/14,2013,2013-11-03,Cardiff,Swansea,M Dean,1,0,11,7,1,1,0,1,full,0,0,,0,0,0.0519480519480519,-4,1,0,3,1393.153630784618,1460.4524067980437,-67.29877601342582
2013/14,2013,2013-11-03,Everton,Tottenham,K Friend,0,0,11,9,4,1,0,0,full,0,0,,0,-3,-0.2525252525252525,-2,0,0,3,1591.7980250850765,1621.9053411372531,-30.107316052176657
2013/14,2013,2013-11-09,Aston Villa,Cardiff,M Atkinson,2,0,10,3,1,1,0,0,full,0,0,,0,0,0.2333333333333333,-7,0,0,3,1449.9753305290749,1403.3636755472642,46.611654981810716
2013/14,2013,2013-11-09,Chelsea,West Brom,L Probert,2,2,11,15,3,7,0,0,full,0,0,,0,4,0.1939393939393939,4,0,0,3,1636.222282480872,1468.4781650380974,167.74411744277472
2013/14,2013,2013-11-09,Crystal Palace,Everton,C Pawson,0,0,16,8,1,0,0,0,full,0,0,,0,-1,-0.0625,-8,0,0,3,1339.9022909553203,1590.9397612148769,-251.03747025955659
2013/14,2013,2013-11-09,Liverpool,Fulham,M Jones,4,0,13,9,0,1,0,0,full,0,0,,0,1,0.1111111111111111,-4,0,0,3,1569.7326040291175,1438.7499540470694,130.9826499820481
2013/14,2013,2013-11-09,Norwich,West Ham,J Moss,3,1,12,11,1,1,0,0,full,0,0,,0,0,0.0075757575757575,-1,0,0,3,1434.9061947709054,1430.970311584541,3.9358831863644355
2013/14,2013,2013-11-09,Southampton,Hull,H Webb,4,1,10,15,1,2,0,0,full,0,0,,0,1,0.0333333333333333,5,0,0,3,1477.0055641354702,1408.6457211967063,68.3598429387639
2013/14,2013,2013-11-10,Man United,Arsenal,M Oliver,1,0,12,11,2,3,0,0,full,0,0,,0,1,0.106060606060606,-1,0,0,3,1681.6281914825333,1659.2763144554817,22.351877027051614
2013/14,2013,2013-11-10,Sunderland,Man City,M Dean,1,0,6,13,0,1,0,0,full,0,0,,0,1,0.0769230769230769,7,0,0,3,1384.995722503387,1653.2289009073004,-268.23317840391337
2013/14,2013,2013-11-10,Swansea,Stoke,R Madley,3,3,12,15,5,3,0,0,full,0,0,,0,-2,-0.2166666666666666,3,0,0,3,1450.2423620353975,1429.4525096926711,20.789852342726363
2013/14,2013,2013-11-10,Tottenham,Newcastle,C Foy,0,1,5,15,1,2,0,0,full,0,0,,0,1,-0.0666666666666666,10,0,0,3,1622.7636050074527,1469.5205383864609,153.24306662099184
2013/14,2013,2013-11-23,Arsenal,Southampton,M Clattenburg,2,0,10,14,0,3,0,0,full,0,0,,0,3,0.2142857142857142,4,0,0,3,1651.6031782793975,1483.4704646380305,168.132713641367
2013/14,2013,2013-11-23,Everton,Liverpool,P Dowd,3,3,16,15,4,3,0,0,full,0,0,,0,-1,-0.0499999999999999,-1,0,0,3,1585.9356831140979,1574.7297087688119,11.205974345285995
2013/14,2013,2013-11-23,Fulham,Swansea,A Marriner,1,2,11,9,3,1,0,0,full,0,0,,0,-2,-0.1616161616161616,-2,0,0,3,1433.752849307375,1447.9580669454838,-14.205217638108707
2013/14,2013,2013-11-23,Hull,Crystal Palace,A Taylor,0,1,8,11,2,1,0,1,full,0,0,,0,-1,-0.1590909090909091,3,1,0,3,1402.180820694146,1344.9063690560993,57.274451638046685
2013/14,2013,2013-11-23,Newcastle,Norwich,M Dean,2,1,8,7,0,1,0,0,full,0,0,,0,1,0.1428571428571428,-1,0,0,3,1484.98824302807,1443.0864671051697,41.90177592290024
2013/14,2013,2013-11-23,Stoke,Sunderland,K Friend,2,0,11,5,2,1,0,1,full,0,0,,0,-1,0.0181818181818181,-6,1,0,3,1431.7368047825848,1400.361543349103,31.37526143348191
2013/14,2013,2013-11-23,West Ham,Chelsea,C Foy,0,3,12,10,0,0,0,0,full,0,0,,0,0,0.0,-2,0,0,3,1422.7900392502765,1630.4686718471598,-207.6786325968833
2013/14,2013,2013-11-24,Cardiff,Man United,N Swarbrick,2,2,15,14,4,2,0,0,full,0,0,,0,-2,-0.1238095238095238,-1,0,0,3,1396.3393901641136,1689.3013276586175,-292.9619374945039
2013/14,2013,2013-11-24,Man City,Tottenham,M Atkinson,6,0,7,11,1,3,0,0,full,0,0,,0,2,0.1298701298701298,4,0,0,3,1637.8630800615845,1607.2959003658436,30.567179695740833
2013/14,2013,2013-11-25,West Brom,Aston Villa,M Oliver,2,2,9,14,1,2,0,0,full,0,0,,0,1,0.0317460317460317,5,0,0,3,1474.2317756718096,1456.9996159122254,17.232159759584192
2013/14,2013,2013-11-30,Aston Villa,Sunderland,N Swarbrick,0,0,14,12,2,1,0,0,full,0,0,,0,-1,-0.0595238095238095,-2,0,0,3,1459.186631397264,1392.932529216161,66.25410218110301
2013/14,2013,2013-11-30,Cardiff,Arsenal,L Mason,0,3,6,8,0,3,0,0,full,0,0,,0,3,0.375,2,0,0,3,1402.1925976947998,1655.8420903492163,-253.64949265441646
2013/14,2013,2013-11-30,Everton,Stoke,M Jones,4,0,9,16,0,3,0,0,full,0,0,,0,3,0.1875,7,0,0,3,1583.9144313003897,1439.1658189155269,144.74861238486278
2013/14,2013,2013-11-30,Newcastle,West Brom,P Dowd,2,1,15,15,1,2,0,0,full,0,0,,0,1,0.0666666666666666,0,0,0,3,1492.136578657377,1472.044760186771,20.09181847060586
2013/14,2013,2013-11-30,Norwich,Crystal Palace,C Foy,1,0,12,14,1,2,0,0,full,0,0,,0,1,0.0595238095238095,2,0,0,3,1435.9381314758627,1358.1591903534124,77.7789411224503
2013/14,2013,2013-11-30,West Ham,Fulham,M Atkinson,3,0,11,8,3,2,0,0,full,0,0,,0,-1,-0.0227272727272727,-3,0,0,3,1416.8018290948078,1422.4423499933118,-5.6405208985040645
2013/14,2013,2013-12-01,Chelsea,Southampton,M Oliver,3,1,15,14,1,4,0,0,full,0,0,,0,3,0.219047619047619,-1,0,0,3,1636.4568820026286,1479.2315525682118,157.22532943441684
2013/14,2013,2013-12-01,Hull,Liverpool,H Webb,3,1,10,16,2,0,0,0,full,0,0,,0,-2,-0.2,6,0,0,3,1388.9279993968328,1576.75096058252,-187.8229611856873
2013/14,2013,2013-12-01,Man City,Swansea,M Clattenburg,3,0,7,8,1,0,0,0,full,0,0,,0,-1,-0.1428571428571428,1,0,0,3,1645.3138282367456,1459.268566259547,186.0452619771986
2013/14,2013,2013-12-01,Tottenham,Man United,M Dean,2,2,9,15,1,3,0,0,full,0,0,,0,2,0.0888888888888889,6,0,0,3,1599.8451521906825,1683.4481201279314,-83.60296793724888
2013/14,2013,2013-12-03,Crystal Palace,West Ham,L Mason,1,0,10,9,1,2,0,0,full,0,0,,0,1,0.1222222222222222,-1,0,0,3,1351.9292047654278,1425.2498805234206,-73.32067575799283
2013/14,2013,2013-12-04,Arsenal,Hull,A Marriner,2,0,9,6,0,0,0,0,full,0,0,,0,0,0.0,-3,0,0,3,1660.7818701523463,1402.4495699283198,258.33230022402654
2013/14,2013,2013-12-04,Fulham,Tottenham,M Clattenburg,1,2,7,16,2,1,0,0,full,0,0,,0,-1,-0.2232142857142857,9,0,0,3,1413.994298564699,1600.523457048091,-186.52915848339194
2013/14,2013,2013-12-04,Liverpool,Norwich,A Taylor,5,1,10,6,3,1,0,0,full,0,0,,0,-2,-0.1333333333333333,-4,0,0,3,1563.229390051033,1442.1681170638474,121.0612729871857
2013/14,2013,2013-12-04,Man United,Everton,M Atkinson,0,1,12,12,2,0,0,0,full,0,0,,0,-2,-0.1666666666666666,0,0,0,3,1682.769815270523,1588.6204116789684,94.14940359155457
2013/14,2013,2013-12-04,Southampton,Aston Villa,J Moss,2,3,9,13,3,2,0,0,full,0,0,,0,-1,-0.1794871794871794,4,0,0,3,1474.779105856285,1455.7046790610634,19.074426795221598
2013/14,2013,2013-12-04,Stoke,Cardiff,M Oliver,0,0,11,12,2,2,0,0,full,0,0,,0,0,-0.0151515151515151,1,0,0,3,1434.4598385369482,1397.2528178916698,37.20702064527836
2013/14,2013,2013-12-04,Sunderland,Chelsea,P Dowd,3,4,15,14,4,3,0,0,full,0,0,,0,-1,-0.0523809523809523,-1,0,0,3,1396.4144815523614,1640.9093287145554,-244.494847162194
2013/14,2013,2013-12-04,Swansea,Newcastle,H Webb,3,0,4,8,0,2,0,0,full,0,0,,0,2,0.25,4,0,0,3,1455.3638789324632,1499.8713349643488,-44.50745603188557
2013/14,2013,2013-12-04,West Brom,Man City,C Foy,2,3,8,10,1,1,0,0,full,0,0,,0,0,-0.0249999999999999,2,0,0,3,1464.3100038797993,1649.2185155638294,-184.90851168403015
2013/14,2013,2013-12-07,Crystal Palace,Cardiff,M Jones,2,0,9,12,0,0,0,0,full,0,0,,0,0,0.0,3,0,0,3,1362.3124168835511,1399.9798721885882,-37.66745530503704
2013/14,2013,2013-12-07,Liverpool,West Ham,M Oliver,4,1,9,12,0,3,0,1,full,0,0,,0,3,0.25,3,1,0,3,1568.443625197094,1414.8666684052973,153.57695679179665
2013/14,2013,2013-12-07,Man United,Newcastle,A Marriner,0,1,11,18,0,2,0,0,full,0,0,,0,2,0.1111111111111111,7,0,0,3,1668.6029333235876,1490.3169509138365,178.2859824097511
2013/14,2013,2013-12-07,Southampton,Man City,A Taylor,1,1,6,9,0,2,0,0,full,0,0,,0,2,0.2222222222222222,3,0,0,3,1462.5416608085243,1655.7706426961813,-193.22898188765703
2013/14,2013,2013-12-07,Stoke,Chelsea,J Moss,3,2,14,8,4,1,0,0,full,0,0,,0,-3,-0.1607142857142857,-6,0,0,3,1431.7327842400298,1646.0477334725026,-214.31494923247283
2013/14,2013,2013-12-07,Sunderland,Tottenham,L Mason,1,2,14,9,2,0,0,0,full,0,0,,0,-2,-0.1428571428571428,-5,0,0,3,1391.2760767944142,1607.0345497007413,-215.75847290632714
2013/14,2013,2013-12-07,West Brom,Norwich,M Clattenburg,0,2,10,6,1,3,0,0,full,0,0,,0,2,0.4,-4,0,0,3,1457.7578767474474,1436.9538819177865,20.80399482966095
2013/14,2013,2013-12-08,Arsenal,Everton,H Webb,1,1,13,11,0,4,0,0,full,0,0,,0,4,0.3636363636363636,-2,0,0,3,1663.5407606294496,1602.7872936259037,60.75346700354589
2013/14,2013,2013-12-08,Fulham,Aston Villa,M Dean,2,0,12,13,0,2,0,0,full,0,0,,0,2,0.1538461538461538,1,0,0,3,1407.4832059120486,1467.9421241088241,-60.458918196775585
2013/14,2013,2013-12-09,Swansea,Hull,M Atkinson,1,1,8,7,3,3,0,0,full,0,0,,0,0,0.0535714285714285,-1,0,0,3,1464.9182629829754,1399.6906794512165,65.22758353175891
2013/14,2013,2013-12-14,Cardiff,West Brom,H Webb,1,0,16,12,2,1,0,0,full,0,0,,0,-1,-0.0416666666666666,-4,0,0,3,1390.6217706962077,1445.4731958476941,-54.85142515148641
2013/14,2013,2013-12-14,Chelsea,Crystal Palace,M Clattenburg,2,1,13,7,2,1,0,0,full,0,0,,0,-1,-0.010989010989011,-6,0,0,3,1631.876914826279,1371.6705183759316,260.2063964503475
2013/14,2013,2013-12-14,Everton,Fulham,A Taylor,4,1,10,7,1,2,0,0,full,0,0,,0,1,0.1857142857142857,-3,0,0,3,1606.1293603266952,1417.4964146318518,188.63294569484333
2013/14,2013,2013-12-14,Hull,Stoke,M Dean,0,0,11,13,1,0,0,0,full,0,0,,0,-1,-0.0909090909090909,2,0,0,3,1403.1466416475896,1445.9036028862533,-42.756961238663735
2013/14,2013,2013-12-14,Man City,Arsenal,M Atkinson,6,3,12,6,2,1,0,0,full,0,0,,0,-1,0.0,-6,0,0,3,1652.1135244471302,1660.198693928658,-8.085169481527828
2013/14,2013,2013-12-14,Newcastle,Southampton,M Jones,1,1,10,16,1,2,0,0,full,0,0,,0,1,0.0249999999999999,6,0,0,3,1506.2699939892607,1466.1987790575754,40.07121493168529
2013/14,2013,2013-12-14,West Ham,Sunderland,A Marriner,0,0,11,5,1,0,0,0,full,0,0,,0,-1,-0.0909090909090909,-6,0,0,3,1410.3411066131234,1385.481156255796,24.859950357327534
2013/14,2013,2013-12-15,Aston Villa,Man United,C Foy,0,3,15,8,4,2,0,0,full,0,0,,0,-2,-0.0166666666666666,-7,0,0,3,1457.9289153890209,1652.6498902481635,-194.72097485914264
2013/14,2013,2013-12-15,Norwich,Swansea,M Oliver,1,1,12,11,0,3,0,0,full,0,0,,0,3,0.2727272727272727,-1,0,0,3,1449.2385628175398,1461.4623007866023,-12.22373796906254
2013/14,2013,2013-12-15,Tottenham,Liverpool,J Moss,0,5,17,15,3,0,1,0,full,0,0,,0,-3,-0.1764705882352941,-2,-1,0,3,1612.8294702393596,1572.9691869892679,39.8602832500917
2013/14,2013,2013-12-21,Crystal Palace,Newcastle,N Swarbrick,0,3,11,14,1,2,0,0,full,0,0,,0,1,0.0519480519480519,3,0,0,3,1368.9371854977394,1503.4668052193058,-134.5296197215664
2013/14,2013,2013-12-21,Fulham,Man City,K Friend,2,4,7,15,1,1,0,0,full,0,0,,0,0,-0.0761904761904761,8,0,0,3,1413.6383231775349,1660.6303177337124,-246.9919945561776
2013/14,2013,2013-12-21,Liverpool,Cardiff,L Probert,3,1,11,13,2,0,0,0,full,0,0,,0,-2,-0.1818181818181818,2,0,0,3,1585.7667807650319,1400.473593646233,185.29318711879887
2013/14,2013,2013-12-21,Man United,West Ham,M Jones,3,1,7,16,1,4,0,0,full,0,0,,0,3,0.1071428571428571,9,0,0,3,1658.955630965651,1407.946078796143,251.00955216950797
2013/14,2013,2013-12-21,Stoke,Aston Villa,C Pawson,2,1,13,17,1,5,0,0,full,0,0,,0,4,0.2171945701357466,4,0,0,3,1446.3994903659059,1451.6231746715334,-5.2236843056275575
2013/14,2013,2013-12-21,Sunderland,Norwich,M Atkinson,0,0,13,10,2,1,1,0,full,0,0,,0,-1,-0.0538461538461538,-3,-1,0,3,1387.8761840727764,1447.8720538678817,-59.995869795105364
2013/14,2013,2013-12-21,West Brom,Hull,J Moss,1,1,8,15,2,1,0,0,full,0,0,,0,-1,-0.1833333333333333,7,0,0,3,1435.6213728976688,1402.650754167937,32.97061872973177
2013/14,2013,2013-12-22,Southampton,Tottenham,C Foy,2,3,10,18,1,1,0,0,full,0,0,,0,0,-0.0444444444444444,8,0,0,3,1469.0019678275303,1600.0318764635956,-131.02990863606533
2013/14,2013,2013-12-22,Swansea,Everton,L Mason,1,2,11,10,1,0,0,0,full,0,0,,0,-1,-0.0909090909090909,-1,0,0,3,1462.8288097362604,1609.9874517810122,-147.1586420447518
2013/14,2013,2013-12-23,Arsenal,Chelsea,M Dean,0,0,7,11,2,1,0,0,full,0,0,,0,-1,-0.1948051948051948,4,0,0,3,1651.6819006420758,1634.6102477044712,17.07165293760454
2013/14,2013,2013-12-26,Aston Villa,Crystal Palace,H Webb,0,1,11,8,2,2,0,0,full,0,0,,0,0,0.0681818181818181,-3,0,0,3,1443.186829613564,1361.0500114164718,82.13681819709223
2013/14,2013,2013-12-26,Cardiff,Southampton,A Marriner,0,3,11,13,1,2,0,0,full,0,0,,0,1,0.0629370629370629,2,0,0,3,1396.5552841845047,1461.0183585991124,-64.46307441460772
2013/14,2013,2013-12-26,Chelsea,Swansea,M Jones,1,0,14,9,1,0,0,0,full,0,0,,0,-1,-0.0714285714285714,-5,0,0,3,1636.7928639523589,1455.286104504437,181.50675944792192
2013/14,2013,2013-12-26,Everton,Sunderland,L Probert,0,1,11,7,1,0,1,0,full,0,0,,0,-1,-0.0909090909090909,-4,-1,0,3,1617.5301570128356,1387.8760651959235,229.6540918169121
2013/14,2013,2013-12-26,Hull,Man United,M Oliver,2,3,12,14,2,2,0,1,full,0,0,,0,0,-0.0238095238095238,2,1,0,3,1405.264572072669,1661.8163133774049,-256.55174130473597
2013/14,2013,2013-12-26,Man City,Liverpool,L Mason,2,1,10,9,1,3,0,0,full,0,0,,0,2,0.2333333333333333,-1,0,0,3,1665.7140282887917,1589.6850902267602,76.02893806203156
2013/14,2013,2013-12-26,Newcastle,Stoke,M Atkinson,5,1,10,8,1,1,0,2,full,0,0,,0,0,0.0249999999999999,-2,2,0,3,1511.3539793005734,1454.8358354238753,56.518143876698105
2013/14,2013,2013-12-26,Norwich,Fulham,J Moss,1,2,14,10,3,0,0,0,full,0,0,,0,-3,-0.2142857142857142,-4,0,0,3,1447.8721727447346,1408.5546126224556,39.31756012227902
2013/14,2013,2013-12-26,Tottenham,West Brom,A Taylor,1,1,8,12,3,2,0,0,full,0,0,,0,-1,-0.2083333333333333,4,0,0,3,1608.0154856920135,1433.007554992937,175.0079306990765
2013/14,2013,2013-12-26,West Ham,Arsenal,P Dowd,1,3,11,6,1,1,0,0,full,0,0,,0,0,0.0757575757575757,-5,0,0,3,1405.085396384389,1649.4992843941882,-244.41388800979917
2013/14,2013,2013-12-28,Aston Villa,Swansea,R East,1,1,13,9,3,2,0,0,full,0,0,,0,-1,-0.0085470085470085,-4,0,0,3,1429.3097247795893,1451.2986666341003,-21.98894185451104
2013/14,2013,2013-12-28,Cardiff,Sunderland,C Foy,2,2,14,10,3,2,0,0,full,0,0,,0,-1,-0.0142857142857142,-4,0,0,3,1386.6837347269216,1404.7005970584034,-18.01686233148189
2013/14,2013,2013-12-28,Hull,Fulham,R Madley,6,0,11,9,0,0,0,0,full,0,0,,0,0,0.0,-2,0,0,3,1400.386673264727,1421.33780185663,-20.951128591902943
2013/14,2013,2013-12-28,Man City,Crystal Palace,A Marriner,1,0,12,7,1,1,0,0,full,0,0,,0,0,0.0595238095238095,-5,0,0,3,1671.9873058860758,1374.9271162504465,297.0601896356293
2013/14,2013,2013-12-28,Norwich,Man United,P Dowd,0,1,11,10,4,3,0,0,full,0,0,,0,-1,-0.0636363636363636,-1,0,0,3,1435.0889835105602,1666.6942121853467,-231.60522867478653
2013/14,2013,2013-12-28,West Ham,West Brom,M Dean,3,3,10,13,3,2,0,0,full,0,0,,0,-1,-0.1461538461538461,3,0,0,3,1399.9452119764853,1438.8993423219372,-38.95413034545186
2013/14,2013,2013-12-29,Chelsea,Liverpool,H Webb,2,1,17,17,4,1,0,0,full,0,0,,0,-3,-0.1764705882352941,0,0,0,3,1640.7803018226955,1583.4118126294761,57.368489193219375
2013/14,2013,2013-12-29,Everton,Southampton,M Clattenburg,2,1,9,14,2,4,0,0,full,0,0,,0,2,0.0634920634920634,5,0,0,3,1600.7056251503557,1470.8899080566955,129.81571709366017
2013/14,2013,2013-12-29,Newcastle,Arsenal,L Probert,0,1,10,8,0,3,0,0,full,0,0,,0,3,0.375,-2,0,0,3,1518.1206367832756,1654.6394688020919,-136.51883201881628
2013/14,2013,2013-12-29,Tottenham,Stoke,K Friend,3,0,6,14,2,2,0,0,full,0,0,,0,0,-0.1904761904761904,8,0,0,3,1602.1236983630133,1448.0691779411732,154.05452042184015
2013/14,2013,2014-01-01,Arsenal,Cardiff,J Moss,2,0,6,11,1,2,0,0,full,0,0,,0,1,0.0151515151515151,5,0,0,3,1662.47201127836,1385.4812101381162,276.9908011402438
2013/14,2013,2014-01-01,Crystal Palace,Norwich,M Dean,1,1,12,10,2,1,0,1,full,0,0,,0,-1,-0.0666666666666666,-2,1,0,3,1372.6569660968617,1429.6622013828644,-57.005235286002744
2013/14,2013,2014-01-01,Fulham,West Ham,M Clattenburg,2,1,6,5,2,1,0,1,full,0,0,,0,-1,-0.1333333333333333,-1,1,0,3,1412.4570101131662,1399.3402029636566,13.116807149509668
2013/14,2013,2014-01-01,Liverpool,Hull,C Pawson,2,0,15,15,1,2,0,0,full,0,0,,0,1,0.0666666666666666,0,0,0,3,1576.6670539489407,1409.2674650081908,167.39958894074994
2013/14,2013,2014-01-01,Man United,Tottenham,H Webb,1,2,7,7,2,1,0,0,full,0,0,,0,-1,-0.1428571428571428,0,0,0,3,1672.1209943130425,1606.6396414328724,65.4813528801701
2013/14,2013,2014-01-01,Southampton,Chelsea,M Atkinson,0,3,13,10,4,1,0,0,full,0,0,,0,-3,-0.2076923076923077,-3,0,0,3,1465.8675804851425,1647.5250605032309,-181.65748001808834
2013/14,2013,2014-01-01,Stoke,Everton,A Marriner,1,1,16,11,4,1,0,0,full,0,0,,0,-3,-0.1590909090909091,-5,0,0,3,1443.553234871314,1605.7279527219087,-162.17471785059456
2013/14,2013,2014-01-01,Sunderland,Aston Villa,M Jones,0,1,8,11,4,3,0,0,full,0,0,,0,-1,-0.2272727272727273,3,0,0,3,1405.9031216472088,1428.2200227984586,-22.316901151249795
2013/14,2013,2014-01-01,Swansea,Man City,P Dowd,2,3,5,10,2,5,0,0,full,0,0,,0,3,0.0999999999999999,5,0,0,3,1452.388368615231,1674.2574560396606,-221.8690874244296
2013/14,2013,2014-01-01,West Brom,Newcastle,L Mason,1,0,7,15,0,0,0,1,full,0,0,,0,0,0.0,8,1,0,3,1439.504351334766,1510.2880943070074,-70.7837429722415
2013/14,2013,2014-01-11,Cardiff,West Ham,L Mason,0,2,7,16,1,3,0,1,full,0,0,,0,2,0.0446428571428571,9,1,0,3,1382.9679783173056,1391.4141469314734,-8.446168614167846
2013/14,2013,2014-01-11,Everton,Norwich,K Friend,2,0,7,14,1,2,0,0,full,0,0,,0,1,0.0,7,0,0,3,1602.8690729099485,1429.7483955055363,173.12067740441216
2013/14,2013,2014-01-11,Fulham,Sunderland,M Dean,1,4,15,13,3,3,0,0,full,0,0,,0,0,0.0307692307692307,-2,0,0,3,1420.3830661453494,1394.8227479616598,25.56031818368956
2013/14,2013,2014-01-11,Hull,Chelsea,M Clattenburg,0,2,12,7,2,1,0,0,full,0,0,,0,-1,-0.0238095238095238,-5,0,0,3,1405.0144382342446,1654.1599005843036,-249.145462350059
2013/14,2013,2014-01-11,Man United,Swansea,C Foy,2,0,9,10,0,2,0,0,full,0,0,,0,2,0.2,1,0,0,3,1658.6586020461846,1446.737148206477,211.9214538397075
2013/14,2013,2014-01-11,Southampton,West Brom,H Webb,1,0,11,17,1,2,0,0,full,0,0,,0,1,0.0267379679144385,6,0,0,3,1459.2327404040698,1449.814632775846,9.41810762822388
2013/14,2013,2014-01-11,Tottenham,Crystal Palace,M Oliver,2,0,12,12,1,2,0,0,full,0,0,,0,1,0.0833333333333333,0,0,0,3,1620.1020336997303,1372.5707719741897,247.53126172554062
2013/14,2013,2014-01-12,Newcastle,Man City,M Jones,0,2,18,15,4,2,0,0,full,0,0,,0,-2,-0.0888888888888888,-3,0,0,3,1499.9778128659275,1679.9086764484146,-179.93086358248706
2013/14,2013,2014-01-12,Stoke,Liverpool,A Taylor,3,5,10,8,1,1,0,0,full,0,0,,0,0,0.0249999999999999,-2,0,0,3,1446.4121146832742,1580.920080722887,-134.5079660396127
2013/14,2013,2014-01-13,Aston Villa,Arsenal,N Swarbrick,1,2,12,9,2,2,0,0,full,0,0,,0,0,0.0555555555555555,-3,0,0,3,1439.3003964840075,1664.9852430991707,-225.68484661516322
2013/14,2013,2014-01-18,Arsenal,Fulham,L Probert,2,0,5,7,0,0,0,0,full,0,0,,0,0,0.0,2,0,0,3,1670.5478342334682,1407.969045623835,262.5787886096332
2013/14,2013,2014-01-18,Crystal Palace,Stoke,M Clattenburg,1,0,9,13,0,2,0,0,full,0,0,,0,2,0.1538461538461538,4,0,0,3,1369.6606521959793,1438.524345172879,-68.86369297689976
2013/14,2013,2014-01-18,Liverpool,Aston Villa,J Moss,2,2,14,18,1,4,0,0,full,0,0,,0,3,0.1507936507936507,4,0,0,3,1588.8078502332821,1433.73780534971,155.0700448835721
2013/14,2013,2014-01-18,Man City,Cardiff,N Swarbrick,4,2,6,5,2,0,0,0,full,0,0,,0,-2,-0.3333333333333333,-1,0,0,3,1686.5876582758349,1371.494934978366,315.09272329746886
2013/14,2013,2014-01-18,Norwich,Hull,H Webb,1,0,8,16,1,2,0,1,full,0,0,,0,1,0.0,8,1,0,3,1425.6046058273253,1399.9775851436164,25.627020683708906
2013/14,2013,2014-01-18,Sunderland,Southampton,C Foy,2,2,8,8,2,0,0,0,full,0,0,,0,-2,-0.25,0,0,0,3,1407.2367684831743,1467.2608961505578,-60.02412766738348
2013/14,2013,2014-01-18,West Ham,Newcastle,A Marriner,1,3,9,6,0,0,0,0,full,0,0,,0,0,0.0,-3,0,0,3,1402.887190270413,1493.2988310385072,-90.41164076809423
2013/14,2013,2014-01-19,Chelsea,Man United,P Dowd,3,1,15,21,1,3,0,1,full,0,0,,0,2,0.0761904761904761,6,1,0,3,1659.1967536749319,1662.116334630527,-2.9195809555951655
2013/14,2013,2014-01-19,Swansea,Tottenham,M Atkinson,1,3,6,9,2,1,0,0,full,0,0,,0,-1,-0.2222222222222222,3,0,0,3,1443.2794156221346,1623.0121534779407,-179.73273785580614
2013/14,2013,2014-01-20,West Brom,Everton,M Oliver,1,1,16,12,3,2,0,0,full,0,0,,0,-1,-0.0208333333333333,-4,0,0,3,1441.786477029358,1607.0128625881596,-165.22638555880167
2013/14,2013,2014-01-28,Crystal Palace,Hull,R East,1,0,14,8,4,0,0,1,full,0,0,,0,-4,-0.2857142857142857,-6,1,0,3,1379.915714454104,1392.3934135543013,-12.477699100197242
2013/14,2013,2014-01-28,Liverpool,Everton,M Atkinson,4,0,11,13,0,3,0,0,full,0,0,,0,3,0.2307692307692307,2,0,0,3,1583.3033875568892,1604.073531654011,-20.77014409712183
2013/14,2013,2014-01-28,Man United,Cardiff,C Pawson,2,0,9,9,0,1,0,0,full,0,0,,0,1,0.1111111111111111,0,0,0,3,1653.7446175606162,1369.4254556500155,284.31916191060077
2013/14,2013,2014-01-28,Norwich,Newcastle,C Foy,0,0,13,7,1,1,1,1,full,0,0,,0,0,0.0659340659340659,-6,0,0,3,1433.1887774166403,1502.4257423286806,-69.23696491204032
2013/14,2013,2014-01-28,Southampton,Arsenal,L Mason,2,2,11,4,1,1,0,1,full,0,0,,0,0,0.1590909090909091,-7,1,0,3,1467.2602017004683,1673.2491002164322,-205.9888985159639
2013/14,2013,2014-01-28,Swansea,Fulham,M Oliver,2,0,14,9,1,1,0,0,full,0,0,,0,0,0.0396825396825396,-5,0,0,3,1436.5953592572305,1405.267779640871,31.32757961635957
2013/14,2013,2014-01-29,Aston Villa,West Brom,M Clattenburg,4,3,15,10,1,3,0,0,full,0,0,,0,2,0.2333333333333333,-5,0,0,3,1439.242268026103,1444.7258079635064,-5.4835399374035205
2013/14,2013,2014-01-29,Chelsea,West Ham,N Swarbrick,0,0,12,11,1,3,0,0,full,0,0,,0,2,0.1893939393939394,-1,0,0,3,1667.5684707448427,1393.7602789802395,273.8081917646032
2013/14,2013,2014-01-29,Sunderland,Stoke,R Madley,1,0,16,15,2,2,0,1,full,0,0,,0,0,0.0083333333333333,-1,1,0,3,1407.2374629332637,1428.2692829147543,-21.03181998149057
2013/14,2013,2014-01-29,Tottenham,Man City,A Marriner,1,5,11,10,1,4,1,0,full,0,0,,0,3,0.3090909090909091,-1,-1,0,3,1629.6962098428448,1688.6571376041854,-58.9609277613406
2013/14,2013,2014-02-01,Cardiff,Norwich,M Clattenburg,2,1,8,9,1,4,0,0,full,0,0,,0,3,0.3194444444444444,1,0,0,3,1367.0034683127624,1433.4545760168885,-66.45110770412612
2013/14,2013,2014-02-01,Everton,Aston Villa,R Madley,2,1,4,18,1,0,0,0,full,0,0,,0,-1,-0.25,14,0,0,3,1595.1978835114435,1447.6859103135937,147.51197319784978
2013/14,2013,2014-02-01,Fulham,Southampton,M Jones,0,3,10,9,0,3,0,0,full,0,0,,0,3,0.3333333333333333,-1,0,0,3,1397.8374837844399,1471.2311050890057,-73.39362130456584
2013/14,2013,2014-02-01,Hull,Tottenham,A Taylor,1,1,13,9,1,1,0,0,full,0,0,,0,0,0.0341880341880341,-4,0,0,3,1383.7527486951067,1619.6663030289183,-235.9135543338116
2013/14,2013,2014-02-01,Newcastle,Sunderland,P Dowd,0,3,18,13,2,2,0,0,full,0,0,,0,0,0.0427350427350427,-5,0,0,3,1502.1599437284324,1416.1205481291104,86.039395599322
2013/14,2013,2014-02-01,Stoke,Man United,N Swarbrick,2,1,18,7,2,2,0,0,full,0,0,,0,0,0.1746031746031746,-11,0,0,3,1419.3861977189076,1656.1666048978693,-236.7804071789617
2013/14,2013,2014-02-01,West Ham,Swansea,H Webb,2,0,7,7,1,0,1,0,full,0,0,,0,-1,-0.1428571428571428,0,-1,0,3,1401.2065123996606,1444.0256551136615,-42.81914271400092
2013/14,2013,2014-02-02,Arsenal,Crystal Palace,J Moss,2,0,9,14,1,2,0,0,full,0,0,,0,1,0.0317460317460317,5,0,0,3,1669.2781968278948,1388.5563793132987,280.72181751459607
2013/14,2013,2014-02-02,West Brom,Liverpool,K Friend,1,1,13,15,4,2,0,0,full,0,0,,0,-2,-0.1743589743589743,2,0,0,3,1436.2821656760157,1592.1790356994568,-155.89687002344112
2013/14,2013,2014-02-03,Man City,Chelsea,M Dean,0,1,11,13,3,3,0,0,full,0,0,,0,0,-0.0419580419580419,2,0,0,3,1698.687044418112,1660.1222373254216,38.564807092690444
2013/14,2013,2014-02-08,Aston Villa,West Ham,M Dean,0,2,9,8,0,2,0,0,full,0,0,,0,2,0.25,-1,0,0,3,1443.036933380999,1410.7124102615444,32.324523119454625
2013/14,2013,2014-02-08,Chelsea,Newcastle,H Webb,3,0,7,10,0,3,0,0,full,0,0,,0,3,0.3,3,0,0,3,1672.8854268343111,1488.1878161644565,184.6976106698546
2013/14,2013,2014-02-08,Crystal Palace,West Brom,C Foy,3,1,13,13,0,3,0,0,full,0,0,,0,3,0.2307692307692307,0,0,0,3,1386.08996418225,1438.9742794060421,-52.8843152237921
2013/14,2013,2014-02-08,Liverpool,Arsenal,M Oliver,5,1,14,14,1,2,0,0,full,0,0,,0,1,0.0714285714285714,0,0,0,3,1589.4869219694303,1671.7446119589436,-82.25768998951321
2013/14,2013,2014-02-08,Norwich,Man City,J Moss,0,0,7,6,2,1,0,0,full,0,0,,0,-1,-0.119047619047619,-1,0,0,3,1423.2689195467826,1685.9238549092224,-262.6549353624398
2013/14,2013,2014-02-08,Southampton,Stoke,C Pawson,2,2,7,14,0,4,0,0,full,0,0,,0,4,0.2857142857142857,7,0,0,3,1480.8457965293878,1434.0764109430613,46.76938558632651
2013/14,2013,2014-02-08,Sunderland,Hull,M Jones,0,2,12,16,1,3,1,0,full,0,0,,0,2,0.1041666666666666,4,-1,0,3,1430.0926756930862,1388.4234776612145,41.6691980318717
2013/14,2013,2014-02-08,Swansea,Cardiff,A Marriner,3,0,7,8,1,1,0,0,full,0,0,,0,0,-0.0178571428571428,1,0,0,3,1434.5197572517777,1377.1891247828682,57.33063246890947
2013/14,2013,2014-02-09,Man United,Fulham,K Friend,2,2,3,6,0,0,0,0,full,0,0,,0,0,0.0,3,0,0,3,1641.4763916737156,1388.2227923440578,253.25359932965785
2013/14,2013,2014-02-09,Tottenham,Everton,M Clattenburg,1,0,9,13,1,0,0,0,full,0,0,,0,-1,-0.1111111111111111,4,0,0,3,1614.9955740628104,1599.8468604440382,15.148713618772263
2013/14,2013,2014-02-11,Cardiff,Aston Villa,C Foy,0,0,5,9,0,0,0,0,full,0,0,,0,0,0.0,4,0,0,3,1370.4433919246164,1430.4404495127797,-59.997057588163216
2013/14,2013,2014-02-11,Hull,Southampton,M Atkinson,0,1,6,8,0,3,0,0,full,0,0,,0,3,0.375,2,0,0,3,1401.2689910947836,1477.8659446183176,-76.59695352353401
2013/14,2013,2014-02-11,West Brom,Chelsea,A Taylor,1,1,9,13,3,4,0,0,full,0,0,,0,1,-0.0256410256410256,4,0,0,3,1429.1790566464197,1676.8145492966014,-247.63549265018173
2013/14,2013,2014-02-11,West Ham,Norwich,M Oliver,2,0,12,16,1,3,0,0,full,0,0,,0,2,0.1041666666666666,4,0,0,3,1423.3088941297638,1428.5194291183898,-5.210534988626023
2013/14,2013,2014-02-12,Arsenal,Man United,M Clattenburg,0,0,10,14,1,2,0,0,full,0,0,,0,1,0.0428571428571428,4,0,0,3,1661.1048590953444,1634.3055518633842,26.799307231960256
2013/14,2013,2014-02-12,Fulham,Liverpool,P Dowd,2,3,7,9,4,3,0,0,full,0,0,,0,-1,-0.238095238095238,2,0,0,3,1395.3936321543893,1600.1266748330295,-204.73304267864023
2013/14,2013,2014-02-12,Newcastle,Tottenham,N Swarbrick,0,4,6,11,0,0,0,0,full,0,0,,0,0,0.0,5,0,0,3,1484.2586937021663,1622.8657310580893,-138.607037355923
2013/14,2013,2014-02-12,Stoke,Swansea,J Moss,1,1,11,12,2,2,0,0,full,0,0,,0,0,-0.0151515151515151,1,0,0,3,1437.0562628541315,1441.2654901100295,-4.209227255897986
2013/14,2013,2014-02-22,Arsenal,Sunderland,A Marriner,4,1,10,11,0,1,0,0,full,0,0,,0,1,0.0909090909090909,1,0,0,3,1658.65728477124,1417.2471622595172,241.41012251172288
2013/14,2013,2014-02-22,Cardiff,Hull,H Webb,0,4,4,11,1,1,0,0,full,0,0,,0,0,-0.1590909090909091,7,0,0,3,1370.443307235196,1391.7463267850694,-21.303019549873397
2013/14,2013,2014-02-22,Chelsea,Everton,L Probert,1,0,15,12,1,2,0,0,full,0,0,,0,1,0.0999999999999999,-3,0,0,3,1671.884227876259,1591.9767034487593,79.90752442749977
2013/14,2013,2014-02-22,Crystal Palace,Man United,M Oliver,0,2,12,10,0,2,0,0,full,0,0,,0,2,0.2,-2,0,0,3,1395.8851869418725,1636.7531261874885,-240.86793924561607
2013/14,2013,2014-02-22,Man City,Stoke,C Foy,1,0,16,13,3,1,0,0,full,0,0,,0,-2,-0.110576923076923,-3,0,0,3,1680.6733453376153,1435.4641364772926,245.20920886032263
2013/14,2013,2014-02-22,West Brom,Fulham,M Dean,1,1,13,15,3,3,0,0,full,0,0,,0,0,-0.0307692307692307,2,0,0,3,1434.109378066762,1389.3340450716737,44.77533299508832
2013/14,2013,2014-02-22,West Ham,Southampton,M Clattenburg,3,1,10,8,0,1,0,0,full,0,0,,0,1,0.125,-2,0,0,3,1431.7448699757524,1487.3886089280318,-55.643738952279364
2013/14,2013,2014-02-23,Liverpool,Swansea,M Jones,4,3,9,11,1,0,0,0,full,0,0,,0,-1,-0.1111111111111111,2,0,0,3,1606.186261915745,1442.8576164868684,163.3286454288766
2013/14,2013,2014-02-23,Newcastle,Aston Villa,M Atkinson,1,0,12,10,2,2,0,0,full,0,0,,0,0,0.0333333333333333,-2,0,0,3,1476.4833558168104,1430.4405342022,46.042821614610375
2013/14,2013,2014-02-23,Norwich,Tottenham,C Pawson,1,0,8,15,1,3,0,0,full,0,0,,0,2,0.075,7,0,0,3,1420.0834532724011,1630.6410689434451,-210.557615671044
2013/14,2013,2014-03-01,Everton,West Ham,J Moss,1,0,9,8,1,1,0,0,full,0,0,,0,0,0.0138888888888888,-1,0,0,3,1585.7991539660682,1441.619493273955,144.1796606921132
2013/14,2013,2014-03-01,Fulham,Chelsea,M Clattenburg,1,3,14,13,2,1,0,0,full,0,0,,0,-1,-0.0659340659340659,-1,0,0,3,1392.261510778969,1678.0617773589502,-285.8002665799811
2013/14,2013,2014-03-01,Hull,Newcastle,K Friend,1,4,13,10,3,2,0,0,full,0,0,,0,-1,-0.0307692307692307,-3,0,0,3,1402.855532544285,1483.52257105007,-80.66703850578483
2013/14,2013,2014-03-01,Southampton,Liverpool,L Probert,0,3,10,6,1,2,0,0,full,0,0,,0,1,0.2333333333333333,-4,0,0,3,1477.5139856298292,1610.51828927626,-133.0043036464308
2013/14,2013,2014-03-01,Stoke,Arsenal,M Jones,1,0,13,11,3,1,0,0,full,0,0,,0,-2,-0.1398601398601398,-2,0,0,3,1432.520619967454,1661.6561244968539,-229.1355045293999
2013/14,2013,2014-03-02,Aston Villa,Norwich,A Taylor,4,1,12,10,0,3,0,0,full,0,0,,0,3,0.3,-2,0,0,3,1423.4013189689406,1434.1645384864044,-10.763219517463767
2013/14,2013,2014-03-02,Swansea,Crystal Palace,M Dean,1,1,8,11,1,4,1,0,full,0,0,,0,3,0.2386363636363636,3,-1,0,3,1438.5255891263537,1390.6666605500043,47.8589285763494
2013/14,2013,2014-03-02,Tottenham,Cardiff,P Dowd,1,0,11,12,1,3,0,0,full,0,0,,0,2,0.1590909090909091,1,0,0,3,1616.559983729442,1359.3341014759803,257.2258822534616
2013/14,2013,2014-03-08,Cardiff,Fulham,M Atkinson,3,1,9,12,1,0,0,0,full,0,0,,0,-1,-0.1111111111111111,3,0,0,3,1356.5600284132129,1387.9775736301979,-31.41754521698499
2013/14,2013,2014-03-08,Chelsea,Tottenham,M Oliver,4,0,11,18,2,3,0,1,full,0,0,,0,1,-0.0151515151515151,7,1,0,3,1682.3457145077214,1619.3340567922094,63.011657715512
2013/14,2013,2014-03-08,Crystal Palace,Southampton,H Webb,0,1,14,18,1,5,0,0,full,0,0,,0,4,0.2063492063492063,4,0,0,3,1393.6750606798537,1469.584830557566,-75.90976987771228
2013/14,2013,2014-03-08,Norwich,Stoke,A Marriner,1,1,9,12,0,2,0,1,full,0,0,,0,2,0.1666666666666666,3,1,0,3,1425.572275631834,1447.037437882151,-21.465162250317007
2013/14,2013,2014-03-08,West Brom,Man United,J Moss,0,3,11,10,1,2,0,0,full,0,0,,0,1,0.1090909090909091,-1,0,0,3,1431.1819123594667,1641.9716525793567,-210.78974021989006
2013/14,2013,2014-03-15,Aston Villa,Chelsea,C Foy,1,0,14,8,4,0,0,2,full,0,0,,0,-4,-0.2857142857142857,-6,2,0,3,1431.993581823511,1688.946037470838,-256.95245564732704
2013/14,2013,2014-03-15,Everton,Cardiff,R East,2,1,10,10,1,3,0,0,full,0,0,,0,2,0.1999999999999999,0,0,0,3,1590.5169307348722,1365.7392101233313,224.77772061154087
2013/14,2013,2014-03-15,Fulham,Newcastle,H Webb,1,0,11,6,1,0,0,0,full,0,0,,0,-1,-0.0909090909090909,-5,0,0,3,1378.7983919200794,1492.9284264753633,-114.13003455528383
2013/14,2013,2014-03-15,Hull,Man City,L Mason,0,2,9,14,2,2,0,1,full,0,0,,0,0,-0.0793650793650793,5,1,0,3,1393.4496771189918,1683.616861847454,-290.1671847284622
2013/14,2013,2014-03-15,Southampton,Norwich,K Friend,4,2,11,17,1,2,0,0,full,0,0,,0,1,0.0267379679144385,6,0,0,3,1479.1272303743092,1424.4676795350604,54.65955083924882
2013/14,2013,2014-03-15,Stoke,West Ham,C Pawson,3,1,13,13,1,1,0,0,full,0,0,,0,0,0.0,0,0,0,3,1448.1420339789245,1436.901716505151,11.24031747377353
2013/14,2013,2014-03-15,Sunderland,Crystal Palace,N Swarbrick,0,0,16,14,4,4,0,0,full,0,0,,0,0,0.0357142857142857,-2,0,0,3,1414.2483225339033,1384.1326608631105,30.11566167079286
2013/14,2013,2014-03-15,Swansea,West Brom,M Atkinson,1,2,7,13,1,3,0,0,full,0,0,,0,2,0.0879120879120879,6,0,0,3,1435.5171889965043,1425.2685643850903,10.248624611414016
2013/14,2013,2014-03-16,Man United,Liverpool,M Clattenburg,0,3,13,12,1,4,1,0,full,0,0,,0,3,0.2564102564102564,-1,-1,0,3,1647.885000553733,1618.4474443485233,29.43755620520983
2013/14,2013,2014-03-16,Tottenham,Arsenal,M Dean,0,1,18,11,5,3,0,0,full,0,0,,0,-2,-0.005050505050505,-7,0,0,3,1612.7337338290927,1647.139306582157,-34.405572753064234
2013/14,2013,2014-03-22,Cardiff,Liverpool,N Swarbrick,3,6,14,11,2,3,0,0,full,0,0,,0,1,0.1298701298701298,-3,0,0,3,1362.4880370255216,1630.9662708140613,-268.4782337885397
2013/14,2013,2014-03-22,Chelsea,Arsenal,A Marriner,6,0,14,8,0,1,0,1,full,0,0,,0,1,0.125,-6,1,0,3,1673.8154337357928,1657.8746437251532,15.940790010639603
2013/14,2013,2014-03-22,Everton,Swansea,M Oliver,3,2,9,6,0,0,0,0,full,0,0,,0,0,0.0,-3,0,0,3,1593.7681038326818,1423.5223808464227,170.24572298625912
2013/14,2013,2014-03-22,Hull,West Brom,C Foy,2,0,18,13,2,0,0,0,full,0,0,,0,-2,-0.1111111111111111,-5,0,0,3,1389.249754780856,1437.2633725351718,-48.013617754315874
2013/14,2013,2014-03-22,Man City,Fulham,J Moss,5,0,8,15,0,3,0,1,full,0,0,,0,3,0.2,7,1,0,3,1687.8167841855898,1390.3438949458464,297.4728892397434
2013/14,2013,2014-03-22,Newcastle,Crystal Palace,L Probert,1,0,4,8,0,1,0,0,full,0,0,,0,1,0.125,4,0,0,3,1481.3829234495963,1386.6697574861898,94.71316596340648
2013/14,2013,2014-03-22,Norwich,Sunderland,P Dowd,2,0,16,20,2,4,0,1,full,0,0,,0,2,0.075,4,1,0,3,1417.6530375009777,1411.711225910824,5.941811590153748
2013/14,2013,2014-03-22,West Ham,Man United,L Mason,0,2,8,8,2,1,0,0,full,0,0,,0,-1,-0.125,0,0,0,3,1428.9239163908828,1635.366174088195,-206.44225769731224
2013/14,2013,2014-03-23,Aston Villa,Stoke,M Clattenburg,1,4,16,10,5,1,0,0,full,0,0,,0,-4,-0.2125,-6,0,0,3,1447.1241855585563,1456.1198340931926,-8.995648534636302
2013/14,2013,2014-03-23,Tottenham,Southampton,A Taylor,3,2,9,9,1,2,0,0,full,0,0,,0,1,0.1111111111111111,0,0,0,3,1601.9983966860964,1485.9418724083919,116.05652427770451
2013/14,2013,2014-03-25,Arsenal,Swansea,L Probert,2,2,11,12,0,1,0,0,full,0,0,,0,1,0.0833333333333333,1,0,0,3,1650.0262397604827,1419.3239583675224,230.70228139296023
2013/14,2013,2014-03-25,Man United,Man City,M Oliver,0,3,12,8,2,2,0,0,full,0,0,,0,0,0.0833333333333333,-4,0,0,3,1641.3842852046535,1690.0821577200766,-48.697872515423114
2013/14,2013,2014-03-25,Newcastle,Everton,L Mason,0,3,8,10,0,1,0,0,full,0,0,,0,1,0.1,2,0,0,3,1487.2026415610753,1597.9665263115821,-110.7638847505068
2013/14,2013,2014-03-26,Liverpool,Sunderland,K Friend,2,1,5,15,0,2,0,0,full,0,0,,0,2,0.1333333333333333,10,0,0,3,1635.595429385593,1403.5867177797336,232.0087116058594
2013/14,2013,2014-03-26,West Ham,Hull,M Dean,2,1,12,9,0,1,0,1,full,0,0,,0,1,0.1111111111111111,-3,1,0,3,1422.9058052744244,1398.9048957760174,24.000909498407054
2013/14,2013,2014-03-29,Arsenal,Man City,M Dean,1,1,8,11,1,4,0,0,full,0,0,,0,3,0.2386363636363636,3,0,0,3,1643.1856228739205,1700.4073444012301,-57.22172152730968
2013/14,2013,2014-03-29,Crystal Palace,Chelsea,L Mason,1,0,10,4,4,1,0,0,full,0,0,,0,-3,-0.15,-6,0,0,3,1380.8500393747108,1681.6638377004633,-300.8137983257525
2013/14,2013,2014-03-29,Man United,Aston Villa,M Atkinson,4,1,10,16,2,4,0,0,full,0,0,,0,2,0.0499999999999999,6,0,0,3,1631.0590985234999,1435.6666179460408,195.39248057745908
2013/14,2013,2014-03-29,Southampton,Newcastle,A Marriner,4,0,5,6,0,1,0,0,full,0,0,,0,1,0.1666666666666666,1,0,0,3,1480.6158180441541,1478.6534343436879,1.9623837004662619
2013/14,2013,2014-03-29,Stoke,Hull,N Swarbrick,1,0,9,9,2,0,0,0,full,0,0,,0,-2,-0.2222222222222222,0,0,0,3,1467.577401705708,1391.2766029228005,76.30079878290758
2013/14,2013,2014-03-29,Swansea,Norwich,J Moss,3,0,15,9,1,2,0,0,full,0,0,,0,1,0.1555555555555555,-6,0,0,3,1426.1645752540846,1425.777545632068,0.3870296220165983
2013/14,2013,2014-03-29,West Brom,Cardiff,M Oliver,3,3,12,13,1,1,0,0,full,0,0,,0,0,-0.0064102564102564,1,0,0,3,1427.6082315400104,1357.85887845399,69.74935308602039
2013/14,2013,2014-03-30,Fulham,Everton,A Taylor,1,3,7,4,1,2,0,0,full,0,0,,0,1,0.3571428571428571,-3,0,0,3,1388.0785214113596,1606.5157335289696,-218.43721211761
2013/14,2013,2014-03-30,Liverpool,Tottenham,P Dowd,4,0,9,9,0,2,0,0,full,0,0,,0,2,0.2222222222222222,0,0,0,3,1638.734857371858,1607.3244510503341,31.41040632152385
2013/14,2013,2014-03-31,Sunderland,West Ham,H Webb,1,2,11,14,2,4,0,0,full,0,0,,0,2,0.1038961038961038,3,0,0,3,1400.4472897934686,1430.5340981276413,-30.0868083341727
2013/14,2013,2014-04-05,Aston Villa,Fulham,M Oliver,1,2,10,13,3,2,0,0,full,0,0,,0,-1,-0.1461538461538461,3,0,0,3,1431.9282438093012,1382.3468614208425,49.58138238845868
2013/14,2013,2014-04-05,Cardiff,Crystal Palace,P Dowd,0,3,5,13,2,4,0,0,full,0,0,,0,2,-0.0923076923076923,8,0,0,3,1361.4289237393311,1396.849851513516,-35.42092777418475
2013/14,2013,2014-04-05,Chelsea,Stoke,L Probert,3,0,8,18,0,0,0,0,full,0,0,,0,0,0.0,10,0,0,3,1665.6640255616583,1473.8439432296232,191.8200823320351
2013/14,2013,2014-04-05,Hull,Swansea,H Webb,1,0,6,18,0,2,0,0,full,0,0,,0,2,0.1111111111111111,12,0,0,3,1385.0100613988855,1434.4437898598349,-49.433728460949396
2013/14,2013,2014-04-05,Man City,Southampton,C Foy,4,1,9,15,3,0,0,0,full,0,0,,0,-3,-0.3333333333333333,6,0,0,3,1700.4873079792706,1488.8510675524653,211.63624042680522
2013/14,2013,2014-04-05,Newcastle,Man United,K Friend,0,4,16,6,1,0,0,0,full,0,0,,0,-1,-0.0625,-10,0,0,3,1470.4181848353767,1634.7974726602395,-164.37928782486279
2013/14,2013,2014-04-05,Norwich,West Brom,M Clattenburg,0,1,10,11,1,0,0,0,full,0,0,,0,-1,-0.1,1,0,0,3,1417.4983310263178,1424.0381862546692,-6.539855228351371
2013/14,2013,2014-04-06,Everton,Arsenal,M Atkinson,3,0,6,5,1,2,0,0,full,0,0,,0,1,0.2333333333333333,-1,0,0,3,1612.2473935194866,1643.10565929588,-30.85826577639341
2013/14,2013,2014-04-06,West Ham,Liverpool,A Taylor,1,2,10,9,4,0,0,0,full,0,0,,0,-4,-0.4,-1,0,0,3,1441.3929479064925,1646.162926841393,-204.76997893490056
2013/14,2013,2014-04-07,Tottenham,Sunderland,L Mason,5,1,12,8,0,2,0,0,full,0,0,,0,2,0.25,-4,0,0,3,1599.896381580799,1389.5884400146174,210.30794156618163
2013/14,2013,2014-04-12,Crystal Palace,Aston Villa,H Webb,1,0,7,12,0,2,0,0,full,0,0,,0,2,0.1666666666666666,5,0,0,3,1407.5561162466736,1418.8748218705227,-11.318705623849155
2013/14,2013,2014-04-12,Fulham,Norwich,M Dean,1,0,10,12,1,3,0,0,full,0,0,,0,2,0.15,2,0,0,3,1395.400283359621,1405.97165402352,-10.57137066389896
2013/14,2013,2014-04-12,Southampton,Cardiff,J Moss,0,1,9,7,0,0,0,0,full,0,0,,0,0,0.0,-2,0,0,3,1485.3886369434333,1350.7226590061734,134.66597793725987
2013/14,2013,2014-04-12,Stoke,Newcastle,M Jones,1,0,12,11,1,1,0,0,full,0,0,,0,0,0.0075757575757575,-1,0,0,3,1470.042658748695,1463.3352248806589,6.707433868036105
2013/14,2013,2014-04-12,Sunderland,Everton,L Probert,0,1,17,15,3,1,0,0,full,0,0,,0,-2,-0.1098039215686274,-2,0,0,3,1386.104063223508,1621.41058845422,-235.30652523071194
2013/14,2013,2014-04-12,West Brom,Tottenham,N Swarbrick,3,3,11,8,4,2,0,0,full,0,0,,0,-2,-0.1136363636363636,-3,0,0,3,1435.564863257467,1603.3807583719083,-167.81589511444122
2013/14,2013,2014-04-13,Liverpool,Man City,M Clattenburg,3,2,7,9,1,3,1,0,full,0,0,,0,2,0.1904761904761904,2,-1,0,3,1652.2216159184961,1703.9497385883026,-51.72812266980645
2013/14,2013,2014-04-13,Swansea,Chelsea,P Dowd,0,1,8,13,0,2,1,0,full,0,0,,0,2,0.1538461538461538,5,-1,0,3,1424.7478178754218,1669.4653100425865,-244.71749216716466
2013/14,2013,2014-04-15,Arsenal,West Ham,K Friend,3,1,14,12,2,2,0,0,full,0,0,,0,0,0.0238095238095238,-2,0,0,3,1633.9424643611467,1435.3342588293895,198.60820553175722
2013/14,2013,2014-04-16,Everton,Crystal Palace,A Marriner,2,3,6,10,1,2,0,0,full,0,0,,0,1,0.0333333333333333,4,0,0,3,1626.7535307570788,1416.1640539497112,210.58947680736765
2013/14,2013,2014-04-16,Man City,Sunderland,M Atkinson,2,2,14,10,1,2,0,0,full,0,0,,0,1,0.1285714285714286,-4,0,0,3,1694.187777381355,1380.7611209206493,313.4266564607058
2013/14,2013,2014-04-19,Aston Villa,Southampton,L Mason,0,0,11,11,0,2,0,0,full,0,0,,0,2,0.1818181818181818,0,0,0,3,1410.2668841674852,1470.3066836308678,-60.03979946338268
2013/14,2013,2014-04-19,Cardiff,Stoke,H Webb,1,1,6,12,2,3,0,0,full,0,0,,0,1,-0.0833333333333333,6,0,0,3,1365.804612318739,1478.145914440089,-112.34130212135005
2013/14,2013,2014-04-19,Chelsea,Sunderland,M Dean,1,2,11,14,1,2,0,0,full,0,0,,0,1,0.0519480519480519,3,0,0,3,1674.5988226810168,1388.6737798623437,285.9250428186731
2013/14,2013,2014-04-19,Newcastle,Swansea,C Foy,1,2,6,9,2,0,0,0,full,0,0,,0,-2,-0.3333333333333333,3,0,0,3,1455.2319691892649,1419.6143052369914,35.61766395227346
2013/14,2013,2014-04-19,Tottenham,Fulham,L Probert,3,1,8,11,0,1,0,0,full,0,0,,0,1,0.0909090909090909,3,0,0,3,1600.373484787256,1403.9871342094511,196.38635057780493
2013/14,2013,2014-04-19,West Ham,Crystal Palace,M Atkinson,0,1,7,16,1,1,0,0,full,0,0,,0,0,-0.0803571428571428,9,0,0,3,1431.6518255738517,1432.684337837834,-1.0325122639821984
2013/14,2013,2014-04-20,Everton,Man United,M Clattenburg,2,0,9,8,2,2,0,0,full,0,0,,0,0,0.0277777777777777,-1,0,0,3,1610.233246868956,1641.8804326149573,-31.64718574600124
2013/14,2013,2014-04-20,Hull,Arsenal,J Moss,0,3,10,7,1,1,0,0,full,0,0,,0,0,0.0428571428571428,-3,0,0,3,1394.7060333832985,1637.6248976166844,-242.91886423338588
2013/14,2013,2014-04-20,Norwich,Liverpool,A Marriner,2,3,16,10,3,2,0,0,full,0,0,,0,-1,0.0125,-6,0,0,3,1397.3848031736898,1661.9835771254436,-264.59877395175386
2013/14,2013,2014-04-21,Man City,West Brom,P Dowd,3,1,9,7,1,1,0,0,full,0,0,,0,0,0.0317460317460317,-2,0,0,3,1686.2751184396607,1438.5721368421193,247.70298159754134
2013/14,2013,2014-04-26,Fulham,Hull,L Mason,2,2,8,7,1,3,0,0,full,0,0,,0,2,0.3035714285714285,-1,0,0,3,1400.2661190294132,1389.5329128597796,10.733206169633604
2013/14,2013,2014-04-26,Man United,Norwich,L Probert,4,0,13,9,1,1,0,0,full,0,0,,0,0,0.0341880341880341,-4,0,0,3,1632.6946854954672,1392.6757180938362,240.01896740163102
2013/14,2013,2014-04-26,Southampton,Everton,M Oliver,2,0,13,12,0,2,0,0,full,0,0,,0,2,0.1666666666666666,-1,0,0,3,1470.3055381102342,1619.4189939884461,-149.11345587821188
2013/14,2013,2014-04-26,Stoke,Tottenham,A Marriner,0,1,11,6,1,2,1,0,full,0,0,,0,1,0.2424242424242424,-5,-1,0,3,1476.6507051129254,1604.094499967294,-127.44379485436866
2013/14,2013,2014-04-26,Swansea,Aston Villa,M Clattenburg,4,1,9,12,1,3,0,0,full,0,0,,0,2,0.1388888888888889,3,0,0,3,1432.2989635804365,1410.2680296881188,22.030933892317762
2013/14,2013,2014-04-26,West Brom,West Ham,M Dean,1,0,14,8,0,1,0,0,full,0,0,,0,1,0.125,-6,0,0,3,1435.6644742833819,1419.9707157151392,15.693758568242629
2013/14,2013,2014-04-27,Crystal Palace,Man City,H Webb,0,2,9,10,3,1,0,0,full,0,0,,0,-2,-0.2333333333333333,1,0,0,3,1444.3654476965464,1689.1827809983981,-244.8173333018517
2013/14,2013,2014-04-27,Liverpool,Chelsea,M Atkinson,0,2,9,7,0,4,0,0,full,0,0,,0,4,0.5714285714285714,-2,0,0,3,1666.6926622052972,1657.0012008541887,9.6914613511085
2013/14,2013,2014-04-27,Sunderland,Cardiff,P Dowd,4,0,10,11,5,3,0,1,full,0,0,,0,-2,-0.2272727272727273,1,1,0,3,1406.2714016891719,1367.2998216459025,38.97158004326934
2013/14,2013,2014-04-28,Arsenal,Newcastle,N Swarbrick,3,0,9,8,3,2,0,0,full,0,0,,0,-1,-0.0833333333333333,-1,0,0,3,1642.7980181402033,1442.5473108458198,200.25070729438357
2013/14,2013,2014-05-03,Aston Villa,Hull,M Dean,3,1,14,9,0,0,0,0,full,0,0,,0,0,0.0,-5,0,0,3,1402.5861542948735,1391.5411096521611,11.045044642712355
2013/14,2013,2014-05-03,Everton,Man City,L Probert,2,3,3,9,0,3,0,0,full,0,0,,0,3,0.3333333333333333,6,0,0,3,1606.9089060945105,1694.3141008446714,-87.40519475016094
2013/14,2013,2014-05-03,Man United,Sunderland,H Webb,0,1,11,12,2,1,0,0,full,0,0,,0,-1,-0.0984848484848485,1,0,0,3,1635.713996733004,1413.4974017368,222.2165949962041
2013/14,2013,2014-05-03,Newcastle,Cardiff,M Atkinson,3,0,9,6,1,0,0,0,full,0,0,,0,-1,-0.1111111111111111,-3,0,0,3,1438.893199560273,1360.0738215982747,78.81937796199827
2013/14,2013,2014-05-03,Stoke,Fulham,C Foy,4,1,9,13,0,2,0,0,full,0,0,,0,2,0.1538461538461538,4,0,0,3,1468.5678728637963,1398.2579222370316,70.3099506267647
2013/14,2013,2014-05-03,Swansea,Southampton,A Taylor,0,1,11,5,1,1,0,0,full,0,0,,0,0,0.1090909090909091,-6,0,0,3,1439.9808389736818,1482.8156260041699,-42.83478703048809
2013/14,2013,2014-05-03,West Ham,Tottenham,P Dowd,2,0,10,16,0,4,0,1,full,0,0,,0,4,0.25,6,1,0,3,1412.1155297318335,1612.177332216423,-200.06180248458963
2013/14,2013,2014-05-04,Arsenal,West Brom,M Jones,1,0,9,6,2,2,0,0,full,0,0,,0,0,0.1111111111111111,-3,0,0,3,1646.4521294257502,1443.5196602666877,202.93246915906252
2013/14,2013,2014-05-04,Chelsea,Norwich,N Swarbrick,0,0,9,17,1,3,0,0,full,0,0,,0,2,0.065359477124183,8,0,0,3,1668.980605774196,1389.6564068562993,279.32419891789664
2013/14,2013,2014-05-05,Crystal Palace,Liverpool,M Clattenburg,3,3,7,12,2,3,0,0,full,0,0,,0,1,-0.0357142857142857,5,0,0,3,1439.2341278502731,1654.71325728529,-215.47912943501683
2013/14,2013,2014-05-06,Man United,Hull,C Pawson,3,1,13,9,1,1,0,0,full,0,0,,0,0,0.0341880341880341,-4,0,0,3,1619.0055101313258,1383.5579183565956,235.4475917747302
2013/14,2013,2014-05-07,Man City,Aston Villa,M Oliver,4,0,8,9,1,2,0,0,full,0,0,,0,1,0.0972222222222222,1,0,0,3,1703.5269477639551,1410.569345590439,292.9576021735161
2013/14,2013,2014-05-07,Sunderland,West Brom,L Mason,2,0,14,12,0,0,0,0,full,0,0,,0,0,0.0,-2,0,0,3,1430.2058883384782,1439.911427095518,-9.705538757039903
2013/14,2013,2014-05-11,Cardiff,Chelsea,M Oliver,1,2,7,9,1,2,0,0,full,0,0,,0,1,0.0793650793650793,2,0,0,3,1353.8694968894647,1661.4644697649892,-307.5949728755245
2013/14,2013,2014-05-11,Fulham,Crystal Palace,K Friend,2,2,11,15,3,1,0,0,full,0,0,,0,-2,-0.206060606060606,4,0,0,3,1391.842038219882,1443.4325866385689,-51.59054841868692
2013/14,2013,2014-05-11,Hull,Everton,H Webb,0,2,8,8,0,1,0,0,full,0,0,,0,1,0.125,0,0,0,3,1380.470527384603,1597.6960591752268,-217.2255317906238
2013/14,2013,2014-05-11,Liverpool,Newcastle,P Dowd,2,1,8,16,1,3,0,2,full,0,0,,0,2,0.0625,8,2,0,3,1650.5147984969942,1445.097524269083,205.41727422791132
2013/14,2013,2014-05-11,Man City,West Ham,M Atkinson,2,0,7,9,2,2,0,0,full,0,0,,0,0,-0.0634920634920634,2,0,0,3,1705.8450607774269,1425.9417712807208,279.90328949670607
2013/14,2013,2014-05-11,Norwich,Arsenal,L Mason,0,2,6,5,1,0,0,0,full,0,0,,0,-1,-0.1666666666666666,-1,0,0,3,1397.172542865506,1650.0603625969197,-252.88781973141363
2013/14,2013,2014-05-11,Southampton,Man United,M Dean,1,1,16,5,3,2,0,0,full,0,0,,0,-1,0.2125,-11,0,0,3,1493.3092789609616,1622.0929011033184,-128.78362214235676
2013/14,2013,2014-05-11,Sunderland,Swansea,C Foy,1,3,14,15,2,3,0,0,full,0,0,,0,1,0.0571428571428571,1,0,0,3,1438.7683248541516,1429.48718601689,9.281138837261551
2013/14,2013,2014-05-11,Tottenham,Aston Villa,J Moss,3,0,11,11,1,0,0,0,full,0,0,,0,-1,-0.0909090909090909,0,0,0,3,1598.3510906675358,1408.2512325769674,190.09985809056843
2013/14,2013,2014-05-11,West Brom,Stoke,L Probert,1,2,4,7,0,0,0,0,full,0,0,,0,0,0.0,3,0,0,3,1431.3489905798447,1474.983756880946,-43.63476630110131
2014/15,2014,2014-08-16,Arsenal,Crystal Palace,J Moss,2,1,13,19,2,2,0,1,full,0,0,,0,0,-0.048582995951417,6,1,0,4,1655.0164697041087,1443.6745828556943,211.34188684841433
2014/15,2014,2014-08-16,Leicester,Everton,M Jones,2,2,16,10,1,1,0,0,full,0,0,,0,0,0.0375,-6,0,0,4,1377.936414548892,1603.4562827582752,-225.51986820938328
2014/15,2014,2014-08-16,Man United,Swansea,M Dean,1,2,14,20,2,4,0,0,full,0,0,,0,2,0.0571428571428571,6,0,0,4,1620.1386150572043,1441.4552409798207,178.68337407738363
2014/15,2014,2014-08-16,QPR,Hull,C Pawson,0,1,10,10,1,2,0,0,full,0,0,,0,1,0.1,0,0,0,4,1377.936414548892,1374.7103038015546,3.226110747337316
2014/15,2014,2014-08-16,Stoke,Aston Villa,A Taylor,0,1,14,9,0,3,0,0,full,0,0,,0,3,0.3333333333333333,-5,0,0,4,1485.4544381239555,1404.419366995986,81.03507112796956
2014/15,2014,2014-08-16,West Brom,Sunderland,N Swarbrick,2,2,18,9,3,1,0,0,full,0,0,,0,-2,-0.0555555555555555,-9,0,0,4,1420.8783093368352,1426.800269891221,-5.921960554385805
2014/15,2014,2014-08-16,West Ham,Tottenham,C Foy,0,1,12,10,1,0,1,1,full,0,0,,0,-1,-0.0833333333333333,-2,0,0,4,1423.4651498848323,1602.1829562485173,-178.71780636368499
2014/15,2014,2014-08-17,Liverpool,Southampton,M Clattenburg,2,1,8,11,1,2,0,0,full,0,0,,0,1,0.0568181818181818,3,0,0,4,1654.0809250604052,1495.2635650070756,158.8173600533296
2014/15,2014,2014-08-17,Newcastle,Man City,M Atkinson,0,2,8,11,1,5,0,0,full,0,0,,0,4,0.3295454545454545,3,0,0,4,1441.531397705672,1708.3216821733154,-266.79028446764346
2014/15,2014,2014-08-18,Burnley,Chelsea,M Oliver,1,3,6,7,1,1,0,0,full,0,0,,0,0,-0.0238095238095238,1,0,0,4,1377.936414548892,1665.341200768852,-287.4047862199602
2014/15,2014,2014-08-23,Aston Villa,Newcastle,M Dean,0,0,11,8,4,0,0,1,full,0,0,,0,-4,-0.3636363636363636,-3,1,0,4,1418.2694946767756,1436.867580130503,-18.598085453727435
2014/15,2014,2014-08-23,Chelsea,Leicester,L Mason,2,0,11,11,0,1,0,0,full,0,0,,0,1,0.0909090909090909,0,0,0,4,1669.5941273599854,1382.3700091511473,287.22411820883804
2014/15,2014,2014-08-23,Crystal Palace,West Ham,M Clattenburg,1,3,14,11,1,3,0,0,full,0,0,,0,2,0.2012987012987012,-3,0,0,4,1440.2072983750288,1416.75506831661,23.452230058418763
2014/15,2014,2014-08-23,Everton,Arsenal,K Friend,2,2,10,18,1,4,0,0,full,0,0,,0,3,0.1222222222222222,8,0,0,4,1599.0226881560197,1658.4837541847742,-59.46106602875443
2014/15,2014,2014-08-23,Southampton,West Brom,R East,0,0,14,15,1,2,0,0,full,0,0,,0,1,0.0619047619047619,1,0,0,4,1490.842757990037,1419.3342671383618,71.5084908516751
2014/15,2014,2014-08-23,Swansea,Burnley,C Pawson,1,0,14,13,2,1,0,0,full,0,0,,0,-1,-0.0659340659340659,-1,0,0,4,1457.4156634505957,1373.6834879577586,83.73217549283709
2014/15,2014,2014-08-24,Hull,Stoke,J Moss,1,1,10,10,1,3,1,0,full,0,0,,0,2,0.1999999999999999,0,-1,0,4,1386.5102717402817,1471.6043104431658,-85.09403870288406
2014/15,2014,2014-08-24,Sunderland,Man United,M Atkinson,1,1,10,15,0,2,0,0,full,0,0,,0,2,0.1333333333333333,5,0,0,4,1428.3443120896943,1604.1781925864293,-175.833880496735
2014/15,2014,2014-08-24,Tottenham,QPR,A Taylor,4,0,12,6,0,1,0,0,full,0,0,,0,1,0.1666666666666666,-6,0,0,4,1608.8930378167395,1366.1364466101647,242.75659120657474
2014/15,2014,2014-08-25,Man City,Liverpool,M Oliver,3,1,13,7,1,1,0,0,full,0,0,,0,0,0.0659340659340659,-6,0,0,4,1712.9854997484842,1658.5017320774439,54.48376767104037
2014/15,2014,2014-08-30,Burnley,Man United,C Foy,0,0,10,14,2,2,0,0,full,0,0,,0,0,-0.0571428571428571,4,0,0,4,1367.599538878484,1600.9624969856275,-233.3629581071434
2014/15,2014,2014-08-30,Everton,Chelsea,J Moss,3,6,7,16,1,3,0,0,full,0,0,,0,2,0.0446428571428571,9,0,0,4,1599.0071764018571,1671.9807431671907,-72.97356676533354
2014/15,2014,2014-08-30,Man City,Stoke,L Mason,0,1,14,5,2,1,0,0,full,0,0,,0,-1,0.0571428571428571,-9,0,0,4,1719.8046886042466,1470.8832992710593,248.92138933318734
2014/15,2014,2014-08-30,Newcastle,Crystal Palace,M Jones,3,3,12,19,1,3,0,0,full,0,0,,0,2,0.0745614035087719,7,0,0,4,1438.053614382624,1427.8505007498857,10.203113632738223
2014/15,2014,2014-08-30,QPR,Sunderland,R Madley,1,0,8,9,1,2,0,0,full,0,0,,0,1,0.0972222222222222,1,0,0,4,1363.1573118124984,1431.5600076904961,-68.40269587799776
2014/15,2014,2014-08-30,Swansea,West Brom,P Tierney,3,0,10,8,1,2,0,0,full,0,0,,0,1,0.15,-2,0,0,4,1463.4996125298703,1422.9484112209009,40.55120130896944
2014/15,2014,2014-08-30,West Ham,Southampton,M Dean,1,3,11,13,2,1,0,0,full,0,0,,0,-1,-0.1048951048951049,2,0,0,4,1429.1118659417532,1487.228613907498,-58.11674796574471
2014/15,2014,2014-08-31,Aston Villa,Hull,M Clattenburg,2,1,9,10,1,4,0,0,full,0,0,,0,3,0.2888888888888889,1,0,0,4,1417.0834604246547,1387.2312829123882,29.852177512266508
2014/15,2014,2014-08-31,Leicester,Arsenal,A Taylor,1,1,14,6,3,1,0,0,full,0,0,,0,-2,-0.0476190476190476,-8,0,0,4,1379.983393343942,1658.4992659389368,-278.5158725949948
2014/15,2014,2014-08-31,Tottenham,Liverpool,P Dowd,0,3,14,11,0,4,0,0,full,0,0,,0,4,0.3636363636363636,-3,0,0,4,1611.8721726144058,1651.6825432216815,-39.81037060727567
2014/15,2014,2014-09-13,Arsenal,Man City,M Clattenburg,2,2,11,15,3,4,0,0,full,0,0,,0,1,-0.006060606060606,4,0,0,4,1652.9260522741663,1702.6949658222402,-49.7689135480739
2014/15,2014,2014-09-13,Chelsea,Swansea,K Friend,4,2,12,11,0,3,0,0,full,0,0,,0,3,0.2727272727272727,-1,0,0,4,1681.6075073562463,1470.6836991510006,210.92380820524568
2014/15,2014,2014-09-13,Crystal Palace,Burnley,M Dean,0,0,12,10,2,3,0,0,full,0,0,,0,1,0.1333333333333333,-2,0,0,4,1429.844051080613,1372.212674700278,57.63137638033504
2014/15,2014,2014-09-13,Liverpool,Aston Villa,L Mason,0,1,9,10,2,1,0,0,full,0,0,,0,-1,-0.1222222222222222,1,0,0,4,1662.2629942547967,1424.5534606983445,237.70953355645224
2014/15,2014,2014-09-13,Southampton,Newcastle,C Foy,4,0,15,7,0,2,0,0,full,0,0,,0,2,0.2857142857142857,-8,0,0,4,1497.282817727398,1436.0600640518965,61.22275367550151
2014/15,2014,2014-09-13,Stoke,Leicester,M Oliver,0,1,8,15,3,0,0,0,full,0,0,,0,-3,-0.375,7,0,0,4,1487.9930220530657,1385.5566070087125,102.43641504435323
2014/15,2014,2014-09-13,Sunderland,Tottenham,C Pawson,2,2,10,13,5,1,0,0,full,0,0,,0,-4,-0.4230769230769231,3,0,0,4,1421.3182058043628,1601.2917215812906,-179.9735157769278
2014/15,2014,2014-09-13,West Brom,Everton,A Taylor,0,2,12,8,2,3,0,0,full,0,0,,0,1,0.2083333333333333,-4,0,0,4,1415.7643245997706,1589.3804122128015,-173.6160876130309
2014/15,2014,2014-09-14,Man United,QPR,P Dowd,4,0,11,8,1,0,0,0,full,0,0,,0,-1,-0.0909090909090909,-3,0,0,4,1596.3493611638335,1373.3991136986317,222.95024746520176
2014/15,2014,2014-09-15,Hull,West Ham,M Atkinson,2,2,12,7,3,1,0,0,full,0,0,,0,-2,-0.1071428571428571,-5,0,0,4,1379.7612826386985,1419.0576621218531,-39.296379483154624
2014/15,2014,2014-09-20,Aston Villa,Arsenal,M Jones,0,3,11,9,1,3,0,0,full,0,0,,0,2,0.2424242424242424,-2,0,0,4,1441.4999115026437,1652.6316630232277,-211.13175152058398
2014/15,2014,2014-09-20,Burnley,Sunderland,A Taylor,0,0,14,14,1,2,0,0,full,0,0,,0,1,0.0714285714285714,0,0,0,4,1375.474679062542,1424.6403161640778,-49.16563710153582
2014/15,2014,2014-09-20,Newcastle,Hull,N Swarbrick,2,2,11,11,4,2,0,0,full,0,0,,0,-2,-0.1818181818181818,0,0,0,4,1429.414123818065,1379.1660888725141,50.2480349455509
2014/15,2014,2014-09-20,QPR,Stoke,M Atkinson,2,2,6,15,2,4,0,0,full,0,0,,0,2,-0.0666666666666666,9,0,0,4,1370.1191969731622,1473.6310109897167,-103.51181401655458
2014/15,2014,2014-09-20,Swansea,Southampton,J Moss,0,1,11,15,0,4,1,0,full,0,0,,0,4,0.2666666666666666,4,-1,0,4,1467.2095113396704,1503.9287579612294,-36.71924662155902
2014/15,2014,2014-09-20,West Ham,Liverpool,C Pawson,3,1,16,11,4,1,0,0,full,0,0,,0,-3,-0.1590909090909091,-5,0,0,4,1419.6528558880375,1645.3165434504974,-225.66368756245993
2014/15,2014,2014-09-21,Everton,Crystal Palace,M Oliver,2,3,8,13,2,2,0,0,full,0,0,,0,0,-0.0961538461538461,5,0,0,4,1596.2220659638135,1426.5820467183491,169.64001924546437
2014/15,2014,2014-09-21,Leicester,Man United,M Clattenburg,5,3,11,9,1,1,0,1,full,0,0,,0,0,0.0202020202020201,-2,1,0,4,1399.9186180720615,1599.629277889303,-199.71065981724155
2014/15,2014,2014-09-21,Man City,Chelsea,M Dean,1,1,16,12,3,4,1,0,full,0,0,,0,1,0.1458333333333333,-4,-1,0,4,1702.9893550731788,1685.0816951675765,17.90765990560226
2014/15,2014,2014-09-21,Tottenham,West Brom,K Friend,0,1,12,7,2,2,0,0,full,0,0,,0,0,0.119047619047619,-5,0,0,4,1597.9696112215756,1408.9226708487586,189.04694037281706
2014/15,2014,2014-09-27,Arsenal,Tottenham,M Oliver,1,1,7,16,3,6,0,0,full,0,0,,0,3,-0.0535714285714285,9,0,0,4,1658.5368144198064,1581.8202873553055,76.71652706450095
2014/15,2014,2014-09-27,Chelsea,Aston Villa,P Dowd,3,0,11,9,2,2,0,0,full,0,0,,0,0,0.0404040404040403,-2,0,0,4,1687.287215278173,1435.594760106065,251.6924551721081
2014/15,2014,2014-09-27,Crystal Palace,Leicester,K Stroud,2,0,14,9,0,2,0,0,full,0,0,,0,2,0.2222222222222222,-5,0,0,4,1442.3720468250444,1413.7362292212783,28.6358176037661
2014/15,2014,2014-09-27,Hull,Man City,A Taylor,2,4,10,6,0,2,0,0,full,0,0,,0,2,0.3333333333333333,-4,0,0,4,1382.236899452368,1700.7838349625822,-318.5469355102141
2014/15,2014,2014-09-27,Liverpool,Everton,M Atkinson,1,1,8,9,2,1,0,0,full,0,0,,0,-1,-0.1388888888888889,1,0,0,4,1630.879623687487,1580.4320658571182,50.44755783036885
2014/15,2014,2014-09-27,Man United,West Ham,L Mason,2,1,10,12,1,3,1,0,full,0,0,,0,2,0.15,2,-1,0,4,1585.8116667400861,1434.0897756510478,151.7218910890383
2014/15,2014,2014-09-27,Southampton,QPR,M Clattenburg,2,1,12,11,2,1,0,0,full,0,0,,0,-1,-0.0757575757575757,-1,0,0,4,1514.5978308298445,1371.3650609416786,143.23276988816588
2014/15,2014,2014-09-27,Sunderland,Swansea,C Foy,0,0,13,15,2,1,0,1,full,0,0,,0,-1,-0.0871794871794871,2,1,0,4,1424.9520531544808,1456.5404384710553,-31.58838531657443
2014/15,2014,2014-09-28,West Brom,Burnley,J Moss,4,0,7,9,1,2,0,0,full,0,0,,0,1,0.0793650793650793,2,0,0,4,1425.0719947150287,1375.162942072139,49.90905264288972
2014/15,2014,2014-09-29,Stoke,Newcastle,C Pawson,1,0,20,15,1,2,0,0,full,0,0,,0,1,0.0833333333333333,-5,0,0,4,1472.3851470212003,1426.343313238211,46.041833782989215
2014/15,2014,2014-10-04,Aston Villa,Man City,C Foy,0,2,4,6,0,1,0,0,full,0,0,,0,1,0.1666666666666666,2,0,0,4,1432.7437013113415,1704.4673279900185,-271.72362667867696
2014/15,2014,2014-10-04,Hull,Crystal Palace,M Dean,2,0,6,14,1,2,0,0,full,0,0,,0,1,-0.0238095238095238,8,0,0,4,1378.5534064249318,1449.8748447351063,-71.32143831017447
2014/15,2014,2014-10-04,Leicester,Burnley,P Dowd,2,2,16,12,2,2,0,0,full,0,0,,0,0,0.0416666666666666,-4,0,0,4,1406.2334313112165,1368.2249133558928,38.00851795532367
2014/15,2014,2014-10-04,Liverpool,West Brom,M Oliver,2,1,12,15,2,2,0,0,full,0,0,,0,0,-0.0333333333333333,3,0,0,4,1627.8036128274468,1432.010023431275,195.7935893961719
2014/15,2014,2014-10-04,Sunderland,Stoke,N Swarbrick,3,1,10,17,3,4,0,0,full,0,0,,0,1,-0.0647058823529411,7,0,0,4,1424.1361191055764,1479.424388194135,-55.288269088558536
2014/15,2014,2014-10-04,Swansea,Newcastle,L Mason,2,2,11,15,1,3,0,0,full,0,0,,0,2,0.1090909090909091,4,0,0,4,1457.3563725199597,1419.3040720652764,38.05230045468329
2014/15,2014,2014-10-05,Chelsea,Arsenal,M Atkinson,2,0,14,10,4,3,0,0,full,0,0,,0,-1,0.0142857142857142,-4,0,0,4,1690.1382740728966,1654.7930627787007,35.345211294195906
2014/15,2014,2014-10-05,Man United,Everton,K Friend,2,1,18,11,4,3,0,0,full,0,0,,0,-1,0.0505050505050505,-7,0,0,4,1590.3747292463959,1583.5080767171585,6.866652529237399
2014/15,2014,2014-10-05,Tottenham,Southampton,M Jones,1,0,15,9,2,1,0,0,full,0,0,,0,-1,-0.0222222222222222,-6,0,0,4,1585.5640389964112,1519.335285288535,66.2287537078762
2014/15,2014,2014-10-05,West Ham,QPR,A Taylor,2,0,10,11,2,2,0,0,full,0,0,,0,0,-0.0181818181818181,1,0,0,4,1429.526713144738,1366.627606482988,62.89910666175001
2014/15,2014,2014-10-18,Arsenal,Hull,R East,2,2,9,13,2,2,0,0,full,0,0,,0,0,-0.0683760683760683,4,0,0,4,1647.4704429639626,1388.8791483275716,258.591294636391
2014/15,2014,2014-10-18,Burnley,West Ham,K Friend,1,3,3,10,0,1,0,0,full,0,0,,0,1,0.1,7,0,0,4,1370.9733075397046,1436.1299014903402,-65.15659395063562
2014/15,2014,2014-10-18,Crystal Palace,Chelsea,C Pawson,1,2,13,7,1,1,1,1,full,0,0,,0,0,0.0659340659340659,-6,0,0,4,1439.5491028324666,1697.4608938876347,-257.9117910551681
2014/15,2014,2014-10-18,Everton,Aston Villa,A Taylor,3,0,11,16,2,2,0,0,full,0,0,,0,0,-0.0568181818181818,5,0,0,4,1575.4092384545984,1428.1806739925903,147.22856446200808
2014/15,2014,2014-10-18,Man City,Tottenham,J Moss,4,1,11,9,1,2,0,1,full,0,0,,0,1,0.1313131313131313,-2,1,0,4,1709.0303553087697,1592.0827278090487,116.94762749972097
2014/15,2014,2014-10-18,Newcastle,Leicester,M Atkinson,1,0,13,15,0,3,0,0,full,0,0,,0,3,0.2,2,0,0,4,1422.0536311819067,1403.4850371274047,18.568594054502
2014/15,2014,2014-10-18,Southampton,Sunderland,A Marriner,8,0,11,8,1,3,0,0,full,0,0,,0,2,0.284090909090909,-3,0,0,4,1512.8165964758975,1434.0005129017352,78.81608357416235
2014/15,2014,2014-10-19,QPR,Liverpool,P Dowd,2,3,10,15,2,3,0,0,full,0,0,,0,1,0.0,5,0,0,4,1360.024418137386,1631.5349736933306,-271.5105555559446
2014/15,2014,2014-10-19,Stoke,Swansea,M Oliver,2,1,17,7,4,1,0,0,full,0,0,,0,-3,-0.0924369747899159,-10,0,0,4,1469.5599943979762,1454.6068134033294,14.9531809946468
2014/15,2014,2014-10-20,West Brom,Man United,M Dean,2,2,6,8,1,2,0,0,full,0,0,,0,1,0.0833333333333333,2,0,0,4,1428.2786625653912,1598.473567508956,-170.19490494356478
2014/15,2014,2014-10-25,Liverpool,Hull,N Swarbrick,0,0,12,17,3,2,0,0,full,0,0,,0,-1,-0.1323529411764706,5,0,0,4,1636.1023222708911,1396.1238017493697,239.97852052152143
2014/15,2014,2014-10-25,Southampton,Stoke,J Moss,1,0,10,12,0,2,0,0,full,0,0,,0,2,0.1666666666666666,2,0,0,4,1519.0210023442282,1477.4355246243595,41.58547771986878
2014/15,2014,2014-10-25,Sunderland,Arsenal,K Friend,0,2,11,9,3,3,0,0,full,0,0,,0,0,0.0606060606060606,-2,0,0,4,1427.7961070334045,1640.2257895421644,-212.42968250875992
2014/15,2014,2014-10-25,Swansea,Leicester,M Jones,2,0,7,10,0,0,0,0,full,0,0,,0,0,0.0,3,0,0,4,1446.7312831769461,1395.708647490398,51.02263568654803
2014/15,2014,2014-10-25,West Brom,Crystal Palace,M Clattenburg,2,2,14,8,3,1,0,0,full,0,0,,0,-2,-0.0892857142857142,-6,0,0,4,1431.3480880779343,1434.7000213248232,-3.351933246888848
2014/15,2014,2014-10-25,West Ham,Man City,M Atkinson,2,1,12,14,2,1,0,0,full,0,0,,0,-1,-0.0952380952380952,2,0,0,4,1445.9814936828093,1714.336388710324,-268.35489502751466
2014/15,2014,2014-10-26,Burnley,Everton,A Marriner,1,3,12,7,4,2,0,0,full,0,0,,0,-2,-0.0476190476190476,-5,0,0,4,1361.1217153472355,1580.0640394112609,-218.94232406402534
2014/15,2014,2014-10-26,Man United,Chelsea,P Dowd,1,1,13,14,3,5,0,1,full,0,0,,0,2,0.1263736263736263,1,1,0,4,1595.4041419964128,1702.3099753952781,-106.9058333988653
2014/15,2014,2014-10-26,Tottenham,Newcastle,A Taylor,1,2,9,12,2,4,0,0,full,0,0,,0,2,0.1111111111111111,3,0,0,4,1586.7766944074945,1429.8300208189132,156.94667358858123
2014/15,2014,2014-10-27,QPR,Aston Villa,L Mason,2,0,11,14,0,2,0,0,full,0,0,,0,2,0.1428571428571428,3,0,0,4,1355.4570695598254,1423.5258730359278,-68.0688034761024
2014/15,2014,2014-11-01,Arsenal,Burnley,C Pawson,3,0,5,9,0,1,0,0,full,0,0,,0,1,0.1111111111111111,4,0,0,4,1646.0998951361598,1355.4019375740183,290.6979575621415
2014/15,2014,2014-11-01,Chelsea,QPR,M Jones,2,1,8,12,0,0,0,0,full,0,0,,0,0,0.0,4,0,0,4,1700.9680599382416,1365.6892666487859,335.27879328945573
2014/15,2014,2014-11-01,Everton,Swansea,K Friend,0,0,10,15,2,3,0,1,full,0,0,,0,1,0.0,5,1,0,4,1585.783817184478,1453.6402940164148,132.1435231680632
2014/15,2014,2014-11-01,Hull,Southampton,M Atkinson,0,1,6,9,1,0,0,0,full,0,0,,0,-1,-0.1666666666666666,3,0,0,4,1403.1038936013479,1526.1777036175204,-123.0738100161725
2014/15,2014,2014-11-01,Leicester,West Brom,S Attwell,0,1,5,12,0,1,0,0,full,0,0,,0,1,0.0833333333333333,7,0,0,4,1388.7996366509296,1429.7319217649194,-40.93228511398979
2014/15,2014,2014-11-01,Newcastle,Liverpool,A Marriner,1,0,13,8,4,3,0,0,full,0,0,,0,-1,0.0673076923076922,-5,0,0,4,1445.3720195704648,1629.122230418913,-183.7502108484482
2014/15,2014,2014-11-01,Stoke,West Ham,C Foy,2,2,14,13,1,1,0,0,full,0,0,,0,0,0.0054945054945055,-1,0,0,4,1470.2788233510673,1461.3498086783268,8.92901467274055
2014/15,2014,2014-11-02,Aston Villa,Tottenham,N Swarbrick,1,2,12,11,3,3,1,0,full,0,0,,0,0,0.0227272727272727,-1,-1,0,4,1413.2936759469674,1571.234695655943,-157.94101970897555
2014/15,2014,2014-11-02,Man City,Man United,M Oliver,1,0,15,9,3,1,0,1,full,0,0,,0,-2,-0.0888888888888889,-6,1,0,4,1698.9680737148065,1596.7460574534493,102.22201626135711
2014/15,2014,2014-11-03,Crystal Palace,Sunderland,P Dowd,1,3,12,19,0,3,1,0,full,0,0,,0,3,0.1578947368421052,7,-1,0,4,1436.316187637838,1421.922001439409,14.394186198428997
2014/15,2014,2014-11-08,Burnley,Hull,M Clattenburg,1,0,17,17,6,4,0,0,full,0,0,,0,-2,-0.1176470588235294,0,0,0,4,1353.0570329924387,1394.89961966076,-41.842586668321246
2014/15,2014,2014-11-08,Liverpool,Chelsea,A Taylor,1,2,9,12,2,5,0,0,full,0,0,,0,3,0.1944444444444444,3,0,0,4,1615.70376659256,1702.8316653884535,-87.12789879589354
2014/15,2014,2014-11-08,Man United,Crystal Palace,C Foy,1,0,8,12,1,3,0,0,full,0,0,,0,2,0.125,4,0,0,4,1591.103070423536,1424.2070861037557,166.89598431978038
2014/15,2014,2014-11-08,QPR,Man City,M Dean,2,2,9,10,4,2,0,0,full,0,0,,0,-2,-0.2444444444444444,1,0,0,4,1363.825661198574,1704.6110607447197,-340.78539954614575
2014/15,2014,2014-11-08,Southampton,Leicester,M Oliver,2,0,10,12,2,2,0,0,full,0,0,,0,0,-0.0333333333333333,2,0,0,4,1534.3819775581082,1378.2513740374811,156.13060352062712
2014/15,2014,2014-11-08,West Ham,Aston Villa,J Moss,0,0,9,10,0,3,0,0,full,0,0,,0,3,0.3,1,0,0,4,1463.3081193037235,1406.0402740285674,57.267845275156105
2014/15,2014,2014-11-09,Sunderland,Everton,L Mason,1,1,11,13,1,2,0,0,full,0,0,,0,1,0.0629370629370629,2,0,0,4,1434.0311029734914,1580.755914034879,-146.72481106138753
2014/15,2014,2014-11-09,Swansea,Arsenal,P Dowd,2,1,10,16,5,5,0,0,full,0,0,,0,0,-0.1875,6,0,0,4,1458.668197166014,1648.4447997177394,-189.77660255172555
2014/15,2014,2014-11-09,Tottenham,Stoke,M Jones,1,2,20,13,3,2,1,0,full,0,0,,0,-1,0.0038461538461538,-7,-1,0,4,1578.4880975743429,1468.3205127256706,110.16758484867228
2014/15,2014,2014-11-09,West Brom,Newcastle,C Pawson,0,2,12,6,0,0,0,0,full,0,0,,0,0,0.0,-6,0,0,4,1440.280184378368,1458.7904833968178,-18.510299018449814
2014/15,2014,2014-11-22,Arsenal,Man United,M Dean,1,2,12,8,2,1,0,0,full,0,0,,0,-1,-0.0416666666666666,-4,0,0,4,1634.8740701100185,1595.3658128558573,39.50825725416121
2014/15,2014,2014-11-22,Chelsea,West Brom,L Mason,2,0,7,9,1,0,0,1,full,0,0,,0,-1,-0.1428571428571428,2,1,0,4,1712.0524445710962,1429.0916590467036,282.9607855243926
2014/15,2014,2014-11-22,Everton,West Ham,M Clattenburg,2,1,10,13,2,3,0,0,full,0,0,,0,1,0.0307692307692307,3,0,0,4,1578.310355539476,1460.0554680347714,118.25488750470458
2014/15,2014,2014-11-22,Leicester,Sunderland,R Madley,0,0,18,12,2,3,0,0,full,0,0,,0,1,0.1388888888888889,-6,0,0,4,1373.777077385968,1436.4766614688945,-62.69958408292655
2014/15,2014,2014-11-22,Man City,Swansea,N Swarbrick,2,1,13,9,2,1,0,0,full,0,0,,0,-1,-0.0427350427350427,-4,0,0,4,1697.9252914440776,1472.2389267737349,225.68636467034275
2014/15,2014,2014-11-22,Newcastle,QPR,C Foy,1,0,12,15,2,3,0,0,full,0,0,,0,1,0.0333333333333333,3,0,0,4,1469.979008728482,1370.511430499216,99.46757822926611
2014/15,2014,2014-11-22,Stoke,Burnley,M Atkinson,1,2,10,9,2,2,0,0,full,0,0,,0,0,0.0222222222222222,-1,0,0,4,1482.8609441040908,1362.534895900118,120.32604820397273
2014/15,2014,2014-11-23,Crystal Palace,Liverpool,J Moss,3,1,21,10,1,2,0,0,full,0,0,,0,1,0.1523809523809524,-11,0,0,4,1419.9443436714346,1606.4829874099173,-186.53864373848273
2014/15,2014,2014-11-23,Hull,Tottenham,C Pawson,1,2,15,9,3,1,1,0,full,0,0,,0,-2,-0.0888888888888889,-6,-1,0,4,1385.4217567530807,1563.9476661959227,-178.52590944284202
2014/15,2014,2014-11-24,Aston Villa,Southampton,P Dowd,1,1,15,17,1,2,0,0,full,0,0,,0,1,0.0509803921568627,2,0,0,4,1409.2929252975196,1538.8562742096215,-129.5633489121019
2014/15,2014,2014-11-29,Burnley,Aston Villa,G Scott,1,1,8,8,3,4,0,0,full,0,0,,0,1,0.125,0,0,0,4,1377.3043294957508,1411.268787059543,-33.964457563792166
2014/15,2014,2014-11-29,Liverpool,Stoke,C Pawson,1,0,11,9,0,3,0,0,full,0,0,,0,3,0.3333333333333333,-2,0,0,4,1592.9938402890432,1468.091510508458,124.9023297805852
2014/15,2014,2014-11-29,Man United,Hull,A Taylor,3,0,12,12,2,2,0,0,full,0,0,,0,0,0.0,0,0,0,4,1608.1540648579194,1378.706748863923,229.44731599399643
2014/15,2014,2014-11-29,QPR,Leicester,R East,3,2,8,17,3,2,0,0,full,0,0,,0,-1,-0.2573529411764705,9,0,0,4,1364.8039930926395,1373.8547760981637,-9.050783005524181
2014/15,2014,2014-11-29,Sunderland,Chelsea,K Friend,0,0,13,10,3,2,0,0,full,0,0,,0,-1,-0.0307692307692307,-3,0,0,4,1436.3989627566987,1714.4911264262,-278.09216366950136
2014/15,2014,2014-11-29,Swansea,Crystal Palace,M Atkinson,1,1,6,12,0,2,0,0,full,0,0,,0,2,0.1666666666666666,6,0,0,4,1469.0019696666661,1433.4334907923087,35.568478874357425
2014/15,2014,2014-11-29,West Brom,Arsenal,C Foy,0,1,9,10,2,1,0,0,full,0,0,,0,-1,-0.1222222222222222,1,0,0,4,1426.6529771915998,1622.0858181079564,-195.43284091635655
2014/15,2014,2014-11-29,West Ham,Newcastle,M Dean,1,0,9,16,3,2,0,1,full,0,0,,0,-1,-0.2083333333333333,7,1,0,4,1454.7787184920935,1475.6864461350585,-20.90772764296503
2014/15,2014,2014-11-30,Southampton,Man City,M Jones,0,3,10,13,1,2,0,1,full,0,0,,0,1,0.0538461538461538,3,1,0,4,1536.880412447598,1701.1622485511464,-164.28183610354836
2014/15,2014,2014-11-30,Tottenham,Everton,M Oliver,2,1,15,5,5,1,0,0,full,0,0,,0,-4,-0.1333333333333333,-10,0,0,4,1570.6626740850804,1583.5871050821538,-12.924430997073387
2014/15,2014,2014-12-02,Burnley,Newcastle,P Dowd,1,1,12,12,2,2,0,0,full,0,0,,0,0,0.0,0,0,0,4,1376.5563658742265,1466.8068879065042,-90.25052203227779
2014/15,2014,2014-12-02,Crystal Palace,Aston Villa,M Oliver,0,1,16,15,2,2,0,0,full,0,0,,0,0,0.0083333333333333,-1,0,0,4,1436.116835457663,1412.0167506810674,24.100084776595622
2014/15,2014,2014-12-02,Leicester,Liverpool,L Mason,1,3,11,10,1,2,1,0,full,0,0,,0,1,0.1090909090909091,-1,-1,0,4,1365.3107904908247,1598.1232938570104,-232.81250336618564
2014/15,2014,2014-12-02,Man United,Stoke,J Moss,2,1,8,13,2,4,0,0,full,0,0,,0,2,0.0576923076923077,5,0,0,4,1611.332713914262,1462.9620569404908,148.37065697377125
2014/15,2014,2014-12-02,Swansea,QPR,K Friend,2,0,8,12,2,2,0,0,full,0,0,,0,0,-0.0833333333333333,4,0,0,4,1466.3186250013118,1373.3479786999785,92.97064630133332
2014/15,2014,2014-12-02,West Brom,West Ham,M Jones,1,2,11,17,2,1,0,0,full,0,0,,0,-1,-0.1229946524064171,6,0,0,4,1420.3649159519032,1463.6582767206478,-43.293360768744606
2014/15,2014,2014-12-03,Arsenal,Southampton,A Marriner,1,0,7,14,0,2,0,0,full,0,0,,0,2,0.1428571428571428,7,0,0,4,1628.373879347653,1529.794886068144,98.57899327950895
2014/15,2014,2014-12-03,Chelsea,Tottenham,M Dean,3,0,9,9,1,1,0,0,full,0,0,,0,0,0.0,0,0,0,4,1708.9263258445474,1579.3159615324275,129.61036431211983
2014/15,2014,2014-12-03,Everton,Hull,R Madley,1,1,8,12,1,1,0,0,full,0,0,,0,0,-0.0416666666666666,4,0,0,4,1574.9338176348067,1375.5280998075802,199.40571782722645
2014/15,2014,2014-12-03,Sunderland,Man City,C Pawson,1,4,9,8,1,1,0,0,full,0,0,,0,0,0.0138888888888888,-1,0,0,4,1441.9637633383513,1708.2477749306004,-266.28401159224904
2014/15,2014,2014-12-06,Hull,West Brom,M Oliver,0,0,10,16,1,1,0,0,full,0,0,,0,0,-0.0375,6,0,0,4,1381.8594393847798,1409.884430493967,-28.02499110918734
2014/15,2014,2014-12-06,Liverpool,Sunderland,N Swarbrick,0,0,12,15,1,3,0,0,full,0,0,,0,2,0.1166666666666666,3,0,0,4,1603.522638878571,1437.2895152253814,166.23312365318952
2014/15,2014,2014-12-06,Man City,Everton,A Marriner,1,0,8,11,3,3,0,0,full,0,0,,0,0,-0.1022727272727272,3,0,0,4,1712.9220230435703,1568.6024780576072,144.31954498596315
2014/15,2014,2014-12-06,Newcastle,Chelsea,M Atkinson,2,1,8,6,2,3,1,0,full,0,0,,0,1,0.25,-2,-1,0,4,1465.93840140275,1713.9531007874652,-248.0146993847152
2014/15,2014,2014-12-06,QPR,Burnley,J Moss,2,0,12,12,1,1,1,0,full,0,0,,0,0,0.0,0,-1,0,4,1367.4867844766268,1377.4248523779806,-9.938067901353861
2014/15,2014,2014-12-06,Stoke,Arsenal,A Taylor,3,2,17,14,3,2,0,1,full,0,0,,0,-1,-0.0336134453781512,-3,1,0,4,1458.330694852508,1634.1022025976256,-175.77150774511756
2014/15,2014,2014-12-06,Tottenham,Crystal Palace,L Mason,0,0,11,10,1,0,0,0,full,0,0,,0,-1,-0.0909090909090909,-1,0,0,4,1574.2891865895097,1423.7424345644927,150.54675202501699
2014/15,2014,2014-12-07,Aston Villa,Leicester,C Pawson,2,1,9,14,4,4,0,1,full,0,0,,0,0,-0.1587301587301587,5,1,0,4,1424.3911515742377,1359.9114454692642,64.4797061049735
2014/15,2014,2014-12-07,West Ham,Swansea,C Foy,3,1,11,18,0,1,0,1,full,0,0,,0,1,0.0555555555555555,7,1,0,4,1474.1387621785839,1472.1798192246636,1.9589429539203138
2014/15,2014,2014-12-08,Southampton,Man United,K Friend,1,2,12,9,2,1,0,0,full,0,0,,0,-1,-0.0555555555555555,-3,0,0,4,1524.0665628181714,1615.9640760022448,-91.89751318407343
2014/15,2014,2014-12-13,Arsenal,Newcastle,L Mason,4,1,14,15,2,2,0,0,full,0,0,,0,0,-0.0095238095238095,1,0,0,4,1620.8881166822998,1480.8769797324198,140.01113694987998
2014/15,2014,2014-12-13,Burnley,Southampton,M Clattenburg,1,0,15,11,1,3,0,0,full,0,0,,0,2,0.206060606060606,-4,0,0,4,1368.8558608169833,1514.982076269428,-146.12621545244474
2014/15,2014,2014-12-13,Chelsea,Hull,C Foy,2,0,13,13,3,3,0,1,full,0,0,,0,0,0.0,0,1,0,4,1699.0145224577955,1380.9417141683023,318.0728082894932
2014/15,2014,2014-12-13,Crystal Palace,Stoke,K Friend,1,1,12,11,2,0,0,0,full,0,0,,0,-2,-0.1666666666666666,-1,0,0,4,1429.1555032766546,1471.5447807678338,-42.3892774911792
2014/15,2014,2014-12-13,Leicester,Man City,J Moss,0,1,15,13,0,2,0,0,full,0,0,,0,2,0.1538461538461538,-2,0,0,4,1353.348438893783,1717.63689761993,-364.28845872614716
2014/15,2014,2014-12-13,Sunderland,West Ham,P Dowd,1,1,11,18,2,2,0,0,full,0,0,,0,0,-0.0707070707070707,7,0,0,4,1443.013960076939,1482.3741076354916,-39.360147558552626
2014/15,2014,2014-12-13,West Brom,Aston Villa,M Dean,1,0,17,12,4,2,0,1,full,0,0,,0,-2,-0.0686274509803921,-5,1,0,4,1410.8021557104446,1430.954158149719,-20.152002439274384
2014/15,2014,2014-12-14,Man United,Liverpool,M Atkinson,3,0,13,14,4,3,0,0,full,0,0,,0,-1,-0.0934065934065934,1,0,0,4,1625.0485625509882,1597.7981940270133,27.250368523974885
2014/15,2014,2014-12-14,Swansea,Tottenham,R Madley,1,2,7,17,3,4,0,0,full,0,0,,0,1,-0.1932773109243697,10,0,0,4,1463.9444737677559,1568.8761178773477,-104.93164410959184
2014/15,2014,2014-12-15,Everton,QPR,N Swarbrick,3,1,11,12,1,1,0,0,full,0,0,,0,0,-0.0075757575757575,1,0,0,4,1563.8876034812474,1376.0557760376241,187.8318274436233
2014/15,2014,2014-12-20,Aston Villa,Man United,L Mason,1,1,9,10,1,1,1,0,full,0,0,,0,0,-0.0111111111111111,1,-1,0,4,1422.096073107504,1632.5887872606093,-210.49271415310523
2014/15,2014,2014-12-20,Hull,Swansea,M Clattenburg,0,1,14,16,2,2,0,0,full,0,0,,0,0,-0.0178571428571428,2,0,0,4,1378.9038469559134,1455.230548722116,-76.32670176620263
2014/15,2014,2014-12-20,Man City,Crystal Palace,P Dowd,3,0,17,5,2,1,0,0,full,0,0,,0,-1,0.0823529411764706,-12,0,0,4,1720.5937442898783,1428.6490595895134,291.94468470036486
2014/15,2014,2014-12-20,QPR,West Brom,C Pawson,3,2,16,8,1,0,0,0,full,0,0,,0,-1,-0.0625,-8,0,0,4,1372.1833043993126,1419.6602407526595,-47.4769363533469
2014/15,2014,2014-12-20,Southampton,Everton,J Moss,3,0,11,10,1,1,0,0,full,0,0,,0,0,0.009090909090909,-1,0,0,4,1502.5527231300878,1567.760075119559,-65.20735198947114
2014/15,2014,2014-12-20,Tottenham,Burnley,M Jones,2,1,9,8,1,0,0,0,full,0,0,,0,-1,-0.1111111111111111,-1,0,0,4,1577.5900429229875,1381.2852139563236,196.304828966664
2014/15,2014,2014-12-20,West Ham,Leicester,M Atkinson,2,0,8,17,0,3,0,0,full,0,0,,0,3,0.1764705882352941,9,0,0,4,1482.9674724909514,1350.3915922238348,132.57588026711664
2014/15,2014,2014-12-21,Liverpool,Arsenal,M Oliver,2,2,6,14,0,3,1,0,full,0,0,,0,3,0.2142857142857142,8,-1,0,4,1590.2579693173923,1625.6929441133605,-35.434974795968174
2014/15,2014,2014-12-21,Newcastle,Sunderland,A Taylor,0,1,15,15,4,4,0,0,full,0,0,,0,0,0.0,0,0,0,4,1476.0721523013592,1442.420595221479,33.65155707988015
2014/15,2014,2014-12-22,Stoke,Chelsea,N Swarbrick,0,2,11,4,3,0,0,0,full,0,0,,0,-3,-0.2727272727272727,-7,0,0,4,1472.051224454975,1701.0523896701843,-229.0011652152093
2014/15,2014,2014-12-26,Arsenal,QPR,M Atkinson,2,1,6,15,1,4,1,0,full,0,0,,0,3,0.1,9,-1,0,4,1626.3988065562999,1381.823017666849,244.5757888894509
2014/15,2014,2014-12-26,Burnley,Liverpool,A Taylor,0,1,7,5,0,1,0,0,full,0,0,,0,1,0.2,-2,0,0,4,1377.562777262104,1589.5521068744529,-211.9893296123489
2014/15,2014,2014-12-26,Chelsea,West Ham,M Oliver,2,0,8,14,0,3,0,0,full,0,0,,0,3,0.2142857142857142,6,0,0,4,1706.5386500400152,1487.9302768023463,218.60837323766896
2014/15,2014,2014-12-26,Crystal Palace,Southampton,M Dean,1,3,15,10,1,0,0,0,full,0,0,,0,-1,-0.0666666666666666,-5,0,0,4,1426.318969922753,1512.7025915464674,-86.38362162371436
2014/15,2014,2014-12-26,Everton,Stoke,L Mason,0,1,9,15,2,3,0,0,full,0,0,,0,1,-0.0222222222222222,6,0,0,4,1557.6102067031793,1466.564964085144,91.04524261803522
2014/15,2014,2014-12-26,Leicester,Tottenham,N Swarbrick,1,2,10,14,1,2,0,0,full,0,0,,0,1,0.0428571428571428,4,0,0,4,1345.42878791244,1581.3124796172071,-235.88369170476722
2014/15,2014,2014-12-26,Man United,Newcastle,M Jones,3,1,16,9,1,2,0,0,full,0,0,,0,1,0.1597222222222222,-7,0,0,4,1628.5092590583026,1463.4400837992887,165.06917525901395
2014/15,2014,2014-12-26,Sunderland,Hull,A Marriner,1,3,12,6,4,2,0,0,full,0,0,,0,-2,0.0,-6,0,0,4,1455.0526637235496,1369.3734216119506,85.67924211159902
2014/15,2014,2014-12-26,Swansea,Aston Villa,R East,1,0,17,12,1,4,0,0,full,0,0,,0,3,0.2745098039215686,-5,0,0,4,1464.760974066079,1426.1756013098106,38.58537275626827
2014/15,2014,2014-12-26,West Brom,Man City,M Clattenburg,1,3,5,9,0,1,0,0,full,0,0,,0,1,0.1111111111111111,4,0,0,4,1410.0205274851232,1722.9238339566386,-312.9033064715154
2014/15,2014,2014-12-28,Aston Villa,Sunderland,M Atkinson,0,0,4,11,1,4,1,0,full,0,0,,0,3,0.1136363636363636,7,-1,0,4,1418.9393375422017,1441.089270268921,-22.14993272671927
2014/15,2014,2014-12-28,Hull,Leicester,P Dowd,0,1,12,12,0,1,1,1,full,0,0,,0,1,0.0833333333333333,0,0,0,4,1383.3368150665792,1340.0988448454275,43.23797022115173
2014/15,2014,2014-12-28,Man City,Burnley,K Friend,2,2,18,9,4,1,0,0,full,0,0,,0,-3,-0.1111111111111111,-9,0,0,4,1726.7059575746805,1371.6781493555866,355.0278082190939
2014/15,2014,2014-12-28,Newcastle,Everton,C Pawson,3,2,13,8,2,2,0,0,full,0,0,,0,0,0.0961538461538461,-5,0,0,4,1459.1419624056318,1543.5174307319037,-84.37546832627186
2014/15,2014,2014-12-28,QPR,Crystal Palace,M Jones,0,0,11,17,2,1,0,0,full,0,0,,0,-1,-0.1229946524064171,6,0,0,4,1378.87033616648,1417.0768952702251,-38.20655910374512
2014/15,2014,2014-12-28,Southampton,Chelsea,A Taylor,1,1,23,14,2,2,1,0,full,0,0,,0,0,0.0559006211180124,-9,-1,0,4,1521.9446661989953,1709.887677262429,-187.9430110634337
2014/15,2014,2014-12-28,Stoke,West Brom,R East,2,0,11,14,0,2,0,0,full,0,0,,0,2,0.1428571428571428,3,0,0,4,1480.6577400564197,1406.2384038670814,74.41933618933831
2014/15,2014,2014-12-28,Tottenham,Man United,J Moss,0,0,11,19,2,4,0,0,full,0,0,,0,2,0.0287081339712918,8,0,0,4,1586.6424226842196,1632.8073804519595,-46.16495776773991
2014/15,2014,2014-12-28,West Ham,Arsenal,N Swarbrick,1,2,12,13,3,3,0,0,full,0,0,,0,0,-0.0192307692307692,1,0,0,4,1484.5812495799325,1629.3514880566688,-144.77023847673627
2014/15,2014,2014-12-29,Liverpool,Swansea,A Marriner,4,1,8,5,1,0,0,0,full,0,0,,0,-1,-0.125,-3,0,0,4,1595.4367347809703,1471.997237833688,123.43949694728235
2014/15,2014,2015-01-01,Aston Villa,Crystal Palace,R Madley,0,0,11,12,1,1,0,0,full,0,0,,0,0,-0.0075757575757575,1,0,0,4,1417.8542144589599,1417.7033395302005,0.15087492875932185
2014/15,2014,2015-01-01,Hull,Everton,K Friend,2,0,16,15,2,3,0,1,full,0,0,,0,1,0.075,-1,1,0,4,1370.4498582748752,1532.8169971995096,-162.36713892463445
2014/15,2014,2015-01-01,Liverpool,Leicester,M Jones,2,2,13,10,2,2,0,0,full,0,0,,0,0,0.0461538461538461,-3,0,0,4,1600.598369929768,1352.9858016371315,247.61256829263652
2014/15,2014,2015-01-01,Man City,Sunderland,R East,3,2,14,7,2,3,0,0,full,0,0,,0,1,0.2857142857142857,-7,0,0,4,1718.3861229422268,1442.1743933521627,276.2117295900641
2014/15,2014,2015-01-01,Newcastle,Burnley,M Dean,3,3,12,13,2,4,0,0,full,0,0,,0,2,0.141025641025641,1,0,0,4,1469.842395938026,1379.9979839880402,89.84441194998567
2014/15,2014,2015-01-01,QPR,Swansea,A Taylor,1,1,22,5,4,0,0,1,full,0,0,,0,-4,-0.1818181818181818,-17,1,0,4,1378.2438919065046,1466.83560268489,-88.5917107783855
2014/15,2014,2015-01-01,Southampton,Arsenal,C Pawson,2,0,14,7,2,1,0,0,full,0,0,,0,-1,0.0,-7,0,0,4,1525.469263166083,1636.958894391424,-111.4896312253411
2014/15,2014,2015-01-01,Stoke,Man United,M Oliver,1,1,8,12,0,0,0,0,full,0,0,,0,0,0.0,4,0,0,4,1486.9709801749511,1633.2053746369832,-146.23439446203201
2014/15,2014,2015-01-01,Tottenham,Chelsea,P Dowd,5,3,14,10,3,1,0,0,full,0,0,,0,-2,-0.1142857142857142,-4,0,0,4,1586.244428499196,1706.3630802953412,-120.11865179614529
2014/15,2014,2015-01-01,West Ham,West Brom,J Moss,1,1,6,13,1,0,0,0,full,0,0,,0,-1,-0.1666666666666666,7,0,0,4,1476.9738432451772,1399.92516374855,77.0486794966273
2014/15,2014,2015-01-10,Burnley,QPR,A Marriner,2,1,14,9,2,2,0,0,full,0,0,,0,0,0.0793650793650793,-5,0,0,4,1384.0619461613448,1379.0649748098588,4.996971351486081
2014/15,2014,2015-01-10,Chelsea,Newcastle,R East,2,0,13,13,2,3,0,0,full,0,0,,0,1,0.0769230769230769,0,0,0,4,1694.6497916994767,1465.7784337647213,228.87135793475545
2014/15,2014,2015-01-10,Crystal Palace,Tottenham,A Taylor,2,1,9,14,5,3,0,0,full,0,0,,0,-2,-0.3412698412698413,5,0,0,4,1419.4175283439067,1597.9577170950604,-178.54018875115366
2014/15,2014,2015-01-10,Everton,Man City,M Atkinson,1,1,9,10,1,2,0,0,full,0,0,,0,1,0.0888888888888889,1,0,0,4,1519.9530325273963,1720.9092260578825,-200.9561935304862
2014/15,2014,2015-01-10,Leicester,Aston Villa,M Oliver,1,0,18,6,1,1,1,1,full,0,0,,0,0,0.1111111111111111,-12,0,0,4,1360.0768455270806,1416.1400256452537,-56.06318011817302
2014/15,2014,2015-01-10,Sunderland,Liverpool,C Pawson,0,1,12,11,1,4,1,0,full,0,0,,0,3,0.2803030303030303,-1,-1,0,4,1439.651290236507,1593.507326039819,-153.8560358033119
2014/15,2014,2015-01-10,Swansea,West Ham,M Dean,1,1,9,7,0,1,0,0,full,0,0,,0,1,0.1428571428571428,-2,0,0,4,1466.014519781536,1473.2218743469484,-7.2073545654125155
2014/15,2014,2015-01-10,West Brom,Hull,N Swarbrick,1,0,5,13,1,0,0,0,full,0,0,,0,-1,-0.2,8,0,0,4,1403.6771326467788,1383.3138229469885,20.363309699790307
2014/15,2014,2015-01-11,Arsenal,Stoke,J Moss,3,0,11,11,0,3,0,0,full,0,0,,0,3,0.2727272727272727,0,0,0,4,1625.4876588355826,1489.4032629751932,136.08439586038935
2014/15,2014,2015-01-11,Man United,Southampton,P Dowd,0,1,9,10,2,3,0,0,full,0,0,,0,1,0.0777777777777777,1,0,0,4,1630.773091836741,1536.9404987219245,93.83259311481652
2014/15,2014,2015-01-17,Aston Villa,Liverpool,M Clattenburg,0,2,13,11,1,1,0,0,full,0,0,,0,0,0.0139860139860139,-2,0,0,4,1406.2533315807239,1600.8697807418284,-194.61644916110458
2014/15,2014,2015-01-17,Burnley,Crystal Palace,P Dowd,2,3,10,20,1,3,0,0,full,0,0,,0,2,0.0499999999999999,10,0,0,4,1392.2127057400385,1432.7028870905217,-40.490181350483226
2014/15,2014,2015-01-17,Leicester,Stoke,A Marriner,0,1,9,6,1,0,0,0,full,0,0,,0,-1,-0.1111111111111111,-3,0,0,4,1369.9635395916105,1484.5154351170465,-114.55189552543607
2014/15,2014,2015-01-17,Newcastle,Southampton,R Madley,1,2,9,8,0,2,0,0,full,0,0,,0,2,0.25,-1,0,0,4,1462.5909108806025,1551.0998425114412,-88.50893163083879
2014/15,2014,2015-01-17,QPR,Man United,N Swarbrick,0,2,12,10,3,2,0,0,full,0,0,,0,-1,-0.0499999999999999,-2,0,0,4,1370.9142152311651,1616.6137480472244,-245.69953281605922
2014/15,2014,2015-01-17,Swansea,Chelsea,J Moss,0,5,9,13,0,0,0,0,full,0,0,,0,0,0.0,4,0,0,4,1464.5066126499164,1697.8373145835956,-233.33070193367917
2014/15,2014,2015-01-17,Tottenham,Sunderland,C Foy,2,1,14,8,1,2,0,0,full,0,0,,0,1,0.1785714285714285,-6,0,0,4,1584.6723583484454,1432.2888355344976,152.38352281394782
2014/15,2014,2015-01-18,Man City,Arsenal,M Dean,0,2,12,5,3,3,0,0,full,0,0,,0,0,0.35,-7,0,0,4,1717.0610322913155,1630.3754866937293,86.68554559758627
2014/15,2014,2015-01-18,West Ham,Hull,M Atkinson,3,0,5,14,1,3,0,0,full,0,0,,0,2,0.0142857142857142,9,0,0,4,1474.729781478568,1375.5864785027293,99.14330297583865
2014/15,2014,2015-01-19,Everton,West Brom,M Oliver,0,0,11,12,3,2,0,0,full,0,0,,0,-1,-0.106060606060606,1,0,0,4,1523.8012262939633,1411.404477091038,112.39674920292532
2014/15,2014,2015-01-31,Chelsea,Man City,M Clattenburg,1,1,12,14,0,2,0,0,full,0,0,,0,2,0.1428571428571428,2,0,0,4,1703.2249096258404,1703.0732529219767,0.15165670386363672
2014/15,2014,2015-01-31,Crystal Palace,Everton,R East,0,1,12,14,0,3,0,0,full,0,0,,0,3,0.2142857142857142,2,0,0,4,1443.2638353316765,1519.2100100697594,-75.94617473808285
2014/15,2014,2015-01-31,Hull,Newcastle,P Dowd,0,3,15,13,4,1,0,0,full,0,0,,0,-3,-0.1897435897435897,-2,0,0,4,1369.8714244343134,1453.4096272250936,-83.53820279078013
2014/15,2014,2015-01-31,Liverpool,West Ham,A Marriner,2,0,12,12,1,1,0,0,full,0,0,,0,0,0.0,0,0,0,4,1607.17811965401,1480.4448355469838,126.7332841070263
2014/15,2014,2015-01-31,Man United,Leicester,M Atkinson,3,1,8,12,0,1,0,0,full,0,0,,0,1,0.0833333333333333,4,0,0,4,1621.725718982485,1361.5208924980507,260.2048264844343
2014/15,2014,2015-01-31,Stoke,QPR,M Dean,3,1,11,12,2,2,0,0,full,0,0,,0,0,-0.0151515151515151,1,0,0,4,1492.9580822106063,1365.8022442959045,127.1558379147018
2014/15,2014,2015-01-31,Sunderland,Burnley,L Mason,2,0,12,12,3,1,0,0,full,0,0,,0,-2,-0.1666666666666666,0,0,0,4,1427.7391731775265,1381.6517574988836,46.087415678642856
2014/15,2014,2015-01-31,West Brom,Tottenham,K Friend,0,3,8,13,2,1,0,0,full,0,0,,0,-1,-0.173076923076923,5,0,0,4,1415.9956933152419,1589.2220207054165,-173.22632739017467
2014/15,2014,2015-02-01,Arsenal,Aston Villa,A Taylor,5,0,6,10,0,2,0,0,full,0,0,,0,2,0.2,4,0,0,4,1644.363266063068,1399.9449926685422,244.41827339452584
2014/15,2014,2015-02-01,Southampton,Swansea,M Oliver,0,1,11,9,1,1,1,0,full,0,0,,0,0,0.0202020202020201,-2,-1,0,4,1560.2811261669501,1459.1190176076716,101.16210855927852
2014/15,2014,2015-02-07,Aston Villa,Chelsea,N Swarbrick,1,2,8,7,3,2,0,0,full,0,0,,0,-1,-0.0892857142857143,-1,0,0,4,1396.9900284073412,1701.5106989720343,-304.5206705646931
2014/15,2014,2015-02-07,Everton,Liverpool,A Taylor,0,0,11,7,4,1,0,0,full,0,0,,0,-3,-0.2207792207792208,-4,0,0,4,1528.7513642695153,1612.267478801331,-83.51611453181567
2014/15,2014,2015-02-07,Leicester,Crystal Palace,L Mason,0,1,15,6,4,1,0,0,full,0,0,,0,-3,-0.1,-9,0,0,4,1358.7875382934171,1433.7224811319206,-74.9349428385035
2014/15,2014,2015-02-07,Man City,Hull,J Moss,1,1,9,8,2,4,0,0,full,0,0,,0,2,0.2777777777777778,-1,0,0,4,1704.7874635757828,1360.547873754156,344.23958982162685
2014/15,2014,2015-02-07,QPR,Southampton,R East,0,1,13,16,2,2,0,0,full,0,0,,0,0,-0.0288461538461538,3,0,0,4,1360.7221089005814,1545.948861372154,-185.22675247157258
2014/15,2014,2015-02-07,Swansea,Sunderland,P Dowd,1,1,11,13,3,4,0,0,full,0,0,,0,1,0.034965034965035,2,0,0,4,1473.4512824024678,1434.777217451509,38.67406495095884
2014/15,2014,2015-02-07,Tottenham,Arsenal,M Atkinson,2,1,8,12,3,5,0,0,full,0,0,,0,2,0.0416666666666666,4,0,0,4,1596.073777200186,1647.318230324269,-51.244453124083066
2014/15,2014,2015-02-08,Burnley,West Brom,M Dean,2,2,10,15,0,4,0,0,full,0,0,,0,4,0.2666666666666666,5,0,0,4,1374.6137132249012,1409.1439368204724,-34.530223595571215
2014/15,2014,2015-02-08,Newcastle,Stoke,K Friend,1,1,14,17,2,4,0,0,full,0,0,,0,2,0.0924369747899159,3,0,0,4,1462.733177905251,1498.0382176059295,-35.305039700678435
2014/15,2014,2015-02-08,West Ham,Man United,M Clattenburg,1,1,7,13,2,2,0,1,full,0,0,,0,0,-0.1318681318681318,6,1,0,4,1475.3554763996628,1624.4590731871185,-149.10359678745567
2014/15,2014,2015-02-10,Arsenal,Leicester,M Jones,2,1,13,14,2,2,0,0,full,0,0,,0,0,-0.010989010989011,1,0,0,4,1637.5701818878163,1349.2171359296365,288.3530459581798
2014/15,2014,2015-02-10,Hull,Aston Villa,M Oliver,2,0,16,11,1,2,0,0,full,0,0,,0,1,0.1193181818181818,-5,0,0,4,1368.7696301260266,1393.057689164788,-24.288059038761276
2014/15,2014,2015-02-10,Liverpool,Tottenham,P Dowd,3,2,13,17,3,6,0,0,full,0,0,,0,3,0.1221719457013574,4,0,0,4,1611.591662326313,1605.8218256366388,5.769836689674321
2014/15,2014,2015-02-10,Sunderland,QPR,M Atkinson,0,2,8,12,2,3,0,0,full,0,0,,0,1,0.0,4,0,0,4,1437.5433112976968,1354.1780500340094,83.36526126368744
2014/15,2014,2015-02-11,Chelsea,Everton,J Moss,1,0,8,13,3,3,0,1,full,0,0,,0,0,-0.1442307692307692,5,1,0,4,1705.4430382145877,1529.4271807445332,176.01585747005447
2014/15,2014,2015-02-11,Crystal Palace,Newcastle,A Marriner,1,1,10,11,1,2,0,0,full,0,0,,0,1,0.0818181818181818,1,0,0,4,1443.2928834957013,1462.023594361456,-18.730710865754645
2014/15,2014,2015-02-11,Man United,Burnley,K Friend,3,1,15,8,4,3,0,0,full,0,0,,0,-1,0.1083333333333333,-7,0,0,4,1621.9492511836345,1373.8819445158902,248.06730666774433
2014/15,2014,2015-02-11,Southampton,West Ham,C Pawson,0,0,12,11,2,1,0,1,full,0,0,,0,-1,-0.0757575757575757,-1,1,0,4,1552.492920238726,1477.8652984031469,74.62762183557902
2014/15,2014,2015-02-11,Stoke,Man City,L Mason,1,4,6,11,1,2,0,0,full,0,0,,0,1,0.0151515151515151,5,0,0,4,1498.7478011497246,1696.565707203912,-197.81790605418746
2014/15,2014,2015-02-11,West Brom,Swansea,R Madley,2,0,11,12,2,1,0,0,full,0,0,,0,-1,-0.0984848484848485,1,0,0,4,1409.8757055294834,1470.6851885562799,-60.80948302679644
2014/15,2014,2015-02-21,Aston Villa,Stoke,R East,1,2,11,14,1,3,1,0,full,0,0,,0,2,0.1233766233766233,3,-1,0,4,1384.0819567868664,1492.5187776229282,-108.43682083606177
2014/15,2014,2015-02-21,Chelsea,Burnley,M Atkinson,1,1,9,9,1,2,1,0,full,0,0,,0,1,0.1111111111111111,0,-1,0,4,1709.5323432401142,1370.9794895520502,338.55285368806403
2014/15,2014,2015-02-21,Crystal Palace,Arsenal,M Clattenburg,1,2,15,14,1,3,0,0,full,0,0,,0,2,0.1476190476190476,-1,0,0,4,1442.1106129833906,1639.9431725038978,-197.83255952050717
2014/15,2014,2015-02-21,Hull,QPR,A Taylor,2,1,18,16,0,4,0,1,full,0,0,,0,4,0.25,-2,1,0,4,1377.7453625039482,1368.085156140653,9.660206363295174
2014/15,2014,2015-02-21,Man City,Newcastle,C Foy,5,0,9,8,3,2,0,0,full,0,0,,0,-1,-0.0833333333333333,-1,0,0,4,1702.7947307307086,1463.2058648737666,239.588865856942
2014/15,2014,2015-02-21,Sunderland,West Brom,M Jones,0,0,11,12,1,2,0,0,full,0,0,,0,1,0.0757575757575757,1,0,0,4,1423.6362051910533,1419.8990042817072,3.737200909346029
2014/15,2014,2015-02-21,Swansea,Man United,N Swarbrick,2,1,6,15,2,4,0,0,full,0,0,,0,2,-0.0666666666666666,9,0,0,4,1460.661889804056,1624.8517061474745,-164.18981634341844
2014/15,2014,2015-02-22,Everton,Leicester,P Dowd,2,2,7,6,0,1,0,0,full,0,0,,0,1,0.1666666666666666,-1,0,0,4,1525.3378757190067,1346.844145313555,178.49373040545174
2014/15,2014,2015-02-22,Southampton,Liverpool,K Friend,0,2,11,14,2,3,0,0,full,0,0,,0,1,0.0324675324675324,3,0,0,4,1548.800981404245,1619.7209466269635,-70.91996522271847
2014/15,2014,2015-02-22,Tottenham,West Ham,J Moss,2,2,6,12,0,2,0,0,full,0,0,,0,2,0.1666666666666666,6,0,0,4,1597.6925413359884,1481.5572372376278,116.13530409836062
2014/15,2014,2015-02-28,Burnley,Swansea,J Moss,0,1,14,8,0,0,0,0,full,0,0,,0,0,0.0,-6,0,0,4,1379.1474914003468,1473.573939667235,-94.4264482668882
2014/15,2014,2015-02-28,Man United,Sunderland,R East,2,0,6,11,1,1,0,1,full,0,0,,0,0,-0.0757575757575757,5,1,0,4,1611.9396562842956,1421.822007271676,190.1176490126195
2014/15,2014,2015-02-28,Newcastle,Aston Villa,L Mason,1,0,6,16,1,5,0,0,full,0,0,,0,4,0.1458333333333333,10,0,0,4,1460.1802012758235,1375.4671182511047,84.7130830247188
2014/15,2014,2015-02-28,Stoke,Hull,N Swarbrick,1,0,9,10,2,2,0,0,full,0,0,,0,0,-0.0222222222222222,1,0,0,4,1501.1336161586898,1385.7668219438283,115.36679421486156
2014/15,2014,2015-02-28,West Brom,Southampton,P Dowd,1,0,10,17,2,1,0,0,full,0,0,,0,-1,-0.1411764705882353,7,0,0,4,1421.7132022010844,1539.115179814288,-117.4019776132036
2014/15,2014,2015-02-28,West Ham,Crystal Palace,M Dean,1,3,12,19,2,2,0,1,full,0,0,,0,0,-0.0614035087719298,7,1,0,4,1486.2329548058285,1435.8819512360258,50.35100356980274
2014/15,2014,2015-03-01,Arsenal,Everton,A Marriner,2,0,12,5,2,0,0,0,full,0,0,,0,-2,-0.1666666666666666,-7,0,0,4,1646.1718342512627,1519.380973596759,126.7908606545036
2014/15,2014,2015-03-01,Liverpool,Man City,M Clattenburg,2,1,8,16,1,3,0,0,full,0,0,,0,2,0.0625,8,0,0,4,1629.4067482169205,1705.8203943286517,-76.41364611173117
2014/15,2014,2015-03-03,Aston Villa,West Brom,J Moss,2,1,15,13,2,4,0,0,full,0,0,,0,2,0.1743589743589743,-2,0,0,4,1369.4070458718343,1433.3504935870103,-63.943447715176035
2014/15,2014,2015-03-03,Hull,Sunderland,M Dean,1,1,9,15,2,6,0,0,full,0,0,,0,4,0.1777777777777778,6,0,0,4,1380.425237991221,1417.9904589253456,-37.56522093412468
2014/15,2014,2015-03-03,Southampton,Crystal Palace,M Atkinson,1,0,11,10,0,2,0,0,full,0,0,,0,2,0.2,-1,0,0,4,1527.4778884283621,1448.9554457758295,78.52244265253262
2014/15,2014,2015-03-04,Liverpool,Burnley,L Mason,2,0,8,14,0,1,0,0,full,0,0,,0,1,0.0714285714285714,6,0,0,4,1639.8788197850567,1370.1351340259232,269.74368575913354
2014/15,2014,2015-03-04,Man City,Leicester,R Madley,2,0,11,3,0,1,0,0,full,0,0,,0,1,0.3333333333333333,-8,0,0,4,1695.3483227605154,1352.8010474358025,342.5472753247129
2014/15,2014,2015-03-04,Newcastle,Man United,A Taylor,0,1,6,14,1,2,0,0,full,0,0,,0,1,-0.0238095238095238,8,0,0,4,1466.240273655094,1615.771204630626,-149.5309309755321
2014/15,2014,2015-03-04,QPR,Arsenal,K Friend,1,2,10,8,2,1,0,0,full,0,0,,0,-1,-0.075,-2,0,0,4,1360.0636967007729,1651.2599359350909,-291.196239234318
2014/15,2014,2015-03-04,Stoke,Everton,M Clattenburg,2,0,11,14,2,2,0,0,full,0,0,,0,0,-0.0389610389610389,3,0,0,4,1506.4752001112972,1514.2928719129309,-7.817671801633651
2014/15,2014,2015-03-04,Tottenham,Swansea,M Oliver,3,2,14,7,1,0,0,0,full,0,0,,0,-1,-0.0714285714285714,-7,0,0,4,1593.0168237677876,1482.5862970416586,110.43052672612907
2014/15,2014,2015-03-04,West Ham,Chelsea,A Marriner,0,1,10,10,3,4,0,0,full,0,0,,0,1,0.1,0,0,0,4,1473.1594602660248,1701.3643413918176,-228.20488112579278
2014/15,2014,2015-03-07,QPR,Tottenham,C Pawson,1,2,15,12,1,2,0,0,full,0,0,,0,1,0.0999999999999999,-3,0,0,4,1355.883395214533,1598.470386576577,-242.58699136204405
2014/15,2014,2015-03-14,Arsenal,West Ham,A Taylor,3,0,10,9,1,1,0,0,full,0,0,,0,0,0.0111111111111111,-1,0,0,4,1655.4402374213307,1467.6549315921486,187.7853058291821
2014/15,2014,2015-03-14,Burnley,Man City,A Marriner,1,0,6,9,2,1,0,0,full,0,0,,0,-1,-0.2222222222222222,3,0,0,4,1367.5287904098286,1697.1424126765276,-329.61362226669894
2014/15,2014,2015-03-14,Crystal Palace,QPR,L Mason,3,1,17,16,1,3,0,0,full,0,0,,0,2,0.1286764705882352,-1,0,0,4,1442.7438035148189,1350.7029447587488,92.04085875607007
2014/15,2014,2015-03-14,Leicester,Hull,J Moss,0,0,10,15,0,4,0,1,full,0,0,,0,4,0.2666666666666666,5,1,0,4,1351.0069575197904,1379.7804091215678,-28.773451601777424
2014/15,2014,2015-03-14,Sunderland,Aston Villa,N Swarbrick,0,4,10,9,1,1,0,0,full,0,0,,0,0,0.0111111111111111,-1,0,0,4,1418.6352877949987,1379.5205425471509,39.11474524784785
2014/15,2014,2015-03-14,West Brom,Stoke,M Oliver,1,0,7,16,1,2,0,0,full,0,0,,0,1,-0.0178571428571428,9,0,0,4,1423.2369969116937,1514.9844644319248,-91.74746752023111
2014/15,2014,2015-03-15,Chelsea,Southampton,M Dean,1,1,10,11,3,3,0,0,full,0,0,,0,0,-0.0272727272727272,1,0,0,4,1706.8688700656937,1533.6895306893728,173.17933937632097
2014/15,2014,2015-03-15,Everton,Newcastle,M Atkinson,3,0,11,9,1,2,0,1,full,0,0,,0,1,0.1313131313131313,-2,1,0,4,1505.7836075923033,1458.7616169813796,47.021990610923694
2014/15,2014,2015-03-15,Man United,Tottenham,M Clattenburg,3,0,12,10,1,1,0,0,full,0,0,,0,0,0.0166666666666666,-2,0,0,4,1623.2498613043404,1603.6508370323613,19.599024271979033
2014/15,2014,2015-03-16,Swansea,Liverpool,R East,0,1,13,16,0,3,0,0,full,0,0,,0,3,0.1875,3,0,0,4,1477.132734232869,1642.4851634011513,-165.35242916828224
2014/15,2014,2015-03-21,Aston Villa,Swansea,R Madley,0,1,13,9,0,0,0,0,full,0,0,,0,0,0.0,-4,0,0,4,1392.298345605135,1470.075379208064,-77.77703360292912
2014/15,2014,2015-03-21,Man City,West Brom,N Swarbrick,3,0,6,5,0,0,0,1,full,0,0,,0,0,0.0,-1,1,0,4,1680.6383046361386,1434.1482277300324,246.4900769061062
2014/15,2014,2015-03-21,Newcastle,Arsenal,M Jones,1,2,11,7,0,0,0,0,full,0,0,,0,0,0.0,-4,0,0,4,1451.748092422954,1659.313545379042,-207.56545295608794
2014/15,2014,2015-03-21,Southampton,Burnley,R East,2,0,10,7,0,0,0,0,full,0,0,,0,0,0.0,-3,0,0,4,1539.546850279245,1384.0328984502175,155.51395182902752
2014/15,2014,2015-03-21,Stoke,Crystal Palace,A Marriner,1,2,15,14,3,4,0,0,full,0,0,,0,1,0.0857142857142856,-1,0,0,4,1504.0732336135861,1448.627199555374,55.446034058212035
2014/15,2014,2015-03-21,Tottenham,Leicester,M Dean,4,3,8,9,2,1,0,0,full,0,0,,0,-1,-0.1388888888888889,1,0,0,4,1595.9026204677289,1350.1105974843092,245.79202298341966
2014/15,2014,2015-03-21,West Ham,Sunderland,L Mason,1,0,14,11,0,1,0,0,full,0,0,,0,1,0.0909090909090909,-3,0,0,4,1463.7816236344374,1405.8574847370146,57.924138897422836
2014/15,2014,2015-03-22,Hull,Chelsea,M Oliver,2,3,14,11,0,2,0,0,full,0,0,,0,2,0.1818181818181818,-3,0,0,4,1380.676769157049,1701.0115504758214,-320.33478131877246
2014/15,2014,2015-03-22,Liverpool,Man United,M Atkinson,1,2,14,17,2,2,1,0,full,0,0,,0,0,-0.0252100840336134,3,-1,0,4,1649.5425184259564,1630.9980778689728,18.544440556983545
2014/15,2014,2015-03-22,QPR,Everton,J Moss,1,2,11,12,2,1,0,0,full,0,0,,0,-1,-0.0984848484848485,1,0,0,4,1344.8195487181936,1512.7971321507289,-167.9775834325353
2014/15,2014,2015-04-04,Arsenal,Liverpool,A Taylor,4,1,7,9,1,0,0,1,full,0,0,,0,-1,-0.1428571428571428,2,1,0,4,1665.3044891750499,1637.3195688932701,27.98492028177975
2014/15,2014,2015-04-04,Chelsea,Stoke,J Moss,2,1,5,22,1,6,0,0,full,0,0,,0,5,0.0727272727272727,17,0,0,4,1704.6642166172767,1490.867550376303,213.79666624097376
2014/15,2014,2015-04-04,Everton,Southampton,L Mason,1,0,12,17,0,1,0,0,full,0,0,,0,1,0.0588235294117647,5,0,0,4,1519.7856262669961,1544.0334884143313,-24.247862147335127
2014/15,2014,2015-04-04,Leicester,West Ham,M Clattenburg,2,1,12,10,0,3,0,0,full,0,0,,0,3,0.3,-2,0,0,4,1347.1754929415258,1470.5120915842597,-123.33659864273386
2014/15,2014,2015-04-04,Man United,Aston Villa,R East,3,1,15,12,0,1,0,0,full,0,0,,0,1,0.0833333333333333,-3,0,0,4,1643.221027401659,1382.8095637167633,260.4114636848958
2014/15,2014,2015-04-04,Swansea,Hull,A Marriner,3,1,11,14,1,5,0,1,full,0,0,,0,4,0.2662337662337662,3,1,0,4,1479.5641610964358,1377.0241030155937,102.54005808084207
2014/15,2014,2015-04-04,West Brom,QPR,L Probert,1,4,6,15,2,3,1,0,full,0,0,,0,1,-0.1333333333333333,9,-1,0,4,1431.2231722434271,1337.8310546019263,93.39211764150082
2014/15,2014,2015-04-05,Burnley,Tottenham,M Atkinson,0,0,9,5,2,0,0,0,full,0,0,,0,-2,-0.2222222222222222,-4,0,0,4,1379.5462603151313,1598.8377250105123,-219.2914646953809
2014/15,2014,2015-04-05,Sunderland,Newcastle,M Dean,1,0,14,18,5,2,0,0,full,0,0,,0,-3,-0.246031746031746,4,0,0,4,1399.1270167871924,1445.757148626946,-46.63013183975363
2014/15,2014,2015-04-06,Crystal Palace,Man City,M Oliver,2,1,11,11,2,1,0,0,full,0,0,,0,-1,-0.0909090909090909,0,0,0,4,1461.8328827926573,1683.563360122744,-221.73047733008661
2014/15,2014,2015-04-07,Aston Villa,QPR,C Pawson,3,3,8,12,0,4,0,0,full,0,0,,0,4,0.3333333333333333,4,0,0,4,1380.0790152713541,1351.9799082573022,28.099107014051924
2014/15,2014,2015-04-11,Burnley,Arsenal,M Dean,0,1,15,7,2,0,0,0,full,0,0,,0,-2,-0.1333333333333333,-8,0,0,4,1383.834687064415,1672.8248613409728,-288.9901742765578
2014/15,2014,2015-04-11,Southampton,Hull,K Friend,2,0,7,11,2,0,0,0,full,0,0,,0,-2,-0.2857142857142857,4,0,0,4,1535.0589008444335,1371.3885292549492,163.67037158948438
2014/15,2014,2015-04-11,Sunderland,Crystal Palace,A Taylor,1,4,15,17,2,2,0,0,full,0,0,,0,0,-0.0156862745098039,2,0,0,4,1408.7423908848264,1476.1784267967464,-67.43603591192004
2014/15,2014,2015-04-11,Swansea,Everton,M Oliver,1,1,18,12,3,3,0,0,full,0,0,,0,0,0.0833333333333333,-6,0,0,4,1485.1997348570803,1528.7602138368939,-43.560478979813524
2014/15,2014,2015-04-11,Tottenham,Aston Villa,L Probert,0,1,11,12,3,2,0,1,full,0,0,,0,-1,-0.106060606060606,1,1,0,4,1594.5492982612286,1377.5963032062123,216.95299505501634
2014/15,2014,2015-04-11,West Brom,Leicester,M Atkinson,2,3,15,15,2,2,0,0,full,0,0,,0,0,0.0,0,0,0,4,1417.0743185880513,1358.9785377698063,58.095780818244975
2014/15,2014,2015-04-11,West Ham,Stoke,R East,1,1,17,13,3,1,0,0,full,0,0,,0,-2,-0.0995475113122172,-4,0,0,4,1458.7090467559792,1487.4405807143023,-28.731533958323098
2014/15,2014,2015-04-12,Man United,Man City,M Clattenburg,4,2,9,16,0,3,0,0,full,0,0,,0,3,0.1875,7,0,0,4,1645.9515758470682,1669.2178161186548,-23.26624027158664
2014/15,2014,2015-04-12,QPR,Chelsea,A Marriner,0,1,12,6,2,1,0,0,full,0,0,,0,-1,0.0,-6,0,0,4,1354.462620322444,1708.0911862792773,-353.6285659568332
2014/15,2014,2015-04-13,Liverpool,Newcastle,L Mason,2,0,8,17,2,0,0,1,full,0,0,,0,-2,-0.25,9,1,0,4,1629.7991967273472,1436.141774529312,193.6574221980352
2014/15,2014,2015-04-18,Chelsea,Man United,M Dean,1,0,13,11,7,1,0,0,full,0,0,,0,-6,-0.4475524475524475,-2,0,0,4,1711.206014303462,1654.8982153152137,56.30779898824835
2014/15,2014,2015-04-18,Crystal Palace,West Brom,J Moss,0,2,17,17,3,3,0,0,full,0,0,,0,0,0.0,0,0,0,4,1485.9644331526051,1403.8003751041615,82.16405804844362
2014/15,2014,2015-04-18,Everton,Burnley,M Jones,1,0,12,15,1,2,0,1,full,0,0,,0,1,0.05,3,1,0,4,1529.2330284824832,1379.6122400259715,149.62078845651172
2014/15,2014,2015-04-18,Leicester,Swansea,L Probert,2,0,6,5,0,2,0,0,full,0,0,,0,2,0.4,-1,0,0,4,1372.252481253696,1484.726920211491,-112.47443895779497
2014/15,2014,2015-04-18,Stoke,Southampton,M Clattenburg,2,1,17,17,0,4,0,0,full,0,0,,0,4,0.2352941176470588,0,0,0,4,1488.3381375299425,1539.3842560558915,-51.04611852594894
2014/15,2014,2015-04-19,Man City,West Ham,A Taylor,2,0,10,6,2,2,0,0,full,0,0,,0,0,0.1333333333333333,-4,0,0,4,1660.2711766505092,1457.811489940339,202.45968671017022
2014/15,2014,2015-04-19,Newcastle,Tottenham,K Friend,1,3,11,13,2,4,0,0,full,0,0,,0,2,0.1258741258741259,2,0,0,4,1432.3729464822866,1577.9249791121354,-145.55203262984878
2014/15,2014,2015-04-25,Burnley,Leicester,A Taylor,0,1,16,16,3,0,0,0,full,0,0,,0,-3,-0.1875,0,0,0,4,1375.006439389384,1383.7514366823905,-8.744997293006463
2014/15,2014,2015-04-25,Crystal Palace,Hull,M Clattenburg,0,2,15,10,0,0,0,0,full,0,0,,0,0,0.0,-5,0,0,4,1472.0866621672599,1367.0631740434912,105.02348812376863
2014/15,2014,2015-04-25,Man City,Aston Villa,M Dean,3,2,13,11,1,2,0,0,full,0,0,,0,1,0.1048951048951049,-2,0,0,4,1663.8874651833721,1394.2206223553055,269.6668428280666
2014/15,2014,2015-04-25,Newcastle,Swansea,N Swarbrick,2,3,14,9,1,2,0,0,full,0,0,,0,1,0.1507936507936507,-5,0,0,4,1424.786742422358,1473.2279647827966,-48.44122236043859
2014/15,2014,2015-04-25,QPR,West Ham,M Jones,0,0,14,12,1,0,0,0,full,0,0,,0,-1,-0.0714285714285714,-2,0,0,4,1351.3477922982593,1454.1952014074761,-102.84740910921687
2014/15,2014,2015-04-25,Southampton,Tottenham,J Moss,2,2,9,10,1,3,0,0,full,0,0,,0,2,0.1888888888888888,1,0,0,4,1529.641912441631,1585.511183172064,-55.86927073043307
2014/15,2014,2015-04-25,Stoke,Sunderland,M Atkinson,1,1,14,15,2,3,0,0,full,0,0,,0,1,0.0571428571428571,1,0,0,4,1498.080481144203,1398.9563845289676,99.12409661523543
2014/15,2014,2015-04-25,West Brom,Liverpool,R East,0,0,12,11,1,0,0,0,full,0,0,,0,-1,-0.0833333333333333,-1,0,0,4,1417.6781460895068,1633.5680247743726,-215.88987868486583
2014/15,2014,2015-04-26,Arsenal,Chelsea,M Oliver,0,0,17,11,4,3,0,0,full,0,0,,0,-1,0.0374331550802138,-6,0,0,4,1677.0473083794163,1717.9780941216154,-40.93078574219908
2014/15,2014,2015-04-26,Everton,Man United,A Marriner,3,0,6,10,0,2,0,0,full,0,0,,0,2,0.2,4,0,0,4,1533.8388291190706,1648.1261354970604,-114.28730637798981
2014/15,2014,2015-04-28,Hull,Liverpool,L Probert,1,0,10,10,2,0,0,0,full,0,0,,0,-2,-0.2,0,0,0,4,1381.4852827658183,1629.3598324340505,-247.87454966823225
2014/15,2014,2015-04-29,Leicester,Chelsea,M Clattenburg,1,3,10,1,1,0,0,0,full,0,0,,1,-1,,-9,0,0,4,1395.2160646053942,1718.5263997607215,-323.31033515532727
2014/15,2014,2015-05-02,Aston Villa,Everton,M Clattenburg,3,2,13,12,2,1,0,0,full,0,0,,0,-1,-0.0705128205128205,-1,0,0,4,1391.6132759187203,1545.388750359806,-153.77547444108563
2014/15,2014,2015-05-02,Leicester,Newcastle,M Dean,3,0,10,13,1,2,0,2,full,0,0,,0,1,0.0538461538461538,3,2,0,4,1391.6142595235917,1414.4541767460082,-22.83991722241649
2014/15,2014,2015-05-02,Liverpool,QPR,M Atkinson,2,1,9,18,2,3,0,1,full,0,0,,0,1,-0.0555555555555555,9,1,0,4,1614.424304711059,1352.5748255174283,261.8494791936307
2014/15,2014,2015-05-02,Man United,West Brom,A Taylor,0,1,10,11,1,0,0,0,full,0,0,,0,-1,-0.1,1,0,0,4,1636.576214256325,1421.8863384298288,214.6898758264963
2014/15,2014,2015-05-02,Sunderland,Southampton,M Jones,2,1,12,13,2,2,0,1,full,0,0,,0,0,-0.0128205128205128,1,1,0,4,1403.2408791452985,1529.5230260977319,-126.28214695243332
2014/15,2014,2015-05-02,Swansea,Stoke,C Pawson,2,0,9,18,1,2,0,1,full,0,0,,0,1,0.0,9,1,0,4,1483.5605304591463,1493.7959865278722,-10.235456068725853
2014/15,2014,2015-05-02,West Ham,Burnley,J Moss,1,0,11,7,3,2,0,1,full,0,0,,0,-1,0.0129870129870129,-4,1,0,4,1452.9681681883071,1363.5418114663803,89.42635672192682
2014/15,2014,2015-05-03,Chelsea,Crystal Palace,K Friend,1,0,12,13,2,2,0,0,full,0,0,,0,0,-0.0128205128205128,1,0,0,4,1722.128204842524,1457.6645534449328,264.4636513975911
2014/15,2014,2015-05-03,Tottenham,Man City,A Marriner,0,1,6,11,3,4,0,0,full,0,0,,0,1,-0.1363636363636363,5,0,0,4,1585.630069515963,1666.4948116199573,-80.86474210399433
2014/15,2014,2015-05-04,Hull,Arsenal,L Mason,1,3,8,11,2,0,0,0,full,0,0,,0,-2,-0.25,3,0,0,4,1396.4208104888098,1676.4990027403103,-280.07819225150047
2014/15,2014,2015-05-09,Aston Villa,West Ham,L Mason,1,0,6,13,1,1,0,0,full,0,0,,0,0,-0.0897435897435897,7,0,0,4,1404.2486636490823,1458.9142562431898,-54.665592594107466
2014/15,2014,2015-05-09,Crystal Palace,Man United,M Oliver,1,2,13,12,0,1,0,0,full,0,0,,0,1,0.0833333333333333,-1,0,0,4,1454.988537766805,1619.9886072913732,-165.0000695245683
2014/15,2014,2015-05-09,Everton,Sunderland,L Probert,0,2,10,9,2,3,0,0,full,0,0,,0,1,0.1333333333333333,-1,0,0,4,1532.753362629444,1415.1258203556902,117.62754227375376
2014/15,2014,2015-05-09,Hull,Burnley,M Atkinson,0,1,16,12,1,1,0,0,full,0,0,,0,0,0.0208333333333333,-4,0,0,4,1392.0249465006602,1357.5957234114976,34.42922308916263
2014/15,2014,2015-05-09,Leicester,Southampton,R East,2,0,12,10,1,0,0,0,full,0,0,,0,-1,-0.0833333333333333,-2,0,0,4,1400.548766152612,1517.6380848873403,-117.0893187347283
2014/15,2014,2015-05-09,Newcastle,West Brom,C Foy,1,1,11,17,2,3,0,0,full,0,0,,0,1,-0.0053475935828876,6,0,0,4,1405.519670116988,1438.4739453947807,-32.9542752777927
2014/15,2014,2015-05-09,Stoke,Tottenham,M Clattenburg,3,0,14,12,0,0,0,1,full,0,0,,0,0,0.0,-2,1,0,4,1485.21860970289,1576.2298841778957,-91.01127447500562
2014/15,2014,2015-05-10,Chelsea,Liverpool,A Marriner,1,1,13,11,4,3,0,0,full,0,0,,0,-1,-0.034965034965035,-2,0,0,4,1724.8042205206518,1617.135394605578,107.66882591507374
2014/15,2014,2015-05-10,Man City,QPR,M Dean,6,0,12,7,0,1,0,0,full,0,0,,0,1,0.1428571428571428,-5,0,0,4,1675.8949969580246,1349.8637356229092,326.03126133511546
2014/15,2014,2015-05-11,Arsenal,Swansea,K Friend,0,1,7,10,0,1,0,0,full,0,0,,0,1,0.1,3,0,0,4,1680.8948667284599,1492.1379072841285,188.75695944433141
2014/15,2014,2015-05-16,Burnley,Stoke,M Oliver,0,0,14,9,1,2,0,0,full,0,0,,0,1,0.1507936507936507,-5,0,0,4,1370.2486119920345,1496.1088230993155,-125.86021110728097
2014/15,2014,2015-05-16,Liverpool,Crystal Palace,J Moss,1,3,10,17,2,3,0,0,full,0,0,,0,1,-0.0235294117647058,7,0,0,4,1621.618546556272,1447.9219164422084,173.6966301140635
2014/15,2014,2015-05-16,QPR,Newcastle,L Probert,2,1,12,8,2,0,0,0,full,0,0,,0,-2,-0.1666666666666666,-4,0,0,4,1347.9081995522886,1404.7428001419778,-56.83460058968922
2014/15,2014,2015-05-16,Southampton,Aston Villa,R Madley,6,1,19,7,1,1,0,0,full,0,0,,0,0,0.0902255639097744,-12,0,0,4,1506.009552596029,1414.095139125426,91.914413470603
2014/15,2014,2015-05-16,Sunderland,Leicester,M Atkinson,0,0,14,15,4,1,0,0,full,0,0,,0,-3,-0.219047619047619,1,0,0,4,1429.8350306368186,1412.1772984439233,17.65773219289531
2014/15,2014,2015-05-16,Tottenham,Hull,A Taylor,2,0,10,6,3,1,0,0,full,0,0,,0,-2,-0.1333333333333333,-4,0,0,4,1565.3396707814702,1379.3720579201233,185.96761286134688
2014/15,2014,2015-05-16,West Ham,Everton,K Friend,1,2,12,14,1,4,0,0,full,0,0,,0,3,0.2023809523809523,2,0,0,4,1449.0677807668462,1518.0441523483155,-68.97637158146927
2014/15,2014,2015-05-17,Man United,Arsenal,M Dean,1,1,16,8,1,0,0,0,full,0,0,,0,-1,-0.0625,-8,0,0,4,1627.0552286159698,1664.7507357546617,-37.69550713869194
2014/15,2014,2015-05-17,Swansea,Man City,M Clattenburg,2,4,8,8,0,3,0,0,full,0,0,,0,3,0.375,0,0,0,4,1508.2820382579266,1677.8505330286453,-169.56849477071864
2014/15,2014,2015-05-18,West Brom,Chelsea,M Jones,3,0,12,11,3,2,0,1,full,0,0,,0,-1,-0.0681818181818181,-1,1,0,4,1439.2508153697909,1720.321068569958,-281.07025320016714
2014/15,2014,2015-05-20,Arsenal,Sunderland,A Taylor,0,0,6,8,1,0,0,0,full,0,0,,0,-1,-0.1666666666666666,2,0,0,4,1665.391830188187,1427.6363551941174,237.75547499406957
2014/15,2014,2015-05-24,Arsenal,West Brom,R Madley,4,1,6,7,1,0,0,0,full,0,0,,0,-1,-0.1666666666666666,1,0,0,4,1658.4446951980701,1454.874506139893,203.57018905817722
2014/15,2014,2015-05-24,Aston Villa,Burnley,M Jones,0,1,9,6,1,2,0,0,full,0,0,,0,1,0.2222222222222222,-3,0,0,4,1408.2087199904695,1372.1218377235498,36.0868822669197
2014/15,2014,2015-05-24,Chelsea,Sunderland,L Mason,3,1,12,8,2,1,0,0,full,0,0,,0,-1,-0.0416666666666666,-4,0,0,4,1704.697377799856,1434.5834901842343,270.1138876156217
2014/15,2014,2015-05-24,Crystal Palace,Swansea,C Pawson,1,0,22,13,3,0,0,0,full,0,0,,0,-3,-0.1363636363636363,-9,0,0,4,1463.7890082403894,1501.3351238411822,-37.546115600792746
2014/15,2014,2015-05-24,Everton,Tottenham,J Moss,0,1,12,8,1,2,0,0,full,0,0,,0,1,0.1666666666666666,-4,0,0,4,1527.7858490760632,1569.2457628844807,-41.45991380841747
2014/15,2014,2015-05-24,Hull,Man United,L Probert,0,0,12,15,2,2,0,1,full,0,0,,0,0,-0.0333333333333333,3,1,0,4,1375.4659658171129,1626.4141341824445,-250.94816836533164
2014/15,2014,2015-05-24,Leicester,QPR,M Oliver,5,1,7,6,0,0,0,0,full,0,0,,0,0,0.0,-1,0,0,4,1414.3759738866245,1357.817094554328,56.558879332296556
2014/15,2014,2015-05-24,Man City,Southampton,C Foy,2,0,13,8,1,1,0,0,full,0,0,,0,0,0.048076923076923,-5,0,0,4,1684.7974474453897,1511.8959717309854,172.90147571440434
2014/15,2014,2015-05-24,Newcastle,West Ham,M Atkinson,2,0,9,9,2,1,0,0,full,0,0,,0,-1,-0.1111111111111111,0,0,0,4,1394.8339051399385,1439.3260840390985,-44.49217889916008
2014/15,2014,2015-05-24,Stoke,Liverpool,A Taylor,6,1,13,4,4,2,0,0,full,0,0,,0,-2,0.1923076923076923,-9,0,0,4,1494.2355973678002,1605.7514547580909,-111.51585739029065
2015/16,2015,2015-08-08,Bournemouth,Aston Villa,M Clattenburg,0,1,13,13,3,4,0,0,full,0,0,,0,1,0.0769230769230769,0,0,0,5,1372.1128757447761,1395.511534379598,-23.398658634821913
2015/16,2015,2015-08-08,Chelsea,Swansea,M Oliver,2,2,15,16,1,3,1,0,full,0,0,,0,2,0.1208333333333333,1,-1,0,5,1707.298894778488,1491.9805003180998,215.31839446038816
2015/16,2015,2015-08-08,Everton,Watford,M Jones,2,2,7,13,1,2,0,0,full,0,0,,0,1,0.010989010989011,6,0,0,5,1517.252728437283,1372.1128757447761,145.1398526925068
2015/16,2015,2015-08-08,Leicester,Sunderland,L Mason,4,2,13,17,2,4,0,0,full,0,0,,0,2,0.0814479638009049,4,0,0,5,1421.1415815234154,1431.9819732056023,-10.840391682186919
2015/16,2015,2015-08-08,Man United,Tottenham,J Moss,1,0,12,12,2,3,0,0,full,0,0,,0,1,0.0833333333333333,0,0,0,5,1621.4119830171865,1579.778883523261,41.633099493925556
2015/16,2015,2015-08-08,Norwich,Crystal Palace,S Hooper,1,3,14,20,1,0,0,0,full,0,0,,0,-1,-0.0714285714285714,6,0,0,5,1372.1128757447761,1473.1436317634718,-101.03075601869568
2015/16,2015,2015-08-09,Arsenal,West Ham,M Atkinson,0,2,12,9,1,3,0,0,full,0,0,,0,2,0.25,-3,0,0,5,1662.042084948116,1429.772138825802,232.2699461223142
2015/16,2015,2015-08-09,Newcastle,Southampton,C Pawson,2,2,9,12,2,4,0,0,full,0,0,,0,2,0.1111111111111111,3,0,0,5,1404.387850353235,1507.7480351186607,-103.36018476542563
2015/16,2015,2015-08-09,Stoke,Liverpool,A Taylor,0,1,9,16,2,4,0,0,full,0,0,,0,2,0.0277777777777777,7,0,0,5,1505.7075714261655,1594.2794806997256,-88.5719092735601
2015/16,2015,2015-08-10,West Brom,Man City,M Dean,0,3,12,9,4,1,0,0,full,0,0,,0,-3,-0.2222222222222222,-3,0,0,5,1451.277116389847,1688.9453840577144,-237.66826766786744
2015/16,2015,2015-08-14,Aston Villa,Man United,M Dean,0,1,14,10,2,2,0,0,full,0,0,,0,0,0.0571428571428571,-4,0,0,5,1406.5611257425064,1628.5674244840563,-222.00629874154993
2015/16,2015,2015-08-15,Southampton,Everton,M Oliver,0,3,11,10,4,2,0,0,full,0,0,,0,-2,-0.1636363636363636,-1,0,0,5,1506.5064678834208,1511.9506088714577,-5.4441409880369065
2015/16,2015,2015-08-15,Sunderland,Norwich,K Friend,1,3,7,7,1,2,0,0,full,0,0,,0,1,0.1428571428571428,0,0,0,5,1423.3875331074582,1363.2883761376206,60.09915696983762
2015/16,2015,2015-08-15,Swansea,Newcastle,M Jones,2,0,11,8,2,1,0,1,full,0,0,,0,-1,-0.0568181818181818,-3,1,0,5,1498.5783347697563,1405.629417588475,92.94891718128133
2015/16,2015,2015-08-15,Tottenham,Stoke,R Madley,2,2,15,11,2,2,0,0,full,0,0,,0,0,0.0484848484848484,-4,0,0,5,1572.623442056391,1496.5280882361071,76.09535382028389
2015/16,2015,2015-08-15,Watford,West Brom,P Tierney,0,0,13,10,1,2,0,0,full,0,0,,0,1,0.123076923076923,-3,0,0,5,1377.4149953106014,1445.9872388432773,-68.57224353267588
2015/16,2015,2015-08-15,West Ham,Leicester,A Taylor,1,2,11,12,1,3,1,0,full,0,0,,0,2,0.1590909090909091,1,-1,0,5,1446.636688750327,1429.7360216215598,16.90066712876728
2015/16,2015,2015-08-16,Crystal Palace,Arsenal,L Mason,1,2,14,12,1,1,0,0,full,0,0,,0,0,0.0119047619047619,-2,0,0,5,1481.9681313706274,1645.177535023591,-163.2094036529636
2015/16,2015,2015-08-16,Man City,Chelsea,M Atkinson,3,0,19,13,4,2,0,0,full,0,0,,0,-2,-0.0566801619433198,-6,0,0,5,1694.235261604284,1700.7010603268313,-6.4657987225473335
2015/16,2015,2015-08-17,Liverpool,Bournemouth,C Pawson,1,0,11,18,1,4,0,0,full,0,0,,0,3,0.1313131313131313,7,0,0,5,1603.458963889784,1361.0632843818678,242.39567950791616
2015/16,2015,2015-08-22,Crystal Palace,Aston Villa,K Stroud,2,1,12,15,3,3,0,0,full,0,0,,0,0,-0.0499999999999999,3,0,0,5,1474.85433445993,1400.9131071635466,73.94122729638343
2015/16,2015,2015-08-22,Leicester,Tottenham,M Atkinson,1,1,7,14,1,4,0,0,full,0,0,,0,3,0.1428571428571428,7,0,0,5,1441.9139504439097,1568.8950736634552,-126.98112321954545
2015/16,2015,2015-08-22,Man United,Newcastle,C Pawson,0,0,15,11,2,2,0,0,full,0,0,,0,0,0.0484848484848484,-4,0,0,5,1634.2154430630162,1399.7677050690436,234.44773799397262
2015/16,2015,2015-08-22,Norwich,Stoke,M Dean,1,1,16,5,4,1,0,0,full,0,0,,0,-3,-0.0499999999999999,-11,0,0,5,1376.613703251171,1500.256456629043,-123.64275337787194
2015/16,2015,2015-08-22,Sunderland,Swansea,N Swarbrick,1,1,16,9,4,2,0,0,full,0,0,,0,-2,-0.0277777777777777,-7,0,0,5,1410.0622059939078,1504.4400472891878,-94.37784129527995
2015/16,2015,2015-08-22,West Ham,Bournemouth,J Moss,3,4,8,11,0,0,1,0,full,0,0,,0,0,0.0,3,-1,0,5,1434.458759927977,1358.078878315605,76.37988161237217
2015/16,2015,2015-08-23,Everton,Man City,A Taylor,0,2,5,7,0,3,0,0,full,0,0,,0,3,0.4285714285714285,2,0,0,5,1523.5080730892164,1702.7065028318723,-179.1984297426559
2015/16,2015,2015-08-23,Watford,Southampton,A Marriner,0,0,10,11,0,2,0,0,full,0,0,,0,2,0.1818181818181818,1,0,0,5,1377.661674259346,1494.949003665662,-117.28732940631608
2015/16,2015,2015-08-23,West Brom,Chelsea,M Clattenburg,2,3,9,12,2,1,0,1,full,0,0,,0,-1,-0.1388888888888889,3,1,0,5,1445.7405598945327,1692.229819099243,-246.48925920471038
2015/16,2015,2015-08-24,Arsenal,Liverpool,M Oliver,0,0,2,13,1,4,0,0,full,0,0,,1,3,,11,0,0,5,1652.2913319342883,1606.4433699560468,45.84796197824153
2015/16,2015,2015-08-29,Aston Villa,Sunderland,R Madley,2,2,10,14,2,1,0,0,full,0,0,,0,-1,-0.1285714285714286,4,0,0,5,1394.5879703700832,1411.0484632258306,-16.46049285574736
2015/16,2015,2015-08-29,Bournemouth,Leicester,N Swarbrick,1,1,9,19,2,4,0,0,full,0,0,,0,2,-0.0116959064327485,10,0,0,5,1371.8142955408762,1443.81828762835,-72.00399208747376
2015/16,2015,2015-08-29,Chelsea,Crystal Palace,C Pawson,1,2,9,15,1,1,0,0,full,0,0,,0,0,-0.0444444444444444,6,0,0,5,1697.3245099870485,1481.1794712533933,216.14503873365516
2015/16,2015,2015-08-29,Liverpool,West Ham,K Friend,0,3,17,11,3,1,1,1,full,0,0,,0,-2,-0.0855614973262032,-6,0,0,5,1609.3990370182355,1420.7233427027058,188.67569431552965
2015/16,2015,2015-08-29,Man City,Watford,M Clattenburg,2,0,9,12,1,2,0,0,full,0,0,,0,1,0.0555555555555555,3,0,0,5,1709.4042538393899,1379.2957540908133,330.1084997485766
2015/16,2015,2015-08-29,Newcastle,Arsenal,A Marriner,0,1,15,8,6,1,1,0,full,0,0,,0,-5,-0.275,-7,-1,0,5,1406.6652574578711,1649.3356648720996,-242.67040741422852
2015/16,2015,2015-08-29,Stoke,West Brom,M Oliver,0,1,4,9,1,4,2,0,full,0,0,,0,3,0.1944444444444444,5,-2,0,5,1498.4448877860457,1440.6458690067273,57.79901877931843
2015/16,2015,2015-08-29,Tottenham,Everton,M Jones,0,0,20,9,4,1,0,0,full,0,0,,0,-3,-0.0888888888888889,-11,0,0,5,1566.990736479015,1516.8103220816988,50.1804143973161
2015/16,2015,2015-08-30,Southampton,Norwich,J Moss,3,0,4,12,0,0,0,1,full,0,0,,0,0,0.0,8,1,0,5,1493.3149238341948,1378.4252720941683,114.88965174002647
2015/16,2015,2015-08-30,Swansea,Man United,M Atkinson,2,1,6,15,2,2,0,0,full,0,0,,0,0,-0.1999999999999999,9,0,0,5,1503.453790057265,1627.3178906741887,-123.86410061692368
2015/16,2015,2015-09-12,Arsenal,Stoke,J Moss,2,0,6,13,1,1,0,0,full,0,0,,0,0,-0.0897435897435897,7,0,0,5,1654.5142723182619,1485.1785723934745,169.33569992478738
2015/16,2015,2015-09-12,Crystal Palace,Man City,M Jones,0,1,13,13,2,3,0,0,full,0,0,,0,1,0.0769230769230769,0,0,0,5,1497.7907200414345,1711.318769385724,-213.52804934428946
2015/16,2015,2015-09-12,Everton,Chelsea,A Marriner,3,1,12,12,2,2,0,0,full,0,0,,0,0,0.0,0,0,0,5,1519.8793698118152,1680.7132611990073,-160.83389138719212
2015/16,2015,2015-09-12,Man United,Liverpool,M Oliver,3,1,6,11,1,2,0,0,full,0,0,,0,1,0.0151515151515151,5,0,0,5,1615.5001607359907,1593.2563622721284,22.243798463862277
2015/16,2015,2015-09-12,Norwich,Bournemouth,M Atkinson,3,1,10,11,2,3,0,0,full,0,0,,0,1,0.0727272727272727,1,0,0,5,1373.0729282340124,1372.1596607940319,0.9132674399804728
2015/16,2015,2015-09-12,Watford,Swansea,R Madley,1,0,11,14,1,1,1,0,full,0,0,,0,0,-0.0194805194805194,3,-1,0,5,1377.3812385444792,1515.271519995463,-137.89028145098382
2015/16,2015,2015-09-12,West Brom,Southampton,S Attwell,0,0,5,5,1,0,0,0,full,0,0,,0,-1,-0.2,0,0,0,5,1453.9121843992984,1498.6672676943508,-44.75508329505237
2015/16,2015,2015-09-13,Leicester,Aston Villa,M Dean,3,2,8,13,2,1,0,0,full,0,0,,0,-1,-0.173076923076923,5,0,0,5,1443.4729223751942,1393.3413217090458,50.131600666148415
2015/16,2015,2015-09-13,Sunderland,Tottenham,C Pawson,0,1,11,12,2,1,0,0,full,0,0,,0,-1,-0.0984848484848485,1,0,0,5,1412.295111886868,1563.9216887488985,-151.62657686203056
2015/16,2015,2015-09-14,West Ham,Newcastle,A Taylor,2,0,8,11,0,2,0,0,full,0,0,,0,2,0.1818181818181818,3,0,0,5,1436.866017448813,1401.486650011709,35.379367437104065
2015/16,2015,2015-09-19,Aston Villa,West Brom,M Atkinson,0,1,10,11,2,3,0,0,full,0,0,,0,1,0.0727272727272727,1,0,0,5,1386.409096747254,1453.4736818071829,-67.06458505992896
2015/16,2015,2015-09-19,Bournemouth,Sunderland,K Friend,2,0,14,15,2,4,0,1,full,0,0,,0,2,0.1238095238095238,1,1,0,5,1363.8951401905056,1404.872851808125,-40.977711617619434
2015/16,2015,2015-09-19,Chelsea,Arsenal,M Dean,2,0,12,11,3,1,0,2,full,0,0,,0,-2,-0.1590909090909091,-1,2,0,5,1667.8898582342924,1658.7300977978784,9.15976043641399
2015/16,2015,2015-09-19,Man City,West Ham,R Madley,1,2,10,7,1,2,0,0,full,0,0,,0,1,0.1857142857142857,-3,0,0,5,1717.1666772731419,1444.1877246664342,272.9789526067077
2015/16,2015,2015-09-19,Newcastle,Watford,R East,1,2,8,12,1,2,0,0,full,0,0,,0,1,0.0416666666666666,4,0,0,5,1394.1649427940877,1389.5862827886353,4.5786600054523205
2015/16,2015,2015-09-19,Stoke,Leicester,A Marriner,2,2,7,12,1,4,0,0,full,0,0,,0,3,0.1904761904761904,5,0,0,5,1480.962746913858,1450.4051473369861,30.55759957687178
2015/16,2015,2015-09-19,Swansea,Everton,S Attwell,0,0,12,11,2,2,0,1,full,0,0,,0,0,0.0151515151515151,-1,1,0,5,1503.0664757513068,1532.70277277653,-29.636297025223257
2015/16,2015,2015-09-20,Liverpool,Norwich,A Taylor,1,1,4,13,1,2,0,0,full,0,0,,0,1,-0.0961538461538461,9,0,0,5,1585.5802835572931,1381.3374488375387,204.24283471975446
2015/16,2015,2015-09-20,Southampton,Man United,M Clattenburg,2,3,6,13,2,0,0,0,full,0,0,,0,-2,-0.3333333333333333,7,0,0,5,1499.1057702864664,1623.176239450826,-124.07046916435957
2015/16,2015,2015-09-20,Tottenham,Crystal Palace,M Oliver,1,0,9,11,1,2,0,0,full,0,0,,0,1,0.0707070707070707,2,0,0,5,1571.3439488276415,1491.9428121540166,79.40113667362493
2015/16,2015,2015-09-26,Leicester,Arsenal,C Pawson,2,5,9,12,1,1,0,0,full,0,0,,0,0,-0.0277777777777777,3,0,0,5,1452.9541413413694,1650.6947942924635,-197.74065295109403
2015/16,2015,2015-09-26,Liverpool,Aston Villa,J Moss,3,2,8,13,0,0,0,0,full,0,0,,0,0,0.0,5,0,0,5,1579.166263614287,1376.6124038318999,202.553859782387
2015/16,2015,2015-09-26,Man United,Sunderland,M Jones,3,0,12,17,0,3,0,0,full,0,0,,0,3,0.1764705882352941,5,0,0,5,1631.3527666273471,1395.419810862539,235.93295576480818
2015/16,2015,2015-09-26,Newcastle,Chelsea,M Atkinson,2,2,12,15,1,2,0,0,full,0,0,,0,1,0.05,3,0,0,5,1382.3273331954995,1675.9251617397074,-293.5978285442079
2015/16,2015,2015-09-26,Southampton,Swansea,R East,3,1,18,14,3,1,0,0,full,0,0,,0,-2,-0.0952380952380952,-4,0,0,5,1490.9292431099452,1502.194756300877,-11.26551319093187
2015/16,2015,2015-09-26,Stoke,Bournemouth,L Mason,2,1,13,11,1,0,0,0,full,0,0,,0,-1,-0.0769230769230769,-2,0,0,5,1478.4137529094746,1373.3481811360916,105.065571773383
2015/16,2015,2015-09-26,Tottenham,Man City,M Clattenburg,4,1,17,6,5,1,0,0,full,0,0,,0,-4,-0.1274509803921568,-11,0,0,5,1577.5339506766452,1699.7310965631445,-122.19714588649936
2015/16,2015,2015-09-26,West Ham,Norwich,M Dean,2,2,7,17,0,0,0,0,full,0,0,,0,0,0.0,10,0,0,5,1461.6233053764315,1387.7514687805449,73.87183659588663
2015/16,2015,2015-09-27,Watford,Crystal Palace,A Taylor,0,1,17,22,4,4,0,0,full,0,0,,0,0,-0.053475935828877,5,0,0,5,1401.4238923872235,1485.7528103050129,-84.32891791778934
2015/16,2015,2015-09-28,West Brom,Everton,R Madley,2,3,9,8,0,3,0,0,full,0,0,,0,3,0.375,-1,0,0,5,1463.2703747225369,1533.5744922269598,-70.30411750442295
2015/16,2015,2015-10-03,Aston Villa,Stoke,M Jones,0,1,12,12,1,0,0,0,full,0,0,,0,-1,-0.0833333333333333,0,0,0,5,1372.9977209555852,1483.9906698379225,-110.99294888233726
2015/16,2015,2015-10-03,Bournemouth,Watford,M Oliver,1,1,8,13,1,1,0,0,full,0,0,,0,0,-0.048076923076923,5,0,0,5,1367.7712642076438,1392.1229926519493,-24.351728444305536
2015/16,2015,2015-10-03,Chelsea,Southampton,R Madley,1,3,14,14,2,5,0,0,full,0,0,,0,3,0.2142857142857143,0,0,0,5,1670.059935097237,1499.5356795120183,170.52425558521873
2015/16,2015,2015-10-03,Crystal Palace,West Brom,J Moss,2,0,14,13,3,3,0,0,full,0,0,,0,0,0.0164835164835165,-1,0,0,5,1495.0537100402871,1453.5668641414075,41.486845898879665
2015/16,2015,2015-10-03,Man City,Newcastle,K Friend,6,1,13,8,3,1,0,0,full,0,0,,0,-2,-0.1057692307692307,-5,0,0,5,1687.9598002903329,1388.1925598379698,299.767240452363
2015/16,2015,2015-10-03,Norwich,Leicester,M Clattenburg,1,2,4,4,0,1,0,0,full,0,0,,0,1,0.25,0,0,0,5,1391.4246043530234,1446.7232103224567,-55.29860596943331
2015/16,2015,2015-10-03,Sunderland,West Ham,N Swarbrick,2,2,14,11,2,4,1,0,full,0,0,,0,2,0.2207792207792208,-3,-1,0,5,1392.3397073478247,1457.950169803953,-65.61046245612829
2015/16,2015,2015-10-04,Arsenal,Man United,A Taylor,3,0,8,17,1,3,0,0,full,0,0,,0,2,0.0514705882352941,9,0,0,5,1656.9257253113763,1634.4328701420613,22.492855169314907
2015/16,2015,2015-10-04,Everton,Liverpool,M Atkinson,1,1,10,19,3,3,0,0,full,0,0,,0,0,-0.1421052631578947,9,0,0,5,1543.2780028080892,1582.7809464906015,-39.502943682512296
2015/16,2015,2015-10-04,Swansea,Tottenham,M Dean,2,2,8,19,1,4,0,0,full,0,0,,0,3,0.0855263157894736,11,0,0,5,1493.588319898804,1589.305246949457,-95.71692705065288
2015/16,2015,2015-10-17,Chelsea,Aston Villa,R East,2,0,22,17,1,3,0,0,full,0,0,,0,2,0.1310160427807487,-5,0,0,5,1654.253041560119,1364.4549673463084,289.79807421381065
2015/16,2015,2015-10-17,Crystal Palace,West Ham,M Clattenburg,1,3,9,11,1,3,1,0,full,0,0,,0,2,0.1616161616161616,2,-1,0,5,1502.2130208734882,1457.7887017485593,44.42431912492884
2015/16,2015,2015-10-17,Everton,Man United,J Moss,0,3,12,14,2,2,0,0,full,0,0,,0,0,-0.0238095238095238,2,0,0,5,1542.6887335845358,1626.7635715859224,-84.07483800138652
2015/16,2015,2015-10-17,Man City,Bournemouth,M Dean,5,1,11,5,2,1,0,0,full,0,0,,0,-1,0.0181818181818181,-6,0,0,5,1690.1987784039998,1366.748809946629,323.4499684573707
2015/16,2015,2015-10-17,Southampton,Leicester,P Tierney,2,2,16,10,2,0,0,0,full,0,0,,0,-2,-0.125,-6,0,0,5,1515.3425730491363,1456.8585190615413,58.48405398759496
2015/16,2015,2015-10-17,Tottenham,Liverpool,C Pawson,0,0,15,11,1,2,0,0,full,0,0,,0,1,0.1151515151515151,-4,0,0,5,1588.2808373220082,1583.370215714155,4.9106216078532725
2015/16,2015,2015-10-17,Watford,Arsenal,M Jones,0,3,11,12,2,1,0,0,full,0,0,,0,-1,-0.0984848484848485,1,0,0,5,1393.145446912964,1664.5950238675152,-271.4495769545513
2015/16,2015,2015-10-17,West Brom,Sunderland,M Atkinson,1,0,12,13,2,2,0,0,full,0,0,,0,0,-0.0128205128205128,1,0,0,5,1446.4075533082064,1392.5011754032184,53.90637790498795
2015/16,2015,2015-10-18,Newcastle,Norwich,A Taylor,6,2,10,10,1,1,0,0,full,0,0,,0,0,0.0,0,0,0,5,1385.953581724303,1381.2892956139387,4.6642861103641735
2015/16,2015,2015-10-19,Swansea,Stoke,R Madley,0,1,6,14,2,2,0,0,full,0,0,,0,0,-0.1904761904761904,8,0,0,5,1494.6127295262527,1492.5334234471993,2.0793060790533673
2015/16,2015,2015-10-24,Arsenal,Everton,L Mason,2,1,11,14,2,0,0,1,full,0,0,,0,-2,-0.1818181818181818,3,1,0,5,1669.1636096717443,1533.3805562123196,135.78305345942476
2015/16,2015,2015-10-24,Aston Villa,Swansea,N Swarbrick,1,2,10,8,2,3,0,0,full,0,0,,0,1,0.175,-2,0,0,5,1362.0993187120293,1482.8447187386603,-120.74540002663093
2015/16,2015,2015-10-24,Leicester,Crystal Palace,M Dean,1,0,7,11,3,1,0,0,full,0,0,,0,-2,-0.3376623376623376,4,0,0,5,1460.1424364339377,1489.294795055205,-29.15235862126724
2015/16,2015,2015-10-24,Norwich,West Brom,K Friend,0,1,11,6,1,2,0,0,full,0,0,,0,1,0.2424242424242424,-5,0,0,5,1373.1292864000015,1453.2416872655433,-80.11240086554176
2015/16,2015,2015-10-24,Stoke,Watford,M Atkinson,0,2,10,18,3,1,0,0,full,0,0,,0,-2,-0.2444444444444444,8,0,0,5,1504.3014342347917,1388.5768611087349,115.72457312605684
2015/16,2015,2015-10-24,West Ham,Chelsea,J Moss,2,1,10,12,1,5,0,1,full,0,0,,0,4,0.3166666666666666,2,1,0,5,1470.7069275668425,1656.6086901943982,-185.90176262755563
2015/16,2015,2015-10-25,Bournemouth,Tottenham,R East,1,5,8,15,0,1,0,0,full,0,0,,0,1,0.0666666666666666,7,0,0,5,1364.766900350466,1586.433997365272,-221.66709701480613
2015/16,2015,2015-10-25,Liverpool,Southampton,A Marriner,1,1,8,11,1,0,0,1,full,0,0,,0,-1,-0.125,3,1,0,5,1585.217055670891,1512.0586556767398,73.1583999941513
2015/16,2015,2015-10-25,Man United,Man City,M Clattenburg,0,0,17,13,2,2,0,0,full,0,0,,0,0,0.0361990950226244,-4,0,0,5,1636.0717489581386,1692.180688000163,-56.1089390420243
2015/16,2015,2015-10-25,Sunderland,Newcastle,R Madley,3,0,12,10,0,2,0,1,full,0,0,,0,2,0.2,-2,1,0,5,1385.6670414458815,1394.1135909382401,-8.4465494923586
2015/16,2015,2015-10-31,Chelsea,Liverpool,M Clattenburg,1,3,9,21,1,4,0,0,full,0,0,,0,3,0.0793650793650793,12,0,0,5,1643.1356526386605,1581.561697358154,61.573955280506425
2015/16,2015,2015-10-31,Crystal Palace,Man United,M Jones,0,0,12,15,3,3,0,0,full,0,0,,0,0,-0.0499999999999999,3,0,0,5,1480.1803358407014,1635.9597599032395,-155.77942406253806
2015/16,2015,2015-10-31,Man City,Norwich,R Madley,2,1,4,13,2,2,0,1,full,0,0,,0,0,-0.3461538461538461,9,1,0,5,1692.292677055062,1363.707522078063,328.5851549769991
2015/16,2015,2015-10-31,Newcastle,Stoke,R East,0,0,6,16,1,3,0,0,full,0,0,,0,2,0.0208333333333333,10,0,0,5,1385.5866235524943,1489.634959039916,-104.04833548742181
2015/16,2015,2015-10-31,Swansea,Arsenal,K Friend,0,3,12,7,2,0,0,0,full,0,0,,0,-2,-0.1666666666666666,-5,0,0,5,1491.1139258245419,1674.0578469868904,-182.9439211623485
2015/16,2015,2015-10-31,Watford,West Ham,K Stroud,2,0,16,12,3,0,0,1,full,0,0,,0,-3,-0.1875,-4,1,0,5,1403.2433363036105,1484.1799651225801,-80.93662881896967
2015/16,2015,2015-10-31,West Brom,Leicester,A Taylor,2,3,3,11,0,2,0,0,full,0,0,,0,2,0.1818181818181818,8,0,0,5,1462.6634515874819,1469.2568956484413,-6.593444060959428
2015/16,2015,2015-11-01,Everton,Sunderland,A Marriner,6,2,6,5,3,2,0,0,full,0,0,,0,-1,-0.0999999999999999,-1,0,0,5,1528.4863188971735,1394.1940088316273,134.2923100655462
2015/16,2015,2015-11-01,Southampton,Bournemouth,C Pawson,2,0,5,5,0,2,1,0,full,0,0,,0,2,0.4,0,-1,0,5,1515.7140139894768,1359.1109644886249,156.60304950085197
2015/16,2015,2015-11-02,Tottenham,Aston Villa,M Dean,3,1,6,15,0,3,0,0,full,0,0,,0,3,0.2,9,0,0,5,1592.089933227113,1353.8301116261478,238.25982160096532
2015/16,2015,2015-11-07,Bournemouth,Newcastle,L Mason,0,1,9,11,2,2,0,0,full,0,0,,0,0,-0.0404040404040403,2,0,0,5,1354.6461068689105,1386.8476872216258,-32.20158035271538
2015/16,2015,2015-11-07,Leicester,Watford,R East,2,1,10,10,0,1,0,0,full,0,0,,0,1,0.1,0,0,0,5,1480.7820661548096,1413.84521256187,66.93685359293954
2015/16,2015,2015-11-07,Man United,West Brom,M Dean,2,0,11,10,1,3,0,1,full,0,0,,0,2,0.209090909090909,-1,1,0,5,1633.270781833673,1451.1382810811135,182.1325007525595
2015/16,2015,2015-11-07,Norwich,Swansea,M Clattenburg,1,0,12,7,1,0,0,0,full,0,0,,0,-1,-0.0833333333333333,-5,0,0,5,1361.77777117887,1484.5118784650806,-122.7341072862107
2015/16,2015,2015-11-07,Stoke,Chelsea,A Taylor,1,0,13,10,3,1,0,0,full,0,0,,0,-2,-0.1307692307692307,-3,0,0,5,1488.3738953707846,1629.7726246871748,-141.39872931639025
2015/16,2015,2015-11-07,Sunderland,Southampton,M Jones,0,1,3,7,1,3,0,0,full,0,0,,0,2,0.0952380952380952,4,0,0,5,1389.2679803786411,1520.1788716091912,-130.91089123055008
2015/16,2015,2015-11-07,West Ham,Everton,P Tierney,1,1,11,12,1,2,0,0,full,0,0,,0,1,0.0757575757575757,1,0,0,5,1473.5780888643205,1533.4123473501597,-59.8342584858392
2015/16,2015,2015-11-08,Arsenal,Tottenham,M Atkinson,1,1,12,17,0,1,0,0,full,0,0,,0,1,0.0588235294117647,5,0,0,5,1680.6598943463516,1595.1352954841443,85.52459886220731
2015/16,2015,2015-11-08,Aston Villa,Man City,C Pawson,0,0,7,7,1,1,0,0,full,0,0,,0,0,0.0,0,0,0,5,1350.7847493691165,1694.2224279542552,-343.43767858513866
2015/16,2015,2015-11-08,Liverpool,Crystal Palace,N Swarbrick,1,2,7,6,1,2,0,0,full,0,0,,0,1,0.1904761904761904,-1,0,0,5,1594.9247253096398,1482.869313910268,112.0554113993719
2015/16,2015,2015-11-21,Chelsea,Norwich,C Pawson,1,0,4,12,1,4,0,0,full,0,0,,0,3,0.0833333333333333,8,0,0,5,1617.471725822416,1373.564033435318,243.907692387098
2015/16,2015,2015-11-21,Everton,Aston Villa,M Oliver,4,0,6,9,0,0,0,0,full,0,0,,0,0,0.0,3,0,0,5,1533.4171177740454,1357.5125191797163,175.90459859432917
2015/16,2015,2015-11-21,Man City,Liverpool,J Moss,1,4,5,13,0,3,0,0,full,0,0,,0,3,0.2307692307692307,8,0,0,5,1687.4946581436554,1580.3412661428083,107.15339200084713
2015/16,2015,2015-11-21,Newcastle,Leicester,M Jones,0,3,9,12,4,1,0,0,full,0,0,,0,-3,-0.3611111111111111,3,0,0,5,1397.6460870909239,1487.2828569891408,-89.63676989821693
2015/16,2015,2015-11-21,Southampton,Stoke,L Mason,0,1,8,8,2,0,0,0,full,0,0,,0,-2,-0.25,0,0,0,5,1528.1657673818086,1500.6747942355435,27.490973146265105
2015/16,2015,2015-11-21,Swansea,Bournemouth,A Marriner,2,2,7,9,3,2,0,0,full,0,0,,0,-1,-0.2063492063492063,2,0,0,5,1472.7256162086326,1343.8477069996125,128.87790920902012
2015/16,2015,2015-11-21,Watford,Man United,R Madley,1,2,6,12,1,2,0,0,full,0,0,,0,1,0.0,6,0,0,5,1407.3444217275387,1637.2467327527338,-229.9023110251951
2015/16,2015,2015-11-21,West Brom,Arsenal,M Clattenburg,2,1,14,10,3,2,0,0,full,0,0,,0,-1,-0.0142857142857142,-4,0,0,5,1447.1623301620527,1676.7002533606633,-229.53792319861054
2015/16,2015,2015-11-22,Tottenham,West Ham,A Taylor,4,1,13,9,2,2,0,0,full,0,0,,0,0,0.0683760683760683,-4,0,0,5,1599.0949364698326,1473.5733184404348,125.52161802939781
2015/16,2015,2015-11-23,Crystal Palace,Sunderland,M Atkinson,0,1,18,11,1,3,0,0,full,0,0,,0,2,0.2171717171717171,-7,0,0,5,1497.4527730770994,1381.2810846060238,116.17168847107564
2015/16,2015,2015-11-28,Aston Villa,Watford,L Mason,2,3,6,13,2,3,0,0,full,0,0,,0,1,-0.1025641025641025,7,0,0,5,1353.421130233339,1401.8787898455944,-48.457659612255384
2015/16,2015,2015-11-28,Bournemouth,Everton,K Friend,3,3,6,6,2,0,0,0,full,0,0,,0,-2,-0.3333333333333333,0,0,0,5,1348.8050478169782,1537.5085067204227,-188.70345890344447
2015/16,2015,2015-11-28,Crystal Palace,Newcastle,S Attwell,5,1,7,13,1,1,0,0,full,0,0,,0,0,-0.0659340659340659,6,0,0,5,1482.7762372706868,1388.4970389594635,94.27919831122335
2015/16,2015,2015-11-28,Leicester,Man United,C Pawson,1,1,5,7,0,1,0,0,full,0,0,,0,1,0.1428571428571428,2,0,0,5,1496.4319051206012,1642.7123646346781,-146.28045951407694
2015/16,2015,2015-11-28,Man City,Southampton,R East,3,1,14,11,2,1,0,0,full,0,0,,0,-1,-0.0519480519480519,-3,0,0,5,1673.0233677424499,1515.6994870491374,157.3238806933125
2015/16,2015,2015-11-28,Sunderland,Stoke,M Dean,2,0,4,10,0,2,0,1,full,0,0,,0,2,0.2,6,1,0,5,1395.9576204124364,1513.1410745682147,-117.18345415577824
2015/16,2015,2015-11-29,Liverpool,Swansea,A Taylor,1,0,12,6,3,1,0,0,full,0,0,,0,-2,-0.0833333333333333,-6,0,0,5,1594.812556544014,1467.7682753912668,127.04428115274709
2015/16,2015,2015-11-29,Norwich,Arsenal,J Moss,1,1,8,6,1,1,0,0,full,0,0,,0,0,0.0416666666666666,-2,0,0,5,1370.601659654382,1662.1742207591617,-291.57256110477965
2015/16,2015,2015-11-29,Tottenham,Chelsea,M Oliver,0,0,14,9,4,2,0,0,full,0,0,,0,-2,-0.0634920634920634,-5,0,0,5,1604.2108056759575,1620.4340996033518,-16.223293927394252
2015/16,2015,2015-11-29,West Ham,West Brom,M Atkinson,1,1,15,16,0,2,0,0,full,0,0,,0,2,0.125,1,0,0,5,1468.45744923431,1461.6883627635543,6.76908647075561
2015/16,2015,2015-12-05,Arsenal,Sunderland,R Madley,3,1,7,11,1,1,0,0,full,0,0,,0,0,-0.0519480519480519,4,0,0,5,1656.3473638262544,1407.58879016512,248.7585736611345
2015/16,2015,2015-12-05,Chelsea,Bournemouth,M Jones,0,1,10,13,2,1,0,0,full,0,0,,0,-1,-0.123076923076923,3,0,0,5,1621.6874687225866,1352.3487983954185,269.3386703271681
2015/16,2015,2015-12-05,Man United,West Ham,M Clattenburg,0,0,9,13,1,0,0,0,full,0,0,,0,-1,-0.1111111111111111,4,0,0,5,1640.278834453693,1466.558994319015,173.71984013467795
2015/16,2015,2015-12-05,Southampton,Aston Villa,A Taylor,1,1,4,9,1,2,0,0,full,0,0,,0,1,-0.0277777777777777,5,0,0,5,1511.2490036085037,1343.0890371366193,168.15996647188445
2015/16,2015,2015-12-05,Stoke,Man City,M Atkinson,2,0,9,10,0,1,0,0,full,0,0,,0,1,0.1,1,0,0,5,1501.5099048155312,1677.4738511830835,-175.96394636755235
2015/16,2015,2015-12-05,Swansea,Leicester,M Oliver,0,3,3,19,2,3,0,0,full,0,0,,0,1,-0.5087719298245614,16,0,0,5,1462.6857059410584,1498.8654353015863,-36.17972936052797
2015/16,2015,2015-12-05,Watford,Norwich,M Dean,2,0,11,10,3,3,0,0,full,0,0,,0,0,0.0272727272727272,-1,0,0,5,1412.2108829423141,1376.4285165872893,35.782366355024806
2015/16,2015,2015-12-05,West Brom,Tottenham,J Moss,1,1,13,10,3,2,0,0,full,0,0,,0,-1,-0.0307692307692307,-3,0,0,5,1463.5868176788492,1602.9574365567228,-139.37061887787354
2015/16,2015,2015-12-06,Newcastle,Liverpool,A Marriner,2,0,6,10,3,1,0,0,full,0,0,,0,-2,-0.4,4,0,0,5,1382.6670075760187,1599.8951259942223,-217.22811841820362
2015/16,2015,2015-12-07,Everton,Crystal Palace,C Pawson,1,1,4,11,1,2,0,0,full,0,0,,0,1,-0.0681818181818181,7,0,0,5,1533.9647561419824,1488.6062686541316,45.35848748785088
2015/16,2015,2015-12-12,Bournemouth,Man United,A Taylor,2,1,12,12,2,1,0,0,full,0,0,,0,-1,-0.0833333333333333,0,0,0,5,1369.7371655290956,1634.4113045917795,-264.67413906268393
2015/16,2015,2015-12-12,Crystal Palace,Southampton,M Dean,1,0,11,13,0,0,0,0,full,0,0,,0,0,0.0,2,0,0,5,1491.5490729017745,1505.48739164574,-13.93831874396551
2015/16,2015,2015-12-12,Man City,Swansea,R Madley,2,1,13,15,3,1,0,0,full,0,0,,0,-2,-0.1641025641025641,2,0,0,5,1664.2547995037971,1452.0011756507167,212.2536238530804
2015/16,2015,2015-12-12,Norwich,Everton,M Atkinson,1,1,9,6,1,0,0,0,full,0,0,,0,-1,-0.1111111111111111,-3,0,0,5,1369.1175732193547,1531.0219518943395,-161.90437867498486
2015/16,2015,2015-12-12,Sunderland,Watford,G Scott,0,1,6,9,1,0,0,0,full,0,0,,0,-1,-0.1666666666666666,3,0,0,5,1404.6961947569043,1419.5218263102488,-14.825631553344465
2015/16,2015,2015-12-12,West Ham,Stoke,A Marriner,0,0,7,9,1,2,0,0,full,0,0,,0,1,0.0793650793650793,2,0,0,5,1472.4265241809285,1514.7289564948176,-42.302432313889085
2015/16,2015,2015-12-13,Aston Villa,Arsenal,K Friend,0,2,8,7,0,0,0,0,full,0,0,,0,0,0.0,-1,0,0,5,1348.850649099383,1659.23995923447,-310.38931013508704
2015/16,2015,2015-12-13,Liverpool,West Brom,C Pawson,2,2,7,10,0,0,0,0,full,0,0,,0,0,0.0,3,0,0,5,1585.6552885110918,1465.8323594938172,119.82292901727465
2015/16,2015,2015-12-13,Tottenham,Newcastle,R East,1,2,13,14,2,2,0,0,full,0,0,,0,0,-0.010989010989011,1,0,0,5,1600.7118947417548,1396.9068450591492,203.8050496826056
2015/16,2015,2015-12-14,Leicester,Chelsea,M Clattenburg,2,1,16,8,2,0,0,0,full,0,0,,0,-2,-0.125,-8,0,0,5,1509.549965591928,1604.2991015889095,-94.74913599698152
2015/16,2015,2015-12-19,Chelsea,Sunderland,R East,3,1,12,12,1,3,0,0,full,0,0,,0,2,0.1666666666666666,0,0,0,5,1593.3022627058267,1393.4032498033457,199.899012902481
2015/16,2015,2015-12-19,Everton,Leicester,J Moss,2,3,6,14,2,1,0,0,full,0,0,,0,-1,-0.2619047619047618,8,0,0,5,1528.1702187025026,1520.5468044750107,7.623414227491821
2015/16,2015,2015-12-19,Man United,Norwich,M Oliver,1,2,4,10,0,2,0,0,full,0,0,,0,2,0.2,6,0,0,5,1619.1188279047642,1371.9693064111916,247.1495214935726
2015/16,2015,2015-12-19,Newcastle,Aston Villa,M Atkinson,1,1,9,14,1,3,0,0,full,0,0,,0,2,0.1031746031746031,5,0,0,5,1413.3134423287963,1345.0239423254536,68.28950000334271
2015/16,2015,2015-12-19,Southampton,Tottenham,K Friend,0,2,18,9,1,1,0,0,full,0,0,,0,0,0.0555555555555555,-9,0,0,5,1496.8054402352416,1584.3052974721077,-87.49985723686609
2015/16,2015,2015-12-19,Stoke,Crystal Palace,R Madley,1,2,6,12,2,0,0,0,full,0,0,,0,-2,-0.3333333333333333,6,0,0,5,1515.237893344361,1500.231024312273,15.006869032088161
2015/16,2015,2015-12-19,West Brom,Bournemouth,M Dean,1,2,12,9,2,1,2,0,full,0,0,,0,-1,-0.0555555555555555,-3,-2,0,5,1470.5905984814385,1385.029642216111,85.5609562653276
2015/16,2015,2015-12-20,Swansea,West Ham,L Mason,0,0,6,9,0,1,0,0,full,0,0,,0,1,0.1111111111111111,3,0,0,5,1448.5489082011302,1471.917587331385,-23.368679130254804
2015/16,2015,2015-12-20,Watford,Liverpool,M Clattenburg,3,0,6,9,1,0,0,0,full,0,0,,0,-1,-0.1666666666666666,3,0,0,5,1430.8147712638074,1580.8970495234705,-150.0822782596631
2015/16,2015,2015-12-21,Arsenal,Man City,A Marriner,2,1,5,16,0,2,0,0,full,0,0,,0,2,0.125,11,0,0,5,1663.0666660083994,1667.7070669533837,-4.6404009449843215
2015/16,2015,2015-12-26,Aston Villa,West Ham,M Dean,1,1,14,13,3,3,0,0,full,0,0,,0,0,0.0164835164835165,-1,0,0,5,1348.5572700805442,1472.9680320602233,-124.41076197967914
2015/16,2015,2015-12-26,Bournemouth,Crystal Palace,M Oliver,0,0,10,13,1,0,0,0,full,0,0,,0,-1,-0.1,3,0,0,5,1398.990165545038,1512.3569695597764,-113.36680401473836
2015/16,2015,2015-12-26,Chelsea,Watford,A Marriner,2,2,7,15,1,4,0,0,full,0,0,,0,3,0.1238095238095238,8,0,0,5,1596.9624240609648,1443.350968861842,153.61145519912293
2015/16,2015,2015-12-26,Liverpool,Leicester,M Atkinson,1,0,11,8,2,1,0,0,full,0,0,,0,-1,-0.0568181818181818,-3,0,0,5,1568.360851925436,1532.4689515731377,35.89190035229831
2015/16,2015,2015-12-26,Man City,Sunderland,A Taylor,4,1,10,11,1,1,0,0,full,0,0,,0,0,-0.009090909090909,1,0,0,5,1659.2870953510742,1389.7430884482076,269.5440069028666
2015/16,2015,2015-12-26,Newcastle,Everton,L Mason,0,1,16,12,2,2,0,0,full,0,0,,0,0,0.0416666666666666,-4,0,0,5,1409.7801145737058,1516.2480716043756,-106.46795703066982
2015/16,2015,2015-12-26,Southampton,Arsenal,J Moss,4,0,10,9,1,0,0,0,full,0,0,,0,-1,-0.1,-1,0,0,5,1487.5953009812777,1671.4866376107088,-183.89133662943118
2015/16,2015,2015-12-26,Stoke,Man United,K Friend,2,0,13,16,1,2,0,0,full,0,0,,0,1,0.048076923076923,3,0,0,5,1503.1119480968575,1602.03441635385,-98.92246825699249
2015/16,2015,2015-12-26,Swansea,West Brom,R East,1,0,10,13,1,3,0,0,full,0,0,,0,2,0.1307692307692307,3,0,0,5,1447.4984634722919,1456.6300751525114,-9.131611680219521
2015/16,2015,2015-12-26,Tottenham,Norwich,M Jones,3,0,4,13,1,2,0,0,full,0,0,,0,1,-0.0961538461538461,9,0,0,5,1593.5154367260716,1389.0537179621058,204.4617187639658
2015/16,2015,2015-12-28,Arsenal,Bournemouth,R East,2,0,7,8,2,0,0,0,full,0,0,,0,-2,-0.2857142857142857,1,0,0,5,1658.064587028562,1400.5142184941992,257.55036853436286
2015/16,2015,2015-12-28,Crystal Palace,Swansea,N Swarbrick,0,0,11,16,3,2,0,0,full,0,0,,0,-1,-0.1477272727272727,5,0,0,5,1510.8329166106153,1456.0447262730586,54.78819033755667
2015/16,2015,2015-12-28,Everton,Stoke,M Clattenburg,3,4,10,12,2,1,0,0,full,0,0,,0,-1,-0.1166666666666666,2,0,0,5,1524.9185343805964,1514.2275636048855,10.690970775710866
2015/16,2015,2015-12-28,Man United,Chelsea,M Atkinson,0,0,16,6,4,2,0,0,full,0,0,,0,-2,0.0833333333333333,-10,0,0,5,1590.918800845822,1591.4872905270422,-0.5684896812201714
2015/16,2015,2015-12-28,Norwich,Aston Villa,G Scott,2,0,10,21,2,5,0,0,full,0,0,,0,3,0.038095238095238,11,0,0,5,1385.4714446023972,1350.3902099552542,35.08123464714299
2015/16,2015,2015-12-28,Watford,Tottenham,A Taylor,1,2,11,13,4,2,1,0,full,0,0,,0,-2,-0.2097902097902098,2,-1,0,5,1448.8261023957646,1597.0977100857801,-148.27160769001557
2015/16,2015,2015-12-28,West Brom,Newcastle,M Jones,1,0,7,13,0,0,0,0,full,0,0,,0,0,0.0,6,0,0,5,1448.0838123517447,1401.109651797485,46.9741605542597
2015/16,2015,2015-12-28,West Ham,Southampton,M Oliver,2,1,6,12,1,3,0,0,full,0,0,,0,2,0.0833333333333333,6,0,0,5,1471.1350921855133,1501.0173515634244,-29.88225937791117
2015/16,2015,2015-12-29,Leicester,Man City,C Pawson,0,0,11,8,1,3,0,0,full,0,0,,0,2,0.284090909090909,-3,0,0,5,1525.1609326307107,1661.8960455100625,-136.73511287935185
2015/16,2015,2015-12-30,Sunderland,Liverpool,K Friend,0,1,8,16,1,3,0,0,full,0,0,,0,2,0.0625,8,0,0,5,1387.1341382892192,1575.668870867863,-188.5347325786438
2015/16,2015,2016-01-02,Arsenal,Newcastle,A Taylor,1,0,10,9,2,2,0,0,full,0,0,,0,0,0.0222222222222222,-1,0,0,5,1660.8342001471724,1394.094873312588,266.7393268345843
2015/16,2015,2016-01-02,Leicester,Bournemouth,A Marriner,0,0,9,5,1,1,0,1,full,0,0,,0,0,0.0888888888888889,-4,1,0,5,1527.3343219713638,1397.744605375589,129.58971659577492
2015/16,2015,2016-01-02,Man United,Swansea,J Moss,2,1,14,10,2,1,0,0,full,0,0,,0,-1,-0.0428571428571428,-4,0,0,5,1589.224715712445,1459.2334107102297,129.9913050022153
2015/16,2015,2016-01-02,Norwich,Southampton,M Clattenburg,1,0,9,7,1,0,0,1,full,0,0,,0,-1,-0.1111111111111111,-2,1,0,5,1392.8011190673005,1491.8820450115848,-99.08092594428422
2015/16,2015,2016-01-02,Sunderland,Aston Villa,C Pawson,3,1,8,13,3,4,0,0,full,0,0,,0,1,-0.0673076923076922,5,0,0,5,1380.6736416696533,1343.060535490351,37.61310617930235
2015/16,2015,2016-01-02,Watford,Man City,M Atkinson,1,2,6,10,1,0,0,0,full,0,0,,0,-1,-0.1666666666666666,4,0,0,5,1441.3134728211978,1659.7226561694094,-218.40918334821163
2015/16,2015,2016-01-02,West Brom,Stoke,L Mason,2,1,7,15,1,1,0,1,full,0,0,,0,0,-0.0761904761904761,8,1,0,5,1455.0985908366415,1526.2345937611196,-71.13600292447813
2015/16,2015,2016-01-02,West Ham,Liverpool,R Madley,2,0,11,8,1,1,0,0,full,0,0,,0,0,0.034090909090909,-3,0,0,5,1480.270398737353,1582.129367487429,-101.85896875007597
2015/16,2015,2016-01-03,Crystal Palace,Chelsea,K Friend,0,3,12,15,3,0,0,0,full,0,0,,0,-3,-0.25,3,0,0,5,1507.6442321734442,1593.1813756604192,-85.53714348697508
2015/16,2015,2016-01-03,Everton,Tottenham,M Oliver,1,1,8,11,1,2,0,0,full,0,0,,0,1,0.0568181818181818,3,0,0,5,1512.9115042243623,1604.6103396603469,-91.69883543598462
2015/16,2015,2016-01-12,Aston Villa,Crystal Palace,M Clattenburg,1,0,15,9,2,1,0,0,full,0,0,,0,-1,-0.0222222222222222,-6,0,0,5,1335.7984051940903,1498.377929452609,-162.57952425851863
2015/16,2015,2016-01-12,Bournemouth,West Ham,M Atkinson,1,3,8,5,1,1,0,0,full,0,0,,0,0,0.075,-3,0,0,5,1402.7173831157197,1491.4694009866512,-88.75201787093147
2015/16,2015,2016-01-12,Newcastle,Man United,M Dean,3,3,10,12,1,3,0,0,full,0,0,,0,2,0.15,2,0,0,5,1391.4490771768117,1594.2432426119628,-202.79416543515117
2015/16,2015,2016-01-13,Chelsea,West Brom,A Taylor,2,2,13,8,3,3,0,0,full,0,0,,0,0,0.1442307692307692,-5,0,0,5,1602.4476783812545,1465.419001050905,137.0286773303494
2015/16,2015,2016-01-13,Liverpool,Arsenal,M Jones,3,3,9,7,2,0,0,0,full,0,0,,0,-2,-0.2222222222222222,-2,0,0,5,1570.9303652381307,1663.4799962829488,-92.54963104481817
2015/16,2015,2016-01-13,Man City,Everton,R East,0,0,5,6,0,1,0,0,full,0,0,,0,1,0.1666666666666666,1,0,0,5,1665.4549759390284,1513.8213469037578,151.6336290352706
2015/16,2015,2016-01-13,Southampton,Watford,C Pawson,2,0,9,11,1,2,0,0,full,0,0,,0,1,0.0707070707070707,2,0,0,5,1480.761925717528,1435.581153051579,45.18077266594901
2015/16,2015,2016-01-13,Stoke,Norwich,N Swarbrick,3,1,5,8,0,1,0,1,full,0,0,,0,1,0.125,3,1,0,5,1515.914183546856,1403.9212383613574,111.99294518549868
2015/16,2015,2016-01-13,Swansea,Sunderland,G Scott,2,4,9,12,2,0,1,0,full,0,0,,0,-2,-0.2222222222222222,3,-1,0,5,1454.2148838107119,1387.935771965914,66.27911184479785
2015/16,2015,2016-01-13,Tottenham,Leicester,L Mason,0,1,13,10,1,0,0,0,full,0,0,,0,-1,-0.0769230769230769,-3,0,0,5,1603.7004969809514,1522.361544231233,81.33895274971837
2015/16,2015,2016-01-16,Aston Villa,Leicester,R East,1,1,13,15,3,2,0,0,full,0,0,,0,-1,-0.0974358974358974,2,0,0,5,1348.6679804231524,1536.219119294859,-187.5511388717066
2015/16,2015,2016-01-16,Bournemouth,Norwich,R Madley,3,0,8,13,1,1,0,0,full,0,0,,0,0,-0.048076923076923,5,0,0,5,1393.543048747559,1398.5032771982465,-4.960228450687509
2015/16,2015,2016-01-16,Chelsea,Everton,M Jones,3,3,12,5,1,1,0,0,full,0,0,,0,0,0.1166666666666666,-7,0,0,5,1597.3154584773877,1519.2564947096657,78.05896376772193
2015/16,2015,2016-01-16,Man City,Crystal Palace,J Moss,4,0,10,11,0,2,0,0,full,0,0,,0,2,0.1818181818181818,1,0,0,5,1660.0198281331204,1485.5083542235468,174.51147390957362
2015/16,2015,2016-01-16,Newcastle,West Ham,N Swarbrick,2,1,9,4,1,0,0,0,full,0,0,,0,-1,-0.1111111111111111,-5,0,0,5,1395.342246142653,1500.643735354812,-105.30148921215891
2015/16,2015,2016-01-16,Southampton,West Brom,M Atkinson,3,0,10,11,0,0,0,0,full,0,0,,0,0,0.0,1,0,0,5,1487.8237942488556,1470.551220954772,17.272573294083713
2015/16,2015,2016-01-16,Tottenham,Sunderland,M Dean,4,1,8,13,0,2,0,0,full,0,0,,0,2,0.1538461538461538,5,0,0,5,1589.8429219173254,1401.4183568493863,188.42456506793906
2015/16,2015,2016-01-17,Liverpool,Man United,M Clattenburg,0,1,6,18,0,2,0,0,full,0,0,,0,2,0.1111111111111111,12,0,0,5,1571.8644876116186,1590.3500736461215,-18.48558603450283
2015/16,2015,2016-01-17,Stoke,Arsenal,C Pawson,0,0,16,10,0,0,0,0,full,0,0,,0,0,0.0,-6,0,0,5,1521.332144709967,1662.5458739094609,-141.21372919949386
2015/16,2015,2016-01-18,Swansea,Watford,M Oliver,1,0,8,11,2,2,0,0,full,0,0,,0,0,-0.0681818181818181,3,0,0,5,1440.7322989272395,1428.5192845202512,12.21301440698835
2015/16,2015,2016-01-23,Crystal Palace,Tottenham,M Atkinson,1,3,11,12,2,2,0,0,full,0,0,,0,0,-0.0151515151515151,1,0,0,5,1481.3908047472205,1593.704749918233,-112.31394517101239
2015/16,2015,2016-01-23,Leicester,Stoke,M Dean,3,0,10,13,0,1,0,0,full,0,0,,0,1,0.0769230769230769,3,0,0,5,1532.704404075964,1523.6280001244031,9.076403951560906
2015/16,2015,2016-01-23,Man United,Southampton,M Jones,0,1,11,8,0,0,0,0,full,0,0,,0,0,0.0,-3,0,0,5,1601.539300220986,1495.6356712330162,105.9036289879698
2015/16,2015,2016-01-23,Norwich,Liverpool,L Mason,4,5,10,14,0,1,0,0,full,0,0,,0,1,0.0714285714285714,4,0,0,5,1390.074328728479,1560.6752610367541,-170.6009323082751
2015/16,2015,2016-01-23,Sunderland,Bournemouth,R East,1,1,5,9,1,1,0,0,full,0,0,,0,0,-0.0888888888888889,4,0,0,5,1397.5565288484788,1401.9719972173264,-4.415468368847542
2015/16,2015,2016-01-23,Watford,Newcastle,A Marriner,2,1,10,12,2,1,0,0,full,0,0,,0,-1,-0.1166666666666666,2,0,0,5,1420.5683207534055,1406.6387885907113,13.929532162694159
2015/16,2015,2016-01-23,West Brom,Aston Villa,R Madley,0,0,7,13,0,1,0,0,full,0,0,,0,1,0.0769230769230769,6,0,0,5,1462.7393439706113,1352.1826956420473,110.55664832856405
2015/16,2015,2016-01-23,West Ham,Man City,C Pawson,2,2,11,15,2,3,0,0,full,0,0,,0,1,0.0181818181818181,4,0,0,5,1489.3471929067537,1664.1373776094467,-174.79018470269307
2015/16,2015,2016-01-24,Arsenal,Chelsea,M Clattenburg,0,1,14,13,1,3,1,0,full,0,0,,0,2,0.1593406593406593,-1,-1,0,5,1660.2500184950247,1593.5385319933098,66.71148650171494
2015/16,2015,2016-01-24,Everton,Swansea,A Taylor,1,2,5,12,0,3,0,0,full,0,0,,0,3,0.25,7,0,0,5,1523.0334211937436,1448.6832626940852,74.35015849965839
2015/16,2015,2016-02-02,Arsenal,Southampton,L Mason,0,0,11,19,2,1,0,0,full,0,0,,0,-1,-0.1291866028708134,8,0,0,5,1646.7565029594257,1510.0781358189245,136.67836714050122
2015/16,2015,2016-02-02,Crystal Palace,Bournemouth,M Jones,1,2,11,15,3,4,0,0,full,0,0,,0,1,-0.006060606060606,4,0,0,5,1472.8852442724303,1403.558337423703,69.32690684872728
2015/16,2015,2016-02-02,Leicester,Liverpool,A Marriner,2,0,6,7,0,1,0,0,full,0,0,,0,1,0.1428571428571428,1,0,0,5,1540.742014272952,1567.5952539377233,-26.85323966477131
2015/16,2015,2016-02-02,Man United,Stoke,R East,3,0,13,13,2,1,0,0,full,0,0,,0,-1,-0.0769230769230769,0,0,0,5,1587.0968356350777,1515.5903899274151,71.50644570766258
2015/16,2015,2016-02-02,Norwich,Tottenham,K Friend,0,3,8,9,2,2,0,0,full,0,0,,0,0,-0.0277777777777777,1,0,0,5,1383.1543358275098,1602.210310393023,-219.05597456551322
2015/16,2015,2016-02-02,Sunderland,Man City,S Attwell,0,1,6,15,1,4,0,0,full,0,0,,0,3,0.1,9,0,0,5,1395.9701886421021,1660.9486416064403,-264.9784529643382
2015/16,2015,2016-02-02,West Brom,Swansea,N Swarbrick,1,1,12,13,0,0,0,0,full,0,0,,0,0,0.0,1,0,0,5,1458.1900275222874,1462.368301988753,-4.178274466465609
2015/16,2015,2016-02-02,West Ham,Aston Villa,J Moss,2,0,9,11,3,0,0,1,full,0,0,,0,-3,-0.3333333333333333,2,1,0,5,1492.53592890976,1356.7320120903712,135.80391681938886
2015/16,2015,2016-02-03,Everton,Newcastle,C Pawson,3,0,8,15,1,2,0,1,full,0,0,,0,1,0.0083333333333333,7,1,0,5,1509.3483818990758,1398.7351076174812,110.61327428159461
2015/16,2015,2016-02-03,Watford,Chelsea,M Dean,0,0,10,13,2,1,0,0,full,0,0,,0,-1,-0.123076923076923,3,0,0,5,1428.4720017266357,1607.0320475289088,-178.56004580227318
2015/16,2015,2016-02-06,Aston Villa,Norwich,M Atkinson,2,0,10,11,0,2,0,0,full,0,0,,0,2,0.1818181818181818,1,0,0,5,1351.838218715267,1377.4372295246671,-25.59901080940017
2015/16,2015,2016-02-06,Liverpool,Sunderland,R Madley,2,2,4,12,1,1,0,0,full,0,0,,0,0,-0.1666666666666666,8,0,0,5,1558.5464103531913,1391.2689678807803,167.27744247241094
2015/16,2015,2016-02-06,Man City,Leicester,A Taylor,1,3,9,15,2,2,0,0,full,0,0,,0,0,-0.0888888888888888,6,0,0,5,1665.6498623677621,1549.790857857484,115.85900451027806
2015/16,2015,2016-02-06,Newcastle,West Brom,L Mason,1,0,12,12,0,3,0,0,full,0,0,,0,3,0.25,0,0,0,5,1393.2857164825648,1456.5970328478174,-63.31131636525265
2015/16,2015,2016-02-06,Southampton,West Ham,M Clattenburg,1,0,17,10,1,2,1,0,full,0,0,,0,1,0.1411764705882353,-7,-1,0,5,1515.20292490331,1497.4297222848643,17.773202618445794
2015/16,2015,2016-02-06,Stoke,Everton,A Marriner,0,3,11,8,1,0,0,0,full,0,0,,0,-1,-0.0909090909090909,-3,0,0,5,1509.2044828347036,1514.7977730339921,-5.593290199288504
2015/16,2015,2016-02-06,Swansea,Crystal Palace,M Dean,1,1,11,14,1,2,0,0,full,0,0,,0,1,0.0519480519480519,3,0,0,5,1463.961296663223,1459.3258128800856,4.635483783137488
2015/16,2015,2016-02-06,Tottenham,Watford,R East,1,0,12,9,0,1,0,0,full,0,0,,0,1,0.1111111111111111,-3,0,0,5,1607.9274166958658,1431.7578703067888,176.1695463890769
2015/16,2015,2016-02-07,Bournemouth,Arsenal,K Friend,0,2,6,8,0,1,0,0,full,0,0,,0,1,0.125,2,0,0,5,1417.1177688160478,1641.63171387504,-224.51394505899225
2015/16,2015,2016-02-07,Chelsea,Man United,M Oliver,1,1,6,9,0,3,0,0,full,0,0,,0,3,0.3333333333333333,3,0,0,5,1603.7461789487556,1593.4827427277892,10.263436220966469
2015/16,2015,2016-02-13,Bournemouth,Stoke,G Scott,1,3,7,18,4,2,0,0,full,0,0,,0,-2,-0.4603174603174603,11,0,0,5,1411.5280719715627,1497.651207624478,-86.12313565291538
2015/16,2015,2016-02-13,Chelsea,Newcastle,R Madley,5,1,16,14,0,1,1,0,full,0,0,,0,1,0.0714285714285714,-2,-1,0,5,1601.75096145384,1403.3810209431854,198.36994051065471
2015/16,2015,2016-02-13,Crystal Palace,Watford,R East,1,2,11,16,0,2,0,0,full,0,0,,0,2,0.125,5,0,0,5,1461.165002722579,1427.6714426356136,33.49356008696532
2015/16,2015,2016-02-13,Everton,West Brom,M Oliver,0,1,9,12,1,3,0,0,full,0,0,,0,2,0.1388888888888889,3,0,0,5,1526.3510482442177,1446.5017283871969,79.84931985702087
2015/16,2015,2016-02-13,Norwich,West Ham,M Jones,2,2,16,11,2,2,0,0,full,0,0,,0,0,0.0568181818181818,-5,0,0,5,1368.4241465216016,1489.6315603383007,-121.20741381669905
2015/16,2015,2016-02-13,Sunderland,Man United,A Marriner,2,1,7,15,2,3,0,0,full,0,0,,0,1,-0.0857142857142856,8,0,0,5,1397.0135861141646,1595.4779602227047,-198.46437410854014
2015/16,2015,2016-02-13,Swansea,Southampton,J Moss,0,1,10,12,0,3,0,0,full,0,0,,0,3,0.25,2,0,0,5,1462.1221068207296,1523.0010868498737,-60.87898002914403
2015/16,2015,2016-02-14,Arsenal,Leicester,M Atkinson,2,1,9,10,4,3,0,1,full,0,0,,0,-1,-0.1444444444444444,1,1,0,5,1647.2214107195252,1564.4603591853756,82.7610515341496
2015/16,2015,2016-02-14,Aston Villa,Liverpool,N Swarbrick,0,6,10,9,3,1,0,0,full,0,0,,0,-2,-0.1888888888888888,-1,0,0,5,1360.8513017183325,1552.801792119807,-191.95049040147455
2015/16,2015,2016-02-14,Man City,Tottenham,M Clattenburg,1,2,12,17,1,3,0,0,full,0,0,,0,2,0.0931372549019608,5,0,0,5,1650.9803610398706,1612.013844367041,38.966516672829584
2015/16,2015,2016-02-27,Leicester,Norwich,N Swarbrick,1,0,9,11,0,2,0,0,full,0,0,,0,2,0.1818181818181818,2,0,0,5,1558.3527194848461,1370.1678359301752,188.18488355467093
2015/16,2015,2016-02-27,Southampton,Chelsea,M Atkinson,1,2,10,11,3,1,0,0,full,0,0,,0,-2,-0.209090909090909,1,0,0,5,1532.9757878249468,1605.4375172448642,-72.46172941991745
2015/16,2015,2016-02-27,Stoke,Aston Villa,K Friend,2,1,7,15,0,3,0,0,full,0,0,,0,3,0.2,8,0,0,5,1506.900737019325,1354.4765007593858,152.42423625993933
2015/16,2015,2016-02-27,Watford,Bournemouth,A Taylor,0,0,14,17,3,1,0,0,full,0,0,,0,-2,-0.1554621848739495,3,0,0,5,1440.299278154628,1402.2785425767156,38.02073557791232
2015/16,2015,2016-02-27,West Brom,Crystal Palace,J Moss,3,2,14,16,2,2,0,0,full,0,0,,0,0,-0.0178571428571428,2,0,0,5,1460.3227483254104,1448.5371672035646,11.78558112184578
2015/16,2015,2016-02-27,West Ham,Sunderland,M Dean,1,0,11,9,1,0,0,0,full,0,0,,0,-1,-0.0909090909090909,-2,0,0,5,1487.8878709297271,1410.8005122814293,77.08735864829782
2015/16,2015,2016-02-28,Tottenham,Swansea,M Jones,2,1,11,14,2,3,0,0,full,0,0,,0,1,0.0324675324675324,3,0,0,5,1624.7877097978114,1452.1474058456565,172.6403039521549
2015/16,2015,2016-02-28,Man United,Arsenal,C Pawson,3,2,21,15,4,3,0,0,full,0,0,,0,-1,0.0095238095238095,-6,0,0,5,1581.69103405544,1653.3290504200547,-71.63801636461471
2015/16,2015,2016-03-01,Aston Villa,Everton,R East,1,3,8,7,3,1,0,0,full,0,0,,0,-2,-0.2321428571428571,-1,0,0,5,1349.9276620718829,1512.5300283060042,-162.6023662341213
2015/16,2015,2016-03-01,Bournemouth,Southampton,M Dean,2,0,11,18,0,0,0,0,full,0,0,,0,0,0.0,7,0,0,5,1405.027261846239,1523.3343114967909,-118.30704965055179
2015/16,2015,2016-03-01,Leicester,West Brom,M Clattenburg,2,2,10,8,0,2,0,0,full,0,0,,0,2,0.25,-2,0,0,5,1562.2188487029903,1468.2855010496446,93.93334765334566
2015/16,2015,2016-03-01,Norwich,Chelsea,L Mason,1,2,17,5,3,2,0,0,full,0,0,,0,-1,0.2235294117647059,-12,0,0,5,1366.301706712031,1615.0789935730202,-248.77728686098908
2015/16,2015,2016-03-01,Sunderland,Crystal Palace,A Taylor,2,2,11,14,1,1,0,0,full,0,0,,0,0,-0.0194805194805194,3,0,0,5,1404.5534376963749,1440.5744144793305,-36.020976782955586
2015/16,2015,2016-03-02,Arsenal,Swansea,R Madley,1,2,8,11,0,2,0,0,full,0,0,,0,2,0.1818181818181818,3,0,0,5,1642.9942066096085,1447.9945242954334,194.99968231417506
2015/16,2015,2016-03-02,Liverpool,Man City,M Atkinson,3,0,14,14,0,1,0,0,full,0,0,,0,1,0.0714285714285714,0,0,0,5,1559.1765930787537,1638.2064956091,-79.02990253034636
2015/16,2015,2016-03-02,Man United,Watford,M Jones,1,0,7,17,1,2,0,0,full,0,0,,0,1,-0.0252100840336134,10,0,0,5,1592.0258778658863,1437.5505588851045,154.47531898078182
2015/16,2015,2016-03-02,Stoke,Newcastle,N Swarbrick,1,0,11,6,1,0,0,0,full,0,0,,0,-1,-0.0909090909090909,-5,0,0,5,1511.449575706828,1399.6944651521612,111.75511055466677
2015/16,2015,2016-03-02,West Ham,Tottenham,A Marriner,1,0,10,11,0,3,0,0,full,0,0,,0,3,0.2727272727272727,1,0,0,5,1494.1349455147815,1628.9405913480346,-134.80564583325304
2015/16,2015,2016-03-05,Chelsea,Stoke,M Clattenburg,1,1,9,10,1,2,0,0,full,0,0,,0,1,0.0888888888888889,1,0,0,5,1620.123837479254,1516.87294679322,103.25089068603393
2015/16,2015,2016-03-05,Everton,West Ham,A Taylor,2,3,12,13,2,3,1,0,full,0,0,,0,1,0.0641025641025641,1,-1,0,5,1519.6598497804691,1506.255360175494,13.404489604975197
2015/16,2015,2016-03-05,Man City,Aston Villa,L Mason,4,0,10,10,0,1,0,0,full,0,0,,0,1,0.1,0,0,0,5,1627.6593180577797,1342.797840597418,284.8614774603618
2015/16,2015,2016-03-05,Newcastle,Bournemouth,P Tierney,1,3,13,8,1,3,0,0,full,0,0,,0,2,0.2980769230769231,-5,0,0,5,1394.2710940657691,1416.6898941036686,-22.418800037899473
2015/16,2015,2016-03-05,Southampton,Sunderland,N Swarbrick,1,1,9,9,2,1,1,0,full,0,0,,0,-1,-0.1111111111111111,0,-1,0,5,1511.6716792393613,1403.864359692858,107.80731954650332
2015/16,2015,2016-03-05,Swansea,Norwich,C Pawson,1,0,14,15,2,5,0,0,full,0,0,,0,3,0.1904761904761904,1,0,0,5,1464.249272361634,1361.2568628057973,102.99240955583673
2015/16,2015,2016-03-05,Tottenham,Arsenal,M Oliver,2,2,9,10,2,2,0,1,full,0,0,,0,0,-0.0222222222222222,1,1,0,5,1616.8201766873221,1626.7394585434079,-9.919281856085718
2015/16,2015,2016-03-05,Watford,Leicester,J Moss,0,1,10,11,2,2,0,0,full,0,0,,0,0,-0.0181818181818181,1,0,0,5,1433.0430792097766,1558.057106949262,-125.01402773948553
2015/16,2015,2016-03-06,Crystal Palace,Liverpool,A Marriner,1,2,12,16,1,2,0,1,full,0,0,,0,1,0.0416666666666666,4,1,0,5,1441.2634924828474,1569.7237706300741,-128.46027814722675
2015/16,2015,2016-03-06,West Brom,Man United,M Dean,1,0,8,7,1,0,0,1,full,0,0,,0,-1,-0.125,-1,1,0,5,1472.4472428033728,1596.5333575412142,-124.0861147378414
2015/16,2015,2016-03-12,Bournemouth,Swansea,R East,3,2,12,11,1,0,0,0,full,0,0,,0,-1,-0.0833333333333333,-1,0,0,5,1427.7673690445895,1469.8743124166526,-42.10694337206314
2015/16,2015,2016-03-12,Norwich,Man City,J Moss,0,0,15,10,3,1,0,0,full,0,0,,0,-2,-0.1,-5,0,0,5,1355.6318227507786,1630.0746678780995,-274.4428451273209
2015/16,2015,2016-03-12,Stoke,Southampton,L Mason,1,2,13,12,1,2,0,1,full,0,0,,0,1,0.0897435897435897,-1,1,0,5,1521.2539204885563,1507.1853428566112,14.068577631945118
2015/16,2015,2016-03-13,Aston Villa,Tottenham,A Taylor,0,2,6,6,0,0,0,0,full,0,0,,0,0,0.0,0,0,0,5,1340.3824907770982,1615.3886386190647,-275.0061478419666
2015/16,2015,2016-03-14,Leicester,Newcastle,C Pawson,1,0,4,9,0,0,0,0,full,0,0,,0,0,0.0,5,0,0,5,1566.2073923979729,1383.1936191248483,183.01377327312457
2015/16,2015,2016-03-19,Chelsea,West Ham,R Madley,2,2,13,14,3,5,0,0,full,0,0,,0,2,0.1263736263736263,1,0,0,5,1615.7428637839178,1518.3372267975053,97.40563698641245
2015/16,2015,2016-03-19,Crystal Palace,Leicester,M Jones,0,1,9,13,1,1,0,0,full,0,0,,0,0,-0.0341880341880341,4,0,0,5,1433.2088257553303,1570.1672077146231,-136.95838195929286
2015/16,2015,2016-03-19,Everton,Arsenal,M Clattenburg,0,2,7,10,0,0,0,0,full,0,0,,0,0,0.0,3,0,0,5,1507.5779831584578,1628.1709966116653,-120.5930134532075
2015/16,2015,2016-03-19,Swansea,Aston Villa,M Dean,1,0,9,10,3,2,0,0,full,0,0,,0,-1,-0.1333333333333333,1,0,0,5,1460.3888611550465,1335.8856714513736,124.50318970367289
2015/16,2015,2016-03-19,Watford,Stoke,C Pawson,1,2,10,14,3,1,0,0,full,0,0,,0,-2,-0.2285714285714285,4,0,0,5,1424.8927937610658,1509.1537756048951,-84.26098184382931
2015/16,2015,2016-03-19,West Brom,Norwich,A Taylor,0,1,8,13,1,2,0,0,full,0,0,,0,1,0.0288461538461538,5,0,0,5,1484.2711509658402,1361.123690339287,123.14746062655331
2015/16,2015,2016-03-20,Man City,Man United,M Oliver,0,1,9,12,1,1,0,0,full,0,0,,0,0,-0.0277777777777777,3,0,0,5,1624.5828002895912,1584.7094493787467,39.873350910844465
2015/16,2015,2016-03-20,Newcastle,Sunderland,M Atkinson,1,1,14,7,4,1,0,0,full,0,0,,0,-3,-0.1428571428571428,-7,0,0,5,1379.233803808198,1408.350696075608,-29.116892267410094
2015/16,2015,2016-03-20,Southampton,Liverpool,R East,3,2,10,13,1,3,0,0,full,0,0,,0,2,0.1307692307692307,3,0,0,5,1519.2854877402724,1577.7784373575912,-58.4929496173188
2015/16,2015,2016-03-20,Tottenham,Bournemouth,N Swarbrick,3,0,11,6,0,1,0,0,full,0,0,,0,1,0.1666666666666666,-5,0,0,5,1619.8854579447893,1437.2528203061956,182.63263763859368
2015/16,2015,2016-04-02,Arsenal,Watford,A Taylor,4,0,7,10,1,1,0,0,full,0,0,,0,0,-0.0428571428571428,3,0,0,5,1636.444458668343,1415.589948198464,220.85451046987896
2015/16,2015,2016-04-02,Aston Villa,Chelsea,N Swarbrick,0,4,12,8,4,1,1,0,full,0,0,,0,-3,-0.2083333333333333,-4,-1,0,5,1330.747450056866,1611.498836289925,-280.75138623305907
2015/16,2015,2016-04-02,Bournemouth,Man City,R Madley,0,4,9,8,0,1,0,0,full,0,0,,0,1,0.125,-1,0,0,5,1433.2860326706912,1611.784859836918,-178.49882716622687
2015/16,2015,2016-04-02,Liverpool,Tottenham,J Moss,1,1,11,11,2,0,0,0,full,0,0,,0,-2,-0.1818181818181818,0,0,0,5,1567.8218134823687,1623.8522455802938,-56.030432097925086
2015/16,2015,2016-04-02,Norwich,Newcastle,M Dean,3,2,6,11,0,0,0,0,full,0,0,,0,0,0.0,5,0,0,5,1375.95561479593,1378.347250233103,-2.391635437173136
2015/16,2015,2016-04-02,Stoke,Swansea,M Atkinson,2,2,6,16,0,1,0,0,full,0,0,,0,1,0.0625,10,0,0,5,1518.456621167497,1465.527082549554,52.92953861794285
2015/16,2015,2016-04-02,Sunderland,West Brom,R East,0,0,11,13,1,1,0,0,full,0,0,,0,0,-0.0139860139860139,2,0,0,5,1409.237249650703,1469.4392265091972,-60.20197685849416
2015/16,2015,2016-04-02,West Ham,Crystal Palace,M Clattenburg,2,2,12,19,2,2,1,0,full,0,0,,0,0,-0.0614035087719298,7,-1,0,5,1522.581254291498,1425.388336891442,97.1929174000561
2015/16,2015,2016-04-03,Leicester,Southampton,M Oliver,1,0,12,13,2,2,0,0,full,0,0,,0,0,-0.0128205128205128,1,0,0,5,1577.9876965785115,1529.2421116154949,48.745584963016654
2015/16,2015,2016-04-03,Man United,Everton,A Marriner,1,0,15,6,2,0,0,0,full,0,0,,0,-2,-0.1333333333333333,-9,0,0,5,1597.50738983142,1499.30452110178,98.20286872963993
2015/16,2015,2016-04-09,Aston Villa,Bournemouth,M Atkinson,1,2,13,11,2,2,0,0,full,0,0,,0,0,0.0279720279720279,-2,0,0,5,1326.364862398421,1426.5703293893266,-100.2054669909055
2015/16,2015,2016-04-09,Crystal Palace,Norwich,M Oliver,1,0,13,10,2,1,0,0,full,0,0,,0,-1,-0.0538461538461538,-3,0,0,5,1429.6273433012318,1384.3125429218042,45.31480037942765
2015/16,2015,2016-04-09,Man City,West Brom,M Jones,2,1,10,7,0,1,0,0,full,0,0,,0,1,0.1428571428571428,-3,0,0,5,1618.5005631182826,1469.4334131485584,149.06714996972414
2015/16,2015,2016-04-09,Southampton,Newcastle,R Madley,3,1,8,7,0,0,0,0,full,0,0,,0,0,0.0,-1,0,0,5,1522.27370422903,1369.9903221072288,152.2833821218012
2015/16,2015,2016-04-09,Swansea,Chelsea,A Marriner,1,0,15,13,5,4,0,0,full,0,0,,0,-1,-0.0256410256410256,-2,0,0,5,1468.667628380456,1615.88142394837,-147.21379556791385
2015/16,2015,2016-04-09,Watford,Everton,K Friend,1,1,13,10,2,1,0,0,full,0,0,,0,-1,-0.0538461538461538,-3,0,0,5,1412.276817374815,1493.5673434217344,-81.29052604691947
2015/16,2015,2016-04-09,West Ham,Arsenal,C Pawson,3,3,11,8,2,0,0,0,full,0,0,,0,-2,-0.1818181818181818,-3,0,0,5,1518.342247881708,1639.7575894919921,-121.41534161028403
2015/16,2015,2016-04-10,Liverpool,Stoke,M Clattenburg,4,1,14,14,0,2,0,0,full,0,0,,0,2,0.1428571428571428,0,0,0,5,1567.7075651051257,1515.3160753365948,52.391489768530846
2015/16,2015,2016-04-10,Sunderland,Leicester,A Taylor,0,2,9,9,1,1,0,0,full,0,0,,0,0,0.0,0,0,0,5,1409.2430630113417,1584.9561039649764,-175.71304095363462
2015/16,2015,2016-04-10,Tottenham,Man United,M Dean,3,0,10,10,3,3,0,0,full,0,0,,0,0,0.0,0,0,0,5,1623.9664939575368,1603.2445675114654,20.721926446071393
2015/16,2015,2016-04-13,Crystal Palace,Everton,M Jones,0,0,7,9,0,1,0,1,full,0,0,,0,1,0.1111111111111111,2,1,0,5,1436.685687618693,1492.9553187073654,-56.26963108867244
2015/16,2015,2016-04-16,Chelsea,Man City,M Dean,0,3,12,15,2,3,1,0,full,0,0,,0,1,0.0333333333333333,3,-1,0,5,1603.4226376470983,1623.1176717942938,-19.69503414719543
2015/16,2015,2016-04-16,Everton,Southampton,C Pawson,1,1,8,14,1,1,0,0,full,0,0,,0,0,-0.0535714285714285,6,0,0,5,1493.0626832298094,1526.8253929695513,-33.76270973974192
2015/16,2015,2016-04-16,Man United,Aston Villa,K Friend,1,0,9,10,0,1,0,0,full,0,0,,0,1,0.1,1,0,0,5,1595.5270094695227,1317.5169307941608,278.0100786753619
2015/16,2015,2016-04-16,Newcastle,Swansea,L Mason,3,0,13,9,2,1,0,0,full,0,0,,0,-1,-0.0427350427350427,-4,0,0,5,1365.4386333667076,1481.1264146817277,-115.68778131502017
2015/16,2015,2016-04-16,Norwich,Sunderland,A Marriner,0,3,7,11,2,2,0,0,full,0,0,,0,0,-0.1038961038961038,4,0,0,5,1377.254198604343,1402.4556398756158,-25.20144127127287
2015/16,2015,2016-04-16,West Brom,Watford,M Oliver,0,1,11,17,0,3,0,0,full,0,0,,0,3,0.1764705882352941,6,0,0,5,1464.8163044725472,1412.888842089184,51.92746238336326
2015/16,2015,2016-04-17,Arsenal,Crystal Palace,R East,1,1,7,13,0,2,0,0,full,0,0,,0,2,0.1538461538461538,6,0,0,5,1638.0080980068467,1436.578323096249,201.42977491059764
2015/16,2015,2016-04-17,Bournemouth,Liverpool,M Jones,1,2,9,9,0,0,0,0,full,0,0,,0,0,0.0,0,0,0,5,1435.418260993587,1574.5809849288507,-139.16272393526378
2015/16,2015,2016-04-17,Leicester,West Ham,J Moss,2,2,14,14,1,3,1,0,full,0,0,,0,2,0.1428571428571428,0,-1,0,5,1591.7435271007023,1520.0917393668535,71.65178773384878
2015/16,2015,2016-04-18,Stoke,Tottenham,N Swarbrick,0,4,12,12,2,0,0,0,full,0,0,,0,-2,-0.1666666666666666,0,0,0,5,1508.4426555128698,1631.6840519994796,-123.2413964866098
2015/16,2015,2016-04-19,Newcastle,Man City,K Friend,1,1,13,8,3,2,0,0,full,0,0,,0,-1,0.0192307692307692,-5,0,0,5,1377.0278704174964,1634.2725658939637,-257.2446954764673
2015/16,2015,2016-04-20,Liverpool,Everton,R Madley,4,0,8,11,1,1,0,1,full,0,0,,0,0,-0.034090909090909,3,1,0,5,1582.3411258487872,1492.308945576508,90.03218027227922
2015/16,2015,2016-04-20,Man United,Crystal Palace,L Mason,2,0,13,7,1,2,0,0,full,0,0,,0,1,0.2087912087912087,-6,0,0,5,1598.0273763975051,1442.9444382196402,155.0829381778649
2015/16,2015,2016-04-20,West Ham,Watford,M Dean,3,1,11,17,0,2,0,1,full,0,0,,0,2,0.1176470588235294,6,1,0,5,1523.7094685978507,1426.0033670517976,97.7061015460531
2015/16,2015,2016-04-21,Arsenal,West Brom,J Moss,2,0,14,14,0,1,0,0,full,0,0,,0,1,0.0714285714285714,0,0,0,5,1631.6419828834555,1451.7017795099337,179.94020337352185
2015/16,2015,2016-04-23,Aston Villa,Southampton,N Swarbrick,2,4,8,9,2,0,0,0,full,0,0,,0,-2,-0.25,1,0,0,5,1315.0165638661783,1527.5791306228527,-212.5625667566744
2015/16,2015,2016-04-23,Bournemouth,Chelsea,R East,1,4,11,4,1,0,0,0,full,0,0,,0,-1,-0.0909090909090909,-7,0,0,5,1427.6581200736505,1592.2677435474284,-164.6096234737779
2015/16,2015,2016-04-23,Liverpool,Newcastle,A Marriner,2,2,8,17,1,1,0,0,full,0,0,,0,0,-0.0661764705882353,9,0,0,5,1588.272652840293,1382.1646686916608,206.1079841486321
2015/16,2015,2016-04-23,Man City,Stoke,R Madley,4,0,8,8,0,0,0,0,full,0,0,,0,0,0.0,0,0,0,5,1629.1357676197993,1500.2430491530058,128.89271846679344
2015/16,2015,2016-04-24,Leicester,Swansea,M Clattenburg,4,0,15,10,1,2,0,0,full,0,0,,0,1,0.1333333333333333,-5,0,0,5,1588.1257978697051,1469.537177630939,118.58862023876623
2015/16,2015,2016-04-24,Sunderland,Arsenal,M Dean,0,0,10,8,2,4,0,0,full,0,0,,0,2,0.3,-2,0,0,5,1413.4538871040718,1635.6582878053848,-222.20440070131303
2015/16,2015,2016-04-25,Tottenham,West Brom,M Jones,1,1,8,13,0,1,0,0,full,0,0,,0,1,0.0769230769230769,5,0,0,5,1639.8836583593436,1447.6854745880044,192.19818377133925
2015/16,2015,2016-04-30,Arsenal,Norwich,M Jones,1,0,8,7,1,0,0,0,full,0,0,,0,-1,-0.125,-1,0,0,5,1631.3016856111408,1366.255951375887,265.0457342352538
2015/16,2015,2016-04-30,Everton,Bournemouth,N Swarbrick,2,1,4,8,1,0,0,0,full,0,0,,0,-1,-0.25,4,0,0,5,1486.3774185850023,1420.581224417988,65.79619416701416
2015/16,2015,2016-04-30,Newcastle,Crystal Palace,M Dean,1,0,11,12,2,0,0,0,full,0,0,,0,-2,-0.1818181818181818,1,0,0,5,1388.6101780924655,1438.4491595499464,-49.83898145748094
2015/16,2015,2016-04-30,Stoke,Sunderland,C Pawson,1,1,13,13,2,2,0,0,full,0,0,,0,0,0.0,0,0,0,5,1495.2007114576734,1417.8104892983158,77.39022215935756
2015/16,2015,2016-04-30,Watford,Aston Villa,A Taylor,3,2,14,10,2,3,0,1,full,0,0,,0,1,0.1571428571428571,-4,1,0,5,1420.2544823382586,1309.1456314057998,111.10885093245884
2015/16,2015,2016-04-30,West Brom,West Ham,L Mason,0,3,14,7,0,0,0,0,full,0,0,,0,0,0.0,-7,0,0,5,1453.8908866698278,1529.4583533113896,-75.56746664156185
2015/16,2015,2016-05-01,Man United,Leicester,M Oliver,1,1,16,10,3,0,0,1,full,0,0,,0,-3,-0.1875,-6,1,0,5,1602.522655067199,1593.3950881211704,9.127566946028537
2015/16,2015,2016-05-01,Southampton,Man City,A Marriner,4,2,12,9,2,1,0,0,full,0,0,,0,-1,-0.0555555555555555,-3,0,0,5,1533.4500630832313,1634.1781053151317,-100.72804223190042
2015/16,2015,2016-05-01,Swansea,Liverpool,R East,3,1,12,13,2,2,0,1,full,0,0,,0,0,-0.0128205128205128,1,1,0,5,1464.2678873794737,1581.8271434394883,-117.5592560600146
2015/16,2015,2016-05-02,Chelsea,Tottenham,M Clattenburg,2,2,9,20,3,9,0,0,full,0,0,,0,6,0.1166666666666667,11,0,0,5,1599.3446392030908,1633.6782462775202,-34.33360707442944
2015/16,2015,2016-05-07,Aston Villa,Newcastle,R Madley,0,0,8,13,1,1,0,0,full,0,0,,0,0,-0.048076923076923,5,0,0,5,1303.7075430069333,1398.3178038222206,-94.61026081528735
2015/16,2015,2016-05-07,Bournemouth,West Brom,M Clattenburg,1,1,5,8,2,1,0,0,full,0,0,,0,-1,-0.275,3,0,0,5,1414.0515896913723,1444.3386547643531,-30.287065072980795
2015/16,2015,2016-05-07,Crystal Palace,Stoke,K Friend,2,1,8,18,2,3,0,0,full,0,0,,0,1,-0.0833333333333333,10,0,0,5,1428.7415338201913,1491.4402991386576,-62.69876531846626
2015/16,2015,2016-05-07,Leicester,Everton,A Marriner,3,1,4,12,0,3,0,0,full,0,0,,0,3,0.25,8,0,0,5,1595.3588937635825,1492.907053311618,102.45184045196447
2015/16,2015,2016-05-07,Norwich,Man United,C Pawson,0,1,11,10,1,0,0,0,full,0,0,,0,-1,-0.0909090909090909,-1,0,0,5,1363.5876930579473,1600.5588494247868,-236.97115636683952
2015/16,2015,2016-05-07,Sunderland,Chelsea,M Jones,3,2,11,9,4,1,0,1,full,0,0,,0,-3,-0.2525252525252525,-2,1,0,5,1421.5709016173316,1598.6072419529244,-177.03634033559274
2015/16,2015,2016-05-07,West Ham,Swansea,M Oliver,1,4,11,8,3,0,0,0,full,0,0,,0,-3,-0.2727272727272727,-3,0,0,5,1539.0105852168642,1475.9095839242075,63.10100129265675
2015/16,2015,2016-05-08,Liverpool,Watford,L Mason,2,0,10,15,1,2,0,0,full,0,0,,0,1,0.0333333333333333,5,0,0,5,1570.1854468947545,1425.6925707371252,144.49287615762933
2015/16,2015,2016-05-08,Man City,Arsenal,A Taylor,2,2,16,10,2,1,0,0,full,0,0,,0,-1,-0.0249999999999999,-6,0,0,5,1623.011198209774,1633.9699439290805,-10.958745719306535
2015/16,2015,2016-05-08,Tottenham,Southampton,J Moss,1,2,8,16,0,3,0,0,full,0,0,,0,3,0.1875,8,0,0,5,1634.4156435276866,1544.616970188589,89.7986733390976
2015/16,2015,2016-05-10,West Ham,Man United,M Dean,3,2,6,18,1,3,0,0,full,0,0,,0,2,0.0,12,0,0,5,1525.6086340746258,1605.864354840908,-80.25572076628214
2015/16,2015,2016-05-11,Liverpool,Chelsea,M Oliver,1,1,11,12,3,1,0,0,full,0,0,,0,-2,-0.1893939393939394,1,0,0,5,1574.896727066237,1585.3605502681994,-10.463823201962441
2015/16,2015,2016-05-11,Norwich,Watford,R East,4,2,8,12,2,3,0,0,full,0,0,,0,1,0.0,4,0,0,5,1358.282187641826,1420.9812905656427,-62.699102923816554
2015/16,2015,2016-05-11,Sunderland,Everton,A Taylor,3,0,15,7,1,0,0,0,full,0,0,,0,-1,-0.0666666666666666,-8,0,0,5,1434.8175933020566,1487.2694238704319,-52.45183056837527
2015/16,2015,2016-05-15,Arsenal,Aston Villa,M Clattenburg,4,0,12,6,0,1,0,0,full,0,0,,0,1,0.1666666666666666,-6,0,0,5,1635.372164466983,1304.7004243026774,330.67174016430545
2015/16,2015,2016-05-15,Chelsea,Leicester,C Pawson,1,1,4,12,0,0,0,0,full,0,0,,0,0,0.0,8,0,0,5,1586.7767329342203,1600.9965232047687,-14.219790270548401
2015/16,2015,2016-05-15,Everton,Norwich,L Mason,3,0,7,11,0,0,0,0,full,0,0,,0,0,0.0,4,0,0,5,1477.4866434763562,1368.3598725059855,109.12677097037067
2015/16,2015,2016-05-15,Newcastle,Tottenham,A Taylor,5,1,7,6,1,2,1,0,full,0,0,,0,1,0.1904761904761904,-1,-1,0,5,1397.3249225264765,1620.3527804519704,-223.0278579254939
2015/16,2015,2016-05-15,Southampton,Crystal Palace,M Oliver,4,1,7,14,1,2,0,0,full,0,0,,0,1,0.0,7,0,0,5,1558.6798332643052,1438.819208967874,119.8606242964313
2015/16,2015,2016-05-15,Stoke,West Ham,M Jones,2,1,8,12,3,1,0,0,full,0,0,,0,-2,-0.2916666666666667,4,0,0,5,1481.362623990975,1536.190980940261,-54.82835694928599
2015/16,2015,2016-05-15,Swansea,Man City,M Dean,1,1,4,19,1,3,0,0,full,0,0,,0,2,-0.0921052631578947,15,0,0,5,1489.311535066446,1621.6089776718716,-132.29744260542566
2015/16,2015,2016-05-15,Watford,Sunderland,K Friend,2,2,11,10,1,0,0,0,full,0,0,,0,-1,-0.0909090909090909,-1,0,0,5,1410.9036057014832,1444.6003736961322,-33.69676799464901
2015/16,2015,2016-05-15,West Brom,Liverpool,R Madley,1,1,11,14,3,1,0,0,full,0,0,,0,-2,-0.2012987012987012,3,0,0,5,1445.191782923829,1573.480544400216,-128.2887614763872
2015/16,2015,2016-05-17,Man United,Bournemouth,J Moss,3,1,9,8,1,0,0,0,full,0,0,,0,-1,-0.1111111111111111,-1,0,0,5,1595.2820079752728,1413.1984615318966,182.08354644337624
2016/17,2016,2016-08-13,Burnley,Swansea,J Moss,0,1,10,14,3,2,0,0,full,0,0,,0,-1,-0.1571428571428571,4,0,0,6,1359.1229041145782,1491.362899196147,-132.23999508156885
2016/17,2016,2016-08-13,Crystal Palace,West Brom,C Pawson,0,1,12,15,2,2,0,0,full,0,0,,0,0,-0.0333333333333333,3,0,0,6,1433.5782872260745,1447.1323659124707,-13.554078686396224
2016/17,2016,2016-08-13,Everton,Tottenham,M Atkinson,1,1,10,14,0,0,0,0,full,0,0,,0,0,0.0,4,0,0,6,1482.9700256519384,1605.976995543281,-123.00696989134258
2016/17,2016,2016-08-13,Hull,Leicester,M Dean,2,1,8,17,2,2,0,0,full,0,0,,0,0,-0.1323529411764706,9,0,0,6,1359.1229041145782,1602.3066102858847,-243.18370617130654
2016/17,2016,2016-08-13,Man City,Sunderland,R Madley,2,1,11,14,1,2,0,0,full,0,0,,0,1,0.0519480519480519,3,0,0,6,1619.5576135421704,1445.355998495729,174.20161504644147
2016/17,2016,2016-08-13,Middlesbrough,Stoke,K Friend,1,1,18,14,3,5,0,0,full,0,0,,0,2,0.1904761904761905,-4,0,0,6,1359.1229041145782,1491.213783131204,-132.09087901662588
2016/17,2016,2016-08-13,Southampton,Watford,R East,1,1,8,12,1,2,0,1,full,0,0,,0,1,0.0416666666666666,4,1,0,6,1563.9207550061046,1410.1479809018865,153.77277410421812
2016/17,2016,2016-08-14,Arsenal,Liverpool,M Oliver,3,4,13,17,3,3,0,0,full,0,0,,0,0,-0.0542986425339366,4,0,0,6,1637.2810741914946,1571.5399614115743,65.74111277992029
2016/17,2016,2016-08-14,Bournemouth,Man United,A Marriner,1,3,7,10,0,1,0,0,full,0,0,,0,1,0.1,3,0,0,6,1409.2216128393586,1599.2588566678107,-190.03724382845212
2016/17,2016,2016-08-15,Chelsea,West Ham,A Taylor,2,1,16,16,5,2,0,0,full,0,0,,0,-3,-0.1875,0,0,0,6,1585.4666458531042,1526.3398218000318,59.12682405307237
2016/17,2016,2016-08-19,Man United,Southampton,A Taylor,2,0,11,8,0,0,0,0,full,0,0,,0,0,0.0,-3,0,0,6,1605.6815834504478,1558.442371042933,47.23921240751474
2016/17,2016,2016-08-20,Burnley,Liverpool,L Mason,2,0,14,5,0,1,0,0,full,0,0,,0,1,0.2,-9,0,0,6,1351.172684297614,1585.008932171465,-233.83624787385088
2016/17,2016,2016-08-20,Leicester,Arsenal,M Clattenburg,0,0,11,7,1,2,0,0,full,0,0,,0,1,0.1948051948051948,-4,0,0,6,1587.4738862071242,1623.8121034316039,-36.33821722447965
2016/17,2016,2016-08-20,Stoke,Man City,M Dean,1,4,12,13,3,4,0,0,full,0,0,,0,1,0.0576923076923077,1,0,0,6,1489.1681148863715,1623.6809984603783,-134.51288357400676
2016/17,2016,2016-08-20,Swansea,Hull,S Attwell,0,2,7,10,0,0,0,0,full,0,0,,0,0,0.0,3,0,0,6,1499.3131190131112,1373.9556281933387,125.35749081977247
2016/17,2016,2016-08-20,Tottenham,Crystal Palace,M Oliver,1,0,19,9,3,3,0,0,full,0,0,,0,0,0.175438596491228,-10,0,0,6,1604.1831313256987,1422.2493730352223,181.93375829047636
2016/17,2016,2016-08-20,Watford,Chelsea,J Moss,1,2,20,10,4,3,0,0,full,0,0,,0,-1,0.0999999999999999,-10,0,0,6,1415.6263648650581,1592.16623321653,-176.5398683514718
2016/17,2016,2016-08-20,West Brom,Everton,N Swarbrick,1,2,16,10,3,1,0,0,full,0,0,,0,-2,-0.0875,-6,0,0,6,1458.461280103323,1484.7638898695207,-26.302609766197747
2016/17,2016,2016-08-21,Sunderland,Middlesbrough,M Atkinson,1,2,11,14,1,1,0,0,full,0,0,,0,0,-0.0194805194805194,3,0,0,6,1441.232613577521,1361.1685723594107,80.06404121811033
2016/17,2016,2016-08-21,West Ham,Bournemouth,C Pawson,1,0,15,15,3,1,0,1,full,0,0,,0,-2,-0.1333333333333333,0,1,0,6,1519.640234436606,1402.7988860567216,116.8413483798845
2016/17,2016,2016-08-27,Chelsea,Burnley,M Clattenburg,3,0,6,9,2,2,0,0,full,0,0,,0,0,-0.1111111111111111,3,0,0,6,1598.9323307998948,1365.7965367722202,233.1357940276746
2016/17,2016,2016-08-27,Crystal Palace,Bournemouth,M Dean,1,1,15,10,2,1,0,0,full,0,0,,0,-1,-0.0333333333333333,-5,0,0,6,1418.2697764299874,1397.4904673440715,20.779309085915884
2016/17,2016,2016-08-27,Everton,Stoke,M Oliver,1,0,14,11,2,1,0,0,full,0,0,,0,-1,-0.0519480519480519,-3,0,0,6,1495.730748926966,1481.280480598846,14.450268328120046
2016/17,2016,2016-08-27,Hull,Man United,J Moss,0,1,9,6,2,3,0,0,full,0,0,,0,1,0.2777777777777778,-3,0,0,6,1388.8361610848008,1612.6894145579206,-223.85325347311982
2016/17,2016,2016-08-27,Leicester,Swansea,R East,2,1,14,10,2,2,0,0,full,0,0,,0,0,0.0571428571428571,-4,0,0,6,1586.793896330612,1484.4325861216491,102.36131020896278
2016/17,2016,2016-08-27,Southampton,Sunderland,L Mason,1,1,15,8,2,2,0,0,full,0,0,,0,0,0.1166666666666666,-7,0,0,6,1551.4345399354602,1427.4063170263394,124.02822290912081
2016/17,2016,2016-08-27,Tottenham,Liverpool,R Madley,1,1,11,17,3,5,0,0,full,0,0,,0,2,0.0213903743315508,6,0,0,6,1608.1627279309337,1570.3850796968588,37.77764823407483
2016/17,2016,2016-08-27,Watford,Arsenal,K Friend,1,3,18,15,6,1,0,0,full,0,0,,0,-5,-0.2666666666666666,-3,0,0,6,1408.8602672816933,1624.4920933081162,-215.6318260264229
2016/17,2016,2016-08-28,Man City,West Ham,A Marriner,3,1,5,10,1,3,0,0,full,0,0,,0,2,0.0999999999999999,5,0,0,6,1631.5686327479038,1524.9486531492562,106.61997959864766
2016/17,2016,2016-08-28,West Brom,Middlesbrough,A Taylor,0,0,12,11,1,3,0,0,full,0,0,,0,2,0.1893939393939394,-1,0,0,6,1447.4944210458775,1374.9948689105925,72.49955213528506
2016/17,2016,2016-09-10,Arsenal,Southampton,R Madley,2,1,10,8,2,5,0,0,full,0,0,,0,3,0.425,-2,0,0,6,1630.2900149290322,1546.5832075946132,83.70680733441895
2016/17,2016,2016-09-10,Bournemouth,West Brom,K Friend,1,0,9,11,1,3,0,0,full,0,0,,0,2,0.1616161616161616,2,0,0,6,1399.7744748071868,1443.8555034846554,-44.08102867746857
2016/17,2016,2016-09-10,Burnley,Hull,P Tierney,1,1,13,3,2,0,0,0,full,0,0,,0,-2,-0.1538461538461538,-10,0,0,6,1362.6742419356058,1383.2311339736318,-20.556892038026035
2016/17,2016,2016-09-10,Liverpool,Leicester,C Pawson,4,1,4,8,1,2,0,0,full,0,0,,0,1,0.0,4,0,0,6,1573.1273297334849,1592.4336358152593,-19.306306081774437
2016/17,2016,2016-09-10,Man United,Man City,M Clattenburg,1,2,15,10,4,2,0,0,full,0,0,,0,-2,-0.0666666666666666,-5,0,0,6,1618.2944416690896,1637.1096342105006,-18.81519254141108
2016/17,2016,2016-09-10,Middlesbrough,Crystal Palace,N Swarbrick,1,2,5,9,1,2,0,0,full,0,0,,0,1,0.0222222222222222,4,0,0,6,1378.6337864718146,1415.985768966872,-37.35198249505743
2016/17,2016,2016-09-10,Stoke,Tottenham,A Taylor,0,4,13,18,3,2,0,0,full,0,0,,0,-1,-0.1196581196581196,5,0,0,6,1473.3911244504277,1605.4204778943076,-132.02935344387993
2016/17,2016,2016-09-10,West Ham,Watford,M Atkinson,2,4,10,15,2,2,0,0,full,0,0,,0,0,-0.0666666666666666,5,0,0,6,1519.4076516866594,1403.0623456607773,116.34530602588211
2016/17,2016,2016-09-11,Swansea,Chelsea,A Marriner,2,2,17,8,3,4,0,0,full,0,0,,0,1,0.3235294117647058,-9,0,0,6,1478.7928466370017,1602.0546256365092,-123.26177899950744
2016/17,2016,2016-09-12,Sunderland,Everton,M Jones,0,3,11,8,1,1,0,0,full,0,0,,0,0,0.034090909090909,-3,0,0,6,1432.2576493671863,1503.6201050753843,-71.36245570819801
2016/17,2016,2016-09-16,Chelsea,Liverpool,M Atkinson,1,2,6,13,1,1,0,0,full,0,0,,0,0,-0.0897435897435897,7,0,0,6,1600.2536643624546,1581.9613978014947,18.292266560959888
2016/17,2016,2016-09-17,Everton,Middlesbrough,L Mason,3,1,5,15,2,1,0,0,full,0,0,,0,-1,-0.3333333333333333,10,0,0,6,1513.2931838543525,1367.9828458691397,145.31033798521275
2016/17,2016,2016-09-17,Hull,Arsenal,R East,1,4,9,12,0,2,1,0,full,0,0,,0,2,0.1666666666666666,3,-1,0,6,1384.3615457066,1636.374582207793,-252.01303650119303
2016/17,2016,2016-09-17,Leicester,Burnley,A Taylor,3,0,10,9,0,1,0,0,full,0,0,,0,1,0.1111111111111111,-1,0,0,6,1583.5995677472495,1361.5438302026375,222.05573754461193
2016/17,2016,2016-09-17,Man City,Bournemouth,J Moss,4,0,8,11,1,1,1,0,full,0,0,,0,0,-0.034090909090909,3,-1,0,6,1648.2895070635561,1409.3166103399467,238.97289672360944
2016/17,2016,2016-09-17,West Brom,West Ham,M Clattenburg,4,2,14,6,2,1,0,0,full,0,0,,0,-1,0.0238095238095238,-8,0,0,6,1434.3133679518955,1504.72721254622,-70.41384459432447
2016/17,2016,2016-09-18,Crystal Palace,Stoke,C Pawson,4,1,15,9,2,1,0,0,full,0,0,,0,-1,-0.0222222222222222,-6,0,0,6,1426.6367095695468,1465.4350958912044,-38.79838632165752
2016/17,2016,2016-09-18,Southampton,Swansea,M Jones,1,0,14,9,1,1,0,0,full,0,0,,0,0,0.0396825396825396,-5,0,0,6,1540.4986403158523,1480.5938079110563,59.904832404796025
2016/17,2016,2016-09-18,Tottenham,Sunderland,M Dean,1,0,7,16,1,5,0,1,full,0,0,,0,4,0.1696428571428571,9,1,0,6,1613.376506453531,1422.5845705882182,190.79193586531278
2016/17,2016,2016-09-18,Watford,Man United,M Oliver,3,1,14,19,3,4,0,0,full,0,0,,0,1,-0.0037593984962406,5,0,0,6,1417.7427848012167,1607.114568816034,-189.37178401481742
2016/17,2016,2016-09-24,Arsenal,Chelsea,M Oliver,3,0,9,11,0,2,0,0,full,0,0,,0,2,0.1818181818181818,2,0,0,6,1641.3494858603608,1588.0376154311157,53.31187042924512
2016/17,2016,2016-09-24,Bournemouth,Everton,R Madley,1,0,10,14,2,2,0,0,full,0,0,,0,0,-0.0571428571428571,4,0,0,6,1406.281830098544,1517.9875377132398,-111.70570761469571
2016/17,2016,2016-09-24,Liverpool,Hull,A Marriner,5,1,8,8,1,2,0,1,full,0,0,,0,1,0.125,0,1,0,6,1594.1774467328337,1379.3866420540323,214.79080467880135
2016/17,2016,2016-09-24,Man United,Leicester,M Dean,4,1,9,12,0,2,0,0,full,0,0,,0,2,0.1666666666666666,3,0,0,6,1593.5540094555163,1586.8936281781876,6.6603812773287245
2016/17,2016,2016-09-24,Middlesbrough,Tottenham,G Scott,1,2,14,9,2,1,0,0,full,0,0,,0,-1,-0.0317460317460317,-5,0,0,6,1363.2884920102524,1617.1960461829963,-253.90755417274386
2016/17,2016,2016-09-24,Stoke,West Brom,M Atkinson,1,1,9,13,3,4,0,0,full,0,0,,0,1,-0.0256410256410256,4,0,0,6,1456.0445710477595,1444.6130127643876,11.431558283371942
2016/17,2016,2016-09-24,Sunderland,Crystal Palace,A Taylor,2,3,15,12,0,2,0,0,full,0,0,,0,2,0.1666666666666666,-3,0,0,6,1418.7650308587529,1436.0272344129917,-17.262203554238795
2016/17,2016,2016-09-24,Swansea,Man City,N Swarbrick,1,3,15,9,2,4,0,0,full,0,0,,0,2,0.3111111111111111,-6,0,0,6,1473.9141594641467,1651.3242873049587,-177.41012784081204
2016/17,2016,2016-09-25,West Ham,Southampton,J Moss,0,3,9,14,5,2,0,0,full,0,0,,0,-3,-0.4126984126984127,5,0,0,6,1494.427567733728,1547.178288762762,-52.75072102903391
2016/17,2016,2016-09-26,Burnley,Watford,M Jones,2,0,11,15,1,3,0,0,full,0,0,,0,2,0.1090909090909091,4,0,0,6,1358.2497697716994,1431.3033441617345,-73.05357439003501
2016/17,2016,2016-09-30,Everton,Crystal Palace,J Moss,1,1,16,11,5,4,0,0,full,0,0,,0,-1,0.0511363636363636,-5,0,0,6,1506.5102181526831,1447.2511601065025,59.2590580461806
2016/17,2016,2016-10-01,Hull,Chelsea,A Taylor,0,2,13,15,2,2,0,0,full,0,0,,0,0,-0.0205128205128205,2,0,0,6,1375.9758930147914,1581.1880768588348,-205.21218384404347
2016/17,2016,2016-10-01,Sunderland,West Brom,S Attwell,1,1,7,13,1,3,0,0,full,0,0,,0,2,0.0879120879120879,6,0,0,6,1407.541105165242,1446.6404913259028,-39.09938616066074
2016/17,2016,2016-10-01,Swansea,Liverpool,M Oliver,1,2,11,9,2,2,0,0,full,0,0,,0,0,0.0404040404040403,-2,0,0,6,1467.1704722028162,1597.5881957720746,-130.41772356925844
2016/17,2016,2016-10-01,Watford,Bournemouth,M Dean,2,2,17,12,3,4,0,0,full,0,0,,0,1,0.1568627450980391,-5,0,0,6,1420.927808773967,1417.7591496591008,3.168659114866159
2016/17,2016,2016-10-01,West Ham,Middlesbrough,N Swarbrick,1,1,13,12,2,3,0,0,full,0,0,,0,1,0.0961538461538461,-1,0,0,6,1484.218946986201,1358.3542358371465,125.86471114905453
2016/17,2016,2016-10-02,Burnley,Arsenal,C Pawson,0,1,2,3,0,0,0,0,full,0,0,,1,0,,1,0,0,6,1368.625305159467,1648.1990244326416,-279.5737192731747
2016/17,2016,2016-10-02,Leicester,Southampton,M Atkinson,0,0,9,9,1,0,0,0,full,0,0,,0,-1,-0.1111111111111111,0,0,0,6,1578.7890668930322,1557.386909510289,21.402157382743326
2016/17,2016,2016-10-02,Man United,Stoke,R Madley,1,1,14,9,3,0,0,0,full,0,0,,0,-3,-0.2142857142857142,-5,0,0,6,1601.6585707406716,1454.0170924862443,147.64147825442728
2016/17,2016,2016-10-02,Tottenham,Man City,A Marriner,2,0,20,10,2,2,0,0,full,0,0,,0,0,0.1,-10,0,0,6,1622.1303023561022,1658.0679745662892,-35.937672210186975
2016/17,2016,2016-10-15,Arsenal,Swansea,J Moss,3,2,7,10,0,1,1,0,full,0,0,,0,1,0.1,3,-1,0,6,1652.6048562551907,1459.1699532851655,193.43490297002518
2016/17,2016,2016-10-15,Bournemouth,Hull,L Mason,6,1,8,14,0,3,0,0,full,0,0,,0,3,0.2142857142857142,6,0,0,6,1419.5575175337488,1369.9279491129103,49.629568420838496
2016/17,2016,2016-10-15,Chelsea,Leicester,A Marriner,3,0,6,12,1,1,0,0,full,0,0,,0,0,-0.0833333333333333,6,0,0,6,1587.236020760716,1576.4880745844052,10.747946176310734
2016/17,2016,2016-10-15,Crystal Palace,West Ham,M Atkinson,0,1,12,13,1,3,0,1,full,0,0,,0,2,0.1474358974358974,1,1,0,6,1450.5549637401357,1479.3273004641164,-28.772336723980743
2016/17,2016,2016-10-15,Man City,Everton,M Oliver,1,1,7,9,0,2,0,0,full,0,0,,0,2,0.2222222222222222,2,0,0,6,1648.7594388437221,1503.20641451905,145.55302432467215
2016/17,2016,2016-10-15,Stoke,Sunderland,M Jones,2,0,10,13,1,1,0,0,full,0,0,,0,0,-0.023076923076923,3,0,0,6,1459.3707751792751,1406.9402617527473,52.430513426527796
2016/17,2016,2016-10-15,West Brom,Tottenham,K Friend,1,1,14,10,2,2,0,0,full,0,0,,0,0,0.0571428571428571,-4,0,0,6,1447.2413347383974,1631.4388380786693,-184.19750334027185
2016/17,2016,2016-10-16,Middlesbrough,Watford,R East,0,1,15,10,4,1,0,0,full,0,0,,0,-3,-0.1666666666666666,-5,0,0,6,1363.245882359231,1419.129440899319,-55.88355854008796
2016/17,2016,2016-10-16,Southampton,Burnley,M Dean,3,1,11,10,1,2,0,0,full,0,0,,0,1,0.1090909090909091,-1,0,0,6,1559.6879018189159,1364.2194733369179,195.468428481998
2016/17,2016,2016-10-17,Liverpool,Man United,A Taylor,0,0,14,20,0,4,0,0,full,0,0,,0,4,0.2,6,0,0,6,1605.5887146897253,1596.3048880476408,9.283826642084477
2016/17,2016,2016-10-22,Arsenal,Middlesbrough,M Dean,0,0,6,13,1,0,0,0,full,0,0,,0,-1,-0.1666666666666666,7,0,0,6,1656.3776037306848,1353.127407193628,303.2501965370568
2016/17,2016,2016-10-22,Bournemouth,Tottenham,C Pawson,0,0,10,15,2,4,0,0,full,0,0,,0,2,0.0666666666666666,5,0,0,6,1426.5028380492815,1628.0090096026386,-201.50617155335704
2016/17,2016,2016-10-22,Burnley,Everton,M Jones,2,1,16,15,2,3,0,0,full,0,0,,0,1,0.075,-1,0,0,6,1360.482427905818,1508.517077584288,-148.03464967847003
2016/17,2016,2016-10-22,Hull,Stoke,K Friend,0,2,16,8,2,3,0,0,full,0,0,,0,1,0.25,-8,0,0,6,1362.9826285973775,1466.2431816450191,-103.26055304764168
2016/17,2016,2016-10-22,Leicester,Crystal Palace,M Oliver,3,1,10,8,0,0,0,0,full,0,0,,0,0,0.0,-2,0,0,6,1568.4966785153686,1439.6585718737222,128.8381066416464
2016/17,2016,2016-10-22,Liverpool,West Brom,N Swarbrick,2,1,9,13,1,3,0,0,full,0,0,,0,2,0.1196581196581196,4,0,0,6,1603.6205853620531,1450.6711632144281,152.949422147625
2016/17,2016,2016-10-22,Swansea,Watford,P Tierney,0,0,15,16,2,1,0,0,full,0,0,,0,-1,-0.0708333333333333,1,0,0,6,1455.3972058096715,1429.247916064922,26.149289744749467
2016/17,2016,2016-10-22,West Ham,Sunderland,R Madley,1,0,10,13,2,5,0,0,full,0,0,,0,3,0.1846153846153846,3,0,0,6,1490.22369233053,1400.0678552870033,90.15583704352662
2016/17,2016,2016-10-23,Chelsea,Man United,M Atkinson,4,0,7,17,3,2,0,0,full,0,0,,0,-1,-0.3109243697478991,10,0,0,6,1595.2274168297527,1598.273017375313,-3.045600545560319
2016/17,2016,2016-10-23,Man City,Southampton,M Clattenburg,1,1,11,10,3,3,0,0,full,0,0,,0,0,0.0272727272727272,-1,0,0,6,1643.448775778484,1563.4249472500157,80.02382852846836
2016/17,2016,2016-10-29,Crystal Palace,Liverpool,A Marriner,2,4,15,5,1,2,0,0,full,0,0,,0,1,0.3333333333333333,-10,0,0,6,1434.615048568302,1608.1588085027465,-173.54375993444455
2016/17,2016,2016-10-29,Man United,Burnley,M Clattenburg,0,0,12,9,1,3,1,0,full,0,0,,0,2,0.25,-3,-1,0,6,1589.8977691280718,1372.9633990133827,216.93437011468905
2016/17,2016,2016-10-29,Middlesbrough,Bournemouth,S Attwell,2,0,3,5,1,1,0,0,full,0,0,,0,0,-0.1333333333333333,2,0,0,6,1360.9279849759978,1430.364509087489,-69.43652411149128
2016/17,2016,2016-10-29,Sunderland,Arsenal,M Atkinson,1,4,9,13,4,3,0,0,full,0,0,,0,-1,-0.2136752136752136,4,0,0,6,1394.1392978696642,1648.577025948315,-254.4377280786507
2016/17,2016,2016-10-29,Tottenham,Leicester,R Madley,1,1,11,20,3,4,0,0,full,0,0,,0,1,-0.0727272727272727,9,0,0,6,1624.147338564431,1573.5402018207888,50.607136743642286
2016/17,2016,2016-10-29,Watford,Hull,J Moss,1,0,13,8,1,2,0,0,full,0,0,,0,1,0.173076923076923,-5,0,0,6,1431.6778941302712,1354.2213723050427,77.45652182522849
2016/17,2016,2016-10-29,West Brom,Man City,L Mason,0,4,17,10,4,3,0,0,full,0,0,,0,-1,0.0647058823529411,-7,0,0,6,1446.1329400737347,1639.6234672335424,-193.4905271598077
2016/17,2016,2016-10-30,Everton,West Ham,A Taylor,2,0,15,12,2,3,0,0,full,0,0,,0,1,0.1166666666666666,-3,0,0,6,1496.0361064767233,1496.152249747869,-0.11614327114580192
2016/17,2016,2016-10-30,Southampton,Chelsea,M Jones,0,2,13,16,0,0,0,0,full,0,0,,0,0,0.0,3,0,0,6,1567.2502557949574,1603.6026650769938,-36.35240928203643
2016/17,2016,2016-10-31,Stoke,Swansea,M Oliver,3,1,7,14,2,0,0,0,full,0,0,,0,-2,-0.2857142857142857,7,0,0,6,1475.004437937354,1452.9672277443224,22.03721019303157
2016/17,2016,2016-11-05,Bournemouth,Sunderland,M Dean,1,2,14,17,3,2,0,1,full,0,0,,0,-1,-0.0966386554621848,3,1,0,6,1420.0929708579395,1389.216376667195,30.876594190744527
2016/17,2016,2016-11-05,Burnley,Crystal Palace,A Taylor,3,2,11,12,1,2,0,0,full,0,0,,0,1,0.0757575757575757,1,0,0,6,1379.5874173185405,1427.7715205946547,-48.18410327611423
2016/17,2016,2016-11-05,Chelsea,Everton,R Madley,5,0,5,16,0,3,0,0,full,0,0,,0,3,0.1875,11,0,0,6,1614.2822483608813,1504.3293782148346,109.95287014604673
2016/17,2016,2016-11-05,Man City,Middlesbrough,K Friend,1,1,7,15,1,3,0,0,full,0,0,,0,2,0.0571428571428571,8,0,0,6,1645.9598297195353,1371.1995232055474,274.76030651398787
2016/17,2016,2016-11-05,West Ham,Stoke,A Marriner,1,1,11,10,4,1,0,0,full,0,0,,0,-3,-0.2636363636363636,-1,0,0,6,1487.8589780097577,1482.686142392261,5.17283561749673
2016/17,2016,2016-11-06,Arsenal,Tottenham,M Clattenburg,1,1,11,17,1,2,0,0,full,0,0,,0,1,0.0267379679144385,6,0,0,6,1653.4999471507842,1621.0671698289864,32.43277732179786
2016/17,2016,2016-11-06,Hull,Southampton,G Scott,2,1,13,15,0,5,0,0,full,0,0,,0,5,0.3333333333333333,2,0,0,6,1347.9834229232326,1556.57067251107,-208.58724958783728
2016/17,2016,2016-11-06,Leicester,West Brom,C Pawson,1,2,8,8,0,2,0,0,full,0,0,,0,2,0.25,0,0,0,6,1576.6203705562334,1439.796577587742,136.8237929684915
2016/17,2016,2016-11-06,Liverpool,Watford,M Oliver,6,1,14,10,1,2,0,0,full,0,0,,0,1,0.1285714285714286,-4,0,0,6,1615.0023364763938,1437.9158435120812,177.08649296431258
2016/17,2016,2016-11-06,Swansea,Man United,N Swarbrick,1,3,9,16,0,2,0,0,full,0,0,,0,2,0.125,7,0,0,6,1445.2855232894153,1583.273750822914,-137.98822753349873
2016/17,2016,2016-11-19,Crystal Palace,Man City,R Madley,1,2,12,15,1,2,0,0,full,0,0,,0,1,0.05,3,0,0,6,1418.11147838493,1638.5014116943457,-220.3899333094157
2016/17,2016,2016-11-19,Everton,Swansea,M Atkinson,1,1,13,12,4,2,0,0,full,0,0,,0,-2,-0.141025641025641,-1,0,0,6,1498.8649022670286,1437.4932494100863,61.37165285694232
2016/17,2016,2016-11-19,Man United,Arsenal,A Marriner,1,1,14,11,3,3,0,0,full,0,0,,0,0,0.0584415584415584,-3,0,0,6,1591.066024702243,1650.9005577705198,-59.83453306827664
2016/17,2016,2016-11-19,Southampton,Liverpool,M Clattenburg,0,0,8,11,1,1,0,0,full,0,0,,0,0,-0.034090909090909,3,0,0,6,1542.5369626536021,1619.0716284041303,-76.53466575052812
2016/17,2016,2016-11-19,Stoke,Bournemouth,R East,0,1,17,10,3,2,0,0,full,0,0,,0,-1,0.0235294117647058,-7,0,0,6,1484.5402710388491,1407.5353940113728,77.00487702747637
2016/17,2016,2016-11-19,Sunderland,Hull,L Mason,3,0,9,8,1,0,1,0,full,0,0,,0,-1,-0.1111111111111111,-1,-1,0,6,1401.7739535137616,1362.0171327807004,39.756820733061204
2016/17,2016,2016-11-19,Tottenham,West Ham,M Dean,3,2,13,16,3,2,0,1,full,0,0,,0,-1,-0.1057692307692307,3,1,0,6,1623.6665592092509,1486.0048493631696,137.6617098460813
2016/17,2016,2016-11-19,Watford,Leicester,N Swarbrick,2,1,12,18,2,3,0,0,full,0,0,,0,1,0.0,6,0,0,6,1433.8465515843448,1561.4924957497667,-127.64594416542195
2016/17,2016,2016-11-20,Middlesbrough,Chelsea,J Moss,0,1,13,10,2,3,0,0,full,0,0,,0,1,0.1461538461538461,-3,0,0,6,1378.657941230737,1619.7467243086874,-241.08878307795044
2016/17,2016,2016-11-21,West Brom,Burnley,M Jones,4,0,12,12,0,0,0,0,full,0,0,,0,0,0.0,0,0,0,6,1454.9244523942086,1389.2474595282652,65.67699286594348
2016/17,2016,2016-11-26,Burnley,Man City,A Marriner,1,2,5,15,2,3,0,0,full,0,0,,0,1,-0.2,10,0,0,6,1382.7148067501084,1644.1872179583254,-261.47241120821695
2016/17,2016,2016-11-26,Chelsea,Tottenham,M Oliver,2,1,13,16,2,1,0,0,full,0,0,,0,-1,-0.0913461538461538,3,0,0,6,1624.9603490250213,1628.520930844907,-3.5605818198857833
2016/17,2016,2016-11-26,Hull,West Brom,P Tierney,1,1,7,10,3,2,0,0,full,0,0,,0,-1,-0.2285714285714285,3,0,0,6,1354.8119815027699,1461.4571051723653,-106.64512366959548
2016/17,2016,2016-11-26,Leicester,Middlesbrough,L Mason,2,2,15,12,4,4,0,0,full,0,0,,0,0,0.0666666666666666,-3,0,0,6,1549.5697241541466,1373.444316514403,176.12540763974357
2016/17,2016,2016-11-26,Liverpool,Sunderland,A Taylor,2,0,5,9,1,3,0,0,full,0,0,,0,2,0.1333333333333333,4,0,0,6,1618.5960814305004,1408.9791047916922,209.61697663880818
2016/17,2016,2016-11-26,Swansea,Crystal Palace,K Friend,5,4,12,24,4,5,0,0,full,0,0,,0,1,-0.1249999999999999,12,0,0,6,1440.8511121673612,1412.4256721209504,28.425440046410813
2016/17,2016,2016-11-27,Arsenal,Bournemouth,M Jones,3,1,12,13,3,5,0,0,full,0,0,,0,2,0.1346153846153846,1,0,0,6,1650.9053202912894,1421.2862795992335,229.61904069205593
2016/17,2016,2016-11-27,Man United,West Ham,J Moss,1,1,16,16,3,1,0,0,full,0,0,,0,-2,-0.125,0,0,0,6,1591.0612621814735,1481.1504777275134,109.9107844539601
2016/17,2016,2016-11-27,Southampton,Everton,C Pawson,1,0,11,15,0,2,0,0,full,0,0,,0,2,0.1333333333333333,4,0,0,6,1543.012509627232,1495.5070395097537,47.50547011747835
2016/17,2016,2016-11-27,Watford,Stoke,R Madley,0,1,24,14,3,0,1,0,full,0,0,,0,-3,-0.125,-10,-1,0,6,1445.7693231799649,1470.7893854509884,-25.020062271023562
2016/17,2016,2016-12-03,Crystal Palace,Southampton,N Swarbrick,3,0,11,13,3,1,0,0,full,0,0,,0,-2,-0.1958041958041957,2,0,0,6,1404.9171958005481,1550.0133649427682,-145.0961691422201
2016/17,2016,2016-12-03,Man City,Chelsea,A Taylor,1,3,14,9,2,3,2,0,full,0,0,,0,1,0.1904761904761904,-5,-2,0,6,1648.961405273748,1633.3500318073077,15.611373466440227
2016/17,2016,2016-12-03,Stoke,Burnley,M Clattenburg,2,0,7,13,3,2,0,0,full,0,0,,0,-1,-0.2747252747252747,6,0,0,6,1481.7928008946917,1377.940619434686,103.8521814600058
2016/17,2016,2016-12-03,Sunderland,Leicester,A Marriner,2,1,8,12,3,1,0,0,full,0,0,,0,-2,-0.2916666666666667,4,0,0,6,1405.4832685358106,1543.6569780341856,-138.17370949837505
2016/17,2016,2016-12-03,Tottenham,Swansea,J Moss,5,0,11,17,0,4,0,0,full,0,0,,0,4,0.2352941176470588,6,0,0,6,1620.1312480626207,1448.3595884877634,171.77165957485727
2016/17,2016,2016-12-03,West Brom,Watford,G Scott,3,1,12,8,2,1,0,1,full,0,0,,0,-1,-0.0416666666666666,-4,1,0,6,1460.122559160979,1434.7659077362616,25.356651424717484
2016/17,2016,2016-12-03,West Ham,Arsenal,C Pawson,1,5,10,11,3,3,0,0,full,0,0,,0,0,-0.0272727272727272,1,0,0,6,1485.6850395843733,1654.0813274530674,-168.39628786869412
2016/17,2016,2016-12-04,Bournemouth,Liverpool,R Madley,4,3,9,17,2,2,0,0,full,0,0,,0,0,-0.1045751633986928,8,0,0,6,1418.1102724374555,1622.091917686382,-203.9816452489265
2016/17,2016,2016-12-04,Everton,Man United,M Oliver,1,1,13,11,2,3,0,0,full,0,0,,0,1,0.1188811188811188,-2,0,0,6,1488.5061841942174,1586.5267003246136,-98.02051613039612
2016/17,2016,2016-12-05,Middlesbrough,Hull,M Dean,1,0,6,11,1,1,0,0,full,0,0,,0,0,-0.0757575757575757,5,0,0,6,1379.357062634364,1356.146527514156,23.21053512020785
2016/17,2016,2016-12-10,Arsenal,Stoke,L Mason,3,1,9,6,0,0,0,0,full,0,0,,0,0,0.0,-3,0,0,6,1661.0588672188435,1487.3978529010228,173.66101431782067
2016/17,2016,2016-12-10,Burnley,Bournemouth,M Atkinson,3,2,14,18,2,2,0,0,full,0,0,,0,0,-0.0317460317460317,4,0,0,6,1372.3355674283548,1432.0324008307787,-59.69683340242386
2016/17,2016,2016-12-10,Hull,Crystal Palace,M Jones,3,3,16,14,2,4,0,0,full,0,0,,0,2,0.1607142857142857,-2,0,0,6,1348.4967539241193,1417.3186314992752,-68.8218775751559
2016/17,2016,2016-12-10,Leicester,Man City,M Oliver,4,2,10,7,2,1,0,0,full,0,0,,0,-1,-0.0571428571428571,-3,0,0,6,1531.4441741186672,1636.8188535237648,-105.3746794050976
2016/17,2016,2016-12-10,Swansea,Sunderland,C Pawson,3,0,10,8,1,2,0,0,full,0,0,,0,1,0.15,-2,0,0,6,1444.1902290321705,1417.696072451329,26.49415658084149
2016/17,2016,2016-12-10,Watford,Everton,A Taylor,3,2,11,16,2,2,0,0,full,0,0,,0,0,-0.0568181818181818,5,0,0,6,1427.1744070843613,1489.596155164729,-62.421748080367706
2016/17,2016,2016-12-11,Chelsea,West Brom,M Dean,1,0,6,10,2,4,0,0,full,0,0,,0,2,0.0666666666666667,4,0,0,6,1645.4925835572908,1467.7140598128794,177.77852374441136
2016/17,2016,2016-12-11,Liverpool,West Ham,M Clattenburg,2,2,7,8,2,0,0,0,full,0,0,,0,-2,-0.2857142857142857,1,0,0,6,1608.1697892930588,1478.7074998185972,129.4622894744616
2016/17,2016,2016-12-11,Man United,Tottenham,R Madley,1,0,19,17,3,3,0,0,full,0,0,,0,0,0.0185758513931888,-2,0,0,6,1585.436729354102,1624.3006075182136,-38.86387816411161
2016/17,2016,2016-12-11,Southampton,Middlesbrough,S Attwell,1,0,14,12,4,3,0,0,full,0,0,,0,-1,-0.0357142857142857,-2,0,0,6,1537.6119292440412,1387.0068362244008,150.60509301964044
2016/17,2016,2016-12-13,Bournemouth,Leicester,P Tierney,1,0,5,15,0,3,0,0,full,0,0,,0,3,0.2,10,0,0,6,1422.0411266646674,1542.7427876810852,-120.7016610164178
2016/17,2016,2016-12-13,Everton,Arsenal,M Clattenburg,2,1,10,10,1,1,1,0,full,0,0,,0,0,0.0,0,-1,0,6,1479.5264527807135,1665.1924476966085,-185.665994915895
2016/17,2016,2016-12-14,Crystal Palace,Man United,C Pawson,1,2,16,10,2,2,0,0,full,0,0,,0,0,0.075,-6,0,0,6,1417.064772005859,1594.829132223807,-177.76436021794802
2016/17,2016,2016-12-14,Man City,Watford,K Friend,2,0,16,20,1,2,0,0,full,0,0,,0,1,0.0375,4,0,0,6,1625.5202399613468,1437.2441094683768,188.27613049296997
2016/17,2016,2016-12-14,Middlesbrough,Liverpool,J Moss,0,3,11,14,1,0,0,0,full,0,0,,0,-1,-0.0909090909090909,3,0,0,6,1382.4210919930938,1603.199772748919,-220.77868075582523
2016/17,2016,2016-12-14,Stoke,Southampton,A Taylor,0,0,9,10,1,2,1,0,full,0,0,,0,1,0.0888888888888889,1,-1,0,6,1483.2642724232578,1542.1976734753482,-58.9334010520904
2016/17,2016,2016-12-14,Sunderland,Chelsea,N Swarbrick,0,1,15,10,3,2,0,0,full,0,0,,0,-1,0.0,-5,0,0,6,1410.1353882131386,1649.5489783947628,-239.41359018162416
2016/17,2016,2016-12-14,Tottenham,Hull,A Marriner,3,0,6,14,0,2,0,0,full,0,0,,0,2,0.1428571428571428,8,0,0,6,1614.9082046485087,1348.7506134175355,266.15759123097314
2016/17,2016,2016-12-14,West Brom,Swansea,M Oliver,3,1,8,8,0,0,0,0,full,0,0,,0,0,0.0,0,0,0,6,1463.6576649754074,1451.7509132703608,11.906751705046645
2016/17,2016,2016-12-14,West Ham,Burnley,R Madley,1,0,12,15,0,2,0,0,full,0,0,,0,2,0.1333333333333333,3,0,0,6,1483.677516362737,1382.326841594466,101.35067476827089
2016/17,2016,2016-12-17,Crystal Palace,Chelsea,J Moss,0,1,12,15,2,3,0,0,full,0,0,,0,1,0.0333333333333333,3,0,0,6,1410.3301962429707,1654.7998587541215,-244.46966251115077
2016/17,2016,2016-12-17,Middlesbrough,Swansea,N Swarbrick,3,0,10,11,1,0,0,0,full,0,0,,0,-1,-0.1,1,0,0,6,1376.7443878464023,1443.791503130958,-67.04711528455573
2016/17,2016,2016-12-17,Stoke,Leicester,C Pawson,2,2,9,12,2,6,0,1,full,0,0,,0,4,0.2777777777777778,3,1,0,6,1483.2335733342272,1531.0132159910204,-47.77964265679316
2016/17,2016,2016-12-17,Sunderland,Watford,R Madley,1,0,10,9,1,2,0,0,full,0,0,,0,1,0.1222222222222222,-1,0,0,6,1404.88450785378,1433.379618156241,-28.495110302460944
2016/17,2016,2016-12-17,West Brom,Man United,A Taylor,0,2,9,13,3,3,0,0,full,0,0,,0,0,-0.1025641025641025,4,0,0,6,1471.6170751148102,1601.5637079866951,-129.94663287188496
2016/17,2016,2016-12-17,West Ham,Hull,L Mason,1,0,13,9,2,4,0,0,full,0,0,,0,2,0.2905982905982905,-4,0,0,6,1489.3408438702356,1346.0971198274908,143.24372404274482
2016/17,2016,2016-12-18,Bournemouth,Southampton,M Clattenburg,1,3,6,12,0,2,0,0,full,0,0,,0,2,0.1666666666666666,6,0,0,6,1433.7706983547323,1542.2283725643788,-108.45767420964648
2016/17,2016,2016-12-18,Man City,Arsenal,M Atkinson,2,1,9,13,4,2,0,0,full,0,0,,0,-2,-0.2905982905982905,4,0,0,6,1629.3847312734827,1651.7253789674833,-22.34064769400061
2016/17,2016,2016-12-18,Tottenham,Burnley,K Friend,2,1,10,11,1,2,0,0,full,0,0,,0,1,0.0818181818181818,1,0,0,6,1617.5616982385534,1376.6635140869673,240.89818415158607
2016/17,2016,2016-12-19,Everton,Liverpool,M Dean,0,1,13,9,3,1,0,0,full,0,0,,0,-2,-0.1196581196581196,-4,0,0,6,1492.9935215098387,1608.8764768956105,-115.88295538577177
2016/17,2016,2016-12-26,Arsenal,West Brom,N Swarbrick,1,0,11,7,2,1,0,0,full,0,0,,0,-1,-0.0389610389610389,-4,0,0,6,1642.805077145237,1463.6035356767172,179.20154146851974
2016/17,2016,2016-12-26,Burnley,Middlesbrough,C Pawson,1,0,17,18,6,5,0,0,full,0,0,,0,-1,-0.0751633986928104,1,0,0,6,1373.6571542697905,1386.9471923178153,-13.290038048024826
2016/17,2016,2016-12-26,Chelsea,Bournemouth,M Jones,3,0,13,14,1,1,0,0,full,0,0,,0,0,-0.0054945054945055,1,0,0,6,1659.938817079695,1425.156448506384,234.7823685733108
2016/17,2016,2016-12-26,Hull,Man City,R Madley,0,3,11,14,1,0,0,0,full,0,0,,0,-1,-0.0909090909090909,3,0,0,6,1341.3598933344344,1638.305033095729,-296.9451397612945
2016/17,2016,2016-12-26,Leicester,Everton,S Attwell,0,2,14,7,3,0,0,0,full,0,0,,0,-3,-0.2142857142857142,-7,0,0,6,1531.3648011742762,1484.5882337512612,46.77656742301497
2016/17,2016,2016-12-26,Man United,Sunderland,M Atkinson,3,1,6,9,1,1,0,0,full,0,0,,0,0,-0.0555555555555555,3,0,0,6,1609.577247424788,1413.9802014517954,195.59704597299265
2016/17,2016,2016-12-26,Swansea,West Ham,A Marriner,1,4,10,12,0,0,0,0,full,0,0,,0,0,0.0,2,0,0,6,1433.5886986595451,1494.078070363292,-60.48937170374688
2016/17,2016,2016-12-26,Watford,Crystal Palace,M Clattenburg,1,1,18,17,2,4,0,0,full,0,0,,0,2,0.1241830065359477,-1,0,0,6,1424.2839245582254,1405.1912379173973,19.092686640828106
2016/17,2016,2016-12-27,Liverpool,Stoke,M Oliver,4,1,9,6,0,1,0,0,full,0,0,,0,1,0.1666666666666666,-3,0,0,6,1617.281764654188,1482.8819881509714,134.39977650321657
2016/17,2016,2016-12-28,Southampton,Tottenham,M Dean,1,4,7,16,1,4,1,0,full,0,0,,0,3,0.1071428571428571,9,-1,0,6,1550.842622412727,1620.5680580557303,-69.72543564300327
2016/17,2016,2016-12-30,Hull,Everton,J Moss,2,2,10,13,2,2,0,0,full,0,0,,0,0,-0.0461538461538461,3,0,0,6,1337.2879633139437,1497.5682740162079,-160.28031070226416
2016/17,2016,2016-12-31,Burnley,Sunderland,G Scott,4,1,10,8,1,1,0,0,full,0,0,,0,0,0.0249999999999999,-2,0,0,6,1382.3207753454844,1410.2454053490742,-27.924630003589755
2016/17,2016,2016-12-31,Chelsea,Stoke,R Madley,4,2,12,10,3,2,0,0,full,0,0,,0,-1,-0.0499999999999999,-2,0,0,6,1663.0362188792735,1477.958256137405,185.07796274186853
2016/17,2016,2016-12-31,Leicester,West Ham,A Taylor,1,0,11,8,5,3,0,0,full,0,0,,0,-2,-0.0795454545454545,-3,0,0,6,1518.3847609093295,1504.063985122732,14.320775786597551
2016/17,2016,2016-12-31,Liverpool,Man City,C Pawson,1,0,12,12,2,1,0,0,full,0,0,,0,-1,-0.0833333333333333,0,0,0,6,1622.2054966677545,1642.3769631162197,-20.171466448465253
2016/17,2016,2016-12-31,Man United,Middlesbrough,L Mason,2,1,9,14,1,1,0,0,full,0,0,,0,0,-0.0396825396825396,5,0,0,6,1613.3120435275093,1378.2835712421213,235.02847228538803
2016/17,2016,2016-12-31,Southampton,West Brom,M Jones,1,2,13,17,1,3,1,0,full,0,0,,0,2,0.0995475113122172,4,-1,0,6,1541.1224698637614,1459.5735651941272,81.54890466963411
2016/17,2016,2016-12-31,Swansea,Bournemouth,K Friend,0,3,14,9,2,0,0,0,full,0,0,,0,-2,-0.1428571428571428,-5,0,0,6,1423.6027839001051,1422.0590467068055,1.5437371932996484
2016/17,2016,2017-01-01,Arsenal,Crystal Palace,A Marriner,2,0,9,7,1,1,0,0,full,0,0,,0,0,0.0317460317460317,-2,0,0,6,1646.835047627827,1407.429182209484,239.40586541834296
2016/17,2016,2017-01-01,Watford,Tottenham,M Oliver,1,4,11,6,3,0,0,0,full,0,0,,0,-3,-0.2727272727272727,-5,0,0,6,1422.0459802661387,1630.288210604696,-208.2422303385572
2016/17,2016,2017-01-02,Everton,Southampton,K Friend,3,0,5,14,0,1,0,0,full,0,0,,0,1,0.0714285714285714,9,0,0,6,1494.7595408291165,1527.2597523348275,-32.50021150571092
2016/17,2016,2017-01-02,Man City,Burnley,L Mason,2,1,11,11,4,3,1,0,full,0,0,,0,-1,-0.0909090909090909,0,-1,0,6,1633.5183251563396,1391.4001859087589,242.11813924758076
2016/17,2016,2017-01-02,Middlesbrough,Leicester,R Madley,0,0,10,9,3,0,0,0,full,0,0,,0,-3,-0.3,-1,0,0,6,1375.189876100526,1526.2776783974084,-151.0878022968825
2016/17,2016,2017-01-02,Sunderland,Liverpool,A Taylor,2,2,10,10,2,3,0,0,full,0,0,,0,1,0.0999999999999999,0,0,0,6,1401.1659947857997,1631.0641346276345,-229.8981398418348
2016/17,2016,2017-01-02,West Brom,Hull,M Clattenburg,3,1,5,4,0,0,0,0,full,0,0,,0,0,0.0,-1,0,0,6,1473.4362827230611,1340.096696501035,133.33958622202613
2016/17,2016,2017-01-02,West Ham,Man United,M Dean,0,2,9,13,1,2,1,0,full,0,0,,0,1,0.0427350427350427,4,-1,0,6,1496.1710676346531,1616.4057386691047,-120.2346710344516
2016/17,2016,2017-01-03,Bournemouth,Arsenal,M Oliver,3,3,10,12,3,3,1,0,full,0,0,,0,0,-0.0499999999999999,2,-1,0,6,1433.8121203725368,1649.863417369161,-216.05129699662416
2016/17,2016,2017-01-03,Crystal Palace,Swansea,P Tierney,1,2,13,14,2,1,0,0,full,0,0,,0,-1,-0.0824175824175824,1,0,0,6,1404.40081246815,1411.8497102343738,-7.4488977662238085
2016/17,2016,2017-01-03,Stoke,Watford,N Swarbrick,2,0,10,15,1,2,0,0,full,0,0,,0,1,0.0333333333333333,5,0,0,6,1474.0360417642648,1416.0713721077132,57.96466965655168
2016/17,2016,2017-01-04,Tottenham,Chelsea,M Atkinson,2,0,9,8,3,2,0,0,full,0,0,,0,-1,-0.0833333333333333,-1,0,0,6,1636.2628187631215,1666.9584332524137,-30.69561448929221
2016/17,2016,2017-01-14,Burnley,Southampton,P Tierney,1,0,14,14,1,2,0,0,full,0,0,,0,1,0.0714285714285714,0,0,0,6,1388.4117210197596,1518.0496111146372,-129.63789009487755
2016/17,2016,2017-01-14,Hull,Bournemouth,M Atkinson,3,1,13,11,0,1,0,0,full,0,0,,0,1,0.0909090909090909,-2,0,0,6,1335.1502778738723,1438.0241352043577,-102.87385733048541
2016/17,2016,2017-01-14,Leicester,Chelsea,A Marriner,0,3,8,9,1,0,0,0,full,0,0,,0,-1,-0.125,1,0,0,6,1523.7144210200704,1657.7998868338734,-134.085465813803
2016/17,2016,2017-01-14,Sunderland,Stoke,M Dean,1,3,16,11,3,1,0,0,full,0,0,,0,-2,-0.096590909090909,-5,0,0,6,1405.7002675311985,1480.765467889166,-75.06520035796757
2016/17,2016,2017-01-14,Swansea,Arsenal,M Jones,0,4,12,8,2,0,0,0,full,0,0,,0,-2,-0.1666666666666666,-4,0,0,6,1423.3508225599767,1645.6514025373401,-222.30057997736344
2016/17,2016,2017-01-14,Tottenham,West Brom,A Taylor,4,0,11,12,0,2,0,0,full,0,0,,0,2,0.1666666666666666,1,0,0,6,1645.4213651816617,1478.382701350224,167.03866383143782
2016/17,2016,2017-01-14,Watford,Middlesbrough,J Moss,0,0,15,15,3,1,0,0,full,0,0,,0,-2,-0.1333333333333333,0,0,0,6,1409.341945982812,1377.753133477864,31.58881250494801
2016/17,2016,2017-01-14,West Ham,Crystal Palace,N Swarbrick,3,0,10,14,4,2,0,0,full,0,0,,0,-2,-0.2571428571428572,4,0,0,6,1487.8875973266104,1392.899700142547,94.98789718406329
2016/17,2016,2017-01-15,Everton,Man City,M Clattenburg,4,0,17,7,2,2,0,0,full,0,0,,0,0,0.1680672268907563,-10,0,0,6,1503.9696820493068,1636.506790045339,-132.5371079960321
2016/17,2016,2017-01-15,Man United,Liverpool,M Oliver,1,1,17,13,1,3,0,0,full,0,0,,0,2,0.171945701357466,-4,0,0,6,1624.6892089771475,1626.5298618822358,-1.840652905088291
2016/17,2016,2017-01-21,Bournemouth,Watford,L Mason,2,2,6,16,1,1,0,0,full,0,0,,0,0,-0.1041666666666666,10,0,0,6,1426.7963522125178,1406.7652208108127,20.031131401705125
2016/17,2016,2017-01-21,Crystal Palace,Everton,A Taylor,0,1,10,15,0,1,0,0,full,0,0,,0,1,0.0666666666666666,5,0,0,6,1387.0865054746018,1516.027653087876,-128.9411476132741
2016/17,2016,2017-01-21,Liverpool,Swansea,K Friend,2,3,7,7,1,1,0,0,full,0,0,,0,0,0.0,0,0,0,6,1628.188360144896,1417.7096673301296,210.47869281476642
2016/17,2016,2017-01-21,Man City,Tottenham,A Marriner,2,2,10,7,2,4,0,0,full,0,0,,0,2,0.3714285714285714,-3,0,0,6,1624.4488190067698,1649.681353365462,-25.23253435869219
2016/17,2016,2017-01-21,Middlesbrough,West Ham,M Atkinson,1,3,7,14,2,1,0,0,full,0,0,,0,-1,-0.2142857142857142,7,0,0,6,1380.3298586498631,1493.7007919945556,-113.3709333446925
2016/17,2016,2017-01-21,Stoke,Man United,M Clattenburg,1,1,12,13,4,0,0,0,full,0,0,,0,-4,-0.3333333333333333,1,0,0,6,1490.3321281197536,1623.0307107144872,-132.69858259473358
2016/17,2016,2017-01-21,West Brom,Sunderland,C Pawson,2,0,15,12,1,1,0,0,full,0,0,,0,0,0.0166666666666666,-3,0,0,6,1474.1227131664236,1396.133607300611,77.98910586581269
2016/17,2016,2017-01-22,Arsenal,Burnley,J Moss,2,1,12,11,1,3,1,0,full,0,0,,0,2,0.1893939393939394,-1,-1,0,6,1651.2925577671872,1400.3896444023633,250.90291336482392
2016/17,2016,2017-01-22,Chelsea,Hull,N Swarbrick,2,0,12,10,1,3,0,0,full,0,0,,0,2,0.2166666666666666,-2,0,0,6,1665.699277313136,1346.378060865712,319.3212164474239
2016/17,2016,2017-01-22,Southampton,Leicester,M Oliver,3,0,8,10,0,1,0,0,full,0,0,,0,1,0.1,2,0,0,6,1506.0716877320335,1515.8150305408078,-9.743342808774287
2016/17,2016,2017-01-31,Arsenal,Watford,A Marriner,1,2,12,15,3,3,0,0,full,0,0,,0,0,-0.0499999999999999,3,0,0,6,1654.1547453966011,1409.0288073536913,245.12593804290987
2016/17,2016,2017-01-31,Bournemouth,Crystal Palace,J Moss,0,2,14,23,0,4,0,0,full,0,0,,0,4,0.1739130434782608,9,0,0,6,1424.5327656696393,1379.0451519195094,45.48761375012987
2016/17,2016,2017-01-31,Burnley,Leicester,M Dean,1,0,4,8,1,0,0,0,full,0,0,,0,-1,-0.25,4,0,0,6,1397.5274567729493,1507.2515284067015,-109.72407163375215
2016/17,2016,2017-01-31,Liverpool,Chelsea,M Clattenburg,1,1,13,8,2,1,0,0,full,0,0,,0,-1,-0.0288461538461538,-5,0,0,6,1611.6699096445104,1667.724029368473,-56.054119723962685
2016/17,2016,2017-01-31,Middlesbrough,West Brom,S Attwell,1,1,12,13,2,1,0,0,full,0,0,,0,-1,-0.0897435897435897,1,0,0,6,1371.8540276898718,1480.3475106594296,-108.49348296955782
2016/17,2016,2017-01-31,Sunderland,Tottenham,L Mason,0,0,9,13,2,1,0,0,full,0,0,,0,-1,-0.1452991452991452,4,0,0,6,1389.908809807605,1650.6787145729754,-260.7699047653705
2016/17,2016,2017-01-31,Swansea,Southampton,R East,2,1,10,19,2,0,0,0,full,0,0,,0,-2,-0.2,9,0,0,6,1434.2281178305152,1514.6351898661399,-80.40707203562465
2016/17,2016,2017-02-01,Man United,Hull,M Jones,0,0,20,16,1,4,0,0,full,0,0,,0,3,0.2,-4,0,0,6,1620.9682893271192,1344.353308810375,276.61498051674425
2016/17,2016,2017-02-01,Stoke,Everton,C Pawson,1,1,21,12,1,0,0,0,full,0,0,,0,-1,-0.0476190476190476,-9,0,0,6,1492.3945495071216,1524.0690066429684,-31.67445713584675
2016/17,2016,2017-02-01,West Ham,Man City,K Friend,0,4,11,14,3,3,0,0,full,0,0,,0,0,-0.0584415584415584,3,0,0,6,1502.176622954547,1623.4514577992563,-121.2748348447094
2016/17,2016,2017-02-04,Chelsea,Arsenal,M Atkinson,3,1,14,8,1,1,0,0,full,0,0,,0,0,0.0535714285714285,-6,0,0,6,1667.837596049495,1637.099465411586,30.73813063790908
2016/17,2016,2017-02-04,Crystal Palace,Sunderland,A Marriner,0,4,8,8,3,3,0,0,full,0,0,,0,0,0.0,0,0,0,6,1391.991350491286,1395.1199090429027,-3.1285585516166066
2016/17,2016,2017-02-04,Everton,Bournemouth,M Jones,6,3,14,4,3,1,0,0,full,0,0,,0,-2,0.0357142857142857,-10,0,0,6,1524.882479788971,1411.5865670978626,113.29591269110847
2016/17,2016,2017-02-04,Hull,Liverpool,L Mason,2,0,9,12,2,1,0,0,full,0,0,,0,-1,-0.1388888888888889,3,0,0,6,1351.8353192562358,1611.5563429634885,-259.7210237072527
2016/17,2016,2017-02-04,Southampton,West Ham,G Scott,1,3,12,15,0,2,0,0,full,0,0,,0,2,0.1333333333333333,3,0,0,6,1504.0485016444281,1493.922193831615,10.126307812813138
2016/17,2016,2017-02-04,Tottenham,Middlesbrough,M Clattenburg,1,0,8,11,0,1,0,0,full,0,0,,0,1,0.0909090909090909,3,0,0,6,1645.4676153376777,1373.2407886942624,272.2268266434153
2016/17,2016,2017-02-04,Watford,Burnley,M Oliver,2,1,12,10,5,0,0,1,full,0,0,,0,-5,-0.4166666666666667,-2,1,0,6,1426.0840873387065,1408.948938618327,17.135148720379448
2016/17,2016,2017-02-04,West Brom,Stoke,K Friend,1,0,6,13,2,2,0,0,full,0,0,,0,0,-0.1794871794871794,7,0,0,6,1478.960749655039,1491.581076361119,-12.620326706079823
2016/17,2016,2017-02-05,Leicester,Man United,A Taylor,0,3,12,13,2,4,0,0,full,0,0,,0,2,0.141025641025641,1,0,0,6,1495.8300465613238,1613.4862788812584,-117.65623231993459
2016/17,2016,2017-02-05,Man City,Swansea,M Dean,2,1,9,13,2,3,0,0,full,0,0,,0,1,0.0085470085470085,4,0,0,6,1631.7058869221883,1444.814806052227,186.89108086996134
2016/17,2016,2017-02-11,Arsenal,Hull,M Clattenburg,2,0,12,9,3,1,0,1,full,0,0,,0,-2,-0.1388888888888889,-3,1,0,6,1629.6533172637721,1367.0243927354234,262.62892452834876
2016/17,2016,2017-02-11,Liverpool,Tottenham,A Taylor,2,0,14,14,3,4,0,0,full,0,0,,0,1,0.0714285714285714,0,0,0,6,1596.367269484301,1648.0417294684264,-51.674459984125406
2016/17,2016,2017-02-11,Man United,Watford,R Madley,2,0,10,12,1,0,0,0,full,0,0,,0,-1,-0.1,2,0,0,6,1621.8418664874596,1433.8997306660658,187.94213582139378
2016/17,2016,2017-02-11,Middlesbrough,Everton,M Dean,0,0,14,9,2,0,0,0,full,0,0,,0,-2,-0.1428571428571428,-5,0,0,6,1370.6666745635137,1530.2708631599849,-159.6041885964712
2016/17,2016,2017-02-11,Stoke,Crystal Palace,M Atkinson,1,0,10,14,1,3,0,0,full,0,0,,0,2,0.1142857142857142,4,0,0,6,1482.9363819794828,1380.368923520466,102.56745845901673
2016/17,2016,2017-02-11,Sunderland,Southampton,P Tierney,0,4,12,14,1,0,0,0,full,0,0,,0,-1,-0.0833333333333333,2,0,0,6,1406.7423360137227,1492.0570741998533,-85.31473818613063
2016/17,2016,2017-02-11,West Ham,West Brom,M Oliver,2,2,7,14,3,2,0,0,full,0,0,,0,-1,-0.2857142857142857,7,0,0,6,1505.9136212761898,1487.6054440366752,18.308177239514634
2016/17,2016,2017-02-12,Burnley,Chelsea,K Friend,1,1,12,11,3,2,0,0,full,0,0,,0,-1,-0.0681818181818181,-1,0,0,6,1401.1332952909677,1675.2837441973088,-274.1504489063411
2016/17,2016,2017-02-12,Swansea,Leicester,J Moss,2,0,7,14,2,2,0,0,full,0,0,,0,0,-0.1428571428571428,7,0,0,6,1440.9253959314585,1487.4744589551226,-46.549063023664075
2016/17,2016,2017-02-13,Bournemouth,Man City,N Swarbrick,0,2,8,11,2,3,0,0,full,0,0,,0,1,0.0227272727272727,3,0,0,6,1406.1981837268488,1635.5952970429566,-229.39711331610783
2016/17,2016,2017-02-25,Chelsea,Swansea,N Swarbrick,3,1,11,14,1,3,0,0,full,0,0,,0,2,0.1233766233766233,3,0,0,6,1669.7977568963781,1450.538440153839,219.2593167425391
2016/17,2016,2017-02-25,Crystal Palace,Middlesbrough,R Madley,1,0,13,15,3,1,0,0,full,0,0,,0,-2,-0.1641025641025641,2,0,0,6,1374.7339881610758,1373.457472835889,1.2765153251868924
2016/17,2016,2017-02-25,Everton,Sunderland,S Attwell,2,0,10,16,0,2,0,0,full,0,0,,0,2,0.125,6,0,0,6,1527.4800648876096,1397.4696661147416,130.01039877286803
2016/17,2016,2017-02-25,Hull,Burnley,M Atkinson,1,1,8,13,1,1,0,1,full,0,0,,0,0,-0.048076923076923,5,1,0,6,1364.3238009863956,1406.6192825918984,-42.2954816055028
2016/17,2016,2017-02-25,Watford,West Ham,C Pawson,1,1,18,14,4,1,0,1,full,0,0,,0,-3,-0.1507936507936507,-4,1,0,6,1430.0292414938258,1503.6971368922823,-73.6678953984565
2016/17,2016,2017-02-25,West Brom,Bournemouth,M Clattenburg,2,1,12,5,2,0,0,0,full,0,0,,0,-2,-0.1666666666666666,-7,0,0,6,1489.8219284205827,1400.7209931249974,89.10093529558526
2016/17,2016,2017-02-26,Tottenham,Stoke,J Moss,4,0,11,14,2,3,0,0,full,0,0,,0,1,0.0324675324675324,3,0,0,6,1638.2813119168702,1488.571317338873,149.70999457799712
2016/17,2016,2017-02-27,Leicester,Liverpool,M Oliver,3,1,8,5,0,0,0,0,full,0,0,,0,0,0.0,-3,0,0,6,1477.861414732742,1606.1276870358572,-128.2662723031151
2016/17,2016,2017-03-04,Leicester,Hull,M Dean,3,1,12,13,1,1,0,0,full,0,0,,0,0,-0.0064102564102564,1,0,0,6,1489.801374799188,1363.8146645977686,125.98671020141933
2016/17,2016,2017-03-04,Liverpool,Arsenal,R Madley,3,1,8,15,1,2,0,0,full,0,0,,0,1,0.0083333333333333,7,0,0,6,1594.1877269694114,1632.3539090128,-38.16618204338852
2016/17,2016,2017-03-04,Man United,Bournemouth,K Friend,1,1,9,11,3,2,0,1,full,0,0,,0,-1,-0.1515151515151515,2,1,0,6,1625.7123556596996,1394.7670750077984,230.94528065190116
2016/17,2016,2017-03-04,Stoke,Middlesbrough,C Pawson,2,0,16,20,1,2,0,0,full,0,0,,0,1,0.0375,4,0,0,6,1483.967336916269,1365.2030906072487,118.76424630902034
2016/17,2016,2017-03-04,Swansea,Burnley,A Taylor,3,2,7,13,2,2,0,0,full,0,0,,0,0,-0.1318681318681318,6,0,0,6,1447.199847774964,1407.1284189805253,40.07142879443859
2016/17,2016,2017-03-04,Watford,Southampton,J Moss,3,4,16,9,3,2,0,0,full,0,0,,0,-1,0.0347222222222222,-7,0,0,6,1430.422432335044,1501.3297440988345,-70.9073117637904
2016/17,2016,2017-03-04,West Brom,Crystal Palace,M Jones,0,2,8,12,0,1,0,0,full,0,0,,0,1,0.0833333333333333,4,0,0,6,1495.7758465377817,1382.988370389716,112.7874761480657
2016/17,2016,2017-03-05,Sunderland,Man City,M Atkinson,0,2,11,4,1,0,0,0,full,0,0,,0,-1,-0.0909090909090909,-7,0,0,6,1392.4515523923674,1641.072487644808,-248.62093525244063
2016/17,2016,2017-03-05,Tottenham,Everton,M Oliver,3,2,9,14,1,2,0,0,full,0,0,,0,1,0.0317460317460317,5,0,0,6,1642.8852923394743,1532.4981786099838,110.38711372949047
2016/17,2016,2017-03-06,West Ham,Chelsea,A Marriner,1,2,8,8,0,1,0,0,full,0,0,,0,1,0.125,0,0,0,6,1503.303946051064,1673.1363492752532,-169.8324032241892
2016/17,2016,2017-03-08,Man City,Stoke,N Swarbrick,0,0,8,11,1,3,0,0,full,0,0,,0,2,0.1477272727272727,3,0,0,6,1646.1207275188412,1489.2327044541398,156.88802306470143
2016/17,2016,2017-03-11,Bournemouth,West Ham,R Madley,3,2,20,15,4,2,0,0,full,0,0,,0,-2,-0.0666666666666666,-5,0,0,6,1401.6114113821327,1496.3639178932524,-94.75250651111969
2016/17,2016,2017-03-11,Everton,West Brom,G Scott,3,0,8,12,1,2,0,0,full,0,0,,0,1,0.0416666666666666,4,0,0,6,1527.0436244966618,1481.1757594517871,45.867865044874634
2016/17,2016,2017-03-11,Hull,Swansea,A Marriner,2,1,14,5,3,1,0,0,full,0,0,,0,-2,-0.0142857142857142,-9,0,0,6,1358.7089818573909,1454.3966533332334,-95.68767147584254
2016/17,2016,2017-03-12,Liverpool,Burnley,C Pawson,2,1,12,16,2,2,0,0,full,0,0,,0,0,-0.0416666666666666,4,0,0,6,1603.560125133287,1399.9316134222559,203.62851171103125
2016/17,2016,2017-03-18,Bournemouth,Swansea,M Dean,2,0,10,9,0,2,0,0,full,0,0,,0,2,0.2222222222222222,-1,0,0,6,1412.6083463123293,1443.3730769195731,-30.76473060724379
2016/17,2016,2017-03-18,Crystal Palace,Watford,M Atkinson,1,0,8,15,0,2,0,0,full,0,0,,0,2,0.1333333333333333,7,0,0,6,1397.5884574757106,1420.7362669083836,-23.147809432673057
2016/17,2016,2017-03-18,Everton,Hull,P Tierney,4,0,9,7,2,0,0,1,full,0,0,,0,-2,-0.2222222222222222,-2,1,0,6,1534.0874346315613,1369.7325582710512,164.35487636051016
2016/17,2016,2017-03-18,Stoke,Chelsea,A Taylor,1,2,16,11,4,2,1,0,full,0,0,,0,-2,-0.0681818181818181,-5,-1,0,6,1494.7735334766276,1680.0763774330649,-185.3028439564373
2016/17,2016,2017-03-18,Sunderland,Burnley,R Madley,0,0,14,7,2,1,0,0,full,0,0,,0,-1,0.0,-7,0,0,6,1387.4033125183341,1396.335214086166,-8.931901567831801
2016/17,2016,2017-03-18,West Brom,Arsenal,N Swarbrick,3,1,5,6,1,0,0,0,full,0,0,,0,-1,-0.2,1,0,0,6,1474.1319493168876,1622.9815108489242,-148.84956153203666
2016/17,2016,2017-03-18,West Ham,Leicester,R East,2,3,10,14,0,1,0,0,full,0,0,,0,1,0.0714285714285714,4,0,0,6,1485.3669829630558,1494.9070575395656,-9.540074576509824
2016/17,2016,2017-03-19,Man City,Liverpool,M Oliver,1,1,14,7,3,3,0,0,full,0,0,,0,0,0.2142857142857142,-7,0,0,6,1640.5798984963535,1607.156524469377,33.42337402697649
2016/17,2016,2017-03-19,Middlesbrough,Man United,J Moss,1,3,9,8,1,1,0,0,full,0,0,,0,0,0.0138888888888888,-1,0,0,6,1359.9377230693779,1618.8680192853653,-258.9302962159875
2016/17,2016,2017-03-19,Tottenham,Southampton,A Marriner,2,1,12,13,3,3,0,0,full,0,0,,0,0,-0.0192307692307692,1,0,0,6,1648.3398464527963,1511.0159095254949,137.32393692730147
2016/17,2016,2017-04-01,Burnley,Tottenham,S Attwell,0,2,9,6,2,0,0,0,full,0,0,,0,-2,-0.2222222222222222,-3,0,0,6,1397.7945774557577,1653.201369438231,-255.40679198247335
2016/17,2016,2017-04-01,Chelsea,Crystal Palace,C Pawson,1,2,12,14,3,2,0,0,full,0,0,,0,-1,-0.1071428571428571,2,0,0,6,1686.6185079305535,1406.5317261734738,280.08678175707973
2016/17,2016,2017-04-01,Hull,West Ham,M Jones,2,1,16,9,2,2,0,0,full,0,0,,0,0,0.0972222222222222,-7,0,0,6,1365.4205455173876,1473.92475577652,-108.50421025913238
2016/17,2016,2017-04-01,Leicester,Stoke,L Mason,2,0,7,11,1,4,0,0,full,0,0,,0,3,0.2207792207792208,4,0,0,6,1506.3492847261014,1488.231402979139,18.11788174696244
2016/17,2016,2017-04-01,Liverpool,Everton,A Taylor,3,1,17,10,1,3,0,0,full,0,0,,0,2,0.2411764705882352,-7,0,0,6,1609.7824792709719,1538.399447385225,71.38303188574696
2016/17,2016,2017-04-01,Man United,West Brom,M Dean,0,0,15,13,3,3,0,0,full,0,0,,0,0,0.0307692307692307,-2,0,0,6,1623.6955962184775,1486.63491892219,137.0606772962874
2016/17,2016,2017-04-01,Southampton,Bournemouth,J Moss,0,0,14,8,1,0,0,0,full,0,0,,0,-1,-0.0714285714285714,-6,0,0,6,1506.1543865400602,1421.768868000418,84.38551853964213
2016/17,2016,2017-04-01,Watford,Sunderland,L Probert,1,0,12,8,1,3,0,0,full,0,0,,0,2,0.2916666666666667,-4,0,0,6,1411.7929982106205,1385.9439491487424,25.849049061878077
2016/17,2016,2017-04-02,Arsenal,Man City,A Marriner,2,2,8,15,3,2,0,0,full,0,0,,0,-1,-0.2416666666666666,7,0,0,6,1610.4785412436217,1637.9539436947587,-27.475402451136915
2016/17,2016,2017-04-02,Swansea,Middlesbrough,R Madley,0,0,9,16,2,3,0,0,full,0,0,,0,1,-0.0347222222222222,7,0,0,6,1434.2125552314844,1355.1101461362657,79.10240909521872
2016/17,2016,2017-04-04,Burnley,Stoke,K Friend,1,0,9,16,3,2,0,0,full,0,0,,0,-1,-0.2083333333333333,7,0,0,6,1392.8923292062498,1480.4426786679996,-87.55034946174987
2016/17,2016,2017-04-04,Leicester,Sunderland,G Scott,2,0,12,13,0,1,0,0,full,0,0,,0,1,0.0769230769230769,1,0,0,6,1514.1380090372406,1378.365794156647,135.77221488059354
2016/17,2016,2017-04-04,Man United,Everton,N Swarbrick,1,1,10,18,1,4,0,1,full,0,0,,0,3,0.1222222222222222,8,1,0,6,1618.5626979107938,1532.0104517289165,86.55224618187731
2016/17,2016,2017-04-04,Watford,West Brom,P Tierney,2,0,11,14,1,4,1,0,full,0,0,,0,3,0.1948051948051948,3,-1,0,6,1419.3711532027157,1491.7678172298738,-72.39666402715807
2016/17,2016,2017-04-05,Arsenal,West Ham,M Atkinson,3,0,11,5,2,2,0,0,full,0,0,,0,0,0.2181818181818182,-6,0,0,6,1609.545133109709,1462.5376919549224,147.00744115478665
2016/17,2016,2017-04-05,Chelsea,Man City,M Dean,2,1,10,14,1,3,0,0,full,0,0,,0,2,0.1142857142857142,4,0,0,6,1669.0928382037284,1638.8873518286714,30.205486375057035
2016/17,2016,2017-04-05,Hull,Middlesbrough,M Oliver,4,2,13,12,2,1,0,0,full,0,0,,0,-1,-0.0705128205128205,-1,0,0,6,1376.8076093389852,1358.912791913028,17.89481742595717
2016/17,2016,2017-04-05,Liverpool,Bournemouth,L Mason,2,2,11,8,1,1,0,0,full,0,0,,0,0,0.034090909090909,-3,0,0,6,1616.1714749272803,1425.7008281212882,190.47064680599215
2016/17,2016,2017-04-05,Southampton,Crystal Palace,R East,3,1,16,11,2,1,0,0,full,0,0,,0,-1,-0.034090909090909,-5,0,0,6,1502.22242641919,1424.0573959002988,78.16503051889117
2016/17,2016,2017-04-05,Swansea,Tottenham,J Moss,1,3,7,8,1,1,0,0,full,0,0,,0,0,-0.0178571428571428,1,0,0,6,1430.409909454722,1658.103617687739,-227.69370823301688
2016/17,2016,2017-04-08,Bournemouth,Chelsea,A Marriner,1,3,7,11,2,3,0,0,full,0,0,,0,1,-0.0129870129870129,4,0,0,6,1431.8755700290533,1676.5533227927122,-244.67775276365887
2016/17,2016,2017-04-08,Man City,Hull,J Moss,3,1,6,8,0,2,0,0,full,0,0,,0,2,0.25,2,0,0,6,1631.4268672396877,1384.6024408872452,246.82442635244252
2016/17,2016,2017-04-08,Middlesbrough,Burnley,M Atkinson,0,0,9,12,0,3,0,0,full,0,0,,0,3,0.25,3,0,0,6,1351.1179603647681,1403.6836341520097,-52.56567378724162
2016/17,2016,2017-04-08,Stoke,Liverpool,M Dean,1,2,7,11,0,2,0,0,full,0,0,,0,2,0.1818181818181818,4,0,0,6,1469.6513737222397,1609.9967330195152,-140.34535929727554
2016/17,2016,2017-04-08,Tottenham,Watford,A Taylor,4,0,12,12,0,1,0,0,full,0,0,,0,1,0.0833333333333333,0,0,0,6,1663.619893525387,1429.7278065366768,233.89208698871016
2016/17,2016,2017-04-08,West Brom,Southampton,C Kavanagh,0,1,12,12,2,2,0,0,full,0,0,,0,0,0.0,0,0,0,6,1481.4111638959128,1508.4428828843031,-27.031718988390367
2016/17,2016,2017-04-08,West Ham,Swansea,K Friend,1,0,12,12,5,1,0,0,full,0,0,,0,-4,-0.3333333333333333,0,0,0,6,1457.8783434054212,1424.893633617074,32.98470978834712
2016/17,2016,2017-04-09,Everton,Leicester,R Madley,4,2,8,15,2,2,0,0,full,0,0,,0,0,-0.1166666666666666,7,0,0,6,1535.9950040603972,1519.032476991331,16.962527069066255
2016/17,2016,2017-04-09,Sunderland,Man United,C Pawson,0,3,14,20,1,5,1,0,full,0,0,,0,4,0.1785714285714285,6,-1,0,6,1373.4713262025568,1614.578145579313,-241.10681937675622
2016/17,2016,2017-04-10,Crystal Palace,Arsenal,M Oliver,3,0,11,10,0,1,0,0,full,0,0,,0,1,0.1,-1,0,0,6,1417.8369394351857,1614.2044816592102,-196.36754222402442
2016/17,2016,2017-04-15,Crystal Palace,Leicester,M Dean,2,2,10,16,0,2,0,0,full,0,0,,0,2,0.125,6,0,0,6,1431.572051056408,1511.2121017656482,-79.64005070924009
2016/17,2016,2017-04-15,Everton,Burnley,M Clattenburg,3,1,15,14,2,0,0,0,full,0,0,,0,-2,-0.1333333333333333,-1,0,0,6,1543.8153792860799,1403.8975786095828,139.9178006764971
2016/17,2016,2017-04-15,Southampton,Man City,N Swarbrick,0,3,9,8,3,0,0,0,full,0,0,,0,-3,-0.3333333333333333,-1,0,0,6,1519.3889484783963,1634.3471196000826,-114.95817112168629
2016/17,2016,2017-04-15,Stoke,Hull,S Attwell,3,1,12,5,0,2,0,0,full,0,0,,0,2,0.4,-7,0,0,6,1461.9235393031074,1381.6821885268503,80.24135077625715
2016/17,2016,2017-04-15,Sunderland,West Ham,A Marriner,2,2,14,10,1,0,0,1,full,0,0,,0,-1,-0.0714285714285714,-4,1,0,6,1368.2581016740035,1465.2641476403705,-97.00604596636708
2016/17,2016,2017-04-15,Tottenham,Bournemouth,M Oliver,4,0,8,10,0,1,0,0,full,0,0,,0,1,0.1,2,0,0,6,1666.7307344808314,1426.7411844308729,239.98955004995855
2016/17,2016,2017-04-15,Watford,Swansea,L Mason,1,0,8,13,0,0,0,0,full,0,0,,0,0,0.0,5,0,0,6,1426.6169655812323,1417.5078293821248,9.109136199107525
2016/17,2016,2017-04-16,Man United,Chelsea,R Madley,2,0,16,20,3,3,0,0,full,0,0,,0,0,-0.0375,4,0,0,6,1619.7913701078664,1681.6877083908926,-61.896338283026125
2016/17,2016,2017-04-16,West Brom,Liverpool,J Moss,0,1,15,9,3,1,0,0,full,0,0,,0,-2,-0.0888888888888889,-6,0,0,6,1470.4650983018196,1617.7245674386475,-147.25946913682787
2016/17,2016,2017-04-17,Middlesbrough,Arsenal,A Taylor,1,2,11,16,2,2,0,0,full,0,0,,0,0,-0.0568181818181818,5,0,0,6,1350.9040159071951,1600.4693700379878,-249.56535413079268
2016/17,2016,2017-04-22,Bournemouth,Middlesbrough,G Scott,4,0,4,14,0,2,0,1,full,0,0,,0,2,0.1428571428571428,10,1,0,6,1423.7214390650054,1345.8762658191895,77.84517324581589
2016/17,2016,2017-04-22,Hull,Watford,R Madley,2,0,10,11,3,1,1,0,full,0,0,,0,-2,-0.209090909090909,1,-1,0,6,1375.512840443937,1434.6536699655555,-59.14082952161857
2016/17,2016,2017-04-22,Swansea,Stoke,M Oliver,2,0,5,14,2,2,0,0,full,0,0,,0,0,-0.2571428571428572,9,0,0,6,1409.4711249978016,1468.0928873860207,-58.62176238821917
2016/17,2016,2017-04-22,West Ham,Everton,R East,0,0,9,15,2,3,0,0,full,0,0,,0,1,-0.0222222222222222,6,0,0,6,1464.203037679114,1548.6221683611466,-84.41913068203257
2016/17,2016,2017-04-23,Burnley,Man United,A Taylor,0,2,17,16,2,1,0,0,full,0,0,,0,-1,-0.0551470588235294,-1,0,0,6,1399.090789534516,1629.84595056914,-230.75516103462405
2016/17,2016,2017-04-23,Liverpool,Crystal Palace,A Marriner,1,2,8,10,1,2,0,0,full,0,0,,0,1,0.075,2,0,0,6,1625.2645460616257,1432.136735804052,193.12781025757363
2016/17,2016,2017-04-25,Chelsea,Southampton,L Mason,4,2,13,9,2,2,0,0,full,0,0,,0,0,0.0683760683760683,-4,0,0,6,1671.633127929619,1510.9577092444679,160.67541868515104
2016/17,2016,2017-04-26,Arsenal,Leicester,M Jones,1,0,9,13,2,4,0,0,full,0,0,,0,2,0.0854700854700855,4,0,0,6,1605.4971201259934,1510.6474170180043,94.84970310798917
2016/17,2016,2017-04-26,Crystal Palace,Tottenham,J Moss,0,1,13,15,3,3,0,0,full,0,0,,0,0,-0.0307692307692307,2,0,0,6,1448.3585740955834,1669.750479846699,-221.39190575111547
2016/17,2016,2017-04-26,Middlesbrough,Sunderland,M Dean,1,0,15,11,3,3,0,0,full,0,0,,0,0,0.0727272727272727,-4,0,0,6,1339.6479154828733,1369.31921163526,-29.67129615238673
2016/17,2016,2017-04-27,Man City,Man United,M Atkinson,0,0,10,8,1,0,0,1,full,0,0,,0,-1,-0.1,-2,1,0,6,1642.778358834011,1635.2921041578604,7.4862546761505655
2016/17,2016,2017-04-29,Crystal Palace,Burnley,R Madley,0,2,11,12,2,0,0,0,full,0,0,,0,-2,-0.1818181818181818,1,0,0,6,1442.69621007779,1393.6446359457957,49.05157413199436
2016/17,2016,2017-04-29,Southampton,Hull,M Dean,0,0,9,13,0,3,0,0,full,0,0,,0,3,0.2307692307692307,4,0,0,6,1506.5736248443955,1385.4881115801459,121.08551326424958
2016/17,2016,2017-04-29,Stoke,West Ham,L Probert,0,0,12,3,1,0,0,0,full,0,0,,0,-1,-0.0833333333333333,-9,0,0,6,1458.1325560451867,1464.9047217386349,-6.772165693448187
2016/17,2016,2017-04-29,Sunderland,Bournemouth,S Attwell,0,1,13,9,3,2,0,0,full,0,0,,0,-1,-0.0085470085470085,-4,0,0,6,1360.1899313759034,1429.9497894013216,-69.75985802541823
2016/17,2016,2017-04-29,West Brom,Leicester,M Clattenburg,0,1,14,9,2,2,0,0,full,0,0,,0,0,0.0793650793650793,-5,0,0,6,1462.9251196788414,1504.8309414960058,-41.90582181716445
2016/17,2016,2017-04-30,Everton,Chelsea,J Moss,0,3,13,11,3,4,0,0,full,0,0,,0,1,0.1328671328671328,-2,0,0,6,1547.9204843016257,1676.0172123296913,-128.09672802806563
2016/17,2016,2017-04-30,Man United,Swansea,N Swarbrick,1,1,11,13,2,2,0,0,full,0,0,,0,0,-0.0279720279720279,2,0,0,6,1637.2104490546726,1419.4314563386356,217.778992716037
2016/17,2016,2017-04-30,Middlesbrough,Man City,K Friend,2,2,9,9,4,4,0,0,full,0,0,,0,0,0.0,0,0,0,6,1348.7771957422299,1640.8600139371988,-292.0828181949689
2016/17,2016,2017-04-30,Tottenham,Arsenal,M Oliver,2,0,7,15,1,3,0,0,full,0,0,,0,2,0.0571428571428571,8,0,0,6,1675.4128438644923,1611.3135956479919,64.09924821650043
2016/17,2016,2017-05-01,Watford,Liverpool,C Pawson,0,1,11,9,3,1,0,0,full,0,0,,0,-2,-0.1616161616161616,-2,0,0,6,1424.6783988293466,1609.0427077700942,-184.3643089407476
2016/17,2016,2017-05-05,West Ham,Tottenham,A Taylor,1,0,8,9,4,2,0,0,full,0,0,,0,-2,-0.2777777777777778,1,0,0,6,1466.42486748656,1681.9855109609978,-215.5606434744377
2016/17,2016,2017-05-06,Bournemouth,Stoke,P Tierney,2,2,10,15,2,0,0,0,full,0,0,,0,-2,-0.2,5,0,0,6,1439.6689519731342,1456.6124102972615,-16.943458324127278
2016/17,2016,2017-05-06,Burnley,West Brom,M Jones,2,2,9,14,1,3,0,0,full,0,0,,0,2,0.1031746031746031,5,0,0,6,1406.6842240796634,1452.4047976956776,-45.720573616014235
2016/17,2016,2017-05-06,Hull,Sunderland,N Swarbrick,0,2,10,8,3,1,0,0,full,0,0,,0,-2,-0.175,-2,0,0,6,1390.2744143113493,1350.4707688040908,39.80364550725858
2016/17,2016,2017-05-06,Leicester,Watford,R East,3,0,8,10,0,0,0,0,full,0,0,,0,0,0.0,2,0,0,6,1515.3512634791696,1418.1124628763312,97.23880060283841
2016/17,2016,2017-05-06,Man City,Crystal Palace,M Oliver,5,0,12,8,1,3,0,0,full,0,0,,0,2,0.2916666666666667,-4,0,0,6,1635.023465283418,1429.6566219439223,205.36684333949574
2016/17,2016,2017-05-06,Swansea,Everton,M Atkinson,1,0,5,13,0,0,0,0,full,0,0,,0,0,0.0,8,0,0,6,1426.0690961411583,1539.8557476987887,-113.78665155763042
2016/17,2016,2017-05-07,Arsenal,Man United,A Marriner,2,0,14,10,1,0,0,0,full,0,0,,0,-1,-0.0714285714285714,-4,0,0,6,1604.7409285514864,1630.57280925215,-25.831880700663532
2016/17,2016,2017-05-07,Liverpool,Southampton,R Madley,0,0,9,4,1,3,0,0,full,0,0,,0,2,0.6388888888888888,-5,0,0,6,1615.6086437231097,1501.787322113192,113.82132160991773
2016/17,2016,2017-05-08,Chelsea,Middlesbrough,C Pawson,3,0,8,21,0,2,0,0,full,0,0,,0,2,0.0952380952380952,13,0,0,6,1684.0819489325283,1354.6137443960106,329.46820453651776
2016/17,2016,2017-05-10,Southampton,Arsenal,J Moss,0,2,5,5,1,2,0,0,full,0,0,,0,1,0.2,0,0,0,6,1506.410836819862,1613.7606492438542,-107.34981242399226
2016/17,2016,2017-05-12,Everton,Watford,K Friend,1,0,7,11,0,3,0,0,full,0,0,,0,3,0.2727272727272727,4,0,0,6,1528.3198934289962,1412.3525525448326,115.9673408841636
2016/17,2016,2017-05-12,West Brom,Chelsea,M Oliver,0,1,13,8,3,0,0,0,full,0,0,,0,-3,-0.2307692307692307,-5,0,0,6,1452.8155613678282,1686.0028550861052,-233.18729371827703
2016/17,2016,2017-05-13,Bournemouth,Burnley,L Probert,2,1,6,11,0,1,0,0,full,0,0,,0,1,0.0909090909090909,5,0,0,6,1438.4359905009078,1406.2734604075129,32.162530093394935
2016/17,2016,2017-05-13,Man City,Leicester,R Madley,2,1,12,16,3,3,0,0,full,0,0,,0,0,-0.0625,4,0,0,6,1638.590442592148,1521.111173810668,117.47926878147996
2016/17,2016,2017-05-13,Middlesbrough,Southampton,A Taylor,1,2,19,11,3,0,0,0,full,0,0,,0,-3,-0.1578947368421052,-8,0,0,6,1352.6928382424337,1497.765298750586,-145.0724605081523
2016/17,2016,2017-05-13,Stoke,Arsenal,M Dean,1,4,13,7,1,2,0,0,full,0,0,,0,1,0.2087912087912087,-6,0,0,6,1457.8453717694879,1622.4061873131302,-164.56081554364232
2016/17,2016,2017-05-13,Sunderland,Swansea,A Marriner,0,2,13,6,4,0,0,0,full,0,0,,0,-4,-0.3076923076923077,-7,0,0,6,1363.2668599314495,1437.6049504109508,-74.33809047950126
2016/17,2016,2017-05-14,Crystal Palace,Hull,M Atkinson,4,0,13,14,3,5,0,0,full,0,0,,0,2,0.1263736263736263,1,0,0,6,1426.0896446351924,1377.4783231839906,48.611321451201775
2016/17,2016,2017-05-14,Tottenham,Man United,J Moss,2,1,14,15,1,2,0,0,full,0,0,,0,1,0.0619047619047619,1,0,0,6,1667.7851197598436,1621.553088559782,46.232031200061556
2016/17,2016,2017-05-14,West Ham,Liverpool,N Swarbrick,0,4,5,10,2,0,0,0,full,0,0,,0,-2,-0.4,5,0,0,6,1480.6252586877142,1610.9851290164397,-130.3598703287255
2016/17,2016,2017-05-15,Chelsea,Watford,L Mason,4,3,7,12,2,4,0,1,full,0,0,,0,2,0.0476190476190476,5,1,0,6,1691.3937002457028,1407.0244917954915,284.3692084502113
2016/17,2016,2017-05-16,Arsenal,Sunderland,R East,2,0,15,10,4,2,0,0,full,0,0,,0,-2,-0.0666666666666666,-5,0,0,6,1629.484367792574,1353.6793092313585,275.80505856121545
2016/17,2016,2017-05-16,Man City,West Brom,C Pawson,3,1,8,11,1,2,0,0,full,0,0,,0,1,0.0568181818181818,3,0,0,6,1643.8845542093752,1447.4247162082306,196.4598380011446
2016/17,2016,2017-05-17,Southampton,Man United,M Dean,0,0,7,10,2,1,0,0,full,0,0,,0,-1,-0.1857142857142857,3,0,0,6,1505.3645060990718,1614.5188410145665,-109.1543349154947
2016/17,2016,2017-05-18,Leicester,Tottenham,M Oliver,1,6,11,8,3,1,0,0,full,0,0,,0,-2,-0.1477272727272727,-3,0,0,6,1515.817062193441,1674.8193673050591,-159.00230511161817
2016/17,2016,2017-05-21,Arsenal,Everton,M Oliver,3,1,10,15,2,4,1,0,full,0,0,,0,2,0.0666666666666666,5,-1,0,6,1632.0126368357369,1533.6479541783374,98.3646826573995
2016/17,2016,2017-05-21,Burnley,West Ham,R Madley,1,2,11,14,2,2,0,0,full,0,0,,0,0,-0.0389610389610389,3,0,0,6,1398.8655955508834,1472.6231411381834,-73.7575455873
2016/17,2016,2017-05-21,Chelsea,Sunderland,N Swarbrick,5,1,8,15,1,1,0,0,full,0,0,,0,0,-0.0583333333333333,7,0,0,6,1693.8150743944718,1351.1510401881956,342.66403420627626
2016/17,2016,2017-05-21,Hull,Tottenham,A Marriner,1,7,14,5,0,0,0,0,full,0,0,,0,0,0.0,-9,0,0,6,1370.5064061331148,1682.0445510846805,-311.53814495156576
2016/17,2016,2017-05-21,Leicester,Bournemouth,L Mason,1,1,11,10,4,1,0,0,full,0,0,,0,-3,-0.2636363636363636,-1,0,0,6,1508.5918784138196,1445.8438553575372,62.74802305628236
2016/17,2016,2017-05-21,Liverpool,Middlesbrough,M Atkinson,3,0,13,8,0,1,0,0,full,0,0,,0,1,0.125,-5,0,0,6,1618.9872465659705,1345.0936308939479,273.89361567202263
2016/17,2016,2017-05-21,Man United,Crystal Palace,A Taylor,2,0,16,10,2,0,0,0,full,0,0,,0,-2,-0.125,-6,0,0,6,1613.11342989517,1433.0615616860682,180.0518682091017
2016/17,2016,2017-05-21,Southampton,Stoke,L Probert,0,1,12,10,2,4,0,0,full,0,0,,0,2,0.2333333333333333,-2,0,0,6,1506.7699172184684,1450.7671912900441,56.0027259284243
2016/17,2016,2017-05-21,Swansea,West Brom,M Dean,2,1,8,10,1,1,0,0,full,0,0,,0,0,-0.0249999999999999,2,0,0,6,1447.1925011110418,1443.7049820891657,3.4875190218760963
2016/17,2016,2017-05-21,Watford,Man City,J Moss,0,5,12,10,1,0,0,0,full,0,0,,0,-1,-0.0833333333333333,-2,0,0,6,1404.6031176467225,1647.6042883284401,-243.00117068171767
2017/18,2017,2017-08-11,Arsenal,Leicester,M Dean,4,3,9,12,0,1,0,0,full,0,0,,0,1,0.0833333333333333,3,0,0,7,1637.7460042161592,1505.1989141148235,132.5470901013357
2017/18,2017,2017-08-12,Brighton,Man City,M Oliver,0,2,6,9,0,2,0,0,full,0,0,,0,2,0.2222222222222222,3,0,0,7,1352.8663765203617,1652.775592030497,-299.90921551013525
2017/18,2017,2017-08-12,Chelsea,Burnley,C Pawson,2,3,16,11,3,3,2,0,full,0,0,,0,0,0.0852272727272727,-5,-2,0,7,1695.6080669420521,1389.2613627165806,306.3467042254715
2017/18,2017,2017-08-12,Crystal Palace,Huddersfield,J Moss,0,3,7,19,1,3,0,0,full,0,0,,0,2,0.0150375939849624,12,0,0,7,1429.0473195895274,1352.8663765203617,76.18094306916578
2017/18,2017,2017-08-12,Everton,Stoke,N Swarbrick,1,0,13,10,1,1,0,0,full,0,0,,0,0,0.023076923076923,-3,0,0,7,1527.914586797915,1463.9872434385186,63.927343359396446
2017/18,2017,2017-08-12,Southampton,Swansea,M Jones,0,0,10,13,2,1,0,0,full,0,0,,0,-1,-0.123076923076923,3,0,0,7,1493.549865069994,1455.3852539913528,38.1646110786412
2017/18,2017,2017-08-12,Watford,Liverpool,A Taylor,3,3,14,8,0,3,0,0,full,0,0,,0,3,0.375,-6,0,0,7,1399.4318139446657,1621.5399179085573,-222.1081039638916
2017/18,2017,2017-08-12,West Brom,Bournemouth,R Madley,1,0,15,3,3,1,0,0,full,0,0,,0,-2,0.1333333333333333,-12,0,0,7,1435.5122292088547,1449.2368196565333,-13.724590447678565
2017/18,2017,2017-08-13,Man United,West Ham,M Atkinson,4,0,19,7,2,2,0,0,full,0,0,,0,0,0.1804511278195488,-12,0,0,7,1617.1276719917107,1482.2273739724862,134.90029801922446
2017/18,2017,2017-08-13,Newcastle,Tottenham,A Marriner,0,2,6,10,1,2,1,0,full,0,0,,0,1,0.0333333333333333,4,-1,0,7,1352.8663765203617,1685.8508348486869,-332.9844583283252
2017/18,2017,2017-08-19,Bournemouth,Watford,R East,0,2,6,14,1,3,0,0,full,0,0,,0,2,0.0476190476190476,8,0,0,7,1440.560912481352,1403.7861702822227,36.77474219912938
2017/18,2017,2017-08-19,Burnley,West Brom,M Atkinson,0,1,11,11,1,0,0,1,full,0,0,,0,-1,-0.0909090909090909,0,1,0,7,1407.0965918586253,1444.188136384036,-37.091544525410654
2017/18,2017,2017-08-19,Leicester,Brighton,L Probert,2,0,8,10,1,0,0,0,full,0,0,,0,-1,-0.125,2,0,0,7,1500.2354913856068,1348.8494990076201,151.38599237798667
2017/18,2017,2017-08-19,Liverpool,Crystal Palace,K Friend,1,0,12,13,1,3,0,0,full,0,0,,0,2,0.1474358974358974,1,0,0,7,1617.1855615710003,1415.316830373291,201.8687311977094
2017/18,2017,2017-08-19,Southampton,West Ham,L Mason,3,2,18,10,1,1,0,1,full,0,0,,0,0,0.0444444444444444,-8,1,0,7,1490.797318043372,1477.31432805137,13.482989992001876
2017/18,2017,2017-08-19,Stoke,Arsenal,A Marriner,1,0,6,11,0,0,0,0,full,0,0,,0,0,0.0,5,0,0,7,1457.4102089833466,1642.709426945376,-185.2992179620294
2017/18,2017,2017-08-19,Swansea,Man United,J Moss,0,4,12,11,1,1,0,0,full,0,0,,0,0,0.0075757575757575,-1,0,0,7,1458.1378010179749,1622.040717912827,-163.90291689485207
2017/18,2017,2017-08-20,Huddersfield,Newcastle,C Pawson,1,0,13,10,3,4,0,0,full,0,0,,0,1,0.1692307692307692,-3,0,0,7,1366.5968657365981,1349.4261092922777,17.170756444320432
2017/18,2017,2017-08-20,Tottenham,Chelsea,A Taylor,1,2,14,21,3,3,0,0,full,0,0,,0,0,-0.0714285714285714,7,0,0,7,1689.2911020767708,1677.7728378000074,11.518264276763375
2017/18,2017,2017-08-21,Man City,Everton,R Madley,1,1,7,9,1,2,1,1,full,0,0,,0,1,0.0793650793650793,2,0,0,7,1656.7924695432384,1534.491621253087,122.30084829015141
2017/18,2017,2017-08-26,Bournemouth,Man City,M Dean,1,2,13,14,5,4,0,1,full,0,0,,0,-1,-0.0989010989010989,1,1,0,7,1427.845378773407,1651.9792453377254,-224.1338665643184
2017/18,2017,2017-08-26,Crystal Palace,Swansea,A Marriner,0,2,9,6,4,1,0,0,full,0,0,,0,-3,-0.2777777777777778,-3,0,0,7,1411.6904533252155,1451.04229168508,-39.35183835986459
2017/18,2017,2017-08-26,Huddersfield,Southampton,S Attwell,0,0,10,10,0,1,0,0,full,0,0,,0,1,0.1,0,0,0,7,1374.4115331140495,1498.713290027496,-124.30175691344652
2017/18,2017,2017-08-26,Man United,Leicester,M Oliver,2,0,8,7,1,2,0,0,full,0,0,,0,1,0.1607142857142857,-1,0,0,7,1629.1362272457218,1504.8053675417373,124.33085970398452
2017/18,2017,2017-08-26,Newcastle,West Ham,N Swarbrick,3,0,17,11,1,3,0,0,full,0,0,,0,2,0.213903743315508,-6,0,0,7,1341.6114419148264,1469.398356067246,-127.78691415241951
2017/18,2017,2017-08-26,Watford,Brighton,G Scott,0,0,7,18,0,1,1,0,full,0,0,,0,1,0.0555555555555555,11,-1,0,7,1416.5017039901677,1344.2796228514896,72.22208113867805
2017/18,2017,2017-08-27,Chelsea,Everton,J Moss,2,0,12,7,2,2,0,0,full,0,0,,0,0,0.119047619047619,-5,0,0,7,1689.8027092536697,1539.3048454586,150.49786379506963
2017/18,2017,2017-08-27,Liverpool,Arsenal,C Pawson,4,0,6,9,2,4,0,0,full,0,0,,0,2,0.1111111111111111,3,0,0,7,1620.8119386190758,1629.251649328985,-8.43971070990915
2017/18,2017,2017-08-27,Tottenham,Burnley,L Mason,1,1,9,9,0,0,0,0,full,0,0,,0,0,0.0,0,0,0,7,1677.2612306231085,1396.4381873765703,280.8230432465382
2017/18,2017,2017-08-27,West Brom,Stoke,A Taylor,1,1,10,9,2,2,0,0,full,0,0,,0,0,0.0222222222222222,-1,0,0,7,1454.846540866091,1470.8679865997376,-16.021445733646715
2017/18,2017,2017-09-09,Arsenal,Bournemouth,A Taylor,3,0,14,10,0,1,0,0,full,0,0,,0,1,0.1,-4,0,0,7,1620.7248745076656,1422.246865965471,198.47800854219463
2017/18,2017,2017-09-09,Brighton,West Brom,C Kavanagh,3,1,9,4,2,0,0,0,full,0,0,,0,-2,-0.2222222222222222,-5,0,0,7,1347.9116096606656,1453.5874537717393,-105.67584411107373
2017/18,2017,2017-09-09,Everton,Tottenham,G Scott,0,3,14,14,3,1,0,0,full,0,0,,0,-2,-0.1428571428571428,0,0,0,7,1534.7169192821907,1669.7263860800647,-135.00946679787398
2017/18,2017,2017-09-09,Leicester,Chelsea,L Mason,1,2,11,8,1,0,0,0,full,0,0,,0,-1,-0.0909090909090909,-3,0,0,7,1499.6633575808999,1694.390635430079,-194.72727784917925
2017/18,2017,2017-09-09,Man City,Liverpool,J Moss,5,0,10,9,2,2,0,1,full,0,0,,0,0,0.0222222222222222,-1,1,0,7,1657.5777581456614,1629.3387134403952,28.239044705266224
2017/18,2017,2017-09-09,Southampton,Watford,L Probert,0,2,8,11,0,0,0,0,full,0,0,,0,0,0.0,3,0,0,7,1496.8833823382183,1412.8697171809918,84.01366515722657
2017/18,2017,2017-09-09,Stoke,Man United,N Swarbrick,2,2,10,10,0,0,0,0,full,0,0,,0,0,0.0,0,0,0,7,1472.1270736940892,1634.2782372065592,-162.15116351247002
2017/18,2017,2017-09-10,Burnley,Crystal Palace,M Oliver,1,0,7,14,1,1,0,0,full,0,0,,0,0,-0.0714285714285714,7,0,0,7,1403.9730319196142,1401.0968501541627,2.87618176545152
2017/18,2017,2017-09-10,Swansea,Newcastle,M Jones,0,1,11,15,2,3,0,0,full,0,0,,0,1,0.0181818181818181,4,0,0,7,1461.6358948561328,1353.5381206421002,108.0977742140326
2017/18,2017,2017-09-11,West Ham,Huddersfield,K Friend,2,0,11,14,1,2,0,0,full,0,0,,0,1,0.0519480519480519,3,0,0,7,1457.471677339972,1376.2414408033271,81.23023653664495
2017/18,2017,2017-09-15,Bournemouth,Brighton,C Pawson,2,1,5,12,0,0,0,0,full,0,0,,0,0,0.0,7,0,0,7,1418.5621804436585,1359.218744298224,59.34343614543445
2017/18,2017,2017-09-16,Crystal Palace,Southampton,R Madley,0,1,14,13,5,1,0,0,full,0,0,,0,-4,-0.2802197802197802,-1,0,0,7,1392.8870708769953,1482.9604741376922,-90.07340326069698
2017/18,2017,2017-09-16,Huddersfield,Leicester,J Moss,1,1,6,6,1,1,0,0,full,0,0,,0,0,0.0,0,0,0,7,1370.0963520797568,1493.3577735183426,-123.26142143858578
2017/18,2017,2017-09-16,Liverpool,Burnley,R East,1,1,7,9,1,2,0,0,full,0,0,,0,1,0.0793650793650793,2,0,0,7,1621.8252045943186,1412.1828111967816,209.64239339753703
2017/18,2017,2017-09-16,Newcastle,Stoke,S Attwell,2,1,13,11,3,1,0,0,full,0,0,,0,-2,-0.1398601398601398,-2,0,0,7,1368.0311318506917,1474.9853309556684,-106.95419910497662
2017/18,2017,2017-09-16,Tottenham,Swansea,M Dean,0,0,11,9,1,3,0,0,full,0,0,,0,2,0.2424242424242424,-2,0,0,7,1677.600369442289,1447.1428836475413,230.45748579474775
2017/18,2017,2017-09-16,Watford,Man City,A Taylor,0,6,8,6,2,0,0,0,full,0,0,,0,-2,-0.25,-2,0,0,7,1426.7926253815178,1665.091266991738,-238.2986416102201
2017/18,2017,2017-09-16,West Brom,West Ham,P Tierney,0,0,15,7,2,2,0,0,full,0,0,,0,0,0.1523809523809523,-8,0,0,7,1442.280319134181,1463.6167660635424,-21.3364469293615
2017/18,2017,2017-09-17,Chelsea,Arsenal,M Oliver,0,0,11,15,1,3,1,0,full,0,0,,0,2,0.1090909090909091,4,-1,0,7,1700.6962194926364,1624.4095600294781,76.28665946315823
2017/18,2017,2017-09-17,Man United,Everton,A Marriner,4,0,15,14,1,1,0,0,full,0,0,,0,0,0.0047619047619047,-1,0,0,7,1631.41997994498,1526.8429359199663,104.57704402501372
2017/18,2017,2017-09-23,Burnley,Huddersfield,C Kavanagh,0,0,9,13,3,2,0,0,full,0,0,,0,-1,-0.1794871794871794,4,0,0,7,1418.6873969966384,1371.8973033961774,46.79009360046098
2017/18,2017,2017-09-23,Everton,Bournemouth,M Atkinson,2,1,12,11,3,1,0,0,full,0,0,,0,-2,-0.1590909090909091,-1,0,0,7,1521.2547018403702,1425.2562134709572,95.99848836941305
2017/18,2017,2017-09-23,Leicester,Liverpool,A Taylor,2,3,13,14,3,3,0,0,full,0,0,,0,0,-0.0164835164835165,1,0,0,7,1491.556822201922,1615.3206187944618,-123.76379659253985
2017/18,2017,2017-09-23,Man City,Crystal Palace,N Swarbrick,5,0,6,7,3,1,0,0,full,0,0,,0,-2,-0.3571428571428571,1,0,0,7,1670.36703819656,1383.7504977209142,286.61654047564593
2017/18,2017,2017-09-23,Southampton,Man United,C Pawson,0,1,12,9,1,4,0,0,full,0,0,,0,3,0.3611111111111111,-3,0,0,7,1492.0970472937734,1637.008214024576,-144.91116673080273
2017/18,2017,2017-09-23,Stoke,Chelsea,M Dean,0,4,5,14,2,2,0,0,full,0,0,,0,0,-0.2571428571428572,9,0,0,7,1463.6420485148985,1696.9631112589,-233.32106274400144
2017/18,2017,2017-09-23,Swansea,Watford,L Mason,1,2,9,16,1,3,0,0,full,0,0,,0,2,0.0763888888888889,7,0,0,7,1453.9797499501408,1421.5168541766957,32.4628957734451
2017/18,2017,2017-09-23,West Ham,Tottenham,M Oliver,2,3,10,20,4,2,0,1,full,0,0,,0,-2,-0.3,10,1,0,7,1464.7250215325878,1670.7635031396896,-206.03848160710186
2017/18,2017,2017-09-24,Brighton,Newcastle,A Marriner,1,0,6,8,2,1,0,0,full,0,0,,0,-1,-0.2083333333333333,2,0,0,7,1352.5247112709253,1379.3744142914616,-26.849703020536253
2017/18,2017,2017-09-25,Arsenal,West Brom,R Madley,2,0,8,17,1,4,0,0,full,0,0,,0,3,0.1102941176470588,9,0,0,7,1628.1426682632145,1441.1720636651355,186.97060459807903
2017/18,2017,2017-09-30,Bournemouth,Leicester,G Scott,0,0,6,10,1,0,0,0,full,0,0,,0,-1,-0.1666666666666666,4,0,0,7,1419.466977924436,1483.3717604017875,-63.904782477351546
2017/18,2017,2017-09-30,Chelsea,Man City,M Atkinson,0,1,8,13,0,2,0,0,full,0,0,,0,2,0.1538461538461538,5,0,0,7,1702.3509247191464,1672.7610149056554,29.589909813490976
2017/18,2017,2017-09-30,Huddersfield,Tottenham,N Swarbrick,0,4,7,4,1,1,0,0,full,0,0,,0,0,0.1071428571428571,-3,0,0,7,1374.877698398055,1676.7913977319124,-301.9136993338575
2017/18,2017,2017-09-30,Man United,Crystal Palace,M Dean,4,0,6,9,0,0,0,0,full,0,0,,0,0,0.0,3,0,0,7,1644.611796689122,1381.3565210118188,263.2552756773032
2017/18,2017,2017-09-30,Stoke,Southampton,M Jones,2,1,11,10,1,2,0,0,full,0,0,,0,1,0.1090909090909091,-1,0,0,7,1458.254235054652,1484.4934646292274,-26.239229574575347
2017/18,2017,2017-09-30,West Brom,Watford,M Oliver,2,2,12,11,3,0,0,0,full,0,0,,0,-3,-0.25,-1,0,0,7,1437.2840875698544,1434.1170518439874,3.167035725866981
2017/18,2017,2017-09-30,West Ham,Swansea,R East,1,0,15,13,3,2,0,0,full,0,0,,0,-1,-0.0461538461538461,-2,0,0,7,1458.697126940365,1441.379552282849,17.317574657515934
2017/18,2017,2017-10-01,Arsenal,Brighton,K Friend,2,0,7,8,0,2,0,0,full,0,0,,0,2,0.25,1,0,0,7,1632.0306443584957,1361.5734539836692,270.4571903748265
2017/18,2017,2017-10-01,Everton,Burnley,J Moss,0,1,14,7,2,2,0,0,full,0,0,,0,0,0.1428571428571428,-7,0,0,7,1527.0439373868915,1415.707001994761,111.3369353921305
2017/18,2017,2017-10-01,Newcastle,Liverpool,C Pawson,1,1,11,6,1,1,0,0,full,0,0,,0,0,0.0757575757575757,-5,0,0,7,1370.3256715787177,1623.5056805945962,-253.18000901587857
2017/18,2017,2017-10-14,Burnley,West Ham,S Attwell,1,1,11,14,2,2,0,1,full,0,0,,0,0,-0.0389610389610389,3,1,0,7,1430.2741106345304,1466.5077707308533,-36.233660096322865
2017/18,2017,2017-10-14,Crystal Palace,Chelsea,A Marriner,2,1,7,6,2,1,0,0,full,0,0,,0,-1,-0.119047619047619,-1,0,0,7,1378.6643405443556,1689.827991829509,-311.1636512851535
2017/18,2017,2017-10-14,Liverpool,Man United,M Atkinson,0,0,7,13,0,2,0,0,full,0,0,,0,2,0.1538461538461538,6,0,0,7,1618.455520024631,1647.3039771565852,-28.84845713195432
2017/18,2017,2017-10-14,Man City,Stoke,C Pawson,7,2,5,8,0,1,0,0,full,0,0,,0,1,0.125,3,0,0,7,1685.2839477952928,1467.2855688537338,217.99837894155894
2017/18,2017,2017-10-14,Swansea,Huddersfield,P Tierney,2,0,12,16,1,5,0,0,full,0,0,,0,4,0.2291666666666666,4,0,0,7,1433.5689084923608,1370.8977336963646,62.671174795996194
2017/18,2017,2017-10-14,Tottenham,Bournemouth,R Madley,1,0,9,7,1,3,0,0,full,0,0,,0,2,0.3174603174603174,-2,0,0,7,1680.7713624336027,1419.5793618667037,261.19200056689897
2017/18,2017,2017-10-14,Watford,Arsenal,N Swarbrick,2,1,8,10,1,0,0,0,full,0,0,,0,-1,-0.125,2,0,0,7,1435.9153745048482,1634.6276922015606,-198.7123176967125
2017/18,2017,2017-10-15,Brighton,Everton,M Oliver,1,1,12,10,4,1,0,0,full,0,0,,0,-3,-0.2333333333333333,-2,0,0,7,1358.9764061406042,1512.476828747122,-153.50042260651776
2017/18,2017,2017-10-15,Southampton,Newcastle,K Friend,2,2,11,12,1,2,0,0,full,0,0,,0,1,0.0757575757575757,1,0,0,7,1475.4621308301457,1375.375832148683,100.08629868146272
2017/18,2017,2017-10-16,Leicester,West Brom,M Dean,1,1,13,6,2,2,0,0,full,0,0,,0,0,0.1794871794871794,-7,0,0,7,1483.2593764595197,1435.4857649089936,47.773611550526084
2017/18,2017,2017-10-20,West Ham,Brighton,M Atkinson,0,3,5,13,1,0,0,0,full,0,0,,0,-1,-0.2,8,0,0,7,1467.1907560270033,1361.604425538128,105.58633048887532
2017/18,2017,2017-10-21,Chelsea,Watford,J Moss,4,2,13,16,2,3,0,0,full,0,0,,0,1,0.0336538461538461,3,0,0,7,1673.6409238494984,1449.708411993483,223.93251185601548
2017/18,2017,2017-10-21,Huddersfield,Man United,L Mason,2,1,10,12,4,2,0,0,full,0,0,,0,-2,-0.2333333333333333,2,0,0,7,1364.2887406128943,1648.1981956633488,-283.9094550504544
2017/18,2017,2017-10-21,Man City,Burnley,R East,3,0,10,6,2,3,0,0,full,0,0,,0,1,0.3,-4,0,0,7,1688.6427770639202,1429.5911253383804,259.05165172553984
2017/18,2017,2017-10-21,Newcastle,Crystal Palace,S Attwell,1,0,12,14,4,2,0,0,full,0,0,,0,-2,-0.1904761904761904,2,0,0,7,1379.682910479912,1394.8514085243662,-15.168498044454282
2017/18,2017,2017-10-21,Southampton,West Brom,G Scott,1,0,10,8,0,1,0,0,full,0,0,,0,1,0.125,-2,0,0,7,1471.1550524989168,1438.491931497798,32.663121001118725
2017/18,2017,2017-10-21,Stoke,Bournemouth,L Probert,1,2,17,10,0,1,0,0,full,0,0,,0,1,0.1,-7,0,0,7,1463.9267395851064,1416.8593898282286,47.067349756877775
2017/18,2017,2017-10-21,Swansea,Leicester,M Oliver,1,2,6,9,0,1,0,0,full,0,0,,0,1,0.1111111111111111,3,0,0,7,1440.1779015758311,1480.2532098707152,-40.07530829488405
2017/18,2017,2017-10-22,Everton,Arsenal,C Pawson,2,5,14,14,1,1,1,0,full,0,0,,0,0,0.0,0,-1,0,7,1509.8488093495982,1620.8346547129258,-110.9858453633276
2017/18,2017,2017-10-22,Tottenham,Liverpool,A Marriner,4,1,2,8,0,1,0,0,full,0,0,,1,1,,6,0,0,7,1683.4913344720778,1617.5613015178674,65.93003295421045
2017/18,2017,2017-10-28,Arsenal,Swansea,L Mason,2,1,9,9,0,0,0,0,full,0,0,,0,0,0.0,0,0,0,7,1629.377608436757,1429.60505070511,199.7725577316471
2017/18,2017,2017-10-28,Bournemouth,Chelsea,C Pawson,0,1,5,5,2,0,0,0,full,0,0,,0,-2,-0.4,0,0,0,7,1429.847054322921,1676.905365602996,-247.05831128007503
2017/18,2017,2017-10-28,Crystal Palace,West Ham,R Madley,2,2,18,15,1,2,0,0,full,0,0,,0,1,0.0777777777777777,-3,0,0,7,1386.1346487241328,1452.7556246386164,-66.62097591448355
2017/18,2017,2017-10-28,Liverpool,Huddersfield,K Friend,3,0,10,8,0,1,0,0,full,0,0,,0,1,0.125,-2,0,0,7,1611.0350545921408,1379.9680490422875,231.06700554985332
2017/18,2017,2017-10-28,Man United,Tottenham,J Moss,1,0,12,14,1,0,0,0,full,0,0,,0,-1,-0.0833333333333333,2,0,0,7,1632.5188872339556,1690.0175813978044,-57.49869416384877
2017/18,2017,2017-10-28,Watford,Stoke,M Oliver,0,1,10,9,4,4,0,0,full,0,0,,0,0,0.0444444444444444,-1,0,0,7,1446.4439702399854,1450.939075090414,-4.495104850428561
2017/18,2017,2017-10-28,West Brom,Man City,M Jones,2,3,10,7,2,3,0,0,full,0,0,,0,1,0.2285714285714285,-3,0,0,7,1431.0975016704015,1691.3918338789038,-260.2943322085023
2017/18,2017,2017-10-29,Brighton,Southampton,N Swarbrick,1,1,9,10,3,1,0,0,full,0,0,,0,-2,-0.2333333333333333,1,0,0,7,1376.039556926515,1478.5494823263134,-102.50992539979848
2017/18,2017,2017-10-29,Leicester,Everton,A Marriner,2,0,6,10,0,2,0,0,full,0,0,,0,2,0.2,4,0,0,7,1490.8260607414363,1501.305855625767,-10.479794884330659
2017/18,2017,2017-10-30,Burnley,Newcastle,M Dean,1,0,9,10,3,0,0,0,full,0,0,,0,-3,-0.3333333333333333,1,0,0,7,1426.8420685233968,1388.3996702801453,38.442398243251546
2017/18,2017,2017-11-04,Huddersfield,West Brom,R East,1,0,8,15,1,4,1,0,full,0,0,,0,3,0.1416666666666666,7,-1,0,7,1376.814247270459,1426.298622789765,-49.48437551930601
2017/18,2017,2017-11-04,Newcastle,Bournemouth,P Tierney,0,1,11,12,2,2,0,0,full,0,0,,0,0,-0.0151515151515151,1,0,0,7,1381.1596052671277,1424.764791038061,-43.6051857709333
2017/18,2017,2017-11-04,Southampton,Burnley,L Probert,0,1,4,4,0,0,0,0,full,0,0,,0,0,0.0,0,0,0,7,1477.332017558155,1434.0821335364144,43.24988402174063
2017/18,2017,2017-11-04,Stoke,Leicester,R Madley,2,2,12,8,0,0,0,0,full,0,0,,0,0,0.0,-4,0,0,7,1462.5231807740765,1499.4103285606593,-36.88714778658277
2017/18,2017,2017-11-04,Swansea,Brighton,M Dean,0,1,13,12,2,1,0,0,full,0,0,,0,-1,-0.0705128205128205,-1,0,0,7,1425.9427120889648,1377.2570216946733,48.68569039429144
2017/18,2017,2017-11-04,West Ham,Liverpool,N Swarbrick,1,4,9,13,3,0,0,0,full,0,0,,0,-3,-0.3333333333333333,4,0,0,7,1452.5650806983776,1614.1888563639693,-161.62377566559167
2017/18,2017,2017-11-05,Chelsea,Man United,A Taylor,1,0,16,20,1,3,0,0,full,0,0,,0,2,0.0875,4,0,0,7,1681.9876288878559,1642.4468951086044,39.54073377925147
2017/18,2017,2017-11-05,Everton,Watford,G Scott,3,2,14,12,0,2,0,0,full,0,0,,0,2,0.1666666666666666,-2,0,0,7,1492.721587806544,1434.859864556323,57.861723250221075
2017/18,2017,2017-11-05,Man City,Arsenal,M Oliver,3,1,15,15,1,6,0,0,full,0,0,,0,5,0.3333333333333333,0,0,0,7,1696.1907127595402,1633.0399470529023,63.15076570663791
2017/18,2017,2017-11-05,Tottenham,Crystal Palace,K Friend,1,0,6,7,0,2,0,0,full,0,0,,0,2,0.2857142857142857,1,0,0,7,1680.0895735231557,1386.3251926643716,293.7643808587841
2017/18,2017,2017-11-18,Arsenal,Tottenham,M Dean,2,0,11,16,4,1,0,0,full,0,0,,0,-3,-0.3011363636363636,5,0,0,7,1626.4431647003748,1682.3981855535158,-55.95502085314092
2017/18,2017,2017-11-18,Bournemouth,Huddersfield,L Probert,4,0,13,10,3,2,1,0,full,0,0,,0,-1,-0.0307692307692307,-3,-1,0,7,1435.2363217875718,1386.5116756534032,48.72464613416855
2017/18,2017,2017-11-18,Burnley,Swansea,M Atkinson,2,0,12,12,1,1,0,0,full,0,0,,0,0,0.0,0,0,0,7,1446.9694046521224,1412.912685025148,34.05671962697443
2017/18,2017,2017-11-18,Crystal Palace,Everton,A Taylor,2,2,9,26,2,3,0,0,full,0,0,,0,1,-0.1068376068376068,17,0,0,7,1384.0165806340115,1499.4536602779108,-115.43707964389932
2017/18,2017,2017-11-18,Leicester,Man City,G Scott,0,2,8,10,1,1,0,0,full,0,0,,0,0,-0.0249999999999999,2,0,0,7,1500.0745903235663,1702.7874951120677,-202.71290478850142
2017/18,2017,2017-11-18,Liverpool,Southampton,M Jones,3,0,15,9,1,1,0,0,full,0,0,,0,0,0.0444444444444444,-6,0,0,7,1621.3445444795793,1464.444746442447,156.8997980371323
2017/18,2017,2017-11-18,Man United,Newcastle,C Pawson,4,1,10,9,1,1,0,0,full,0,0,,0,0,0.0111111111111111,-1,0,0,7,1635.236009167035,1370.688074517617,264.54793464941804
2017/18,2017,2017-11-18,West Brom,Chelsea,J Moss,0,4,13,12,2,3,0,0,full,0,0,,0,1,0.0961538461538461,-1,0,0,7,1416.6011944068207,1689.1985148294252,-272.5973204226045
2017/18,2017,2017-11-19,Watford,West Ham,A Marriner,2,0,13,10,1,4,0,0,full,0,0,,0,3,0.3230769230769231,-3,0,0,7,1428.1277920849561,1445.4093925827676,-17.281600497811496
2017/18,2017,2017-11-20,Brighton,Stoke,L Mason,2,2,13,5,1,0,0,0,full,0,0,,0,-1,-0.0769230769230769,-8,0,0,7,1390.28704875849,1461.8589190111695,-71.57187025267945
2017/18,2017,2017-11-24,West Ham,Leicester,M Atkinson,1,1,9,12,1,1,0,0,full,0,0,,0,0,-0.0277777777777777,3,0,0,7,1436.6327683467425,1493.96577473625,-57.333006389507545
2017/18,2017,2017-11-25,Crystal Palace,Stoke,M Dean,2,1,9,5,1,1,0,0,full,0,0,,0,0,0.0888888888888889,-4,0,0,7,1385.5987833521801,1461.5259769163742,-75.92719356419411
2017/18,2017,2017-11-25,Liverpool,Chelsea,M Oliver,1,1,10,7,0,0,0,0,full,0,0,,0,0,0.0,-3,0,0,7,1625.8034805988784,1693.743853043888,-67.94037244500964
2017/18,2017,2017-11-25,Man United,Brighton,N Swarbrick,1,0,9,9,0,2,0,0,full,0,0,,0,2,0.2222222222222222,0,0,0,7,1637.9109004311283,1390.6199908532853,247.29090957784297
2017/18,2017,2017-11-25,Newcastle,Watford,C Kavanagh,0,3,8,13,1,2,0,0,full,0,0,,0,1,0.0288461538461538,5,0,0,7,1368.0131832535237,1436.9044163209812,-68.8912330674575
2017/18,2017,2017-11-25,Swansea,Bournemouth,S Attwell,0,0,18,6,4,2,0,0,full,0,0,,0,-2,0.1111111111111111,-12,0,0,7,1405.5556038227592,1442.2052764634539,-36.64967264069469
2017/18,2017,2017-11-25,Tottenham,West Brom,M Jones,1,1,10,13,1,4,0,0,full,0,0,,0,3,0.2076923076923077,3,0,0,7,1672.514604152134,1412.0558561923579,260.45874795977625
2017/18,2017,2017-11-26,Burnley,Arsenal,L Mason,0,1,8,14,2,0,0,0,full,0,0,,0,-2,-0.25,6,0,0,7,1454.3264858545112,1636.3267461017565,-182.00026024724525
2017/18,2017,2017-11-26,Huddersfield,Man City,C Pawson,1,2,10,10,2,3,1,0,full,0,0,,0,1,0.0999999999999999,0,-1,0,7,1379.5427209775212,1708.896310699384,-329.3535897218628
2017/18,2017,2017-11-26,Southampton,Everton,K Friend,4,1,6,13,0,0,0,0,full,0,0,,0,0,0.0,7,0,0,7,1459.985810323148,1497.871457559742,-37.885647236594195
2017/18,2017,2017-11-28,Brighton,Crystal Palace,A Marriner,0,0,13,8,2,0,0,0,full,0,0,,0,-2,-0.1538461538461538,-5,0,0,7,1387.7064288712427,1396.0568839781795,-8.350455106936806
2017/18,2017,2017-11-28,Leicester,Tottenham,A Taylor,2,1,7,10,1,2,0,0,full,0,0,,0,1,0.0571428571428571,3,0,0,7,1494.0425354751947,1665.2445109036596,-171.20197542846495
2017/18,2017,2017-11-28,Watford,Man United,J Moss,2,4,12,10,2,1,0,0,full,0,0,,0,-1,-0.0666666666666666,-2,0,0,7,1446.6485619126186,1640.824462413171,-194.17590050055242
2017/18,2017,2017-11-28,West Brom,Newcastle,L Probert,2,2,13,12,0,0,0,0,full,0,0,,0,0,0.0,-1,0,0,7,1419.3259494408323,1358.2690376618864,61.05691177894596
2017/18,2017,2017-11-29,Arsenal,Huddersfield,G Scott,5,0,10,12,0,1,0,0,full,0,0,,0,1,0.0833333333333333,2,0,0,7,1642.952840337754,1376.0425087085246,266.9103316292294
2017/18,2017,2017-11-29,Bournemouth,Burnley,R East,1,2,9,11,0,1,0,0,full,0,0,,0,1,0.0909090909090909,2,0,0,7,1442.8763428411107,1447.7003916185138,-4.82404877740305
2017/18,2017,2017-11-29,Chelsea,Swansea,N Swarbrick,1,0,10,7,1,0,0,0,full,0,0,,0,-1,-0.1,-3,0,0,7,1693.515350535683,1404.8845374451023,288.63081309058066
2017/18,2017,2017-11-29,Everton,West Ham,M Oliver,4,0,16,6,2,1,0,0,full,0,0,,0,-1,0.0416666666666666,-10,0,0,7,1488.5071016234428,1436.556007607798,51.95109401564491
2017/18,2017,2017-11-29,Man City,Southampton,P Tierney,2,1,12,11,1,1,0,0,full,0,0,,0,0,0.0075757575757575,-1,0,0,7,1712.3965229683806,1469.3501662594472,243.04635670893344
2017/18,2017,2017-11-29,Stoke,Liverpool,M Atkinson,0,3,8,10,1,5,0,0,full,0,0,,0,4,0.375,2,0,0,7,1451.067876290375,1626.0319831070835,-174.96410681670864
2017/18,2017,2017-12-02,Arsenal,Man United,A Marriner,1,3,11,10,3,2,0,1,full,0,0,,0,-1,-0.0727272727272727,-1,1,0,7,1645.5963773610508,1647.1437583806667,-1.547381019615841
2017/18,2017,2017-12-02,Brighton,Liverpool,G Scott,1,5,8,7,1,0,0,0,full,0,0,,0,-1,-0.125,-1,0,0,7,1386.2306905619778,1632.8387509411418,-246.60806037916404
2017/18,2017,2017-12-02,Chelsea,Newcastle,K Friend,3,1,8,13,0,1,0,0,full,0,0,,0,1,0.0769230769230769,5,0,0,7,1695.8849990752758,1361.6188604208023,334.2661386544735
2017/18,2017,2017-12-02,Everton,Huddersfield,C Kavanagh,2,0,12,9,2,1,0,0,full,0,0,,0,-1,-0.0555555555555555,-3,0,0,7,1495.391962479382,1373.3989716852277,121.99299079415437
2017/18,2017,2017-12-02,Leicester,Burnley,P Tierney,1,0,3,11,0,2,0,0,full,0,0,,0,2,0.1818181818181818,8,0,0,7,1507.138192532616,1459.275265736389,47.86292679622693
2017/18,2017,2017-12-02,Stoke,Swansea,C Pawson,2,1,12,10,2,0,0,0,full,0,0,,0,-2,-0.1666666666666666,-2,0,0,7,1444.2611084563166,1402.5148889055095,41.746219550807155
2017/18,2017,2017-12-02,Watford,Tottenham,M Atkinson,1,1,16,8,4,1,0,1,full,0,0,,0,-3,-0.125,-8,1,0,7,1440.3292659451229,1652.1488538462384,-211.81958790111548
2017/18,2017,2017-12-02,West Brom,Crystal Palace,M Oliver,0,0,11,10,3,1,0,0,full,0,0,,0,-2,-0.1727272727272727,-1,0,0,7,1415.9761266819164,1397.5326222874444,18.44350439447203
2017/18,2017,2017-12-03,Bournemouth,Southampton,J Moss,1,1,6,12,2,1,0,0,full,0,0,,0,-1,-0.25,6,0,0,7,1431.3014687232355,1466.375258049058,-35.07378932582242
2017/18,2017,2017-12-03,Man City,West Ham,M Dean,2,1,5,7,2,2,0,0,full,0,0,,0,0,-0.1142857142857143,2,0,0,7,1715.3714311787699,1429.6711467518587,285.70028442691114
2017/18,2017,2017-12-09,Burnley,Watford,L Probert,1,0,10,12,1,0,0,1,full,0,0,,0,-1,-0.1,2,1,0,7,1452.2837705287914,1444.4405790960136,7.843191432777758
2017/18,2017,2017-12-09,Crystal Palace,Bournemouth,K Friend,2,2,14,14,5,2,0,0,full,0,0,,0,-3,-0.2142857142857143,0,0,0,7,1399.7528100249813,1430.585263085499,-30.832453060517764
2017/18,2017,2017-12-09,Huddersfield,Brighton,S Attwell,2,0,6,10,0,0,0,0,full,0,0,,0,0,0.0,4,0,0,7,1368.2053849413205,1381.1385958398641,-12.93321089854362
2017/18,2017,2017-12-09,Newcastle,Leicester,N Swarbrick,2,3,10,9,2,1,0,0,full,0,0,,0,-1,-0.0888888888888889,-1,0,0,7,1359.7453803164435,1514.1296877402135,-154.38430742377
2017/18,2017,2017-12-09,Swansea,West Brom,M Dean,1,0,8,18,2,5,0,0,full,0,0,,0,3,0.0277777777777777,10,0,0,7,1395.3624395702798,1413.7559389443795,-18.393499374099747
2017/18,2017,2017-12-09,Tottenham,Stoke,R East,5,1,12,9,1,0,0,0,full,0,0,,0,-1,-0.0833333333333333,-3,0,0,7,1648.0375406953476,1451.4135577915463,196.62398290380133
2017/18,2017,2017-12-09,West Ham,Chelsea,A Taylor,1,0,10,10,6,1,0,0,full,0,0,,0,-5,-0.5,0,0,0,7,1427.2660323624418,1697.7584791796346,-270.4924468171928
2017/18,2017,2017-12-10,Liverpool,Everton,C Pawson,1,1,8,11,1,3,0,0,full,0,0,,0,2,0.1477272727272727,3,0,0,7,1637.9308456632555,1500.5855492232893,137.3452964399662
2017/18,2017,2017-12-10,Man United,Man City,M Oliver,1,2,16,10,4,2,0,0,full,0,0,,0,-2,-0.0499999999999999,-6,0,0,7,1658.8104643550073,1717.7765455681867,-58.96608121317945
2017/18,2017,2017-12-10,Southampton,Arsenal,R Madley,1,1,12,10,2,2,0,0,full,0,0,,0,0,0.0333333333333333,-2,0,0,7,1467.0914636867944,1633.9296713867102,-166.83820769991576
2017/18,2017,2017-12-12,Burnley,Stoke,M Jones,1,0,6,14,0,0,0,0,full,0,0,,0,0,0.0,8,0,0,7,1460.3555321879583,1447.6966838805115,12.65884830744676
2017/18,2017,2017-12-12,Crystal Palace,Watford,L Mason,2,1,14,18,2,1,0,1,full,0,0,,0,-1,-0.0873015873015873,4,1,0,7,1398.915267217069,1436.3688174368467,-37.45355021977775
2017/18,2017,2017-12-12,Huddersfield,Chelsea,A Marriner,1,3,11,4,0,0,0,0,full,0,0,,0,0,0.0,-7,0,0,7,1376.8589205122285,1682.3465156023203,-305.4875950900919
2017/18,2017,2017-12-13,Liverpool,West Brom,P Tierney,0,0,16,6,1,0,0,0,full,0,0,,0,-1,-0.0625,-10,0,0,7,1632.7919162119645,1404.9477784194753,227.84413779248916
2017/18,2017,2017-12-13,Man United,Bournemouth,G Scott,1,0,14,12,1,2,0,0,full,0,0,,0,1,0.0952380952380952,-2,0,0,7,1648.7807058680278,1431.4228058934114,217.35789997461643
2017/18,2017,2017-12-13,Newcastle,Everton,M Atkinson,0,1,10,11,1,2,1,0,full,0,0,,0,1,0.0818181818181818,1,-1,0,7,1352.3970670622732,1505.7244786745803,-153.32741161230706
2017/18,2017,2017-12-13,Southampton,Leicester,C Kavanagh,1,4,13,9,1,0,0,0,full,0,0,,0,-1,-0.0769230769230769,-4,0,0,7,1470.0731204601877,1521.4780009943838,-51.40488053419608
2017/18,2017,2017-12-13,Swansea,Man City,A Taylor,0,4,12,6,0,0,0,0,full,0,0,,0,0,0.0,-6,0,0,7,1404.170600095184,1727.8063040551663,-323.63570395998227
2017/18,2017,2017-12-13,Tottenham,Brighton,R Madley,2,0,5,10,1,1,0,0,full,0,0,,0,0,-0.1,5,0,0,7,1651.7544146063824,1372.4850602689562,279.2693543374262
2017/18,2017,2017-12-13,West Ham,Arsenal,J Moss,0,0,9,9,1,0,0,0,full,0,0,,0,-1,-0.1111111111111111,0,0,0,7,1442.677995939756,1630.948014613317,-188.2700186735608
2017/18,2017,2017-12-16,Arsenal,Newcastle,S Attwell,1,0,13,9,2,1,0,0,full,0,0,,0,-1,-0.0427350427350427,-4,0,0,7,1627.4151775834182,1345.0204501160272,282.394727467391
2017/18,2017,2017-12-16,Brighton,Burnley,C Kavanagh,0,0,13,13,4,2,0,0,full,0,0,,0,-2,-0.1538461538461538,0,0,0,7,1370.000509404179,1468.2942058252677,-98.29369642108873
2017/18,2017,2017-12-16,Chelsea,Southampton,R East,1,0,8,16,1,3,0,0,full,0,0,,0,2,0.0625,8,0,0,7,1686.2613003621516,1459.8257834908834,226.4355168712682
2017/18,2017,2017-12-16,Leicester,Crystal Palace,M Atkinson,0,3,12,13,2,2,1,0,full,0,0,,0,0,-0.0128205128205128,1,-1,0,7,1531.7253379636882,1408.2672376368737,123.45810032681447
2017/18,2017,2017-12-16,Man City,Tottenham,C Pawson,4,1,13,20,2,4,0,0,full,0,0,,0,2,0.0461538461538461,7,0,0,7,1731.4025812698621,1654.2389654711596,77.1636157987025
2017/18,2017,2017-12-16,Stoke,West Ham,G Scott,0,3,12,13,2,1,0,0,full,0,0,,0,-1,-0.0897435897435897,1,0,0,7,1439.758010243202,1446.2108329696548,-6.452822726452723
2017/18,2017,2017-12-16,Watford,Huddersfield,M Oliver,1,4,12,17,2,1,1,1,full,0,0,,0,-1,-0.1078431372549019,5,0,0,7,1427.016847017042,1372.9441357523972,54.072711264644795
2017/18,2017,2017-12-17,Bournemouth,Liverpool,A Marriner,0,4,5,10,1,1,0,0,full,0,0,,0,0,-0.1,5,0,0,7,1428.0536600886494,1625.9953153705865,-197.94165528193707
2017/18,2017,2017-12-17,West Brom,Man United,A Taylor,1,2,14,7,1,3,0,0,full,0,0,,0,2,0.3571428571428571,-7,0,0,7,1411.7443792608533,1652.1498516727897,-240.40547241193644
2017/18,2017,2017-12-18,Everton,Swansea,J Moss,3,1,12,12,2,3,0,0,full,0,0,,0,1,0.0833333333333333,0,0,0,7,1513.1010956208263,1400.5743228804881,112.52677274033817
2017/18,2017,2017-12-22,Arsenal,Liverpool,M Atkinson,3,3,9,11,1,0,0,0,full,0,0,,0,-1,-0.1111111111111111,2,0,0,7,1629.860845524061,1632.2212840145337,-2.3604384904726885
2017/18,2017,2017-12-23,Brighton,Watford,P Tierney,1,0,8,11,0,0,0,0,full,0,0,,0,0,0.0,3,0,0,7,1371.0982490556273,1413.8466740015817,-42.74842494595441
2017/18,2017,2017-12-23,Burnley,Tottenham,M Oliver,0,3,10,10,1,2,0,0,full,0,0,,0,1,0.1,0,0,0,7,1467.1964661738193,1647.9937764544302,-180.79731028061087
2017/18,2017,2017-12-23,Everton,Chelsea,R Madley,0,0,8,4,3,0,0,0,full,0,0,,0,-3,-0.375,-4,0,0,7,1518.5069263917892,1689.486574532267,-170.97964814047782
2017/18,2017,2017-12-23,Leicester,Man United,J Moss,2,2,19,8,2,2,1,0,full,0,0,,0,0,0.1447368421052631,-11,-1,0,7,1516.8865630220462,1657.3786522678606,-140.49208924581444
2017/18,2017,2017-12-23,Man City,Bournemouth,M Jones,4,0,8,7,0,1,0,0,full,0,0,,0,1,0.1428571428571428,-1,0,0,7,1737.6477702865916,1421.8276914447022,315.8200788418894
2017/18,2017,2017-12-23,Southampton,Huddersfield,L Probert,1,1,16,9,2,1,0,0,full,0,0,,0,-1,-0.0138888888888888,-7,0,0,7,1456.600509320768,1386.1143087678574,70.48620055291053
2017/18,2017,2017-12-23,Stoke,West Brom,N Swarbrick,3,1,9,11,1,0,0,0,full,0,0,,0,-1,-0.1111111111111111,2,0,0,7,1428.2288867222783,1406.5155786657824,21.713308056495862
2017/18,2017,2017-12-23,Swansea,Crystal Palace,C Pawson,1,1,13,11,2,3,0,0,full,0,0,,0,1,0.1188811188811188,-2,0,0,7,1395.1684921095252,1423.1060125785157,-27.937520468990442
2017/18,2017,2017-12-23,West Ham,Newcastle,L Mason,2,3,9,12,1,1,0,0,full,0,0,,0,0,-0.0277777777777777,3,0,0,7,1457.7399564905786,1342.5747821753844,115.16517431519424
2017/18,2017,2017-12-26,Bournemouth,West Ham,S Attwell,3,3,12,14,3,4,0,0,full,0,0,,0,1,0.0357142857142857,2,0,0,7,1419.7659675372918,1443.0860854398554,-23.320117902563652
2017/18,2017,2017-12-26,Chelsea,Brighton,M Dean,2,0,8,8,0,1,0,0,full,0,0,,0,1,0.125,0,0,0,7,1686.3967044830863,1380.602116486192,305.7945879968943
2017/18,2017,2017-12-26,Huddersfield,Stoke,A Taylor,1,1,9,12,2,4,0,0,full,0,0,,0,2,0.1111111111111111,3,0,0,7,1389.702845170738,1435.9194146890727,-46.21656951833461
2017/18,2017,2017-12-26,Liverpool,Swansea,K Friend,5,0,5,8,0,1,0,0,full,0,0,,0,1,0.125,3,0,0,7,1633.8652295550514,1394.2482705471577,239.61695900789368
2017/18,2017,2017-12-26,Man United,Burnley,M Atkinson,2,2,10,14,3,7,0,0,full,0,0,,0,4,0.2,4,0,0,7,1655.1024818782244,1460.539653790278,194.5628280879464
2017/18,2017,2017-12-26,Tottenham,Southampton,G Scott,5,2,8,15,0,2,0,0,full,0,0,,0,2,0.1333333333333333,7,0,0,7,1654.6505888379716,1453.0119729178873,201.63861592008425
2017/18,2017,2017-12-26,Watford,Leicester,C Kavanagh,2,1,7,13,3,3,0,0,full,0,0,,0,0,-0.1978021978021977,6,0,0,7,1404.342806571017,1519.1627334116824,-114.8199268406654
2017/18,2017,2017-12-26,West Brom,Everton,R East,0,0,14,13,2,0,0,0,full,0,0,,0,-2,-0.1428571428571428,-1,0,0,7,1398.825050698988,1521.59679644097,-122.77174574198193
2017/18,2017,2017-12-27,Newcastle,Man City,A Marriner,0,1,11,6,1,0,0,0,full,0,0,,0,-1,-0.0909090909090909,-5,0,0,7,1357.2286532261076,1739.709494194002,-382.48084096789444
2017/18,2017,2017-12-28,Crystal Palace,Arsenal,M Oliver,2,3,12,7,0,1,0,0,full,0,0,,0,1,0.1428571428571428,-5,0,0,7,1424.0262341408832,1628.2168999835433,-204.1906658426601
2017/18,2017,2017-12-30,Bournemouth,Everton,L Probert,2,1,8,13,0,0,0,0,full,0,0,,0,0,0.0,5,0,0,7,1418.7141405470181,1519.809485448886,-101.09534490186797
2017/18,2017,2017-12-30,Chelsea,Stoke,K Friend,5,0,5,10,1,1,0,0,full,0,0,,0,0,-0.1,5,0,0,7,1688.5676184406345,1436.3159257127757,252.25169272785888
2017/18,2017,2017-12-30,Huddersfield,Burnley,P Tierney,0,0,14,14,2,1,0,0,full,0,0,,0,-1,-0.0714285714285714,0,0,0,7,1389.3063341470352,1466.7867412177832,-77.48040707074802
2017/18,2017,2017-12-30,Liverpool,Leicester,N Swarbrick,2,1,7,3,3,2,0,0,full,0,0,,0,-1,0.238095238095238,-4,0,0,7,1636.8904778977674,1507.5978539545772,129.29262394319016
2017/18,2017,2017-12-30,Man United,Southampton,C Pawson,0,0,12,13,2,4,0,0,full,0,0,,0,2,0.141025641025641,1,0,0,7,1648.8553944507191,1449.3816615269338,199.4737329237853
2017/18,2017,2017-12-30,Newcastle,Brighton,A Taylor,0,0,11,10,2,2,0,0,full,0,0,,0,0,0.0181818181818181,-1,0,0,7,1354.5260696215128,1378.4312025286438,-23.90513290713102
2017/18,2017,2017-12-30,Watford,Swansea,M Atkinson,1,2,14,13,4,2,0,0,full,0,0,,0,-2,-0.1318681318681318,-1,0,0,7,1415.9076860281223,1391.2230222044418,24.684663823680467
2017/18,2017,2017-12-31,Crystal Palace,Man City,J Moss,0,0,14,11,5,4,0,0,full,0,0,,0,-1,0.0064935064935064,-3,0,0,7,1417.9534519674103,1742.4120777985968,-324.4586258311865
2017/18,2017,2017-12-31,West Brom,Arsenal,M Dean,1,1,14,9,3,3,0,0,full,0,0,,0,0,0.119047619047619,-5,0,0,7,1400.6123616910718,1634.2896821570162,-233.67732046594438
2017/18,2017,2018-01-01,Brighton,Bournemouth,M Oliver,2,2,13,9,2,1,0,0,full,0,0,,0,-1,-0.0427350427350427,-4,0,0,7,1379.4663747860966,1429.8914742293482,-50.42509944325161
2017/18,2017,2018-01-01,Burnley,Liverpool,R East,1,2,4,12,0,0,0,0,full,0,0,,0,0,0.0,8,0,0,7,1466.2840387611516,1641.9241393690274,-175.64010060787587
2017/18,2017,2018-01-01,Everton,Man United,A Marriner,0,2,11,10,2,0,0,0,full,0,0,,0,-2,-0.1818181818181818,-1,0,0,7,1508.632151766556,1642.522882120624,-133.89073035406795
2017/18,2017,2018-01-01,Leicester,Huddersfield,G Scott,3,0,7,9,1,1,0,0,full,0,0,,0,0,-0.0317460317460317,2,0,0,7,1502.5641924833171,1389.8090366036668,112.75515587965037
2017/18,2017,2018-01-01,Stoke,Newcastle,C Kavanagh,0,1,10,11,3,1,0,0,full,0,0,,0,-2,-0.209090909090909,1,0,0,7,1433.4727276988074,1353.49089736406,79.98183033474743
2017/18,2017,2018-01-02,Man City,Watford,L Mason,3,1,8,12,1,1,0,0,full,0,0,,0,0,-0.0416666666666666,4,0,0,7,1735.9944035147814,1403.517414539549,332.4769889752324
2017/18,2017,2018-01-02,Southampton,Crystal Palace,S Attwell,1,2,8,11,0,1,0,0,full,0,0,,0,1,0.0909090909090909,3,0,0,7,1455.714173857029,1424.3711262512256,31.34304760580335
2017/18,2017,2018-01-02,Swansea,Tottenham,R Madley,0,2,12,9,2,2,0,0,full,0,0,,0,0,0.0555555555555555,-3,0,0,7,1403.613293693015,1658.280900228925,-254.66760653590995
2017/18,2017,2018-01-02,West Ham,West Brom,M Jones,2,1,12,12,3,2,0,0,full,0,0,,0,-1,-0.0833333333333333,0,0,0,7,1444.137912430129,1405.2326170921679,38.905295337961206
2017/18,2017,2018-01-03,Arsenal,Chelsea,A Taylor,2,2,11,11,3,2,0,0,full,0,0,,0,-1,-0.0909090909090908,0,0,0,7,1629.66942675592,1691.4108164546028,-61.741389698682724
2017/18,2017,2018-01-04,Tottenham,West Ham,M Dean,1,1,10,6,0,2,0,0,full,0,0,,0,2,0.3333333333333333,-4,0,0,7,1663.1989121476174,1451.3656735893721,211.83323855824528
2017/18,2017,2018-01-13,Chelsea,Leicester,M Jones,0,0,14,13,2,2,0,1,full,0,0,,0,0,0.010989010989011,-1,1,0,7,1691.3606956497872,1507.9648388320109,183.39585681777635
2017/18,2017,2018-01-13,Crystal Palace,Burnley,M Oliver,1,0,16,10,0,3,0,0,full,0,0,,0,3,0.3,-6,0,0,7,1436.9412461960176,1459.4947327774485,-22.55348658143089
2017/18,2017,2018-01-13,Huddersfield,West Ham,J Moss,1,4,7,9,1,1,0,0,full,0,0,,0,0,-0.0317460317460317,2,0,0,7,1384.408390254973,1457.9064884650215,-73.49809821004851
2017/18,2017,2018-01-13,Newcastle,Swansea,G Scott,1,1,11,10,0,3,0,0,full,0,0,,0,3,0.3,-1,0,0,7,1367.31517394039,1398.6952817743227,-31.380107833932698
2017/18,2017,2018-01-13,Tottenham,Everton,C Pawson,4,0,11,15,0,2,0,0,full,0,0,,0,2,0.1333333333333333,4,0,0,7,1656.658097271968,1500.7274030411347,155.9306942308333
2017/18,2017,2018-01-13,Watford,Southampton,R East,2,2,11,13,0,5,0,0,full,0,0,,0,5,0.3846153846153846,2,0,0,7,1401.6263732712343,1443.144053912237,-41.5176806410027
2017/18,2017,2018-01-13,West Brom,Brighton,M Atkinson,2,0,8,15,0,0,0,0,full,0,0,,0,0,0.0,7,0,0,7,1398.0048559329248,1379.1908567421815,18.81399919074329
2017/18,2017,2018-01-14,Bournemouth,Arsenal,K Friend,2,1,8,10,2,2,0,0,full,0,0,,0,0,-0.0499999999999999,2,0,0,7,1430.1669922732633,1629.7195475607357,-199.5525552874724
2017/18,2017,2018-01-14,Liverpool,Man City,A Marriner,4,3,10,7,2,3,0,0,full,0,0,,0,1,0.2285714285714285,-3,0,0,7,1648.7134453527306,1737.885444783096,-89.17199943036553
2017/18,2017,2018-01-15,Man United,Stoke,A Taylor,3,0,14,10,2,1,0,0,full,0,0,,0,-1,-0.0428571428571428,-4,0,0,7,1650.4276308460453,1419.6484511224774,230.77917972356795
2017/18,2017,2018-01-20,Arsenal,Crystal Palace,C Kavanagh,4,1,6,8,0,0,0,0,full,0,0,,0,0,0.0,2,0,0,7,1615.9058244873156,1445.8676029999333,170.03822148738232
2017/18,2017,2018-01-20,Brighton,Chelsea,J Moss,0,4,12,5,3,0,0,0,full,0,0,,0,-3,-0.25,-7,0,0,7,1371.4211801350991,1685.3135305751096,-313.89235044001043
2017/18,2017,2018-01-20,Burnley,Man United,M Dean,0,1,7,12,3,3,0,0,full,0,0,,0,0,-0.1785714285714285,5,0,0,7,1450.5683759735327,1653.5858365239283,-203.01746055039553
2017/18,2017,2018-01-20,Everton,West Brom,S Attwell,1,1,15,10,2,1,0,0,full,0,0,,0,-1,-0.0333333333333333,-5,0,0,7,1496.2491081134315,1405.7745325400072,90.47457557342432
2017/18,2017,2018-01-20,Leicester,Watford,L Probert,2,0,11,10,0,0,0,0,full,0,0,,0,0,0.0,-1,0,0,7,1514.0120039066885,1401.0949105846482,112.91709332204027
2017/18,2017,2018-01-20,Man City,Newcastle,P Tierney,3,1,5,10,0,1,0,0,full,0,0,,0,1,0.1,5,0,0,7,1727.047774721296,1366.4932853852865,360.5544893360095
2017/18,2017,2018-01-20,Stoke,Huddersfield,M Oliver,2,0,18,13,1,1,0,0,full,0,0,,0,0,0.0213675213675213,-5,0,0,7,1416.4902454445944,1374.7967014023727,41.693544042221674
2017/18,2017,2018-01-20,West Ham,Bournemouth,M Atkinson,1,1,8,7,3,1,0,0,full,0,0,,0,-2,-0.2321428571428571,-1,0,0,7,1467.5181773176218,1443.9807153466834,23.537461970938466
2017/18,2017,2018-01-21,Southampton,Tottenham,K Friend,1,1,8,15,2,3,0,0,full,0,0,,0,1,-0.0499999999999999,7,0,0,7,1443.6755165988232,1661.1363921996713,-217.4608756008481
2017/18,2017,2018-01-22,Swansea,Liverpool,N Swarbrick,1,0,5,9,0,2,0,0,full,0,0,,0,2,0.2222222222222222,4,0,0,7,1399.517170329426,1659.5511154145306,-260.0339450851045
2017/18,2017,2018-01-30,Huddersfield,Liverpool,K Friend,0,3,8,8,0,0,0,0,full,0,0,,0,0,0.0,0,0,0,7,1367.642858819507,1644.3554635713372,-276.7126047518302
2017/18,2017,2018-01-30,Swansea,Arsenal,L Mason,3,1,4,8,0,3,0,0,full,0,0,,0,3,0.375,4,0,0,7,1414.7128221726196,1620.1082105129062,-205.39538834028667
2017/18,2017,2018-01-30,West Ham,Crystal Palace,N Swarbrick,1,1,11,15,1,3,0,0,full,0,0,,0,2,0.1090909090909091,4,0,0,7,1465.1590629161296,1441.6652169743427,23.493845941786958
2017/18,2017,2018-01-31,Chelsea,Bournemouth,L Probert,0,3,5,12,1,0,0,0,full,0,0,,0,-1,-0.2,7,0,0,7,1689.0782240162357,1446.3398297481756,242.73839426806012
2017/18,2017,2018-01-31,Everton,Leicester,C Kavanagh,2,1,9,10,0,2,0,0,full,0,0,,0,2,0.2,1,0,0,7,1492.1700151048722,1519.408976085581,-27.238960980708725
2017/18,2017,2018-01-31,Man City,West Brom,R Madley,3,0,10,10,1,3,0,0,full,0,0,,0,2,0.1999999999999999,0,0,0,7,1728.6796211260378,1409.8536255485665,318.8259955774713
2017/18,2017,2018-01-31,Newcastle,Burnley,S Hooper,1,1,15,15,1,2,0,0,full,0,0,,0,1,0.0666666666666666,0,0,0,7,1364.8614389805448,1444.4669964069578,-79.60555742641304
2017/18,2017,2018-01-31,Southampton,Brighton,M Dean,1,1,8,10,3,1,0,0,full,0,0,,0,-2,-0.275,2,0,0,7,1447.920847531738,1367.656486693973,80.26436083776503
2017/18,2017,2018-01-31,Stoke,Watford,J Moss,0,0,12,12,4,3,0,0,full,0,0,,0,-1,-0.0833333333333333,0,0,0,7,1423.6440880274602,1395.6979384057558,27.946149621704308
2017/18,2017,2018-01-31,Tottenham,Man United,A Marriner,2,0,10,13,2,2,0,0,full,0,0,,0,0,-0.0461538461538461,3,0,0,7,1656.8910612667564,1659.6872160905032,-2.796154823746747
2017/18,2017,2018-02-03,Arsenal,Everton,N Swarbrick,5,1,8,8,2,0,0,0,full,0,0,,0,-2,-0.25,0,0,0,7,1606.151705877219,1501.2298613594382,104.92184451778076
2017/18,2017,2018-02-03,Bournemouth,Stoke,P Tierney,2,1,14,19,2,3,0,0,full,0,0,,0,1,0.0150375939849624,5,0,0,7,1463.3604293604683,1421.1655075193698,42.19492184109845
2017/18,2017,2018-02-03,Brighton,West Ham,R East,3,1,11,7,3,1,0,0,full,0,0,,0,-2,-0.1298701298701298,-4,0,0,7,1371.4877036968523,1462.8011340533378,-91.31343035648547
2017/18,2017,2018-02-03,Burnley,Man City,M Atkinson,1,1,9,6,4,1,0,0,full,0,0,,0,-3,-0.2777777777777778,-3,0,0,7,1443.9033012956254,1730.7095667401825,-286.8062654445571
2017/18,2017,2018-02-03,Leicester,Swansea,A Taylor,1,1,9,8,1,0,0,0,full,0,0,,0,-1,-0.1111111111111111,-1,0,0,7,1510.3491298310148,1428.6693268083068,81.67980302270803
2017/18,2017,2018-02-03,Man United,Huddersfield,S Attwell,2,0,5,19,2,4,0,0,full,0,0,,0,2,-0.1894736842105263,14,0,0,7,1651.3189571227092,1363.1801879840748,288.1387691386344
2017/18,2017,2018-02-03,West Brom,Southampton,M Oliver,2,3,12,10,2,1,0,0,full,0,0,,0,-1,-0.0666666666666666,-2,0,0,7,1407.8236799344218,1444.0896305288586,-36.265950594436845
2017/18,2017,2018-02-04,Crystal Palace,Newcastle,A Marriner,1,1,11,8,1,1,0,0,full,0,0,,0,0,0.034090909090909,-3,0,0,7,1444.0231458371345,1365.4251340918772,78.59801174525728
2017/18,2017,2018-02-04,Liverpool,Tottenham,J Moss,2,2,15,9,3,1,0,0,full,0,0,,0,-2,-0.0888888888888889,-6,0,0,7,1648.8181344067693,1665.2593202345504,-16.441185827781055
2017/18,2017,2018-02-05,Watford,Chelsea,M Dean,4,1,11,8,2,2,0,1,full,0,0,,0,0,0.0681818181818181,-3,1,0,7,1398.1765189138462,1672.057624403943,-273.88110549009684
2017/18,2017,2018-02-10,Everton,Crystal Palace,J Moss,3,1,14,15,1,1,0,0,full,0,0,,0,0,-0.0047619047619047,1,0,0,7,1495.6496163294948,1440.2329253544685,55.41669097502631
2017/18,2017,2018-02-10,Man City,Leicester,M Jones,5,1,10,12,2,3,0,0,full,0,0,,0,1,0.0499999999999999,2,0,0,7,1724.9740417473486,1506.48320735287,218.4908343944785
2017/18,2017,2018-02-10,Stoke,Brighton,R Madley,1,1,6,10,0,0,0,0,full,0,0,,0,0,0.0,4,0,0,7,1414.0249213114844,1382.3865442485894,31.63837706289496
2017/18,2017,2018-02-10,Swansea,Burnley,A Marriner,1,0,10,9,2,1,0,0,full,0,0,,0,-1,-0.0888888888888889,-1,0,0,7,1432.5352492864515,1449.6388262884593,-17.103577002007796
2017/18,2017,2018-02-10,Tottenham,Arsenal,A Taylor,1,0,13,9,2,1,0,0,full,0,0,,0,-1,-0.0427350427350427,-4,0,0,7,1666.506515956401,1611.7319509071624,54.77456504923862
2017/18,2017,2018-02-10,West Ham,Watford,G Scott,2,0,11,7,1,1,0,0,full,0,0,,0,0,0.0519480519480519,-4,0,0,7,1451.9022935016008,1413.6570847280939,38.245208773506874
2017/18,2017,2018-02-11,Huddersfield,Bournemouth,M Oliver,4,1,12,12,0,3,0,0,full,0,0,,0,3,0.25,0,0,0,7,1360.8046164165783,1470.5010155683538,-109.6963991517755
2017/18,2017,2018-02-11,Newcastle,Man United,C Pawson,1,0,12,15,0,2,0,0,full,0,0,,0,2,0.1333333333333333,3,0,0,7,1369.2153545745432,1653.6945286902057,-284.47917411566254
2017/18,2017,2018-02-11,Southampton,Liverpool,M Atkinson,0,2,5,8,1,2,0,0,full,0,0,,0,1,0.0499999999999999,3,0,0,7,1454.7716907592342,1647.5709386849187,-192.79924792568454
2017/18,2017,2018-02-12,Chelsea,West Brom,L Mason,3,0,11,11,0,2,0,0,full,0,0,,0,2,0.1818181818181818,0,0,0,7,1656.5770585896953,1397.1416197040462,259.4354388856491
2017/18,2017,2018-02-24,Bournemouth,Newcastle,R East,2,2,12,10,1,4,0,0,full,0,0,,0,3,0.3166666666666667,-2,0,0,7,1459.0803141161457,1384.905761444783,74.17455267136279
2017/18,2017,2018-02-24,Brighton,Swansea,M Dean,4,1,17,6,1,0,0,0,full,0,0,,0,-1,-0.0588235294117647,-11,0,0,7,1384.9646012361413,1441.3068265983695,-56.34222536222819
2017/18,2017,2018-02-24,Burnley,Southampton,R Madley,1,1,8,14,1,0,0,0,full,0,0,,0,-1,-0.125,6,0,0,7,1440.8672489765413,1448.4180896858345,-7.5508407092931975
2017/18,2017,2018-02-24,Leicester,Stoke,M Oliver,1,1,10,16,1,3,0,0,full,0,0,,0,2,0.0875,6,0,0,7,1503.1322931686266,1411.4468643239325,91.68542884469412
2017/18,2017,2018-02-24,Liverpool,West Ham,S Attwell,4,1,7,7,0,2,0,0,full,0,0,,0,2,0.2857142857142857,0,0,0,7,1653.9245397583184,1459.1476025828765,194.77693717544184
2017/18,2017,2018-02-24,Watford,Everton,A Taylor,1,0,10,9,3,1,0,0,full,0,0,,0,-2,-0.1888888888888888,-1,0,0,7,1406.4117756468181,1502.4446908839568,-96.0329152371387
2017/18,2017,2018-02-24,West Brom,Huddersfield,J Moss,1,2,11,9,1,1,0,0,full,0,0,,0,0,0.0202020202020201,-2,0,0,7,1394.3977972638265,1372.2253178687863,22.172479395040227
2017/18,2017,2018-02-25,Crystal Palace,Tottenham,K Friend,0,1,12,5,0,1,0,0,full,0,0,,0,1,0.2,-7,0,0,7,1433.4378508000066,1673.3181838165274,-239.8803330165208
2017/18,2017,2018-02-25,Man United,Chelsea,M Atkinson,2,1,13,12,2,2,0,0,full,0,0,,0,0,0.0128205128205128,-1,0,0,7,1638.004121819966,1659.320881029915,-21.31675920994894
2017/18,2017,2018-03-01,Arsenal,Man City,A Marriner,0,3,11,11,1,1,0,0,full,0,0,,0,0,0.0,0,0,0,7,1604.920283047036,1728.324955931592,-123.40467288455602
2017/18,2017,2018-03-03,Burnley,Everton,C Kavanagh,2,1,9,12,1,1,0,1,full,0,0,,0,0,-0.0277777777777777,3,1,0,7,1439.3690048145393,1491.4112826692285,-52.042277854689246
2017/18,2017,2018-03-03,Leicester,Bournemouth,L Probert,1,1,11,7,2,1,0,0,full,0,0,,0,-1,-0.0389610389610389,-4,0,0,7,1499.0241892453196,1455.3996436217312,43.62454562358835
2017/18,2017,2018-03-03,Liverpool,Newcastle,G Scott,2,0,7,9,0,0,0,0,full,0,0,,0,0,0.0,2,0,0,7,1657.673696227325,1388.5864319391974,269.0872642881277
2017/18,2017,2018-03-03,Southampton,Stoke,A Taylor,0,0,8,13,0,1,0,0,full,0,0,,0,1,0.0769230769230769,5,0,0,7,1449.9163338478365,1415.5549682472395,34.36136560059708
2017/18,2017,2018-03-03,Swansea,West Ham,M Atkinson,4,1,9,14,0,3,0,0,full,0,0,,0,3,0.2142857142857142,5,0,0,7,1431.412101925857,1455.3984461138698,-23.98634418801271
2017/18,2017,2018-03-03,Tottenham,Huddersfield,K Friend,2,0,6,8,1,1,0,0,full,0,0,,0,0,-0.0416666666666666,2,0,0,7,1678.5586667859193,1384.5472971933568,294.01136959256246
2017/18,2017,2018-03-03,Watford,West Brom,P Tierney,1,0,11,12,2,0,0,0,full,0,0,,0,-2,-0.1818181818181818,1,0,0,7,1417.4451838615464,1382.075817939256,35.3693659222904
2017/18,2017,2018-03-04,Brighton,Arsenal,S Attwell,2,1,13,12,3,3,0,0,full,0,0,,0,0,0.0192307692307692,-1,0,0,7,1394.8593259086538,1596.7252234451273,-201.86589753647354
2017/18,2017,2018-03-04,Man City,Chelsea,M Oliver,1,0,8,9,2,1,0,0,full,0,0,,0,-1,-0.1388888888888889,1,0,0,7,1736.5200155335008,1650.4296961936943,86.09031933980646
2017/18,2017,2018-03-05,Crystal Palace,Man United,N Swarbrick,2,3,10,8,1,3,0,0,full,0,0,,0,2,0.275,-2,0,0,7,1428.1973678306147,1646.8953066561867,-218.697938825572
2017/18,2017,2018-03-10,Chelsea,Crystal Palace,A Taylor,2,1,8,9,1,2,0,0,full,0,0,,0,1,0.0972222222222222,1,0,0,7,1644.403058133207,1422.4718430005357,221.93121513267124
2017/18,2017,2018-03-10,Everton,Brighton,R East,2,0,10,14,0,1,0,1,full,0,0,,0,1,0.0714285714285714,4,1,0,7,1481.6402842806444,1408.7298031661076,72.91048111453688
2017/18,2017,2018-03-10,Huddersfield,Swansea,M Oliver,0,0,9,9,2,3,0,1,full,0,0,,0,1,0.1111111111111111,0,1,0,7,1382.2415870348993,1440.3792421252062,-58.13765509030691
2017/18,2017,2018-03-10,Man United,Liverpool,C Pawson,2,1,10,16,2,1,0,0,full,0,0,,0,-1,-0.1375,6,0,0,7,1652.6208314862656,1660.2886168869416,-7.667785400675939
2017/18,2017,2018-03-10,Newcastle,Southampton,A Marriner,3,0,10,10,0,2,0,0,full,0,0,,0,2,0.2,0,0,0,7,1385.971511279581,1447.2652610015716,-61.29374972199071
2017/18,2017,2018-03-10,West Brom,Leicester,R Madley,1,4,6,7,1,3,0,0,full,0,0,,0,2,0.2619047619047618,1,0,0,7,1374.7538435022452,1496.1270365416374,-121.37319303939216
2017/18,2017,2018-03-10,West Ham,Burnley,L Mason,0,3,13,7,2,2,0,0,full,0,0,,0,0,0.1318681318681318,-6,0,0,7,1446.4313059145206,1449.1400032031233,-2.708697288602707
2017/18,2017,2018-03-11,Arsenal,Watford,M Atkinson,3,0,12,9,2,1,0,0,full,0,0,,0,-1,-0.0555555555555555,-3,0,0,7,1582.8547461876735,1424.7671582985572,158.08758788911632
2017/18,2017,2018-03-11,Bournemouth,Tottenham,M Dean,1,4,10,7,1,1,0,0,full,0,0,,0,0,0.0428571428571428,-3,0,0,7,1458.2967963254134,1680.8643769443768,-222.56758061896335
2017/18,2017,2018-03-12,Stoke,Man City,J Moss,0,2,6,8,1,0,0,0,full,0,0,,0,-1,-0.1666666666666666,2,0,0,7,1418.2060410935044,1742.5466535939881,-324.34061250048376
2017/18,2017,2018-03-17,Bournemouth,West Brom,G Scott,2,1,6,9,1,2,0,0,full,0,0,,0,1,0.0555555555555555,3,0,0,7,1452.6618638121286,1366.5021589596706,86.15970485245793
2017/18,2017,2018-03-17,Huddersfield,Crystal Palace,M Dean,0,2,11,12,3,2,0,0,full,0,0,,0,-1,-0.106060606060606,1,0,0,7,1382.1879849529319,1419.1758097831848,-36.987824830252976
2017/18,2017,2018-03-17,Liverpool,Watford,A Taylor,5,0,5,4,1,0,0,0,full,0,0,,0,-1,-0.2,-1,0,0,7,1651.7835705007624,1420.3318679620222,231.45170253874016
2017/18,2017,2018-03-17,Stoke,Everton,M Atkinson,1,2,13,12,1,1,1,0,full,0,0,,0,0,0.0064102564102564,-1,-1,0,7,1414.6217172270758,1487.991109814728,-73.3693925876521
2017/18,2017,2018-03-31,Brighton,Leicester,C Kavanagh,0,2,11,13,2,4,0,1,full,0,0,,0,2,0.1258741258741259,2,1,0,7,1402.378977632024,1504.378721084212,-101.99974345218789
2017/18,2017,2018-03-31,Crystal Palace,Liverpool,N Swarbrick,1,2,6,8,2,2,0,0,full,0,0,,0,0,-0.0833333333333333,2,0,0,7,1429.8371865583904,1654.931493975636,-225.09430741724555
2017/18,2017,2018-03-31,Everton,Man City,P Tierney,1,3,10,8,0,0,0,0,full,0,0,,0,0,0.0,-2,0,0,7,1497.6064975801926,1746.1309774604167,-248.52447988022413
2017/18,2017,2018-03-31,Man United,Swansea,R Madley,2,0,5,13,0,0,0,0,full,0,0,,0,0,0.0,8,0,0,7,1661.1258778724448,1440.4328442071737,220.69303366527106
2017/18,2017,2018-03-31,Newcastle,Huddersfield,M Atkinson,1,0,9,10,1,4,0,0,full,0,0,,0,3,0.2888888888888889,1,0,0,7,1396.0087482177707,1371.5266081777263,24.48214004004444
2017/18,2017,2018-03-31,Watford,Bournemouth,A Marriner,2,2,16,6,4,0,0,0,full,0,0,,0,-4,-0.25,-10,0,0,7,1417.1839444871487,1458.6868202208977,-41.50287573374908
2017/18,2017,2018-03-31,West Brom,Burnley,L Probert,1,2,12,9,1,3,0,0,full,0,0,,0,2,0.25,-3,0,0,7,1360.4772025509014,1460.7741943416113,-100.29699179070985
2017/18,2017,2018-03-31,West Ham,Southampton,J Moss,3,0,9,16,0,3,0,0,full,0,0,,0,3,0.1875,7,0,0,7,1434.7971147760327,1437.2280240633818,-2.4309092873490954
2017/18,2017,2018-04-01,Arsenal,Stoke,C Pawson,3,0,9,13,1,2,0,0,full,0,0,,0,1,0.0427350427350427,4,0,0,7,1587.2900365242085,1405.0063294616111,182.2837070625974
2017/18,2017,2018-04-01,Chelsea,Tottenham,A Marriner,1,3,4,11,0,1,0,0,full,0,0,,0,1,0.0909090909090909,7,0,0,7,1647.6990913505579,1686.4993094576616,-38.800218107103774
2017/18,2017,2018-04-07,Bournemouth,Crystal Palace,J Moss,2,2,8,9,2,2,0,0,full,0,0,,0,0,-0.0277777777777777,1,0,0,7,1459.2187078224201,1424.2609348770982,34.95777294532195
2017/18,2017,2018-04-07,Brighton,Huddersfield,A Taylor,1,1,13,7,1,0,1,0,full,0,0,,0,-1,-0.0769230769230769,-6,-1,0,7,1393.5819732594848,1363.9113828378224,29.670590421662382
2017/18,2017,2018-04-07,Everton,Liverpool,M Oliver,0,0,12,7,0,0,0,0,full,0,0,,0,0,0.0,-5,0,0,7,1492.5561619337302,1660.5077456569281,-167.95158372319793
2017/18,2017,2018-04-07,Leicester,Newcastle,S Attwell,1,2,7,14,1,3,0,0,full,0,0,,0,2,0.0714285714285714,7,0,0,7,1513.1757254567513,1403.6239735576746,109.55175189907663
2017/18,2017,2018-04-07,Man City,Man United,M Atkinson,2,3,17,9,6,3,0,0,full,0,0,,0,-3,-0.0196078431372549,-8,0,0,7,1751.181313106879,1664.4415789986967,86.73973410818235
2017/18,2017,2018-04-07,Stoke,Tottenham,G Scott,1,2,19,8,4,3,0,0,full,0,0,,0,-1,0.1644736842105263,-11,0,0,7,1401.0331505540416,1697.1087320870215,-296.07558153297987
2017/18,2017,2018-04-07,Watford,Burnley,P Tierney,1,2,18,12,2,2,0,0,full,0,0,,0,0,0.0555555555555555,-6,0,0,7,1416.6520568856263,1469.6195266933125,-52.96746980768626
2017/18,2017,2018-04-07,West Brom,Swansea,R East,1,1,15,5,3,2,0,0,full,0,0,,0,-1,0.2,-10,0,0,7,1351.6318701992002,1437.1171430809218,-85.48527288172158
2017/18,2017,2018-04-08,Arsenal,Southampton,A Marriner,3,2,11,7,2,1,1,1,full,0,0,,0,-1,-0.0389610389610389,-4,0,0,7,1591.263215431778,1428.869996041842,162.39321938993612
2017/18,2017,2018-04-08,Chelsea,West Ham,K Friend,1,1,7,11,0,1,0,0,full,0,0,,0,1,0.0909090909090909,4,0,0,7,1637.089668721198,1443.1551427975726,193.93452592362542
2017/18,2017,2018-04-14,Burnley,Leicester,M Atkinson,2,1,9,10,2,1,0,0,full,0,0,,0,-1,-0.1222222222222222,1,0,0,7,1479.821911544328,1498.6493763736473,-18.827464829319297
2017/18,2017,2018-04-14,Crystal Palace,Brighton,A Marriner,3,2,12,16,3,2,0,0,full,0,0,,0,-1,-0.125,4,0,0,7,1426.927959973922,1391.0568661335296,35.871093840392405
2017/18,2017,2018-04-14,Huddersfield,Watford,C Pawson,1,0,9,8,2,2,0,0,full,0,0,,0,0,0.0277777777777777,-1,0,0,7,1366.4364899637776,1406.4496720346108,-40.01318207083318
2017/18,2017,2018-04-14,Liverpool,Bournemouth,C Kavanagh,3,0,9,9,1,1,0,0,full,0,0,,0,0,0.0,0,0,0,7,1657.496920252854,1456.5516827255963,200.94523752725763
2017/18,2017,2018-04-14,Southampton,Chelsea,M Dean,2,3,13,14,5,3,0,0,full,0,0,,0,-2,-0.1703296703296703,1,0,0,7,1424.519666563228,1630.853620266356,-206.33395370312815
2017/18,2017,2018-04-14,Swansea,Everton,L Mason,1,1,10,11,1,1,0,0,full,0,0,,0,0,-0.009090909090909,1,0,0,7,1436.384930737285,1495.5669873378044,-59.182056600519445
2017/18,2017,2018-04-14,Tottenham,Man City,J Moss,1,3,11,12,3,4,0,0,full,0,0,,0,1,0.0606060606060606,1,0,0,7,1701.1969187835819,1737.1922221732464,-35.995303389664514
2017/18,2017,2018-04-15,Man United,West Brom,P Tierney,0,1,8,13,1,1,0,0,full,0,0,,0,0,-0.048076923076923,5,0,0,7,1678.4306699323295,1352.364082542837,326.0665873894925
2017/18,2017,2018-04-15,Newcastle,Arsenal,A Taylor,2,1,11,9,1,0,0,0,full,0,0,,0,-1,-0.0909090909090909,-2,0,0,7,1418.1503226407785,1595.613544910392,-177.46322226961342
2017/18,2017,2018-04-16,West Ham,Stoke,M Oliver,1,1,15,21,2,3,0,0,full,0,0,,0,1,0.0095238095238095,6,0,0,7,1449.3911912524145,1396.9449638574813,52.4462273949332
2017/18,2017,2018-04-17,Brighton,Tottenham,K Friend,1,1,6,5,1,0,0,0,full,0,0,,0,-1,-0.1666666666666666,-1,0,0,7,1383.7482917205232,1690.5071053528486,-306.7588136323254
2017/18,2017,2018-04-18,Bournemouth,Man United,G Scott,0,2,9,8,3,1,0,0,full,0,0,,0,-2,-0.2083333333333333,-1,0,0,7,1452.9094963747455,1660.3858472502918,-207.47635087554636
2017/18,2017,2018-04-19,Burnley,Chelsea,R Madley,1,2,9,11,1,0,0,0,full,0,0,,0,-1,-0.1111111111111111,2,0,0,7,1488.6423870003212,1636.874354695865,-148.23196769554374
2017/18,2017,2018-04-19,Leicester,Southampton,R East,0,0,10,10,0,0,0,0,full,0,0,,0,0,0.0,0,0,0,7,1489.8289009176542,1418.498932133719,71.3299687839351
2017/18,2017,2018-04-21,Watford,Crystal Palace,C Kavanagh,0,0,17,13,3,5,0,0,full,0,0,,0,2,0.2081447963800905,-4,0,0,7,1397.024305155609,1434.2365343869285,-37.2122292313195
2017/18,2017,2018-04-21,West Brom,Liverpool,S Attwell,2,2,12,5,0,1,0,0,full,0,0,,0,1,0.2,-7,0,0,7,1370.4089052248746,1661.1391066037047,-290.7302013788301
2017/18,2017,2018-04-22,Arsenal,West Ham,L Mason,4,1,11,9,3,2,0,0,full,0,0,,0,-1,-0.0505050505050505,-2,0,0,7,1582.3558661009383,1446.2631896813023,136.09267641963606
2017/18,2017,2018-04-22,Man City,Swansea,C Pawson,5,0,6,8,0,1,0,0,full,0,0,,0,1,0.125,2,0,0,7,1747.8820356039796,1436.3613884772965,311.5206471266831
2017/18,2017,2018-04-22,Stoke,Burnley,M Dean,1,1,15,5,2,1,0,0,full,0,0,,0,-1,0.0666666666666666,-10,0,0,7,1400.0729654285935,1481.128687054147,-81.05572162555336
2017/18,2017,2018-04-23,Everton,Newcastle,R Madley,1,0,10,11,2,1,0,0,full,0,0,,0,-1,-0.1090909090909091,1,0,0,7,1495.590529597793,1431.4080014502322,64.18252814756079
2017/18,2017,2018-04-28,Burnley,Brighton,R East,0,0,5,17,0,2,0,0,full,0,0,,0,2,0.1176470588235294,12,0,0,7,1480.523395517224,1389.8564955791655,90.66689993805835
2017/18,2017,2018-04-28,Crystal Palace,Leicester,M Dean,5,0,11,9,1,1,0,1,full,0,0,,0,0,0.0202020202020201,-2,1,0,7,1434.891480262832,1486.2192247787737,-51.32774451594173
2017/18,2017,2018-04-28,Huddersfield,Everton,L Probert,0,2,9,8,1,0,0,0,full,0,0,,0,-1,-0.1111111111111111,-1,0,0,7,1375.8618568427794,1502.161081443996,-126.29922460121657
2017/18,2017,2018-04-28,Liverpool,Stoke,A Marriner,0,0,7,14,1,2,0,0,full,0,0,,0,1,0.0,7,0,0,7,1655.3282856087446,1400.6782569655165,254.6500286432281
2017/18,2017,2018-04-28,Newcastle,West Brom,D Coote,0,1,8,13,1,3,0,0,full,0,0,,0,2,0.1057692307692307,5,0,0,7,1424.8374496040292,1376.2197262198347,48.617723384194505
2017/18,2017,2018-04-28,Southampton,Bournemouth,A Taylor,2,1,12,11,5,1,0,0,full,0,0,,0,-4,-0.3257575757575758,-1,0,0,7,1422.1086082725997,1446.9163999838013,-24.807791711201617
2017/18,2017,2018-04-28,Swansea,Chelsea,J Moss,0,1,13,9,1,1,0,0,full,0,0,,0,0,0.0341880341880341,-4,0,0,7,1434.2534463799248,1644.3880546420392,-210.1346082621144
2017/18,2017,2018-04-29,Man United,Arsenal,K Friend,2,1,12,7,0,1,0,0,full,0,0,,0,1,0.1428571428571428,-5,0,0,7,1666.378943641236,1587.243517914418,79.13542572681808
2017/18,2017,2018-04-29,West Ham,Man City,N Swarbrick,1,4,5,11,0,1,0,0,full,0,0,,0,1,0.0909090909090909,6,0,0,7,1441.3755378678227,1749.9899777013513,-308.61443983352865
2017/18,2017,2018-04-30,Tottenham,Watford,M Oliver,2,0,11,10,1,0,0,0,full,0,0,,0,-1,-0.0909090909090909,-1,0,0,7,1684.3989014942063,1396.3693592797056,288.0295422145007
2017/18,2017,2018-05-04,Brighton,Man United,C Pawson,1,0,5,3,2,0,0,0,full,0,0,,0,-2,-0.4,-2,0,0,7,1393.9402020272084,1672.5754850125586,-278.63528298535016
2017/18,2017,2018-05-05,Bournemouth,Swansea,K Friend,1,0,10,10,1,4,0,0,full,0,0,,0,3,0.3,0,0,0,7,1437.925863179395,1428.324379221988,9.601483957407027
2017/18,2017,2018-05-05,Everton,Southampton,J Moss,1,1,14,12,2,4,0,1,full,0,0,,0,2,0.1904761904761904,-2,1,0,7,1510.2756661679812,1431.099145077006,79.17652109097526
2017/18,2017,2018-05-05,Leicester,West Ham,C Kavanagh,0,2,8,9,1,2,0,0,full,0,0,,0,1,0.0972222222222222,1,0,0,7,1476.468780530738,1437.5171146897198,38.95166584101821
2017/18,2017,2018-05-05,Stoke,Crystal Palace,M Atkinson,1,2,18,12,5,2,0,0,full,0,0,,0,-3,-0.1111111111111111,-6,0,0,7,1407.8685656799364,1444.6419245108675,-36.7733588309311
2017/18,2017,2018-05-05,Watford,Newcastle,R East,2,1,9,11,2,1,0,0,full,0,0,,0,-1,-0.1313131313131313,2,0,0,7,1393.9924711461247,1411.8091992889465,-17.81672814282183
2017/18,2017,2018-05-05,West Brom,Tottenham,M Jones,1,0,13,12,4,1,0,0,full,0,0,,0,-3,-0.2243589743589744,-1,0,0,7,1389.2479765349174,1686.7757896277872,-297.5278130928698
2017/18,2017,2018-05-06,Arsenal,Burnley,A Marriner,5,0,6,7,0,1,0,0,full,0,0,,0,1,0.1428571428571428,1,0,0,7,1581.0469765430953,1476.439689069181,104.60728747391431
2017/18,2017,2018-05-06,Chelsea,Liverpool,A Taylor,1,0,12,9,3,2,0,0,full,0,0,,0,-1,-0.0277777777777777,-3,0,0,7,1650.317121799976,1648.1379768943248,2.1791449056511283
2017/18,2017,2018-05-06,Man City,Huddersfield,M Dean,0,0,9,4,0,3,0,0,full,0,0,,0,3,0.75,-5,0,0,7,1753.8484008794542,1367.7472721187942,386.10112876066
2017/18,2017,2018-05-08,Swansea,Southampton,M Oliver,0,1,7,15,2,1,0,0,full,0,0,,0,-1,-0.219047619047619,8,0,0,7,1420.301295724759,1434.9036153696154,-14.60231964485638
2017/18,2017,2018-05-09,Chelsea,Huddersfield,L Mason,1,1,7,10,0,1,0,0,full,0,0,,0,1,0.1,3,0,0,7,1658.5463273859984,1376.3226952342895,282.2236321517089
2017/18,2017,2018-05-09,Leicester,Arsenal,G Scott,3,1,7,12,2,2,0,1,full,0,0,,0,0,-0.119047619047619,5,1,0,7,1463.6953096572033,1586.634509599917,-122.93919994271369
2017/18,2017,2018-05-09,Man City,Brighton,P Tierney,3,1,5,7,0,1,0,0,full,0,0,,0,1,0.1428571428571428,2,0,0,7,1745.2729777639588,1409.5157846176053,335.75719314635353
2017/18,2017,2018-05-09,Tottenham,Newcastle,N Swarbrick,1,0,10,8,2,3,0,0,full,0,0,,0,1,0.175,-2,0,0,7,1670.836853331903,1403.0174005108342,267.8194528210688
2017/18,2017,2018-05-10,West Ham,Man United,J Moss,0,0,12,12,1,1,0,0,full,0,0,,0,0,0.0,0,0,0,7,1450.2905855632546,1656.9999024221618,-206.7093168589072
2017/18,2017,2018-05-13,Burnley,Bournemouth,P Tierney,1,2,14,9,0,0,0,0,full,0,0,,0,0,0.0,-5,0,0,7,1470.8521560123593,1445.948946676624,24.903209335735255
2017/18,2017,2018-05-13,Crystal Palace,West Brom,J Moss,2,0,10,11,2,3,0,0,full,0,0,,0,1,0.0727272727272727,1,0,0,7,1455.309446860922,1405.1869128308015,50.122534030120505
2017/18,2017,2018-05-13,Huddersfield,Arsenal,M Oliver,0,1,11,7,1,0,0,0,full,0,0,,0,-1,-0.0909090909090909,-4,0,0,7,1383.8749123091914,1574.8425332557522,-190.96762094656083
2017/18,2017,2018-05-13,Liverpool,Brighton,K Friend,4,0,3,6,0,0,0,0,full,0,0,,0,0,0.0,3,0,0,7,1639.9087713083022,1407.6568279058367,232.25194340246549
2017/18,2017,2018-05-13,Man United,Watford,L Mason,1,0,6,11,4,0,0,0,full,0,0,,0,-4,-0.6666666666666666,5,0,0,7,1653.011547679448,1402.784269924237,250.22727775521116
2017/18,2017,2018-05-13,Newcastle,Chelsea,M Atkinson,3,0,11,10,0,1,0,0,full,0,0,,0,1,0.1,-1,0,0,7,1400.3858462770668,1650.9941103110966,-250.60826403402984
2017/18,2017,2018-05-13,Southampton,Man City,A Marriner,0,1,8,10,3,1,0,0,full,0,0,,0,-2,-0.275,2,0,0,7,1446.2028797826997,1747.1319344757273,-300.92905469302764
2017/18,2017,2018-05-13,Swansea,Stoke,A Taylor,1,2,12,9,1,2,0,0,full,0,0,,0,1,0.1388888888888889,-3,0,0,7,1409.0020313116747,1397.201043329882,11.800987981792787
2017/18,2017,2018-05-13,Tottenham,Leicester,C Pawson,5,4,9,13,1,2,0,0,full,0,0,,0,1,0.0427350427350427,4,0,0,7,1673.4684075656705,1475.4872860013681,197.98112156430238
2017/18,2017,2018-05-13,West Ham,Everton,G Scott,3,1,10,13,0,1,0,0,full,0,0,,0,1,0.0769230769230769,3,0,0,7,1454.2789403059683,1506.4711958753717,-52.192255569403414
2018/19,2018,2018-08-10,Man United,Leicester,A Marriner,2,1,11,8,2,1,0,0,full,0,0,,0,-1,-0.0568181818181818,-3,0,0,8,1655.8832873109236,1471.7939950743564,184.0892922365672
2018/19,2018,2018-08-11,Bournemouth,Cardiff,K Friend,2,0,11,9,1,1,0,0,full,0,0,,0,0,0.0202020202020201,-2,0,0,8,1458.3451481315528,1401.485842036459,56.85930609509387
2018/19,2018,2018-08-11,Fulham,Crystal Palace,M Dean,0,2,9,11,1,2,0,0,full,0,0,,0,1,0.0707070707070707,2,0,0,8,1401.485842036459,1462.2419082239035,-60.7560661874445
2018/19,2018,2018-08-11,Huddersfield,Chelsea,C Kavanagh,0,3,9,8,2,1,0,0,full,0,0,,0,-1,-0.0972222222222222,-1,0,0,8,1377.4755147274602,1635.9992980547759,-258.52378332731564
2018/19,2018,2018-08-11,Newcastle,Tottenham,M Atkinson,1,2,11,12,2,2,0,0,full,0,0,,0,0,-0.0151515151515151,1,0,0,8,1415.3806585333875,1677.1616984926823,-261.78103995929473
2018/19,2018,2018-08-11,Watford,Brighton,J Moss,2,0,10,16,2,2,0,0,full,0,0,,0,0,-0.075,6,0,0,8,1399.9125302927614,1404.521103828245,-4.608573535483629
2018/19,2018,2018-08-11,Wolves,Everton,C Pawson,2,2,8,7,0,1,0,1,full,0,0,,0,1,0.1428571428571428,-1,1,0,8,1401.485842036459,1496.6958830025337,-95.21004096607476
2018/19,2018,2018-08-12,Arsenal,Man City,M Oliver,0,2,11,14,2,2,0,0,full,0,0,,0,0,-0.0389610389610389,3,0,0,8,1581.2419308374833,1751.129999583973,-169.88806874648958
2018/19,2018,2018-08-12,Liverpool,West Ham,A Taylor,4,0,14,9,1,2,0,0,full,0,0,,0,1,0.1507936507936507,-5,0,0,8,1643.044495385894,1464.0542531788062,178.9902422070877
2018/19,2018,2018-08-12,Southampton,Burnley,G Scott,0,0,10,9,0,1,0,0,full,0,0,,0,1,0.1111111111111111,-1,0,0,8,1442.2048146744542,1458.4559545574305,-16.251139882976304
2018/19,2018,2018-08-18,Cardiff,Newcastle,C Pawson,0,0,14,16,2,2,0,1,full,0,0,,0,0,-0.0178571428571428,2,1,0,8,1394.727974624578,1410.6129253871923,-15.884950762614153
2018/19,2018,2018-08-18,Chelsea,Arsenal,M Atkinson,3,2,12,9,0,2,0,0,full,0,0,,0,2,0.2222222222222222,-3,0,0,8,1640.8354502397058,1574.3033547717898,66.53209546791595
2018/19,2018,2018-08-18,Everton,Southampton,L Mason,2,1,8,20,0,5,0,0,full,0,0,,0,5,0.25,12,0,0,8,1495.6859117741212,1440.952234443588,54.73367733053328
2018/19,2018,2018-08-18,Leicester,Wolves,M Dean,2,0,10,8,2,1,1,0,full,0,0,,0,-1,-0.075,-2,-1,0,8,1467.8538050169068,1402.4958132648715,65.35799175203533
2018/19,2018,2018-08-18,Tottenham,Fulham,A Taylor,3,1,9,5,0,0,0,0,full,0,0,,0,0,0.0,-4,0,0,8,1681.9294316388775,1391.507603336265,290.42182830261254
2018/19,2018,2018-08-18,West Ham,Bournemouth,S Attwell,1,2,14,10,6,2,0,0,full,0,0,,0,-4,-0.2285714285714285,-4,0,0,8,1460.0203671809402,1465.1030155434337,-5.082648362493501
2018/19,2018,2018-08-19,Brighton,Man United,K Friend,3,2,16,13,1,1,0,0,full,0,0,,0,0,0.0144230769230769,-3,0,0,8,1396.1020254099826,1659.8234773683732,-263.7214519583906
2018/19,2018,2018-08-19,Burnley,Watford,P Tierney,1,3,8,19,1,2,0,0,full,0,0,,0,1,-0.0197368421052631,11,0,0,8,1459.7085347882967,1408.3316087110238,51.376926077272856
2018/19,2018,2018-08-19,Man City,Huddersfield,A Marriner,6,1,9,4,0,2,0,0,full,0,0,,0,2,0.5,-5,0,0,8,1758.0685756496664,1372.6393625425303,385.4292131071361
2018/19,2018,2018-08-20,Crystal Palace,Liverpool,M Oliver,0,2,6,13,1,1,1,0,full,0,0,,0,0,-0.0897435897435897,7,-1,0,8,1472.2201469240974,1647.07838138376,-174.85823445966253
2018/19,2018,2018-08-25,Arsenal,West Ham,G Scott,3,1,16,13,1,3,0,0,full,0,0,,0,2,0.1682692307692307,-3,0,0,8,1567.792336362347,1448.4527524012838,119.33958396106323
2018/19,2018,2018-08-25,Bournemouth,Everton,L Probert,2,2,12,10,0,3,1,1,full,0,0,,0,3,0.3,-2,0,0,8,1476.67063032309,1502.4986368855166,-25.82800656242648
2018/19,2018,2018-08-25,Huddersfield,Cardiff,M Oliver,0,0,8,10,0,1,1,0,full,0,0,,0,1,0.1,2,-1,0,8,1371.2096595781468,1393.465021361355,-22.255361783208173
2018/19,2018,2018-08-25,Liverpool,Brighton,C Kavanagh,1,0,8,14,1,1,0,0,full,0,0,,0,0,-0.0535714285714285,6,0,0,8,1653.8878860153814,1411.3747334966379,242.51315251874348
2018/19,2018,2018-08-25,Southampton,Leicester,J Moss,1,2,13,11,1,1,1,0,full,0,0,,0,0,0.0139860139860139,-2,-1,0,8,1434.1395093321926,1474.394538098964,-40.255028766771375
2018/19,2018,2018-08-25,Wolves,Man City,M Atkinson,1,1,13,8,1,2,0,0,full,0,0,,0,1,0.173076923076923,-5,0,0,8,1395.9550801828143,1759.49827861405,-363.5431984312356
2018/19,2018,2018-08-26,Fulham,Burnley,D Coote,4,2,11,8,2,1,0,0,full,0,0,,0,-1,-0.0568181818181818,-3,0,0,8,1389.1594064684396,1446.6083255115552,-57.448919043115666
2018/19,2018,2018-08-26,Newcastle,Chelsea,P Tierney,1,2,16,8,3,1,0,0,full,0,0,,0,-2,-0.0625,-8,0,0,8,1411.8758786504154,1647.3464686491486,-235.4705899987332
2018/19,2018,2018-08-26,Watford,Crystal Palace,A Taylor,2,1,14,11,4,2,0,0,full,0,0,,0,-2,-0.1038961038961038,-3,0,0,8,1421.4318179877653,1465.410642292476,-43.97882430471077
2018/19,2018,2018-08-27,Man United,Tottenham,C Pawson,0,3,11,16,2,4,0,0,full,0,0,,0,2,0.0681818181818181,5,0,0,8,1644.550769281718,1684.277628506703,-39.72685922498499
2018/19,2018,2018-09-01,Brighton,Fulham,L Probert,2,2,12,14,3,3,0,0,full,0,0,,0,0,-0.0357142857142857,2,0,0,8,1408.3920440173238,1399.08598177569,9.306062241633754
2018/19,2018,2018-09-01,Chelsea,Bournemouth,L Mason,2,0,10,7,2,2,0,0,full,0,0,,0,0,0.0857142857142856,-3,0,0,8,1652.6857137533798,1475.6902405804374,176.9954731729424
2018/19,2018,2018-09-01,Crystal Palace,Southampton,M Atkinson,0,2,11,12,1,1,0,0,full,0,0,,0,0,-0.0075757575757575,1,0,0,8,1455.8714422314779,1423.5718144099194,32.29962782155849
2018/19,2018,2018-09-01,Everton,Huddersfield,S Attwell,1,1,13,14,3,3,0,0,full,0,0,,0,0,-0.0164835164835165,1,0,0,8,1503.4790266281693,1370.1275353548265,133.35149127334284
2018/19,2018,2018-09-01,Leicester,Liverpool,P Tierney,1,2,9,12,3,2,0,0,full,0,0,,0,-1,-0.1666666666666666,3,0,0,8,1484.9622330212371,1656.8705754946955,-171.90834247345833
2018/19,2018,2018-09-01,Man City,Newcastle,K Friend,2,1,5,13,0,0,0,0,full,0,0,,0,0,0.0,8,0,0,8,1752.4659512932305,1406.5366335461842,345.9293177470463
2018/19,2018,2018-09-01,West Ham,Wolves,C Kavanagh,0,1,10,11,2,1,0,0,full,0,0,,0,-1,-0.1090909090909091,1,0,0,8,1443.2002222237727,1402.9874075036337,40.21281472013902
2018/19,2018,2018-09-02,Burnley,Man United,J Moss,0,2,7,13,2,3,0,1,full,0,0,,0,1,-0.0549450549450549,6,1,0,8,1436.6817502043048,1633.9679227297338,-197.28617252542904
2018/19,2018,2018-09-02,Cardiff,Arsenal,A Taylor,2,3,12,14,3,4,0,0,full,0,0,,0,1,0.0357142857142857,2,0,0,8,1394.5471455846753,1573.044866539858,-178.49772095518279
2018/19,2018,2018-09-02,Watford,Tottenham,A Marriner,2,1,9,8,2,1,0,0,full,0,0,,0,-1,-0.0972222222222222,-1,0,0,8,1430.9710180487634,1694.8604750586871,-263.8894570099237
2018/19,2018,2018-09-15,Bournemouth,Leicester,C Pawson,4,2,13,15,3,2,0,1,full,0,0,,0,-1,-0.0974358974358974,2,1,0,8,1471.619250084711,1478.076261042131,-6.457010957419925
2018/19,2018,2018-09-15,Chelsea,Cardiff,J Moss,4,1,8,10,0,0,0,0,full,0,0,,0,0,0.0,2,0,0,8,1656.7567042491062,1387.8314138983487,268.92529035075745
2018/19,2018,2018-09-15,Huddersfield,Crystal Palace,L Mason,0,1,11,17,1,2,0,0,full,0,0,,0,1,0.0267379679144385,6,0,0,8,1375.1813718686067,1443.2756266124936,-68.09425474388695
2018/19,2018,2018-09-15,Man City,Fulham,S Attwell,3,0,7,7,0,0,0,0,full,0,0,,0,0,0.0,0,0,0,8,1754.228498976441,1401.0547262973114,353.17377267912957
2018/19,2018,2018-09-15,Newcastle,Arsenal,L Probert,1,2,13,11,0,0,0,0,full,0,0,,0,0,0.0,-2,0,0,8,1404.7740858629738,1579.7605982261846,-174.98651236321075
2018/19,2018,2018-09-15,Tottenham,Liverpool,M Oliver,1,2,17,16,0,0,0,0,full,0,0,,0,0,0.0,-1,0,0,8,1679.584276647867,1663.7565474738017,15.827729174065325
2018/19,2018,2018-09-15,Watford,Man United,M Dean,1,2,9,11,2,1,0,1,full,0,0,,0,-1,-0.1313131313131313,2,1,0,8,1446.2472164595836,1640.2100820052644,-193.96286554568087
2018/19,2018,2018-09-16,Everton,West Ham,M Atkinson,1,3,15,12,2,5,0,0,full,0,0,,0,3,0.2833333333333333,-3,0,0,8,1498.4251901143891,1430.3932785663246,68.0319115480645
2018/19,2018,2018-09-16,Wolves,Burnley,A Marriner,1,0,10,9,2,4,0,0,full,0,0,,0,2,0.2444444444444444,-1,0,0,8,1415.7943511610817,1430.4395909287741,-14.645239767692374
2018/19,2018,2018-09-17,Southampton,Brighton,A Taylor,2,2,10,13,2,3,0,0,full,0,0,,0,1,0.0307692307692307,3,0,0,8,1436.1676300289037,1406.4232994957024,29.744330533201264
2018/19,2018,2018-09-22,Brighton,Tottenham,C Kavanagh,1,2,15,9,2,1,0,0,full,0,0,,0,-1,-0.0222222222222222,-6,0,0,8,1408.9503935977095,1667.4357843355888,-258.48539073787924
2018/19,2018,2018-09-22,Burnley,Bournemouth,A Taylor,4,0,17,6,2,0,0,0,full,0,0,,0,-2,-0.1176470588235294,-11,0,0,8,1421.7376408355674,1480.0902442923295,-58.352603456762154
2018/19,2018,2018-09-22,Cardiff,Man City,M Oliver,0,5,6,4,1,1,0,0,full,0,0,,0,0,0.0833333333333333,-2,0,0,8,1385.214373142606,1755.9251628889665,-370.71078974636043
2018/19,2018,2018-09-22,Crystal Palace,Newcastle,A Marriner,0,0,8,11,1,1,0,0,full,0,0,,0,0,-0.034090909090909,3,0,0,8,1453.0426973733634,1397.9678971434198,55.07480022994355
2018/19,2018,2018-09-22,Fulham,Watford,M Atkinson,1,1,11,9,2,1,0,0,full,0,0,,0,-1,-0.0707070707070707,-2,0,0,8,1399.3580623847859,1439.9226183460498,-40.56455596126398
2018/19,2018,2018-09-22,Leicester,Huddersfield,D Coote,3,1,10,16,2,1,0,0,full,0,0,,0,-1,-0.1375,6,0,0,8,1469.6052668345123,1365.414301107737,104.1909657267754
2018/19,2018,2018-09-22,Liverpool,Southampton,P Tierney,3,0,7,10,0,2,0,0,full,0,0,,0,2,0.2,3,0,0,8,1675.90503978608,1433.6405359268965,242.26450385918338
2018/19,2018,2018-09-22,Man United,Wolves,K Friend,1,1,5,17,1,1,0,0,full,0,0,,0,0,-0.1411764705882353,12,0,0,8,1646.5346801187982,1424.4963012542885,222.0383788645097
2018/19,2018,2018-09-23,Arsenal,Everton,J Moss,2,0,17,12,2,1,0,0,full,0,0,,0,-1,-0.034313725490196,-5,0,0,8,1586.5667869457386,1484.8983524572209,101.66843448851773
2018/19,2018,2018-09-23,West Ham,Chelsea,M Dean,0,0,11,9,2,1,0,0,full,0,0,,0,-1,-0.0707070707070707,-2,0,0,8,1443.9201162234929,1659.3737450048488,-215.45362878135597
2018/19,2018,2018-09-29,Arsenal,Watford,A Taylor,2,0,11,17,2,2,0,0,full,0,0,,0,0,-0.0641711229946524,6,0,0,8,1592.2226915765052,1440.4814326241421,151.74125895236307
2018/19,2018,2018-09-29,Chelsea,Liverpool,A Marriner,1,1,7,9,0,2,0,0,full,0,0,,0,2,0.2222222222222222,2,0,0,8,1655.1758908260767,1678.8913636331959,-23.715472807119113
2018/19,2018,2018-09-29,Everton,Fulham,R East,3,0,13,13,0,3,0,0,full,0,0,,0,3,0.2307692307692307,0,0,0,8,1479.2424478264543,1398.7992481066935,80.44319971976074
2018/19,2018,2018-09-29,Huddersfield,Tottenham,C Pawson,0,2,17,16,2,2,0,0,full,0,0,,0,0,0.0073529411764705,-1,0,0,8,1359.8171132636849,1672.272746935131,-312.4556336714461
2018/19,2018,2018-09-29,Man City,Brighton,L Mason,2,0,4,10,0,3,0,0,full,0,0,,0,3,0.3,6,0,0,8,1758.7900640279074,1404.1134309981674,354.67663302974006
2018/19,2018,2018-09-29,Newcastle,Leicester,S Hooper,0,2,11,5,0,0,0,0,full,0,0,,0,0,0.0,-6,0,0,8,1401.1639901616013,1475.2024546785644,-74.03846451696313
2018/19,2018,2018-09-29,West Ham,Man United,M Oliver,3,1,12,12,0,1,0,0,full,0,0,,0,1,0.0833333333333333,0,0,0,8,1448.117970402265,1639.8290155033428,-191.71104510107784
2018/19,2018,2018-09-29,Wolves,Southampton,S Attwell,2,0,11,7,3,1,0,0,full,0,0,,0,-2,-0.1298701298701298,-4,0,0,8,1431.2019658697438,1430.6542120797806,0.5477537899632807
2018/19,2018,2018-09-30,Cardiff,Burnley,M Atkinson,1,2,11,15,1,3,0,0,full,0,0,,0,2,0.1090909090909091,4,0,0,8,1382.3494720036651,1431.6902253068754,-49.34075330321025
2018/19,2018,2018-10-01,Bournemouth,Crystal Palace,M Dean,2,1,9,12,3,4,0,0,full,0,0,,0,1,0.0,3,0,0,8,1470.1376598210215,1449.8466043551819,20.29105546583969
2018/19,2018,2018-10-05,Brighton,West Ham,K Friend,1,0,12,8,3,2,0,0,full,0,0,,0,-1,0.0,-4,0,0,8,1402.4301518477503,1461.7371818822867,-59.30703003453641
2018/19,2018,2018-10-06,Burnley,Huddersfield,C Kavanagh,1,1,8,11,2,2,0,0,full,0,0,,0,0,-0.0681818181818181,3,0,0,8,1441.9969268672544,1356.0270798737206,85.96984699353379
2018/19,2018,2018-10-06,Crystal Palace,Wolves,M Oliver,0,1,11,13,3,4,0,0,full,0,0,,0,1,0.034965034965035,2,0,0,8,1442.117287586558,1439.4766918007076,2.640595785850337
2018/19,2018,2018-10-06,Leicester,Everton,A Marriner,1,2,10,11,2,1,1,0,full,0,0,,0,-1,-0.1090909090909091,1,-1,0,8,1484.7986149406463,1485.4068398395207,-0.6082248988743686
2018/19,2018,2018-10-06,Man United,Newcastle,A Taylor,3,2,16,8,2,2,0,0,full,0,0,,0,0,0.125,-8,0,0,8,1626.209804023321,1391.5678298995194,234.64197412380167
2018/19,2018,2018-10-06,Tottenham,Cardiff,M Dean,1,0,7,11,2,1,0,1,full,0,0,,0,-1,-0.1948051948051948,4,1,0,8,1676.0627803250952,1372.0427704432861,304.0200098818091
2018/19,2018,2018-10-06,Watford,Bournemouth,J Moss,0,4,11,9,3,1,1,0,full,0,0,,0,-2,-0.1616161616161616,-2,-1,0,8,1435.918762773449,1477.8669765896454,-41.94821381619636
2018/19,2018,2018-10-07,Fulham,Arsenal,P Tierney,1,5,11,12,2,0,0,0,full,0,0,,0,-2,-0.1818181818181818,1,0,0,8,1392.6348560936271,1596.7853614271983,-204.15050533357112
2018/19,2018,2018-10-07,Liverpool,Man City,M Atkinson,0,0,10,10,1,3,0,0,full,0,0,,0,2,0.1999999999999999,0,0,0,8,1679.9319359453489,1760.4733431783245,-80.54140723297564
2018/19,2018,2018-10-07,Southampton,Chelsea,C Pawson,0,3,13,11,6,0,0,0,full,0,0,,0,-6,-0.4615384615384615,-2,0,0,8,1422.3794861488168,1654.1353185139237,-231.75583236510693
2018/19,2018,2018-10-20,Bournemouth,Southampton,L Probert,0,0,10,14,1,2,0,0,full,0,0,,0,1,0.0428571428571428,4,0,0,8,1488.3860817286222,1416.9561314862708,71.42995024235142
2018/19,2018,2018-10-20,Cardiff,Fulham,K Friend,4,2,15,16,3,3,0,0,full,0,0,,0,0,-0.0125,1,0,0,8,1369.8520079318757,1386.5610962402327,-16.709088308356968
2018/19,2018,2018-10-20,Chelsea,Man United,M Dean,2,2,9,17,2,5,0,0,full,0,0,,0,3,0.0718954248366013,8,0,0,8,1659.5586731764697,1629.3093219794018,30.24935119706788
2018/19,2018,2018-10-20,Huddersfield,Liverpool,M Oliver,0,1,9,6,0,2,0,0,full,0,0,,0,2,0.3333333333333333,-3,0,0,8,1359.9975213690493,1680.5224772487154,-320.5249558796661
2018/19,2018,2018-10-20,Man City,Burnley,J Moss,5,0,11,5,2,2,0,0,full,0,0,,0,0,0.2181818181818182,-6,0,0,8,1759.882801874958,1438.0264853719257,321.8563165030323
2018/19,2018,2018-10-20,Newcastle,Brighton,A Marriner,0,1,13,17,0,2,0,0,full,0,0,,0,2,0.1176470588235294,4,0,0,8,1388.4683119434387,1412.410206595294,-23.941894651855364
2018/19,2018,2018-10-20,West Ham,Tottenham,M Atkinson,0,1,8,10,3,0,0,0,full,0,0,,0,-3,-0.375,2,0,0,8,1451.7571271347429,1678.2535428365056,-226.49641570176277
2018/19,2018,2018-10-20,Wolves,Watford,L Mason,0,2,23,13,3,1,0,0,full,0,0,,0,-2,-0.0535117056856187,-10,0,0,8,1451.2603483324606,1425.3996576344723,25.860690697988275
2018/19,2018,2018-10-21,Everton,Crystal Palace,A Taylor,2,0,13,17,2,1,0,0,full,0,0,,0,-1,-0.0950226244343891,4,0,0,8,1497.0998141023897,1430.333631054805,66.76618304758472
2018/19,2018,2018-10-22,Arsenal,Leicester,C Kavanagh,3,1,10,10,2,2,0,0,full,0,0,,0,0,0.0,0,0,0,8,1602.8591212805927,1473.1056406777773,129.75348060281544
2018/19,2018,2018-10-27,Brighton,Wolves,A Taylor,1,0,11,8,3,0,0,0,full,0,0,,0,-3,-0.2727272727272727,-3,0,0,8,1423.4443320914952,1438.8381879070546,-15.393855815559391
2018/19,2018,2018-10-27,Fulham,Bournemouth,A Marriner,0,3,16,3,2,1,1,0,full,0,0,,0,-1,0.2083333333333333,-13,-1,0,8,1377.800700322381,1484.7739031092167,-106.9732027868356
2018/19,2018,2018-10-27,Leicester,West Ham,M Oliver,1,1,17,5,1,1,0,1,full,0,0,,0,0,0.1411764705882353,-12,1,0,8,1468.0819655127987,1446.2132758836092,21.868689629189475
2018/19,2018,2018-10-27,Liverpool,Cardiff,S Attwell,4,1,6,4,0,0,0,0,full,0,0,,0,0,0.0,-2,0,0,8,1684.171876126903,1378.6124038497273,305.5594722771757
2018/19,2018,2018-10-27,Southampton,Newcastle,C Kavanagh,0,0,9,12,0,1,0,0,full,0,0,,0,1,0.0833333333333333,3,0,0,8,1420.5683101056763,1377.4341864472376,43.13412365843874
2018/19,2018,2018-10-27,Watford,Huddersfield,M Dean,3,0,9,13,1,2,0,0,full,0,0,,0,1,0.0427350427350427,4,0,0,8,1437.8218180598783,1356.3481224908617,81.47369556901663
2018/19,2018,2018-10-28,Burnley,Chelsea,C Pawson,0,4,14,10,4,2,0,0,full,0,0,,0,-2,-0.0857142857142856,-4,0,0,8,1436.028135506489,1657.0179766946387,-220.98984118814974
2018/19,2018,2018-10-28,Crystal Palace,Arsenal,M Atkinson,2,2,10,16,1,2,0,0,full,0,0,,0,1,0.0249999999999999,6,0,0,8,1423.82852867054,1607.8827964455713,-184.05426777503135
2018/19,2018,2018-10-28,Man United,Everton,J Moss,2,1,15,12,2,1,0,0,full,0,0,,0,-1,-0.05,-3,0,0,8,1631.8500184612328,1503.6049164866547,128.24510197457812
2018/19,2018,2018-10-29,Tottenham,Man City,K Friend,0,1,13,13,2,2,0,0,full,0,0,,0,0,0.0,0,0,0,8,1683.7973940876393,1761.8811517403947,-78.08375765275537
2018/19,2018,2018-11-03,Arsenal,Liverpool,A Marriner,1,1,7,7,1,1,0,0,full,0,0,,0,0,0.0,0,0,0,8,1604.4566061574847,1686.3454107352043,-81.88880457771961
2018/19,2018,2018-11-03,Bournemouth,Man United,P Tierney,1,2,12,12,4,3,0,0,full,0,0,,0,-1,-0.0833333333333333,0,0,0,8,1493.4300835720292,1636.906427652472,-143.4763440804429
2018/19,2018,2018-11-03,Cardiff,Leicester,L Probert,0,1,13,12,2,2,0,0,full,0,0,,0,0,0.0128205128205128,-1,0,0,8,1376.4388692414261,1465.7682602101327,-89.32939096870655
2018/19,2018,2018-11-03,Everton,Brighton,D Coote,3,1,9,17,0,1,0,0,full,0,0,,0,1,0.0588235294117647,8,0,0,8,1498.5485072954154,1432.1674719293806,66.3810353660349
2018/19,2018,2018-11-03,Newcastle,Watford,C Pawson,1,0,12,11,1,5,0,0,full,0,0,,0,4,0.3712121212121212,-1,0,0,8,1380.318403172393,1443.9609423921133,-63.64253921972045
2018/19,2018,2018-11-03,West Ham,Burnley,R East,4,2,7,9,1,4,0,0,full,0,0,,0,3,0.3015873015873015,2,0,0,8,1448.5269811862752,1430.356371773474,18.17060941280124
2018/19,2018,2018-11-03,Wolves,Tottenham,M Dean,2,3,11,8,1,2,0,0,full,0,0,,0,1,0.1590909090909091,-3,0,0,8,1430.1150480691692,1674.3174169553783,-244.20236888620911
2018/19,2018,2018-11-04,Chelsea,Crystal Palace,M Oliver,3,1,6,13,0,1,0,0,full,0,0,,0,1,0.0769230769230769,7,0,0,8,1662.6897404276538,1427.2547189586267,235.4350214690271
2018/19,2018,2018-11-04,Man City,Southampton,L Mason,6,1,14,9,1,1,0,0,full,0,0,,0,0,0.0396825396825396,-5,0,0,8,1771.3611288726556,1417.684093380521,353.67703549213456
2018/19,2018,2018-11-05,Huddersfield,Fulham,A Taylor,1,0,11,8,1,2,0,0,full,0,0,,0,1,0.1590909090909091,-3,0,0,8,1350.2089981586266,1369.1445198595686,-18.93552170094199
2018/19,2018,2018-11-10,Cardiff,Brighton,M Atkinson,2,1,7,21,2,1,0,1,full,0,0,,0,-1,-0.238095238095238,14,1,0,8,1367.2810374375929,1425.6526343461708,-58.371596908577885
2018/19,2018,2018-11-10,Crystal Palace,Tottenham,J Moss,0,1,12,9,1,1,0,0,full,0,0,,0,0,0.0277777777777777,-3,0,0,8,1424.1671390637173,1679.4622528942668,-255.29511383054955
2018/19,2018,2018-11-10,Huddersfield,West Ham,C Kavanagh,1,1,9,8,1,1,0,0,full,0,0,,0,0,0.0138888888888888,-1,0,0,8,1359.03254058329,1456.3142621295276,-97.28172154623758
2018/19,2018,2018-11-10,Leicester,Burnley,M Dean,0,0,13,10,2,0,0,0,full,0,0,,0,-2,-0.1538461538461538,-3,0,0,8,1474.926092013966,1422.5690908302215,52.35700118374439
2018/19,2018,2018-11-10,Newcastle,Bournemouth,L Probert,2,1,9,11,2,1,0,0,full,0,0,,0,-1,-0.1313131313131313,2,0,0,8,1390.423240037697,1485.7875366924136,-95.36429665471655
2018/19,2018,2018-11-10,Southampton,Watford,S Hooper,1,1,13,13,3,2,0,0,full,0,0,,0,-1,-0.0769230769230769,0,0,0,8,1415.9919223424683,1433.8561055268092,-17.864183184340845
2018/19,2018,2018-11-11,Arsenal,Wolves,S Attwell,1,1,9,16,2,2,0,0,full,0,0,,0,0,-0.0972222222222222,7,0,0,8,1605.0857843863387,1424.9702121302807,180.11557225605793
2018/19,2018,2018-11-11,Chelsea,Everton,K Friend,0,0,7,11,4,3,0,0,full,0,0,,0,-1,-0.2987012987012987,4,0,0,8,1665.7773203225631,1505.0633448786252,160.7139754439379
2018/19,2018,2018-11-11,Liverpool,Fulham,P Tierney,2,0,11,9,1,1,0,0,full,0,0,,0,0,0.0202020202020201,-2,0,0,8,1685.7162325063503,1360.3209774349052,325.39525507144504
2018/19,2018,2018-11-11,Man City,Man United,A Taylor,3,1,12,12,1,1,0,0,full,0,0,,0,0,0.0,0,0,0,8,1773.0532999107083,1644.5489745320876,128.5043253786207
2018/19,2018,2018-11-24,Brighton,Leicester,C Kavanagh,1,1,10,7,3,1,0,1,full,0,0,,0,-2,-0.1571428571428571,-3,1,0,8,1415.6995032115244,1471.8004074891132,-56.100904277588825
2018/19,2018,2018-11-24,Everton,Cardiff,P Tierney,1,0,12,13,0,3,0,0,full,0,0,,0,3,0.2307692307692307,1,0,0,8,1510.6800201844756,1377.2341685722392,133.4458516122363
2018/19,2018,2018-11-24,Fulham,Southampton,M Oliver,3,2,10,6,2,3,0,0,full,0,0,,0,1,0.3,-4,0,0,8,1358.3589723749258,1414.7850670704436,-56.426094695517804
2018/19,2018,2018-11-24,Man United,Crystal Palace,L Mason,0,0,13,12,1,2,0,0,full,0,0,,0,1,0.0897435897435897,-1,0,0,8,1639.498200897921,1419.2625113857334,220.2356895121875
2018/19,2018,2018-11-24,Tottenham,Chelsea,M Atkinson,3,1,19,12,0,3,0,0,full,0,0,,0,3,0.25,-7,0,0,8,1684.3668805722507,1660.1606450167128,24.206235555537887
2018/19,2018,2018-11-24,Watford,Liverpool,J Moss,0,3,12,13,0,0,0,1,full,0,0,,0,0,0.0,1,1,0,8,1435.062960798834,1687.6782375663297,-252.61527676749574
2018/19,2018,2018-11-24,West Ham,Man City,A Marriner,0,4,6,3,0,0,0,0,full,0,0,,0,0,0.0,-3,0,0,8,1455.2453075891399,1778.104073544875,-322.8587659557352
2018/19,2018,2018-11-25,Bournemouth,Arsenal,C Pawson,1,2,6,9,2,1,0,0,full,0,0,,0,-1,-0.2222222222222222,3,0,0,8,1474.7731711139054,1599.0988500101896,-124.32567889628422
2018/19,2018,2018-11-25,Wolves,Huddersfield,K Friend,0,2,9,8,1,2,0,0,full,0,0,,0,1,0.1388888888888889,-1,0,0,8,1430.9571465064298,1360.1014951236778,70.85565138275206
2018/19,2018,2018-11-26,Burnley,Newcastle,A Taylor,1,2,6,11,0,1,0,0,full,0,0,,0,1,0.0909090909090909,5,0,0,8,1425.6947753550742,1401.4376056162052,24.257169738868924
2018/19,2018,2018-11-30,Cardiff,Wolves,A Marriner,2,1,3,12,1,2,0,0,full,0,0,,0,1,-0.1666666666666666,9,0,0,8,1372.2900270398711,1417.3593493493856,-45.06932230951452
2018/19,2018,2018-12-01,Crystal Palace,Burnley,L Probert,2,0,9,10,1,1,0,0,full,0,0,,0,0,-0.0111111111111111,1,0,0,8,1425.9395218256398,1413.3161085506592,12.623413274980521
2018/19,2018,2018-12-01,Huddersfield,Brighton,M Oliver,1,2,10,12,0,2,1,0,full,0,0,,0,2,0.1666666666666666,2,-1,0,8,1373.699292280722,1415.5872829265784,-41.88799064585646
2018/19,2018,2018-12-01,Leicester,Watford,G Scott,2,0,7,6,2,1,0,1,full,0,0,,0,-1,-0.119047619047619,-1,1,0,8,1471.9126277740593,1430.1010026475374,41.8116251265219
2018/19,2018,2018-12-01,Man City,Bournemouth,S Attwell,3,1,9,3,0,0,0,0,full,0,0,,0,0,0.0,-6,0,0,8,1781.7135615645916,1466.6037442689556,315.10981729563605
2018/19,2018,2018-12-01,Newcastle,West Ham,P Tierney,0,3,10,10,3,3,0,0,full,0,0,,0,0,0.0,0,0,0,8,1413.8162724206202,1451.6358195694233,-37.81954714880317
2018/19,2018,2018-12-01,Southampton,Man United,K Friend,2,2,12,13,4,4,0,0,full,0,0,,0,0,-0.0256410256410256,1,0,0,8,1404.8879287059226,1632.8211904580146,-227.933261752092
2018/19,2018,2018-12-02,Arsenal,Tottenham,M Dean,4,2,15,17,3,3,0,1,full,0,0,,0,0,-0.0235294117647058,2,1,0,8,1607.2682768551394,1691.9895968723938,-84.72132001725436
2018/19,2018,2018-12-02,Chelsea,Fulham,C Pawson,2,0,8,17,2,1,0,0,full,0,0,,0,-1,-0.1911764705882352,9,0,0,8,1652.5379287165697,1368.2561107394467,284.28181797712296
2018/19,2018,2018-12-02,Liverpool,Everton,C Kavanagh,1,0,12,7,3,2,0,0,full,0,0,,0,-1,0.0357142857142857,-5,0,0,8,1692.6401957176263,1515.6241617168437,177.0160340007826
2018/19,2018,2018-12-04,Bournemouth,Huddersfield,R East,2,1,14,11,4,2,0,0,full,0,0,,0,-2,-0.1038961038961038,-3,0,0,8,1464.5344475009313,1363.1784584660322,101.35598903489904
2018/19,2018,2018-12-04,Brighton,Crystal Palace,K Friend,3,1,14,12,2,3,1,0,full,0,0,,0,1,0.1071428571428571,-2,-1,0,8,1426.108116741268,1433.879172049374,-7.771055308105815
2018/19,2018,2018-12-04,Watford,Man City,P Tierney,1,2,4,8,0,1,0,0,full,0,0,,0,1,0.125,4,0,0,8,1422.9502830980712,1783.782858332616,-360.8325752345447
2018/19,2018,2018-12-04,West Ham,Cardiff,G Scott,3,1,10,10,1,2,0,0,full,0,0,,0,1,0.1,0,0,0,8,1462.2733584366672,1381.8605519379842,80.41280649868304
2018/19,2018,2018-12-05,Burnley,Liverpool,S Attwell,1,3,10,3,1,0,0,0,full,0,0,,0,-1,-0.1,-7,0,0,8,1405.376458326925,1696.7108024708357,-291.3343441439106
2018/19,2018,2018-12-05,Everton,Newcastle,L Mason,1,1,7,18,0,5,0,0,full,0,0,,0,5,0.2777777777777778,11,0,0,8,1511.5535549636343,1403.1787335533763,108.37482141025794
2018/19,2018,2018-12-05,Fulham,Leicester,D Coote,1,1,12,7,0,0,0,0,full,0,0,,0,0,0.0,-5,0,0,8,1365.8336657634575,1479.0633473235255,-113.229681560068
2018/19,2018,2018-12-05,Man United,Arsenal,A Marriner,2,2,13,10,3,3,0,0,full,0,0,,0,0,0.0692307692307692,-3,0,0,8,1628.331959231111,1617.9786152684494,10.353343962661484
2018/19,2018,2018-12-05,Tottenham,Southampton,A Taylor,3,1,7,5,0,0,0,0,full,0,0,,0,0,0.0,-2,0,0,8,1681.2792584590838,1409.3771599328263,271.90209852625753
2018/19,2018,2018-12-05,Wolves,Chelsea,J Moss,2,1,18,10,4,4,0,0,full,0,0,,0,0,0.1777777777777778,-8,0,0,8,1407.7888244512726,1654.960373692559,-247.17154924128636
2018/19,2018,2018-12-08,Arsenal,Huddersfield,P Tierney,1,0,13,20,5,4,0,0,full,0,0,,0,-1,-0.1846153846153846,7,0,0,8,1619.976317372181,1357.515255148412,262.461062223769
2018/19,2018,2018-12-08,Bournemouth,Liverpool,L Mason,0,4,9,11,2,1,0,0,full,0,0,,0,-1,-0.1313131313131313,2,0,0,8,1470.1976508185514,1700.888475867586,-230.69082504903463
2018/19,2018,2018-12-08,Burnley,Brighton,M Atkinson,1,0,11,11,2,0,0,0,full,0,0,,0,-2,-0.1818181818181818,0,0,0,8,1401.1987849301747,1434.6160691747868,-33.41728424461212
2018/19,2018,2018-12-08,Cardiff,Southampton,J Moss,1,0,9,10,2,2,0,0,full,0,0,,0,0,-0.0222222222222222,1,0,0,8,1375.6954138103847,1406.798850437931,-31.103436627546216
2018/19,2018,2018-12-08,Chelsea,Man City,M Oliver,2,0,12,11,2,0,0,0,full,0,0,,0,-2,-0.1666666666666666,-1,0,0,8,1640.0401663445105,1786.7901830297865,-146.75001668527602
2018/19,2018,2018-12-08,Leicester,Tottenham,C Pawson,0,2,12,7,3,1,0,0,full,0,0,,0,-2,-0.1071428571428571,-5,0,0,8,1477.5431496360466,1683.8575679539792,-206.31441831793268
2018/19,2018,2018-12-08,Man United,Fulham,L Probert,4,1,11,15,1,1,0,1,full,0,0,,0,0,-0.0242424242424242,4,1,0,8,1626.3342571273793,1367.3538634509364,258.9803936764429
2018/19,2018,2018-12-08,West Ham,Crystal Palace,A Taylor,3,2,10,8,1,2,0,0,full,0,0,,0,1,0.15,-2,0,0,8,1468.4384965642666,1425.3712196158551,43.06727694841152
2018/19,2018,2018-12-09,Newcastle,Wolves,M Dean,1,2,10,17,2,5,1,0,full,0,0,,0,3,0.0941176470588235,7,-1,0,8,1407.6781068052671,1422.709031799321,-15.030924994053976
2018/19,2018,2018-12-10,Everton,Watford,K Friend,2,2,13,13,1,1,0,0,full,0,0,,0,0,0.0,0,0,0,8,1507.0541817117435,1419.9429584009006,87.11122331084289
2018/19,2018,2018-12-15,Crystal Palace,Leicester,M Oliver,1,0,10,8,2,1,0,0,full,0,0,,0,-1,-0.075,-2,0,0,8,1418.2536722923187,1471.5219419558825,-53.26826966356384
2018/19,2018,2018-12-15,Fulham,West Ham,M Dean,0,2,14,10,2,1,0,0,full,0,0,,0,-1,-0.0428571428571428,-4,0,0,8,1364.6038338421959,1475.556043887803,-110.95221004560722
2018/19,2018,2018-12-15,Huddersfield,Newcastle,A Taylor,0,1,5,13,1,1,0,0,full,0,0,,0,0,-0.123076923076923,8,0,0,8,1354.8124054083025,1396.3909723370034,-41.578566928700866
2018/19,2018,2018-12-15,Man City,Everton,C Pawson,3,1,7,9,1,2,0,0,full,0,0,,0,1,0.0793650793650793,2,0,0,8,1774.3439424592755,1503.056103748255,271.2878387110204
2018/19,2018,2018-12-15,Tottenham,Burnley,G Scott,1,0,7,8,0,2,0,0,full,0,0,,0,2,0.25,1,0,0,8,1689.8787756341433,1410.4351623592938,279.44361327484944
2018/19,2018,2018-12-15,Watford,Cardiff,A Madley,3,2,7,5,0,0,0,0,full,0,0,,0,0,0.0,-2,0,0,8,1423.941036364389,1384.8656163288726,39.075420035516345
2018/19,2018,2018-12-15,Wolves,Bournemouth,S Hooper,2,0,15,7,1,2,0,0,full,0,0,,0,1,0.219047619047619,-8,0,0,8,1433.9961662675848,1464.7500293721455,-30.75386310456065
2018/19,2018,2018-12-16,Brighton,Chelsea,S Attwell,1,2,14,6,2,2,0,0,full,0,0,,0,0,0.1904761904761904,-8,0,0,8,1425.3796917456677,1652.4864069150215,-227.10671516935372
2018/19,2018,2018-12-16,Liverpool,Man United,M Atkinson,3,1,6,14,0,2,0,0,full,0,0,,0,2,0.1428571428571428,8,0,0,8,1706.336097313992,1629.0842867361198,77.25181057787222
2018/19,2018,2018-12-16,Southampton,Arsenal,C Kavanagh,3,2,12,10,3,1,0,0,full,0,0,,0,-2,-0.15,-2,0,0,8,1397.628647919443,1622.6791671122905,-225.05051919284756
2018/19,2018,2018-12-21,Wolves,Liverpool,C Pawson,0,2,7,3,0,0,0,0,full,0,0,,0,0,0.0,-4,0,0,8,1443.156377368937,1712.5791059748126,-269.4227286058756
2018/19,2018,2018-12-22,Arsenal,Burnley,K Friend,3,1,10,14,2,5,0,0,full,0,0,,0,3,0.1571428571428571,4,0,0,8,1608.25643253631,1407.952793351217,200.30363918509306
2018/19,2018,2018-12-22,Bournemouth,Brighton,M Dean,2,0,8,18,2,0,0,1,full,0,0,,0,-2,-0.25,10,1,0,8,1455.5898182707933,1419.849907206949,35.739911063844374
2018/19,2018,2018-12-22,Cardiff,Man United,M Oliver,1,5,13,13,2,1,0,0,full,0,0,,0,-1,-0.0769230769230769,0,0,0,8,1377.6423748207067,1622.8412780752992,-245.19890325459255
2018/19,2018,2018-12-22,Chelsea,Leicester,L Probert,0,1,10,9,0,2,0,0,full,0,0,,0,2,0.2222222222222222,-1,0,0,8,1658.0161914537402,1461.715672487787,196.3005189659532
2018/19,2018,2018-12-22,Huddersfield,Southampton,S Attwell,1,3,12,9,2,3,0,0,full,0,0,,0,1,0.1666666666666666,-3,0,0,8,1344.282690236369,1412.0513824954235,-67.76869225905443
2018/19,2018,2018-12-22,Man City,Crystal Palace,A Marriner,2,3,7,6,0,4,0,0,full,0,0,,0,4,0.6666666666666666,-1,0,0,8,1776.930203891078,1428.0599417604142,348.87026213066383
2018/19,2018,2018-12-22,Newcastle,Fulham,M Atkinson,0,0,9,12,1,2,0,0,full,0,0,,0,1,0.0555555555555555,3,0,0,8,1406.920687508937,1356.0599325553915,50.86075495354544
2018/19,2018,2018-12-22,West Ham,Watford,L Mason,0,2,9,11,3,2,0,0,full,0,0,,0,-1,-0.1515151515151515,2,0,0,8,1484.0999451746075,1431.164277872555,52.93566730205248
2018/19,2018,2018-12-23,Everton,Tottenham,P Tierney,2,6,13,9,0,2,0,0,full,0,0,,0,2,0.2222222222222222,-4,0,0,8,1500.4698423164525,1692.36114464222,-191.89130232576758
2018/19,2018,2018-12-26,Brighton,Arsenal,A Taylor,1,1,10,4,2,1,0,0,full,0,0,,0,-1,0.0499999999999999,-6,0,0,8,1412.537830200611,1611.9096339265448,-199.37180372593366
2018/19,2018,2018-12-26,Burnley,Everton,M Oliver,1,5,11,19,2,4,0,0,full,0,0,,0,2,0.0287081339712918,8,0,0,8,1404.2995919609823,1494.0935615806702,-89.79396961968791
2018/19,2018,2018-12-26,Crystal Palace,Cardiff,L Probert,0,0,9,11,0,3,0,0,full,0,0,,0,3,0.2727272727272727,2,0,0,8,1446.324414337585,1372.5194296703148,73.80498466727022
2018/19,2018,2018-12-26,Fulham,Wolves,A Marriner,1,1,9,6,2,1,0,0,full,0,0,,0,-1,-0.0555555555555555,-3,0,0,8,1359.1467069668795,1438.5465336004345,-79.399826633555
2018/19,2018,2018-12-26,Leicester,Man City,M Dean,2,1,5,8,2,2,0,1,full,0,0,,0,0,-0.15,3,1,0,8,1477.9931606272735,1758.6657313139071,-280.67257068663366
2018/19,2018,2018-12-26,Liverpool,Newcastle,G Scott,4,0,7,9,0,0,0,0,full,0,0,,0,0,0.0,2,0,0,8,1717.188949743315,1403.8339130974489,313.3550366458662
2018/19,2018,2018-12-26,Man United,Huddersfield,J Moss,3,1,9,13,1,1,0,0,full,0,0,,0,0,-0.0341880341880341,4,0,0,8,1627.964223225691,1334.5062539162975,293.45796930939355
2018/19,2018,2018-12-26,Tottenham,Bournemouth,C Kavanagh,5,0,4,8,2,1,0,0,full,0,0,,0,-1,-0.375,4,0,0,8,1698.7374253780024,1462.9018952771312,235.8355301008712
2018/19,2018,2018-12-26,Watford,Chelsea,M Atkinson,1,2,15,5,1,0,0,0,full,0,0,,0,-1,-0.0666666666666666,-10,0,0,8,1444.304982702129,1641.7387033142538,-197.43372061212472
2018/19,2018,2018-12-27,Southampton,West Ham,C Pawson,1,2,10,3,2,0,0,0,full,0,0,,0,-2,-0.2,-7,0,0,8,1421.827818815495,1470.9592403450333,-49.13142152953833
2018/19,2018,2018-12-29,Brighton,Everton,A Madley,1,0,10,11,0,2,0,0,full,0,0,,0,2,0.1818181818181818,1,0,0,8,1416.3471066132654,1503.2381180769698,-86.89101146370444
2018/19,2018,2018-12-29,Fulham,Huddersfield,K Friend,1,0,12,10,3,1,0,0,full,0,0,,0,-2,-0.15,-2,0,0,8,1359.704499289068,1332.194037442023,27.510461847045008
2018/19,2018,2018-12-29,Leicester,Cardiff,S Hooper,0,1,14,16,0,2,0,0,full,0,0,,0,2,0.125,2,0,0,8,1493.6090201076977,1376.1909005772848,117.41811953041292
2018/19,2018,2018-12-29,Liverpool,Arsenal,M Oliver,5,1,8,13,1,2,0,0,full,0,0,,0,1,0.0288461538461538,5,0,0,8,1719.2770616752796,1608.1003575138905,111.17670416138913
2018/19,2018,2018-12-29,Tottenham,Wolves,S Attwell,1,3,7,7,3,2,0,0,full,0,0,,0,-1,-0.1428571428571428,0,0,0,8,1701.8189905527047,1437.988741278246,263.83024927445877
2018/19,2018,2018-12-29,Watford,Newcastle,R East,1,1,17,16,1,2,0,0,full,0,0,,0,1,0.0661764705882353,-1,0,0,8,1438.0664699170345,1401.7458011654844,36.3206687515501
2018/19,2018,2018-12-30,Burnley,West Ham,D Coote,2,0,15,11,1,4,0,0,full,0,0,,0,3,0.296969696969697,-4,0,0,8,1395.1550354646827,1481.2719611787068,-86.11692571402409
2018/19,2018,2018-12-30,Crystal Palace,Chelsea,C Pawson,0,1,11,8,0,1,0,0,full,0,0,,0,1,0.125,-3,0,0,8,1442.652943430615,1647.9772160993484,-205.32427266873333
2018/19,2018,2018-12-30,Man United,Bournemouth,L Mason,4,1,10,7,2,0,1,0,full,0,0,,0,-2,-0.2,-3,-1,0,8,1630.2764396999655,1459.820330102429,170.45610959753662
2018/19,2018,2018-12-30,Southampton,Man City,P Tierney,1,3,11,10,2,3,1,0,full,0,0,,0,1,0.1181818181818181,-1,-1,0,8,1411.5150979818216,1743.049871833483,-331.5347738516614
2018/19,2018,2019-01-01,Arsenal,Fulham,G Scott,4,1,7,12,0,1,0,0,full,0,0,,0,1,0.0833333333333333,5,0,0,8,1602.6638155162234,1367.2376921525647,235.4261233636587
2018/19,2018,2019-01-01,Cardiff,Tottenham,K Friend,0,3,6,6,1,0,0,0,full,0,0,,0,-1,-0.1666666666666666,0,0,0,8,1390.8954185921796,1684.5034691742287,-293.60805058204915
2018/19,2018,2019-01-01,Everton,Leicester,M Atkinson,0,1,5,8,3,1,0,0,full,0,0,,0,-2,-0.475,3,0,0,8,1492.4656743852352,1478.9045020928029,13.561172292432275
2018/19,2018,2019-01-02,Bournemouth,Watford,D Coote,3,3,9,15,1,4,0,0,full,0,0,,0,3,0.1555555555555555,6,0,0,8,1455.6259234763413,1435.3630460392292,20.262877437112138
2018/19,2018,2019-01-02,Chelsea,Southampton,J Moss,0,0,8,11,1,2,0,0,full,0,0,,0,1,0.0568181818181818,3,0,0,8,1654.0224380608968,1408.0509948025117,245.97144325838508
2018/19,2018,2019-01-02,Huddersfield,Burnley,M Dean,1,2,11,9,0,4,1,1,full,0,0,,0,4,0.4444444444444444,-2,0,0,8,1324.6608445785264,1405.9053283398425,-81.24448376131613
2018/19,2018,2019-01-02,Newcastle,Man United,A Marriner,0,2,10,9,1,2,0,0,full,0,0,,0,1,0.1222222222222222,-1,0,0,8,1404.4492250432897,1634.470846326053,-230.02162128276336
2018/19,2018,2019-01-02,West Ham,Brighton,C Kavanagh,2,2,9,11,0,1,0,0,full,0,0,,0,1,0.0909090909090909,2,0,0,8,1470.521668303547,1427.119550305,43.40211799854683
2018/19,2018,2019-01-02,Wolves,Crystal Palace,R East,0,2,9,7,4,1,0,0,full,0,0,,0,-3,-0.3015873015873015,-2,0,0,8,1455.304262656722,1436.6077214690667,18.696541187655157
2018/19,2018,2019-01-03,Man City,Liverpool,A Taylor,2,1,12,7,4,2,0,0,full,0,0,,0,-2,-0.0476190476190476,-5,0,0,8,1746.5139750127928,1724.7136036729466,21.80037133984615
2018/19,2018,2019-01-12,Brighton,Liverpool,K Friend,0,1,15,5,0,0,0,0,full,0,0,,0,0,0.0,-10,0,0,8,1430.0108372898012,1717.0254477962615,-287.01461050646026
2018/19,2018,2019-01-12,Burnley,Fulham,M Atkinson,2,1,5,9,1,2,0,0,full,0,0,,0,1,0.0222222222222222,4,0,0,8,1415.2946238758086,1364.1499785196331,51.14464535617549
2018/19,2018,2019-01-12,Cardiff,Huddersfield,L Mason,0,0,12,14,3,1,0,0,full,0,0,,0,-2,-0.1785714285714285,2,0,0,8,1386.760838233038,1315.2715490425603,71.48928919047762
2018/19,2018,2019-01-12,Chelsea,Newcastle,C Kavanagh,2,1,6,13,1,1,0,0,full,0,0,,0,0,-0.0897435897435897,7,0,0,8,1646.954956976119,1398.9863207092196,247.96863626689947
2018/19,2018,2019-01-12,Crystal Palace,Watford,P Tierney,1,2,11,11,1,4,0,0,full,0,0,,0,3,0.2727272727272727,0,0,0,8,1448.8348320750185,1437.6329600442466,11.201872030771938
2018/19,2018,2019-01-12,Leicester,Southampton,M Oliver,1,2,7,9,2,1,0,1,full,0,0,,0,-1,-0.1746031746031746,2,1,0,8,1490.9906825421904,1415.1184758872894,75.87220665490099
2018/19,2018,2019-01-12,West Ham,Arsenal,J Moss,1,0,7,10,0,2,0,0,full,0,0,,0,2,0.2,3,0,0,8,1467.6303813187458,1605.751529149155,-138.1211478304092
2018/19,2018,2019-01-13,Everton,Bournemouth,A Taylor,2,0,17,8,5,0,0,0,full,0,0,,0,-5,-0.2941176470588235,-9,0,0,8,1480.3794939358477,1453.356009471324,27.02348446452379
2018/19,2018,2019-01-13,Tottenham,Man United,M Dean,0,1,8,8,1,2,0,0,full,0,0,,0,1,0.125,0,0,0,8,1688.6380495333703,1639.9337506601232,48.704298873247126
2018/19,2018,2019-01-14,Man City,Wolves,C Pawson,3,0,6,3,1,0,0,1,full,0,0,,0,-1,-0.1666666666666666,-3,1,0,8,1754.202130889478,1443.07715205077,311.1249788387079
2018/19,2018,2019-01-19,Arsenal,Chelsea,A Taylor,2,0,13,15,0,2,0,0,full,0,0,,0,2,0.1333333333333333,2,0,0,8,1593.5401640516636,1649.858821551274,-56.31865749961048
2018/19,2018,2019-01-19,Bournemouth,West Ham,S Hooper,2,0,6,10,0,1,0,0,full,0,0,,0,1,0.1,4,0,0,8,1445.8096486410739,1479.8417464162371,-34.032097775163265
2018/19,2018,2019-01-19,Liverpool,Crystal Palace,J Moss,4,3,6,8,0,1,1,0,full,0,0,,0,1,0.125,2,-1,0,8,1721.285900208271,1436.8136935118148,284.47220669645617
2018/19,2018,2019-01-19,Man United,Brighton,P Tierney,2,1,11,11,1,0,0,0,full,0,0,,0,-1,-0.0909090909090909,0,0,0,8,1652.9642641377968,1425.7503848777917,227.21387926000511
2018/19,2018,2019-01-19,Newcastle,Cardiff,S Attwell,3,0,11,6,0,1,0,0,full,0,0,,0,1,0.1666666666666666,-5,0,0,8,1396.0824561340646,1383.1471746385992,12.93528149546546
2018/19,2018,2019-01-19,Southampton,Everton,G Scott,2,1,12,11,2,1,0,0,full,0,0,,0,-1,-0.0757575757575757,-1,0,0,8,1428.8413130658544,1487.9258547660977,-59.084541700243335
2018/19,2018,2019-01-19,Watford,Burnley,M Oliver,0,0,14,9,1,2,0,0,full,0,0,,0,1,0.1507936507936507,-5,0,0,8,1449.6540986074504,1422.2004588568552,27.45363975059513
2018/19,2018,2019-01-19,Wolves,Leicester,C Kavanagh,4,3,11,10,3,3,0,0,full,0,0,,0,0,0.0272727272727272,-1,0,0,8,1440.964910965378,1477.2678453636254,-36.30293439824732
2018/19,2018,2019-01-20,Fulham,Tottenham,C Pawson,1,2,10,8,2,3,0,0,full,0,0,,0,1,0.175,-2,0,0,8,1357.2441435385863,1675.6075360556968,-318.36339251711047
2018/19,2018,2019-01-20,Huddersfield,Man City,A Marriner,0,3,10,9,2,2,0,0,full,0,0,,0,0,0.0222222222222222,-1,0,0,8,1318.885212636999,1756.31437197487,-437.42915933787094
2018/19,2018,2019-01-29,Arsenal,Cardiff,M Dean,2,1,14,12,3,3,0,0,full,0,0,,0,0,0.0357142857142857,-2,0,0,8,1603.4342104622267,1375.2161180650012,228.21809239722552
2018/19,2018,2019-01-29,Fulham,Brighton,L Probert,4,2,10,5,2,3,0,0,full,0,0,,0,1,0.3999999999999999,-5,0,0,8,1353.5574744017224,1422.5372130724404,-68.979738670718
2018/19,2018,2019-01-29,Huddersfield,Everton,S Attwell,0,1,13,10,1,4,0,1,full,0,0,,0,3,0.3230769230769231,-3,1,0,8,1316.8405541838033,1477.9522037130487,-161.11164952924537
2018/19,2018,2019-01-29,Man United,Burnley,J Moss,2,2,10,9,1,3,0,0,full,0,0,,0,2,0.2333333333333333,-1,0,0,8,1656.177435943148,1424.6657299806834,231.5117059624647
2018/19,2018,2019-01-29,Newcastle,Man City,P Tierney,2,1,9,7,2,3,0,0,full,0,0,,0,1,0.2063492063492063,-2,0,0,8,1404.0135127076626,1758.3590304280658,-354.3455177204032
2018/19,2018,2019-01-29,Wolves,West Ham,D Coote,3,0,8,10,4,1,0,0,full,0,0,,0,-3,-0.4,2,0,0,8,1450.283910270109,1470.587774059413,-20.30386378930416
2018/19,2018,2019-01-30,Bournemouth,Chelsea,R East,4,0,8,6,1,0,0,0,full,0,0,,0,-1,-0.125,-2,0,0,8,1455.063620997898,1639.964775140711,-184.90115414281308
2018/19,2018,2019-01-30,Liverpool,Leicester,M Atkinson,1,1,13,6,1,3,0,0,full,0,0,,0,2,0.4230769230769231,-7,0,0,8,1723.706012806131,1467.9488460588946,255.7571667472364
2018/19,2018,2019-01-30,Southampton,Crystal Palace,A Marriner,1,1,11,8,2,2,0,1,full,0,0,,0,0,0.0681818181818181,-3,1,0,8,1438.8149641189034,1434.3935809139548,4.421383204948597
2018/19,2018,2019-01-30,Tottenham,Watford,G Scott,2,1,6,9,0,4,0,0,full,0,0,,0,4,0.4444444444444444,3,0,0,8,1679.2942051925606,1447.1888274836222,232.10537770893848
2018/19,2018,2019-02-02,Brighton,Watford,S Hooper,0,0,15,10,1,0,0,0,full,0,0,,0,-1,-0.0666666666666666,-5,0,0,8,1412.278812952254,1444.050871944933,-31.77205899267915
2018/19,2018,2019-02-02,Burnley,Southampton,A Taylor,1,1,10,9,3,1,0,0,full,0,0,,0,-2,-0.1888888888888888,-1,0,0,8,1431.5187225742623,1436.9817288130341,-5.463006238771868
2018/19,2018,2019-02-02,Cardiff,Bournemouth,J Moss,2,0,17,14,1,2,0,0,full,0,0,,0,1,0.0840336134453781,-3,0,0,8,1372.0185059837922,1468.511307271627,-96.49280128783471
2018/19,2018,2019-02-02,Chelsea,Huddersfield,P Tierney,5,0,8,5,0,0,0,0,full,0,0,,0,0,0.0,-3,0,0,8,1626.517088866982,1309.67131271698,316.84577615000194
2018/19,2018,2019-02-02,Crystal Palace,Fulham,M Oliver,2,0,9,12,2,3,0,0,full,0,0,,0,1,0.0277777777777777,3,0,0,8,1436.226816219824,1363.8158745219089,72.41094169791518
2018/19,2018,2019-02-02,Everton,Wolves,L Mason,1,3,12,14,3,1,0,0,full,0,0,,0,-2,-0.1785714285714285,2,0,0,8,1485.121445179872,1459.1463094528985,25.97513572697335
2018/19,2018,2019-02-02,Tottenham,Newcastle,A Marriner,1,0,6,6,0,1,0,0,full,0,0,,0,1,0.1666666666666666,0,0,0,8,1682.4321607312497,1420.90952240484,261.52263832640983
2018/19,2018,2019-02-03,Leicester,Man United,M Dean,0,1,14,9,4,4,0,0,full,0,0,,0,0,0.1587301587301587,-5,0,0,8,1475.1545106412636,1649.3244433495693,-174.16993270830562
2018/19,2018,2019-02-03,Man City,Arsenal,M Atkinson,3,1,11,8,1,1,0,0,full,0,0,,0,0,0.034090909090909,-3,0,0,8,1741.4630207308885,1606.6318225434356,134.83119818745286
2018/19,2018,2019-02-04,West Ham,Liverpool,K Friend,1,1,9,11,1,1,0,0,full,0,0,,0,0,-0.0202020202020201,2,0,0,8,1461.7253748766234,1716.5003482237619,-254.77497334713848
2018/19,2018,2019-02-06,Everton,Man City,C Pawson,0,2,12,6,1,1,0,0,full,0,0,,0,0,0.0833333333333333,-6,0,0,8,1472.6961842632104,1746.377540996656,-273.6813567334457
2018/19,2018,2019-02-09,Brighton,Burnley,S Attwell,1,3,8,7,1,1,0,0,full,0,0,,0,0,0.0178571428571428,-1,0,0,8,1411.4681304876005,1429.961788175375,-18.49365768777443
2018/19,2018,2019-02-09,Crystal Palace,West Ham,C Pawson,1,1,12,9,3,0,0,0,full,0,0,,0,-3,-0.25,-3,0,0,8,1442.5901115587021,1466.809654752646,-24.21954319394399
2018/19,2018,2019-02-09,Fulham,Man United,P Tierney,0,3,14,9,3,2,0,0,full,0,0,,0,-1,0.0079365079365079,-5,0,0,8,1357.4525791830308,1656.1517535242062,-298.6991743411754
2018/19,2018,2019-02-09,Huddersfield,Arsenal,J Moss,1,2,17,12,3,2,0,0,full,0,0,,0,-1,-0.0098039215686274,-5,0,0,8,1307.6204815781473,1601.717302277668,-294.0968206995208
2018/19,2018,2019-02-09,Liverpool,Bournemouth,A Taylor,3,0,14,6,2,2,0,0,full,0,0,,0,0,0.1904761904761904,-8,0,0,8,1711.4160683477392,1457.4648056288022,253.95126271893696
2018/19,2018,2019-02-09,Southampton,Cardiff,M Atkinson,1,2,15,12,3,3,0,0,full,0,0,,0,0,0.0499999999999999,-3,0,0,8,1438.5386632119214,1383.065007626617,55.473655585304414
2018/19,2018,2019-02-09,Watford,Everton,L Probert,1,0,21,10,2,0,0,1,full,0,0,,0,-2,-0.0952380952380952,-11,1,0,8,1444.8615544095865,1468.1727264524518,-23.311172042865337
2018/19,2018,2019-02-10,Man City,Chelsea,M Dean,6,0,9,13,1,2,0,0,full,0,0,,0,1,0.0427350427350427,4,0,0,8,1750.9009988074147,1628.5679200058148,122.33307880159987
2018/19,2018,2019-02-10,Tottenham,Leicester,M Oliver,3,1,11,4,3,1,0,0,full,0,0,,0,-2,-0.0227272727272727,-7,0,0,8,1685.1476629899803,1468.3272004666267,216.82046252335363
2018/19,2018,2019-02-11,Wolves,Newcastle,G Scott,1,1,7,9,1,3,0,0,full,0,0,,0,2,0.1904761904761904,2,0,0,8,1471.57157036956,1418.1940201461093,53.377550223450726
2018/19,2018,2019-02-22,Cardiff,Watford,S Hooper,1,5,10,11,1,2,0,0,full,0,0,,0,1,0.0818181818181818,1,0,0,8,1396.2714041585793,1453.809472786095,-57.53806862751571
2018/19,2018,2019-02-22,West Ham,Fulham,L Mason,3,1,11,11,1,1,0,0,full,0,0,,0,0,0.0,0,0,0,8,1467.8358736906252,1353.4132948501817,114.42257884044352
2018/19,2018,2019-02-23,Bournemouth,Wolves,R East,1,1,10,15,4,5,0,0,full,0,0,,0,1,-0.0666666666666667,5,0,0,8,1454.6453862525136,1468.419406258359,-13.774020005845387
2018/19,2018,2019-02-23,Burnley,Tottenham,M Dean,2,1,9,12,1,3,0,0,full,0,0,,0,2,0.1388888888888889,3,0,0,8,1441.150785714371,1688.5254850701924,-247.37469935582135
2018/19,2018,2019-02-23,Leicester,Crystal Palace,A Taylor,1,4,7,14,2,1,0,0,full,0,0,,0,-1,-0.2142857142857142,7,0,0,8,1464.9493783864145,1441.563892620723,23.385485765691556
2018/19,2018,2019-02-23,Newcastle,Huddersfield,K Friend,2,0,11,7,2,0,0,1,full,0,0,,0,-2,-0.1818181818181818,-4,1,0,8,1421.3461842573104,1303.4951217271328,117.85106253017761
2018/19,2018,2019-02-24,Arsenal,Southampton,G Scott,2,0,7,14,0,0,0,0,full,0,0,,0,0,0.0,7,0,0,8,1605.8426621286826,1425.332266679959,180.51039544872356
2018/19,2018,2019-02-24,Man United,Liverpool,M Oliver,0,0,15,17,1,3,0,0,full,0,0,,0,2,0.1098039215686274,2,0,0,8,1660.1910378570553,1714.2354877240277,-54.0444498669724
2018/19,2018,2019-02-26,Cardiff,Everton,K Friend,0,3,12,12,3,1,0,0,full,0,0,,0,-2,-0.1666666666666666,0,0,0,8,1386.2005452635747,1459.2248080759432,-73.02426281236853
2018/19,2018,2019-02-26,Huddersfield,Wolves,D Coote,1,0,10,10,2,2,0,0,full,0,0,,0,0,0.0,0,0,0,8,1298.2093372012878,1469.7421013028436,-171.5327641015558
2018/19,2018,2019-02-26,Leicester,Brighton,L Probert,2,1,6,4,1,1,0,0,full,0,0,,0,0,0.0833333333333333,-2,0,0,8,1452.5943951936524,1400.2791329486045,52.31526224504796
2018/19,2018,2019-02-26,Newcastle,Burnley,C Pawson,2,0,8,8,1,3,0,0,full,0,0,,0,2,0.25,0,0,0,8,1426.6319687831553,1456.0754234186036,-29.443454635448234
2018/19,2018,2019-02-27,Arsenal,Bournemouth,C Kavanagh,5,1,11,9,2,2,0,0,full,0,0,,0,0,0.0404040404040403,-2,0,0,8,1609.8484420027396,1453.322691208029,156.52575079471058
2018/19,2018,2019-02-27,Chelsea,Tottenham,A Marriner,2,0,7,14,1,1,0,0,full,0,0,,0,0,-0.0714285714285714,7,0,0,8,1623.3818569340065,1673.60084736596,-50.21899043195344
2018/19,2018,2019-02-27,Crystal Palace,Man United,M Atkinson,1,3,8,9,2,3,0,0,full,0,0,,0,1,0.0833333333333333,1,0,0,8,1453.918875813485,1660.0196401319927,-206.10076431850757
2018/19,2018,2019-02-27,Liverpool,Watford,G Scott,5,0,5,7,0,2,0,0,full,0,0,,0,2,0.2857142857142857,2,0,0,8,1714.4068854490904,1463.8803316810997,250.52655376799066
2018/19,2018,2019-02-27,Man City,West Ham,S Attwell,1,0,2,6,0,2,0,0,full,0,0,,1,2,,4,0,0,8,1756.087061879223,1473.1987636945244,282.88829818469867
2018/19,2018,2019-02-27,Southampton,Fulham,A Taylor,2,0,15,13,0,1,0,0,full,0,0,,0,1,0.0769230769230769,-2,0,0,8,1421.326486805902,1348.0504048462826,73.27608195961943
2018/19,2018,2019-03-02,Bournemouth,Man City,K Friend,0,1,7,7,1,2,0,0,full,0,0,,0,1,0.1428571428571428,0,0,0,8,1448.856290203379,1758.5266373867398,-309.6703471833607
2018/19,2018,2019-03-02,Brighton,Huddersfield,M Dean,1,0,11,6,2,2,0,0,full,0,0,,0,0,0.1515151515151515,-5,0,0,8,1393.4037334596087,1311.3136001898472,82.09013326976151
2018/19,2018,2019-03-02,Burnley,Crystal Palace,L Probert,1,3,9,9,1,2,0,0,full,0,0,,0,1,0.1111111111111111,0,0,0,8,1446.9526508745344,1447.8924909182465,-0.9398400437121381
2018/19,2018,2019-03-02,Man United,Southampton,S Attwell,3,2,7,10,2,1,0,0,full,0,0,,0,-1,-0.1857142857142857,3,0,0,8,1666.0460250272313,1427.6681942775012,238.37783074973004
2018/19,2018,2019-03-02,Tottenham,Arsenal,A Taylor,1,1,15,14,3,2,0,1,full,0,0,,0,-1,-0.0571428571428571,-1,1,0,8,1663.88229310329,1614.3148430073895,49.56745009590054
2018/19,2018,2019-03-02,West Ham,Newcastle,C Kavanagh,2,0,8,14,3,4,0,0,full,0,0,,0,1,-0.0892857142857143,6,0,0,8,1470.7591881870076,1435.7547413272246,35.004446859783
2018/19,2018,2019-03-02,Wolves,Cardiff,A Marriner,2,0,11,6,1,2,0,0,full,0,0,,0,1,0.2424242424242424,-5,0,0,8,1456.6378383142842,1376.5752381834327,80.06260013085148
2018/19,2018,2019-03-03,Everton,Liverpool,M Atkinson,0,0,12,10,1,2,0,0,full,0,0,,0,1,0.1166666666666666,-2,0,0,8,1468.8501151560852,1717.2743907063302,-248.42427555024506
2018/19,2018,2019-03-03,Fulham,Chelsea,G Scott,1,2,11,10,2,1,0,0,full,0,0,,0,-1,-0.0818181818181818,-1,0,0,8,1341.7086973746834,1633.1004111966763,-291.3917138219929
2018/19,2018,2019-03-03,Watford,Leicester,J Moss,2,1,15,12,5,1,0,0,full,0,0,,0,-4,-0.25,-3,0,0,8,1461.01282642386,1459.4697946826482,1.5430317412117347
2018/19,2018,2019-03-09,Cardiff,West Ham,G Scott,2,0,7,12,2,1,0,0,full,0,0,,0,-1,-0.2023809523809523,5,0,0,8,1370.4014993293126,1478.0909153068087,-107.68941597749608
2018/19,2018,2019-03-09,Crystal Palace,Brighton,C Pawson,1,2,8,18,1,5,0,0,full,0,0,,0,4,0.1527777777777778,10,0,0,8,1459.5761925996242,1399.5277704010948,60.04842219852935
2018/19,2018,2019-03-09,Huddersfield,Bournemouth,A Taylor,0,2,14,9,3,1,0,0,full,0,0,,0,-2,-0.1031746031746031,-5,0,0,8,1305.189563248361,1445.0167598168614,-139.8271965685003
2018/19,2018,2019-03-09,Leicester,Fulham,D Coote,3,1,9,13,0,2,0,0,full,0,0,,0,2,0.1538461538461538,4,0,0,8,1451.222848667842,1337.5321153458663,113.69073332197581
2018/19,2018,2019-03-09,Man City,Watford,P Tierney,3,1,11,7,1,1,0,0,full,0,0,,0,0,0.0519480519480519,-4,0,0,8,1762.3661677732575,1469.259772438666,293.1063953345915
2018/19,2018,2019-03-09,Newcastle,Everton,L Mason,3,2,13,10,3,1,0,0,full,0,0,,0,-2,-0.1307692307692307,-3,0,0,8,1428.4230142074234,1473.7976016701539,-45.37458746273046
2018/19,2018,2019-03-09,Southampton,Tottenham,K Friend,2,1,16,9,4,2,0,0,full,0,0,,0,-2,-0.0277777777777777,-7,0,0,8,1424.6245853609591,1660.8292347854651,-236.204649424506
2018/19,2018,2019-03-10,Arsenal,Man United,J Moss,2,0,12,18,2,2,0,0,full,0,0,,0,0,-0.0555555555555555,6,0,0,8,1617.3679013252145,1669.0896339437734,-51.72173261855892
2018/19,2018,2019-03-10,Chelsea,Wolves,M Oliver,1,1,8,14,1,4,0,0,full,0,0,,0,3,0.1607142857142857,6,0,0,8,1637.2769932254935,1462.8115771684043,174.46541605708921
2018/19,2018,2019-03-10,Liverpool,Burnley,A Marriner,4,2,4,7,2,0,0,0,full,0,0,,0,-2,-0.5,3,0,0,8,1712.3269041922615,1435.2689491931567,277.0579549991048
2018/19,2018,2019-03-16,Bournemouth,Newcastle,M Dean,2,2,9,12,3,2,0,0,full,0,0,,0,-1,-0.1666666666666666,3,0,0,8,1452.7587429757673,1438.0023094655016,14.756433510265651
2018/19,2018,2019-03-16,Burnley,Leicester,M Oliver,1,2,9,10,1,1,0,1,full,0,0,,0,0,-0.0111111111111111,1,1,0,8,1432.7565667013032,1456.6022896289462,-23.84572292764301
2018/19,2018,2019-03-16,West Ham,Huddersfield,J Moss,4,3,7,15,0,2,0,0,full,0,0,,0,2,0.1333333333333333,8,0,0,8,1466.726859394475,1297.4475800894552,169.27927930501983
2018/19,2018,2019-03-17,Everton,Chelsea,A Taylor,2,0,17,9,1,2,0,0,full,0,0,,0,1,0.1633986928104575,-8,0,0,8,1464.2183064120757,1631.395409702801,-167.17710329072543
2018/19,2018,2019-03-17,Fulham,Liverpool,C Pawson,1,2,11,7,2,1,0,0,full,0,0,,0,-1,-0.0389610389610389,-4,0,0,8,1332.1526743847621,1714.839286684115,-382.6866122993529
2018/19,2018,2019-03-30,Brighton,Southampton,M Oliver,0,1,8,10,1,2,0,0,full,0,0,,0,1,0.075,2,0,0,8,1412.8517986605723,1439.3018623480589,-26.45006368748659
2018/19,2018,2019-03-30,Burnley,Wolves,C Kavanagh,2,0,12,10,1,1,0,0,full,0,0,,0,0,0.0166666666666666,-2,0,0,8,1421.7197028407268,1468.6931606910966,-46.97345785036987
2018/19,2018,2019-03-30,Crystal Palace,Huddersfield,L Probert,2,0,10,7,0,0,0,0,full,0,0,,0,0,0.0,-3,0,0,8,1446.2521643401467,1293.2306739006501,153.02149043949657
2018/19,2018,2019-03-30,Fulham,Man City,K Friend,0,2,4,12,2,0,0,0,full,0,0,,0,-2,-0.5,8,0,0,8,1329.452858252178,1764.6825259811442,-435.2296677289662
2018/19,2018,2019-03-30,Leicester,Bournemouth,L Mason,2,0,6,12,0,2,0,0,full,0,0,,0,2,0.1666666666666666,6,0,0,8,1467.6391534895226,1450.6396811146046,16.999472374918014
2018/19,2018,2019-03-30,Man United,Watford,S Attwell,2,1,14,9,1,2,0,0,full,0,0,,0,1,0.1507936507936507,-5,0,0,8,1659.3278565529909,1466.9434142307794,192.3844423222115
2018/19,2018,2019-03-30,West Ham,Everton,P Tierney,0,2,7,14,1,1,0,0,full,0,0,,0,0,-0.0714285714285714,7,0,0,8,1470.94376558328,1477.2088476225854,-6.265082039305298
2018/19,2018,2019-03-31,Cardiff,Chelsea,C Pawson,1,2,8,14,2,3,0,0,full,0,0,,0,1,-0.0357142857142857,6,0,0,8,1381.7655552416463,1618.4048684922914,-236.63931325064505
2018/19,2018,2019-03-31,Liverpool,Tottenham,M Atkinson,2,1,5,8,0,1,0,0,full,0,0,,0,1,0.125,3,0,0,8,1717.5391028166991,1646.1519577983654,71.38714501833374
2018/19,2018,2019-04-01,Arsenal,Newcastle,A Taylor,2,0,11,10,2,0,0,0,full,0,0,,0,-2,-0.1818181818181818,-1,0,0,8,1627.129678715997,1440.1213713266643,187.00830738933269
2018/19,2018,2019-04-02,Watford,Fulham,R East,4,1,12,5,3,2,0,0,full,0,0,,0,-1,0.15,-7,0,0,8,1463.1521218187502,1327.3848410616663,135.76728075708388
2018/19,2018,2019-04-02,Wolves,Man United,M Dean,2,1,5,11,1,2,0,1,full,0,0,,0,1,-0.0181818181818181,6,1,0,8,1459.067919123433,1663.11914896502,-204.05122984158697
2018/19,2018,2019-04-03,Chelsea,Brighton,G Scott,3,0,5,9,0,0,0,0,full,0,0,,0,0,0.0,4,0,0,8,1623.7178235361457,1401.8891441662008,221.8286793699449
2018/19,2018,2019-04-03,Man City,Cardiff,J Moss,2,0,3,17,0,3,0,0,full,0,0,,0,3,0.1764705882352941,14,0,0,8,1766.7505431716559,1376.452600197792,390.2979429738639
2018/19,2018,2019-04-03,Tottenham,Crystal Palace,A Marriner,2,0,8,5,1,0,0,0,full,0,0,,0,-1,-0.125,-3,0,0,8,1639.7630650903902,1450.7889321357948,188.97413295459546
2018/19,2018,2019-04-05,Southampton,Liverpool,P Tierney,1,3,8,7,2,4,0,0,full,0,0,,0,2,0.3214285714285714,-1,0,0,8,1450.2645168424303,1723.9279955246743,-273.663478682244
2018/19,2018,2019-04-06,Bournemouth,Burnley,M Atkinson,1,3,12,16,2,3,0,0,full,0,0,,0,1,0.0208333333333333,4,0,0,8,1442.8203187185582,1431.3449444083903,11.475374310167808
2018/19,2018,2019-04-06,Huddersfield,Leicester,D Coote,1,4,13,11,3,0,0,0,full,0,0,,0,-3,-0.2307692307692307,-2,0,0,8,1288.693906105002,1475.458515885569,-186.76460978056707
2018/19,2018,2019-04-06,Newcastle,Crystal Palace,S Attwell,0,1,12,13,1,2,0,0,full,0,0,,0,1,0.0705128205128205,1,0,0,8,1436.234074973349,1446.9369526893506,-10.702877716001694
2018/19,2018,2019-04-07,Everton,Arsenal,K Friend,1,0,8,9,1,4,0,0,full,0,0,,0,3,0.3194444444444444,1,0,0,8,1488.743247970074,1631.0169750693124,-142.27372709923839
2018/19,2018,2019-04-08,Chelsea,West Ham,C Kavanagh,2,0,8,7,2,1,0,0,full,0,0,,0,-1,-0.1071428571428571,-1,0,0,8,1627.0154819212107,1459.4093652357915,167.60611668541924
2018/19,2018,2019-04-12,Leicester,Newcastle,C Kavanagh,0,1,6,10,2,3,0,0,full,0,0,,0,1,-0.0333333333333333,4,0,0,8,1481.963658021246,1424.824635511018,57.13902251022796
2018/19,2018,2019-04-13,Brighton,Bournemouth,K Friend,0,5,10,6,2,4,1,0,full,0,0,,0,2,0.4666666666666666,-4,-1,0,8,1398.5914857811358,1430.7916309020877,-32.2001451209519
2018/19,2018,2019-04-13,Burnley,Cardiff,M Dean,2,0,7,10,2,3,0,0,full,0,0,,0,1,0.0142857142857142,3,0,0,8,1443.3736322248608,1375.0596587334146,68.31397349144618
2018/19,2018,2019-04-13,Fulham,Everton,L Probert,2,0,8,10,2,1,0,0,full,0,0,,0,-1,-0.15,2,0,0,8,1322.4902681097317,1501.0679841326091,-178.57771602287744
2018/19,2018,2019-04-13,Man United,West Ham,G Scott,2,1,14,5,1,1,0,0,full,0,0,,0,0,0.1285714285714286,-9,0,0,8,1649.1953259926674,1455.1603181672097,194.0350078254578
2018/19,2018,2019-04-13,Southampton,Wolves,J Moss,3,1,13,8,1,3,0,0,full,0,0,,0,2,0.2980769230769231,-5,0,0,8,1445.7406987828267,1472.9917420957856,-27.251043312958927
2018/19,2018,2019-04-13,Tottenham,Huddersfield,L Mason,4,0,10,12,2,2,0,0,full,0,0,,0,0,-0.0333333333333333,2,0,0,8,1643.6150445368344,1282.1887639693252,361.42628056750914
2018/19,2018,2019-04-14,Crystal Palace,Man City,M Atkinson,1,3,5,11,0,0,0,0,full,0,0,,0,0,0.0,6,0,0,8,1458.3463921516816,1768.1434846360332,-309.79709248435165
2018/19,2018,2019-04-14,Liverpool,Chelsea,M Oliver,2,0,5,9,0,1,0,0,full,0,0,,0,1,0.1111111111111111,4,0,0,8,1728.451813584278,1631.2645289897926,97.18728459448539
2018/19,2018,2019-04-15,Watford,Arsenal,C Pawson,0,1,12,8,2,0,1,0,full,0,0,,0,-2,-0.1666666666666666,-4,-1,0,8,1468.0466947706848,1618.6922389067772,-150.64554413609244
2018/19,2018,2019-04-16,Brighton,Cardiff,A Marriner,0,2,11,13,0,1,0,0,full,0,0,,0,1,0.0769230769230769,2,0,0,8,1387.7930448658833,1368.5936029361726,19.1994419297107
2018/19,2018,2019-04-20,Bournemouth,Fulham,D Coote,0,1,11,18,1,3,0,0,full,0,0,,0,2,0.0757575757575757,7,0,0,8,1441.5900718173402,1335.7765903600348,105.81348145730544
2018/19,2018,2019-04-20,Huddersfield,Watford,R East,1,2,15,9,2,2,0,0,full,0,0,,0,0,0.0888888888888888,-6,0,0,8,1280.5644229174525,1460.5980554056557,-180.03363248820324
2018/19,2018,2019-04-20,Man City,Tottenham,M Oliver,1,0,11,11,1,2,0,0,full,0,0,,0,1,0.0909090909090909,0,0,0,8,1771.980751983516,1645.2393855887071,126.74136639480889
2018/19,2018,2019-04-20,Newcastle,Southampton,A Taylor,3,1,5,11,0,2,0,0,full,0,0,,0,2,0.1818181818181818,6,0,0,8,1438.0739708404174,1454.8008897222057,-16.72691888178838
2018/19,2018,2019-04-20,West Ham,Leicester,L Probert,2,2,8,9,2,0,0,0,full,0,0,,0,-2,-0.25,1,0,0,8,1451.3981337157554,1468.7143226918465,-17.316188976091098
2018/19,2018,2019-04-20,Wolves,Brighton,C Pawson,0,0,0,8,0,1,0,0,full,0,0,,1,1,,8,0,0,8,1463.9315511564066,1375.552182001523,88.37936915488353
2018/19,2018,2019-04-21,Arsenal,Crystal Palace,J Moss,2,3,15,12,4,1,0,0,full,0,0,,0,-3,-0.1833333333333333,-3,0,0,8,1626.1408782718063,1454.5091248041988,171.6317534676075
2018/19,2018,2019-04-21,Cardiff,Liverpool,M Atkinson,0,2,6,5,1,1,0,0,full,0,0,,0,0,0.0333333333333333,-1,0,0,8,1380.8344658005328,1734.2129401680215,-353.3784743674887
2018/19,2018,2019-04-21,Everton,Man United,P Tierney,4,0,11,7,1,1,0,0,full,0,0,,0,0,0.0519480519480519,-4,0,0,8,1487.781661882306,1652.9575104441217,-165.17584856181566
2018/19,2018,2019-04-22,Chelsea,Burnley,K Friend,2,2,9,4,2,1,0,0,full,0,0,,0,-1,0.0277777777777777,-5,0,0,8,1625.503402406049,1449.8396880221028,175.66371438394617
2018/19,2018,2019-04-23,Tottenham,Brighton,C Kavanagh,1,0,7,13,1,2,0,0,full,0,0,,0,1,0.010989010989011,6,0,0,8,1640.1502029697353,1379.5808808987815,260.56932207095383
2018/19,2018,2019-04-23,Watford,Southampton,M Dean,1,1,10,14,5,2,0,0,full,0,0,,0,-3,-0.3571428571428571,4,0,0,8,1467.2744057993066,1446.039988481987,21.23441731731964
2018/19,2018,2019-04-24,Man United,Man City,A Marriner,0,2,10,10,2,2,0,0,full,0,0,,0,0,0.0,0,0,0,8,1640.0195084683403,1777.0699346024878,-137.05042613414753
2018/19,2018,2019-04-24,Wolves,Arsenal,S Attwell,3,1,12,9,2,3,0,0,full,0,0,,0,1,0.1666666666666666,-3,0,0,8,1459.9028522591482,1610.3128961998095,-150.41004394066135
2018/19,2018,2019-04-26,Liverpool,Huddersfield,K Friend,5,0,5,14,0,0,0,0,full,0,0,,0,0,0.0,9,0,0,8,1737.3315559270466,1273.8880725238016,463.44348340324495
2018/19,2018,2019-04-27,Brighton,Newcastle,M Dean,1,1,7,10,2,3,0,0,full,0,0,,0,1,0.0142857142857142,3,0,0,8,1376.8524742505524,1446.8348720806362,-69.98239783008376
2018/19,2018,2019-04-27,Crystal Palace,Everton,L Mason,0,0,9,15,2,0,0,0,full,0,0,,0,-2,-0.2222222222222222,6,0,0,8,1470.3371068761955,1500.7196638580874,-30.382556981891867
2018/19,2018,2019-04-27,Fulham,Cardiff,C Kavanagh,1,0,10,8,0,0,0,0,full,0,0,,0,0,0.0,-2,0,0,8,1350.2169721192276,1377.7158500415078,-27.498877922280144
2018/19,2018,2019-04-27,Southampton,Bournemouth,G Scott,3,3,8,9,2,1,0,0,full,0,0,,0,-1,-0.1388888888888889,1,0,0,8,1448.3364079546236,1427.1496900581474,21.18671789647624
2018/19,2018,2019-04-27,Tottenham,West Ham,A Taylor,0,1,3,8,0,2,0,0,full,0,0,,0,2,0.25,5,0,0,8,1642.8786096179647,1450.175738600473,192.7028710174916
2018/19,2018,2019-04-27,Watford,Wolves,S Hooper,1,2,10,11,3,2,0,0,full,0,0,,0,-1,-0.1181818181818181,1,0,0,8,1464.97798632667,1472.447874784073,-7.469888457403158
2018/19,2018,2019-04-28,Burnley,Man City,P Tierney,0,1,5,7,1,1,0,0,full,0,0,,0,0,-0.0571428571428571,2,0,0,8,1455.7437845207603,1784.8879002140436,-329.1441156932833
2018/19,2018,2019-04-28,Leicester,Arsenal,M Oliver,3,0,13,13,3,1,0,1,full,0,0,,0,-2,-0.1538461538461538,0,1,0,8,1469.9367178071288,1597.7678736748846,-127.8311558677558
2018/19,2018,2019-04-28,Man United,Chelsea,M Atkinson,1,1,9,14,3,2,0,0,full,0,0,,0,-1,-0.1904761904761904,5,0,0,8,1632.2015428567845,1619.5993059073915,12.602236949393046
2018/19,2018,2019-05-03,Everton,Burnley,C Kavanagh,2,0,8,9,0,2,0,0,full,0,0,,0,2,0.2222222222222222,1,0,0,8,1501.570063479762,1452.2400888882426,49.32997459151943
2018/19,2018,2019-05-04,Bournemouth,Tottenham,C Pawson,1,0,11,12,1,5,0,2,full,0,0,,0,4,0.3257575757575758,1,2,0,8,1429.4448089905445,1626.6642730929918,-197.21946410244732
2018/19,2018,2019-05-04,Cardiff,Crystal Palace,M Oliver,2,3,14,11,0,0,0,0,full,0,0,,0,0,0.0,-3,0,0,8,1368.6485883796763,1469.486707254521,-100.83811887484467
2018/19,2018,2019-05-04,Newcastle,Liverpool,A Marriner,2,3,10,4,1,1,0,0,full,0,0,,0,0,0.15,-6,0,0,8,1446.5476346097569,1738.268233012567,-291.7205984028101
2018/19,2018,2019-05-04,West Ham,Southampton,S Attwell,3,0,2,11,1,1,0,0,full,0,0,,1,0,,9,0,0,8,1466.390075125446,1446.0412890222265,20.34878610321948
2018/19,2018,2019-05-04,Wolves,Fulham,J Moss,1,0,10,15,1,3,0,0,full,0,0,,0,2,0.1,5,0,0,8,1483.9483965574464,1359.2842337810591,124.66416277638723
2018/19,2018,2019-05-05,Arsenal,Brighton,A Taylor,1,1,9,14,5,2,0,0,full,0,0,,0,-3,-0.4126984126984127,5,0,0,8,1585.8399688677537,1377.1397117214317,208.70025714632197
2018/19,2018,2019-05-05,Chelsea,Watford,P Tierney,3,0,6,12,0,1,0,0,full,0,0,,0,1,0.0833333333333333,6,0,0,8,1621.6590720463644,1453.4774645532966,168.18160749306776
2018/19,2018,2019-05-05,Huddersfield,Man United,L Mason,1,1,10,10,1,1,0,0,full,0,0,,0,0,0.0,0,0,0,8,1272.9513954382812,1630.1417767178116,-357.19038127953036
2018/19,2018,2019-05-06,Man City,Leicester,M Dean,1,0,12,5,3,2,0,0,full,0,0,,0,-1,0.15,-7,0,0,8,1788.3915958465614,1481.8646226142598,306.52697323230154
2018/19,2018,2019-05-12,Brighton,Man City,M Oliver,1,4,12,8,0,0,0,0,full,0,0,,0,0,0.0,-4,0,0,8,1383.628626102077,1790.5543642584175,-406.92573815634046
2018/19,2018,2019-05-12,Burnley,Arsenal,M Dean,1,3,11,3,5,1,0,0,full,0,0,,0,-4,-0.1212121212121212,-8,0,0,8,1445.2869479293554,1579.3510544871083,-134.0641065577529
2018/19,2018,2019-05-12,Crystal Palace,Bournemouth,R East,5,3,11,8,3,0,0,0,full,0,0,,0,-3,-0.2727272727272727,-3,0,0,8,1478.316675145659,1443.2010007067597,35.115674438899305
2018/19,2018,2019-05-12,Fulham,Newcastle,K Friend,0,4,6,8,1,0,0,0,full,0,0,,0,-1,-0.1666666666666666,2,0,0,8,1354.1495496278696,1442.3773050429586,-88.22775541508895
2018/19,2018,2019-05-12,Leicester,Chelsea,A Taylor,0,0,9,8,0,1,0,0,full,0,0,,0,1,0.125,-1,0,0,8,1479.7018542024036,1625.897043991748,-146.19518978934434
2018/19,2018,2019-05-12,Liverpool,Wolves,M Atkinson,2,0,3,11,0,2,0,0,full,0,0,,0,2,0.1818181818181818,8,0,0,8,1742.4385625793652,1489.0830807106358,253.35548186872938
2018/19,2018,2019-05-12,Man United,Cardiff,J Moss,0,2,9,6,3,3,0,0,full,0,0,,0,0,0.1666666666666666,-3,0,0,8,1623.2030661607857,1359.8186204885383,263.38444567224747
2018/19,2018,2019-05-12,Southampton,Huddersfield,L Probert,1,1,8,6,0,1,0,0,full,0,0,,0,1,0.1666666666666666,-2,0,0,8,1438.3135481422087,1279.890105995307,158.4234421469016
2018/19,2018,2019-05-12,Tottenham,Everton,A Marriner,2,2,10,13,0,2,0,0,full,0,0,,0,2,0.1538461538461538,3,0,0,8,1612.9080813767766,1508.5232044386491,104.38487693812749
2018/19,2018,2019-05-12,Watford,West Ham,C Kavanagh,1,4,10,10,1,0,1,0,full,0,0,,0,-1,-0.1,0,-1,0,8,1449.239492607913,1474.1178160054637,-24.87832339755073
2019/20,2019,2019-08-09,Liverpool,Norwich,M Oliver,4,1,9,9,0,2,0,0,full,0,0,,0,2,0.2222222222222222,0,0,1,9,1745.2662985289296,1335.849961344217,409.4163371847126
2019/20,2019,2019-08-10,West Ham,Man City,M Dean,0,5,6,13,2,2,0,0,full,0,0,,0,0,-0.1794871794871794,7,0,1,9,1485.1252697814741,1792.9445925398309,-307.81932275835675
2019/20,2019,2019-08-10,Bournemouth,Sheffield United,K Friend,1,1,10,19,2,1,0,0,full,0,0,,0,-1,-0.1473684210526316,9,0,1,9,1435.8722467914304,1335.849961344217,100.02228544721333
2019/20,2019,2019-08-10,Burnley,Southampton,G Scott,3,0,6,12,0,0,0,0,full,0,0,,0,0,0.0,6,0,1,9,1437.3869698007422,1432.7421687841256,4.644801016616611
2019/20,2019,2019-08-10,Crystal Palace,Everton,J Moss,0,0,16,14,2,1,0,1,full,0,0,,0,-1,-0.0535714285714285,-2,1,1,9,1485.6454290609884,1512.9305147975738,-27.285085736585415
2019/20,2019,2019-08-10,Watford,Brighton,C Pawson,0,3,15,11,0,1,0,0,full,0,0,,0,1,0.0909090909090909,-4,0,1,9,1438.2320388319026,1381.2383978206637,56.99364101123888
2019/20,2019,2019-08-10,Tottenham,Aston Villa,C Kavanagh,3,1,13,9,1,0,0,0,full,0,0,,0,-1,-0.0769230769230769,-4,0,1,9,1608.500771017852,1335.849961344217,272.65080967363497
2019/20,2019,2019-08-11,Leicester,Wolves,A Marriner,0,0,3,13,0,2,0,0,full,0,0,,0,2,0.1538461538461538,10,0,1,9,1482.1330753285354,1486.2553447610715,-4.122269432536086
2019/20,2019,2019-08-11,Newcastle,Arsenal,M Atkinson,0,1,12,7,1,3,0,0,full,0,0,,0,2,0.3452380952380952,-5,0,1,9,1451.5666278849728,1587.2510326157214,-135.6844047307486
2019/20,2019,2019-08-11,Man United,Chelsea,A Taylor,4,0,15,13,3,4,0,0,full,0,0,,0,1,0.1076923076923077,-2,0,1,9,1605.8935147559187,1623.4658228656162,-17.572308109697587
2019/20,2019,2019-08-17,Arsenal,Burnley,M Dean,2,1,13,11,2,1,0,0,full,0,0,,0,-1,-0.0629370629370629,-2,0,1,9,1595.1064754406295,1445.5475208592125,149.55895458141708
2019/20,2019,2019-08-17,Aston Villa,Bournemouth,M Atkinson,1,2,10,13,0,2,0,0,full,0,0,,0,2,0.1538461538461538,3,0,1,9,1333.2813161545769,1431.5666692369596,-98.2853530823827
2019/20,2019,2019-08-17,Brighton,West Ham,A Taylor,1,1,11,10,0,2,0,0,full,0,0,,0,2,0.2,-1,0,1,9,1394.4839900236068,1481.2525733598304,-86.76858333622363
2019/20,2019,2019-08-17,Everton,Watford,L Mason,1,0,11,11,2,3,0,0,full,0,0,,0,1,0.0909090909090908,0,0,1,9,1513.8693526837103,1424.9864466289596,88.88290605475072
2019/20,2019,2019-08-17,Norwich,Newcastle,S Attwell,3,1,9,11,1,3,0,0,full,0,0,,0,2,0.1616161616161616,2,0,1,9,1334.5930617426854,1443.7111850600647,-109.11812331737929
2019/20,2019,2019-08-17,Southampton,Liverpool,A Marriner,1,2,10,6,2,1,0,0,full,0,0,,0,-1,-0.0333333333333333,-4,0,1,9,1424.5816177256554,1746.5231981304612,-321.9415804048058
2019/20,2019,2019-08-17,Man City,Tottenham,M Oliver,2,2,14,4,1,0,0,0,full,0,0,,0,-1,-0.0714285714285714,-10,0,1,9,1796.8172889614746,1611.0694162074922,185.7478727539824
2019/20,2019,2019-08-18,Sheffield United,Crystal Palace,D Coote,1,0,16,11,3,1,0,0,full,0,0,,0,-2,-0.096590909090909,-5,0,1,9,1340.1555388986878,1484.7065911748518,-144.551052276164
2019/20,2019,2019-08-18,Chelsea,Leicester,O Langford,1,1,9,14,1,0,0,0,full,0,0,,0,-1,-0.1111111111111111,5,0,1,9,1614.6809557782015,1480.5385096454393,134.1424461327622
2019/20,2019,2019-08-19,Wolves,Man United,J Moss,1,1,17,8,2,2,0,0,full,0,0,,0,0,0.1323529411764706,-9,0,1,9,1487.8499104441676,1614.6783818433335,-126.82847139916589
2019/20,2019,2019-08-23,Aston Villa,Everton,M Oliver,2,0,10,18,2,3,0,0,full,0,0,,0,1,-0.0333333333333333,8,0,1,9,1324.37881855858,1519.8285201895274,-195.4497016309474
2019/20,2019,2019-08-24,Norwich,Chelsea,M Atkinson,2,3,9,9,1,1,0,0,full,0,0,,0,0,0.0,0,0,1,9,1345.9974511799335,1609.6101878620466,-263.6127366821131
2019/20,2019,2019-08-24,Brighton,Southampton,K Friend,0,2,9,10,1,3,1,0,full,0,0,,0,2,0.1888888888888888,1,-1,1,9,1395.2529308805972,1420.9564855081126,-25.70355462751536
2019/20,2019,2019-08-24,Man United,Crystal Palace,P Tierney,1,2,8,18,2,4,0,0,full,0,0,,0,2,-0.0277777777777777,10,0,1,9,1612.7782793489732,1472.319945951649,140.45833339732417
2019/20,2019,2019-08-24,Sheffield United,Leicester,A Madley,1,2,11,6,1,0,0,0,full,0,0,,0,-1,-0.0909090909090909,-5,0,1,9,1352.5421841218906,1485.6092775615941,-133.0670934397035
2019/20,2019,2019-08-24,Watford,West Ham,C Kavanagh,1,3,12,11,1,1,0,0,full,0,0,,0,0,0.0075757575757575,-1,0,1,9,1419.0272791231425,1480.48363250284,-61.456353379697475
2019/20,2019,2019-08-24,Liverpool,Arsenal,A Taylor,3,1,8,5,1,1,0,0,full,0,0,,0,0,0.075,-3,0,1,9,1750.148330348004,1599.7135380677546,150.43479228024944
2019/20,2019,2019-08-25,Bournemouth,Man City,A Marriner,1,3,7,13,1,3,0,0,full,0,0,,0,2,0.0879120879120879,6,0,1,9,1440.4691668329565,1790.7273585296427,-350.25819169668625
2019/20,2019,2019-08-25,Tottenham,Newcastle,M Dean,0,1,10,5,2,2,0,0,full,0,0,,0,0,0.2,-5,0,1,9,1617.159346639324,1432.3067956228167,184.85255101650728
2019/20,2019,2019-08-25,Wolves,Burnley,C Pawson,1,1,9,11,0,2,0,0,full,0,0,,0,2,0.1818181818181818,2,0,1,9,1489.7500129385278,1440.9404582320874,48.809554706440395
2019/20,2019,2019-08-31,Southampton,Man United,M Dean,1,1,17,7,1,2,1,0,full,0,0,,0,1,0.2268907563025209,-10,-1,1,9,1431.9404227116247,1597.5737156700459,-165.63329295842118
2019/20,2019,2019-08-31,Chelsea,Sheffield United,S Attwell,2,2,6,11,0,1,0,0,full,0,0,,0,1,0.0909090909090909,5,0,1,9,1614.3397392964453,1344.6147587189353,269.72498057751
2019/20,2019,2019-08-31,Crystal Palace,Aston Villa,K Friend,1,0,15,16,2,4,0,1,full,0,0,,0,2,0.1166666666666666,1,1,1,9,1487.5245096305764,1338.091175736039,149.43333389453733
2019/20,2019,2019-08-31,Leicester,Bournemouth,P Bankes,3,1,9,11,1,3,0,0,full,0,0,,0,2,0.1616161616161616,2,0,1,9,1493.5367029645495,1437.3029770236308,56.2337259409187
2019/20,2019,2019-08-31,Man City,Brighton,J Moss,4,0,10,6,1,1,0,0,full,0,0,,0,0,0.0666666666666666,-4,0,1,9,1793.8935483389685,1384.268993677085,409.6245546618834
2019/20,2019,2019-08-31,Newcastle,Watford,G Scott,1,1,5,11,2,3,0,0,full,0,0,,0,1,-0.1272727272727273,6,0,1,9,1448.3804883510436,1409.0691960974193,39.31129225362429
2019/20,2019,2019-08-31,West Ham,Norwich,P Tierney,2,0,16,10,2,1,0,0,full,0,0,,0,-1,-0.0249999999999999,-6,0,1,9,1490.4417155285632,1341.2678997455348,149.17381578302843
2019/20,2019,2019-08-31,Burnley,Liverpool,C Kavanagh,0,3,10,16,0,0,0,0,full,0,0,,0,0,0.0,6,0,1,9,1443.9737227332823,1754.737540270495,-310.7638175372126
2019/20,2019,2019-09-01,Everton,Wolves,A Taylor,3,2,12,12,1,4,0,1,full,0,0,,0,3,0.25,0,1,1,9,1506.1161630120682,1486.7167484373329,19.399414574735374
2019/20,2019,2019-09-01,Arsenal,Tottenham,M Atkinson,2,2,13,19,3,5,0,0,full,0,0,,0,2,0.0323886639676113,6,0,1,9,1595.1243281452637,1601.085653911097,-5.961325765833408
2019/20,2019,2019-09-14,Liverpool,Newcastle,A Marriner,3,1,5,4,0,0,0,0,full,0,0,,0,0,0.0,-1,0,1,9,1758.5575801943562,1445.5974655471343,312.96011464722187
2019/20,2019,2019-09-14,Brighton,Burnley,M Oliver,1,1,13,7,0,2,0,0,full,0,0,,0,2,0.2857142857142857,-6,0,1,9,1383.0135051741217,1440.153682809421,-57.140177635299324
2019/20,2019,2019-09-14,Man United,Leicester,M Atkinson,1,0,14,14,1,2,0,0,full,0,0,,0,1,0.0714285714285714,0,0,1,9,1594.6236885414583,1500.3106927653848,94.31299577607342
2019/20,2019,2019-09-14,Sheffield United,Southampton,L Mason,0,1,10,7,1,1,1,0,full,0,0,,0,0,0.0428571428571428,-3,-1,1,9,1352.0081710254924,1434.8904498402123,-82.88227881471994
2019/20,2019,2019-09-14,Tottenham,Crystal Palace,C Pawson,4,0,19,11,4,2,0,0,full,0,0,,0,-2,-0.0287081339712918,-8,0,1,9,1602.6285900803553,1492.1341368430467,110.49445323730856
2019/20,2019,2019-09-14,Wolves,Chelsea,G Scott,2,5,8,11,1,2,0,0,full,0,0,,0,1,0.0568181818181818,3,0,1,9,1478.9630772521973,1606.9463269898881,-127.98324973769081
2019/20,2019,2019-09-14,Norwich,Man City,K Friend,3,2,8,7,3,1,0,0,full,0,0,,0,-2,-0.2321428571428571,-1,0,1,9,1336.652971223868,1795.1490368419318,-458.49606561806377
2019/20,2019,2019-09-15,Bournemouth,Everton,P Tierney,3,1,5,14,0,4,0,0,full,0,0,,0,4,0.2857142857142857,9,0,1,9,1430.5289872227954,1513.8698341972038,-83.34084697440835
2019/20,2019,2019-09-15,Watford,Arsenal,A Taylor,2,2,14,4,3,3,0,0,full,0,0,,0,0,0.5357142857142857,-10,0,1,9,1411.8522189013286,1593.5813919760055,-181.72917307467696
2019/20,2019,2019-09-16,Aston Villa,West Ham,M Dean,0,0,13,12,2,1,0,1,full,0,0,,0,-1,-0.0705128205128205,-1,1,1,9,1333.4815485235688,1495.05664405023,-161.57509552666124
2019/20,2019,2019-09-20,Southampton,Bournemouth,C Kavanagh,1,3,8,9,1,3,0,0,full,0,0,,0,2,0.2083333333333333,1,0,1,9,1444.2327955206424,1441.1997819613473,3.0330135592951137
2019/20,2019,2019-09-21,Leicester,Tottenham,P Tierney,2,1,16,13,1,2,0,0,full,0,0,,0,1,0.0913461538461538,-3,0,1,9,1494.481464967252,1608.080693378297,-113.59922841104503
2019/20,2019,2019-09-21,Burnley,Norwich,D Coote,2,0,11,10,0,1,0,0,full,0,0,,0,1,0.1,-1,0,1,9,1440.2359932548184,1354.8204289793532,85.41556427546516
2019/20,2019,2019-09-21,Everton,Sheffield United,S Hooper,0,2,9,9,1,3,0,0,full,0,0,,0,2,0.2222222222222222,0,0,1,9,1503.199039458652,1342.6658253450623,160.53321411358957
2019/20,2019,2019-09-21,Man City,Watford,M Dean,8,0,5,9,2,2,0,0,full,0,0,,0,0,-0.1777777777777778,4,0,1,9,1776.9815790864466,1415.2192085091629,361.7623705772837
2019/20,2019,2019-09-21,Newcastle,Brighton,M Atkinson,0,0,12,8,2,1,0,0,full,0,0,,0,-1,-0.0416666666666666,-4,0,1,9,1443.505098388194,1382.9311947287244,60.57390365946958
2019/20,2019,2019-09-22,Crystal Palace,Wolves,S Attwell,1,1,7,10,2,1,0,1,full,0,0,,0,-1,-0.1857142857142857,3,1,1,9,1486.682033545105,1470.8951966089583,15.786836936146756
2019/20,2019,2019-09-22,West Ham,Man United,A Taylor,2,0,8,9,2,2,0,0,full,0,0,,0,0,-0.0277777777777777,1,0,1,9,1492.2136199914632,1600.4529163395912,-108.23929634812794
2019/20,2019,2019-09-22,Arsenal,Aston Villa,J Moss,3,2,13,15,5,1,1,0,full,0,0,,0,-4,-0.317948717948718,2,-1,1,9,1590.2144023681712,1336.3245725823356,253.88982978583567
2019/20,2019,2019-09-22,Chelsea,Liverpool,M Oliver,1,2,8,13,3,3,0,0,full,0,0,,0,0,-0.1442307692307692,5,0,1,9,1615.0142076331272,1760.6499473532965,-145.63573972016934
2019/20,2019,2019-09-28,Sheffield United,Liverpool,A Taylor,0,1,8,4,1,1,0,0,full,0,0,,0,0,0.125,-4,0,1,9,1358.278938188075,1768.2338826362493,-409.9549444481743
2019/20,2019,2019-09-28,Aston Villa,Burnley,L Mason,2,2,10,16,1,4,0,0,full,0,0,,0,3,0.15,6,0,1,9,1333.5042966030112,1446.278998824236,-112.77470222122474
2019/20,2019,2019-09-28,Bournemouth,West Ham,S Attwell,2,2,7,8,3,1,0,0,full,0,0,,0,-2,-0.3035714285714285,1,0,1,9,1452.9943716445443,1503.5932048859656,-50.59883324142129
2019/20,2019,2019-09-28,Chelsea,Brighton,C Kavanagh,2,0,5,13,2,3,0,0,full,0,0,,0,1,-0.1692307692307692,8,0,1,9,1607.4302723501744,1386.2686696511676,221.16160269900683
2019/20,2019,2019-09-28,Crystal Palace,Norwich,J Moss,2,0,14,10,3,1,0,0,full,0,0,,0,-2,-0.1142857142857142,-4,0,1,9,1484.534663905119,1348.7774234099356,135.7572404951834
2019/20,2019,2019-09-28,Tottenham,Southampton,G Scott,2,1,5,16,0,2,1,0,full,0,0,,0,2,0.125,11,-1,1,9,1596.55010676881,1432.4382058374454,164.11190093136474
2019/20,2019,2019-09-28,Wolves,Watford,P Tierney,2,0,5,6,0,1,0,0,full,0,0,,0,1,0.1666666666666666,1,0,1,9,1473.0425662489442,1413.5977524823,59.4448137666443
2019/20,2019,2019-09-28,Everton,Man City,M Oliver,1,3,4,8,2,2,0,0,full,0,0,,0,0,-0.25,4,0,1,9,1487.5859266156392,1778.6030351133095,-291.0171084976703
2019/20,2019,2019-09-29,Leicester,Newcastle,C Pawson,5,0,12,9,1,1,0,1,full,0,0,,0,0,0.0277777777777777,-3,1,1,9,1506.0120515767387,1440.167623465751,65.84442811098779
2019/20,2019,2019-09-30,Man United,Arsenal,K Friend,1,1,18,13,4,2,0,0,full,0,0,,0,-2,-0.0683760683760683,-5,0,1,9,1589.0733314450888,1593.0346783474956,-3.961346902406831
2019/20,2019,2019-10-05,Brighton,Tottenham,J Moss,3,0,11,7,2,1,0,0,full,0,0,,0,-1,-0.0389610389610389,-4,0,1,9,1382.9604225530886,1600.8668522123019,-217.90642965921325
2019/20,2019,2019-10-05,Burnley,Everton,G Scott,1,0,5,12,2,1,0,1,full,0,0,,0,-1,-0.3166666666666667,7,1,1,9,1444.7715964008482,1483.4022145205652,-38.63061811971693
2019/20,2019,2019-10-05,Liverpool,Leicester,C Kavanagh,2,1,9,17,1,4,0,0,full,0,0,,0,3,0.1241830065359477,8,0,1,9,1770.587655271726,1512.5404652748289,258.04718999689703
2019/20,2019,2019-10-05,Norwich,Aston Villa,A Madley,1,5,14,17,1,3,0,0,full,0,0,,0,2,0.1050420168067227,3,0,1,9,1343.8826367971449,1335.011699026399,8.870937770745968
2019/20,2019,2019-10-05,Watford,Sheffield United,A Marriner,0,0,7,6,0,2,0,0,full,0,0,,0,2,0.3333333333333333,-1,0,1,9,1406.906318179172,1355.9251655525982,50.98115262657393
2019/20,2019,2019-10-05,West Ham,Crystal Palace,M Oliver,1,2,11,7,3,2,0,0,full,0,0,,0,-1,0.0129870129870129,-4,0,1,9,1503.863726196643,1489.4294505179098,14.43427567873323
2019/20,2019,2019-10-06,Arsenal,Bournemouth,M Atkinson,1,0,12,6,1,2,0,0,full,0,0,,0,1,0.25,-6,0,1,9,1594.6337576516273,1452.723850333867,141.90990731776037
2019/20,2019,2019-10-06,Man City,Wolves,C Pawson,0,2,11,14,5,2,0,0,full,0,0,,0,-3,-0.3116883116883117,3,0,1,9,1782.7867472083835,1479.734000552072,303.05274665631146
2019/20,2019,2019-10-06,Southampton,Chelsea,P Tierney,1,4,8,15,0,1,0,0,full,0,0,,0,1,0.0666666666666666,7,0,1,9,1428.1214603939536,1610.7385194482533,-182.61705905429972
2019/20,2019,2019-10-06,Newcastle,Man United,M Dean,1,0,12,10,3,3,0,0,full,0,0,,0,0,0.0499999999999999,-2,0,1,9,1433.6392097676608,1587.474252140957,-153.83504237329635
2019/20,2019,2019-10-19,Everton,West Ham,P Tierney,2,0,15,15,2,2,0,0,full,0,0,,0,0,0.0,0,0,1,9,1474.0165003552795,1491.7535221490173,-17.737021793737767
2019/20,2019,2019-10-19,Aston Villa,Brighton,D Coote,2,1,9,17,1,2,0,1,full,0,0,,0,1,0.0065359477124183,8,1,1,9,1346.9684021166374,1397.2162605744463,-50.24785845780889
2019/20,2019,2019-10-19,Bournemouth,Norwich,L Mason,0,0,8,11,1,3,0,0,full,0,0,,0,2,0.1477272727272727,3,0,1,9,1447.9588103393398,1331.9259337069063,116.0328766324335
2019/20,2019,2019-10-19,Chelsea,Newcastle,A Marriner,1,0,9,12,2,1,0,0,full,0,0,,0,-1,-0.1388888888888889,3,0,1,9,1617.348891076205,1446.2761928520017,171.07269822420335
2019/20,2019,2019-10-19,Leicester,Burnley,J Moss,2,1,4,10,0,3,0,0,full,0,0,,0,3,0.3,6,0,1,9,1509.7776691217343,1454.157310566134,55.62035855560043
2019/20,2019,2019-10-19,Tottenham,Watford,C Kavanagh,1,1,5,9,4,3,0,0,full,0,0,,0,-1,-0.4666666666666667,4,0,1,9,1586.6110141909442,1403.81640896168,182.7946052292641
2019/20,2019,2019-10-19,Wolves,Southampton,P Bankes,1,1,10,17,3,2,0,0,full,0,0,,0,-1,-0.1823529411764705,7,0,1,9,1497.5323523721236,1421.5110887660019,76.02126360612169
2019/20,2019,2019-10-19,Crystal Palace,Man City,A Taylor,0,2,8,10,1,1,0,0,full,0,0,,0,0,-0.0249999999999999,2,0,1,9,1501.5396545655356,1764.988395388332,-263.4487408227965
2019/20,2019,2019-10-20,Man United,Liverpool,M Atkinson,1,1,6,14,0,1,0,0,full,0,0,,0,1,0.0714285714285714,8,0,1,9,1574.8372690566162,1773.3504514248204,-198.5131823682043
2019/20,2019,2019-10-21,Sheffield United,Arsenal,M Dean,1,0,10,12,4,4,0,0,full,0,0,,0,0,-0.0666666666666667,2,0,1,9,1359.0150747700902,1599.3987976461544,-240.3837228760642
2019/20,2019,2019-10-25,Southampton,Leicester,A Marriner,0,9,3,12,0,0,1,0,full,0,0,,0,0,0.0,9,-1,1,9,1425.237620956579,1516.5674847611986,-91.32986380461966
2019/20,2019,2019-10-26,Man City,Aston Villa,G Scott,3,0,10,5,1,1,1,0,full,0,0,,0,0,0.1,-5,-1,1,9,1769.721356696912,1356.6877866116608,413.0335700852511
2019/20,2019,2019-10-26,Brighton,Everton,A Madley,3,2,12,12,2,1,0,0,full,0,0,,0,-1,-0.0833333333333333,0,0,1,9,1387.496876079423,1482.8060385515623,-95.3091624721394
2019/20,2019,2019-10-26,Watford,Bournemouth,M Dean,0,0,14,8,5,3,0,0,full,0,0,,0,-2,0.0178571428571428,-6,0,1,9,1409.852585414612,1443.2853966647324,-33.432811250120494
2019/20,2019,2019-10-26,West Ham,Sheffield United,D Coote,1,1,7,10,2,2,0,0,full,0,0,,0,0,-0.0857142857142856,3,0,1,9,1482.9639839527345,1373.785790663854,109.1781932888805
2019/20,2019,2019-10-26,Burnley,Chelsea,M Oliver,2,4,7,8,3,2,0,0,full,0,0,,0,-1,-0.1785714285714285,1,0,1,9,1447.3674949266697,1621.5315445364597,-174.16404960979003
2019/20,2019,2019-10-27,Newcastle,Wolves,K Friend,1,1,8,15,2,2,1,0,full,0,0,,0,0,-0.1166666666666666,7,-1,1,9,1442.093539391747,1493.8058201815466,-51.71228078979948
2019/20,2019,2019-10-27,Arsenal,Crystal Palace,M Atkinson,2,2,18,9,2,0,0,0,full,0,0,,0,-2,-0.1111111111111111,-9,0,1,9,1584.6280817523907,1496.8066932569557,87.82138849543503
2019/20,2019,2019-10-27,Liverpool,Tottenham,A Taylor,2,1,9,11,3,3,0,0,full,0,0,,0,0,-0.0606060606060606,2,0,1,9,1769.5623219687343,1580.5748377380123,188.98748423072198
2019/20,2019,2019-10-27,Norwich,Man United,S Attwell,1,3,13,10,2,2,0,0,full,0,0,,0,0,0.0461538461538461,-3,0,1,9,1336.5993473815138,1578.6253985127023,-242.02605113118852
2019/20,2019,2019-11-02,Bournemouth,Man United,C Kavanagh,1,0,14,12,4,3,0,0,full,0,0,,0,-1,-0.0357142857142857,-2,0,1,9,1444.0485749369336,1583.8182535611313,-139.7696786241977
2019/20,2019,2019-11-02,Arsenal,Wolves,M Oliver,1,1,6,15,0,2,0,0,full,0,0,,0,2,0.1333333333333333,9,0,1,9,1580.612844927529,1494.044314681702,86.5685302458271
2019/20,2019,2019-11-02,Aston Villa,Liverpool,J Moss,1,2,12,9,1,2,0,0,full,0,0,,0,1,0.1388888888888889,-3,0,1,9,1355.4551918799666,1773.4140623911985,-417.9588705112319
2019/20,2019,2019-11-02,Brighton,Norwich,K Friend,2,0,11,8,0,1,0,0,full,0,0,,0,1,0.125,-3,0,1,9,1398.5096710714263,1331.4064923330848,67.10317873834151
2019/20,2019,2019-11-02,Man City,Southampton,L Mason,2,1,11,10,3,1,0,0,full,0,0,,0,-2,-0.1727272727272727,-1,0,1,9,1770.9539514286062,1416.1369306776044,354.8170207510018
2019/20,2019,2019-11-02,Sheffield United,Burnley,S Hooper,3,0,8,12,1,2,0,0,full,0,0,,0,1,0.0416666666666666,4,0,1,9,1378.3035865343588,1440.5400324666373,-62.23644593227846
2019/20,2019,2019-11-02,West Ham,Newcastle,S Attwell,2,3,10,7,2,1,0,0,full,0,0,,0,-1,-0.0571428571428571,-3,0,1,9,1478.4461880822296,1441.8550448915917,36.59114319063792
2019/20,2019,2019-11-02,Watford,Chelsea,A Taylor,1,2,8,5,4,2,0,0,full,0,0,,0,-2,-0.0999999999999999,-3,0,1,9,1409.0894071424107,1628.359006996492,-219.26959985408143
2019/20,2019,2019-11-03,Crystal Palace,Leicester,P Tierney,0,2,15,16,2,2,0,0,full,0,0,,0,0,-0.0083333333333333,1,0,1,9,1500.8219300818173,1525.668175040173,-24.846244958355783
2019/20,2019,2019-11-03,Everton,Tottenham,M Atkinson,1,1,9,8,1,2,0,1,full,0,0,,0,1,0.1388888888888889,-1,1,1,9,1471.793243559559,1576.723097315548,-104.92985375598914
2019/20,2019,2019-11-08,Norwich,Watford,A Marriner,0,2,7,13,1,2,0,1,full,0,0,,0,1,0.010989010989011,6,1,1,9,1324.9099018475426,1403.3773202929951,-78.4674184454525
2019/20,2019,2019-11-09,Chelsea,Crystal Palace,M Dean,2,0,9,17,3,2,0,0,full,0,0,,0,-1,-0.2156862745098039,8,0,1,9,1634.0710938459076,1489.8135623936819,144.25753145222575
2019/20,2019,2019-11-09,Burnley,West Ham,K Friend,3,0,17,10,2,1,0,0,full,0,0,,0,-1,-0.0176470588235294,-7,0,1,9,1430.4756632673707,1465.735549802086,-35.259886534715406
2019/20,2019,2019-11-09,Newcastle,Bournemouth,M Atkinson,2,1,10,5,2,0,0,0,full,0,0,,0,-2,-0.2,-5,0,1,9,1454.5656831717351,1456.3050206277574,-1.7393374560222128
2019/20,2019,2019-11-09,Southampton,Everton,P Tierney,1,2,12,12,1,1,0,0,full,0,0,,0,0,0.0,0,0,1,9,1414.4548969383459,1473.0792678356756,-58.624370897329754
2019/20,2019,2019-11-09,Tottenham,Sheffield United,G Scott,1,1,6,9,2,2,0,0,full,0,0,,0,0,-0.1111111111111111,3,0,1,9,1575.4370730394314,1388.3679557336254,187.069117305806
2019/20,2019,2019-11-09,Leicester,Arsenal,C Kavanagh,2,0,10,10,1,1,0,0,full,0,0,,0,0,0.0,0,0,1,9,1536.6765427283085,1576.6278983231625,-39.95135559485402
2019/20,2019,2019-11-10,Man United,Brighton,J Moss,3,1,10,14,2,5,0,0,full,0,0,,0,3,0.1571428571428571,4,0,1,9,1571.5618078703076,1405.0062615569684,166.55554631333916
2019/20,2019,2019-11-10,Wolves,Aston Villa,A Taylor,2,1,17,8,4,3,0,0,full,0,0,,0,-1,0.1397058823529411,-9,0,1,9,1498.0292612860685,1353.1954318905434,144.83382939552507
2019/20,2019,2019-11-10,Liverpool,Man City,M Oliver,3,1,10,5,0,2,0,0,full,0,0,,0,2,0.4,-5,0,1,9,1775.6738223806217,1772.6359851678646,3.03783721275704
2019/20,2019,2019-11-23,West Ham,Tottenham,M Oliver,2,3,12,14,3,2,0,0,full,0,0,,0,-1,-0.1071428571428571,2,0,1,9,1456.4464264028716,1569.323273243442,-112.87684684057035
2019/20,2019,2019-11-23,Arsenal,Southampton,S Attwell,2,2,13,19,6,2,0,0,full,0,0,,0,-4,-0.3562753036437247,6,0,1,9,1567.204305059034,1404.415303356928,162.7890017021059
2019/20,2019,2019-11-23,Bournemouth,Wolves,S Hooper,1,2,10,12,2,1,1,0,full,0,0,,0,-1,-0.1166666666666666,2,-1,1,9,1447.9663546356892,1502.7334765726143,-54.76712193692515
2019/20,2019,2019-11-23,Brighton,Leicester,M Dean,0,2,9,1,2,0,0,0,full,0,0,,1,-2,,-8,0,1,9,1400.7369421531089,1546.1001359924371,-145.36319383932823
2019/20,2019,2019-11-23,Crystal Palace,Liverpool,K Friend,1,2,8,7,0,1,0,0,full,0,0,,0,1,0.1428571428571428,-1,0,1,9,1485.0974013691382,1783.879098333135,-298.78169696399686
2019/20,2019,2019-11-23,Everton,Norwich,A Taylor,0,2,12,11,3,5,0,0,full,0,0,,0,2,0.2045454545454545,-1,0,1,9,1483.1188614170935,1315.4409368617773,167.67792455531617
2019/20,2019,2019-11-23,Watford,Burnley,P Tierney,0,3,14,13,0,3,0,0,full,0,0,,0,3,0.2307692307692307,-1,0,1,9,1412.8462852787604,1439.7647866665852,-26.91850138782479
2019/20,2019,2019-11-23,Man City,Chelsea,M Atkinson,2,1,5,9,1,1,0,0,full,0,0,,0,0,-0.0888888888888889,4,0,1,9,1764.4307092153513,1638.7872548704513,125.64345434489996
2019/20,2019,2019-11-24,Sheffield United,Man United,A Marriner,3,3,13,10,1,2,0,0,full,0,0,,0,1,0.123076923076923,-3,0,1,9,1394.481755529615,1575.831127274167,-181.34937174455217
2019/20,2019,2019-11-25,Aston Villa,Newcastle,L Mason,2,0,10,9,1,1,0,0,full,0,0,,0,0,0.0111111111111111,-1,0,1,9,1348.4912166039976,1462.9043491638033,-114.41313255980572
2019/20,2019,2019-11-30,Newcastle,Man City,C Kavanagh,2,2,4,6,1,2,0,0,full,0,0,,0,1,0.0833333333333333,2,0,1,9,1451.3508935523244,1769.543908669145,-318.19301511682056
2019/20,2019,2019-11-30,Burnley,Crystal Palace,P Bankes,0,2,13,10,2,0,0,0,full,0,0,,0,-2,-0.1538461538461538,-3,0,1,9,1450.714081659142,1481.0596481026682,-30.345566443526195
2019/20,2019,2019-11-30,Chelsea,West Ham,J Moss,0,1,0,16,0,3,0,0,full,0,0,,1,3,,16,0,1,9,1633.6740554166577,1447.9567018537643,185.71735356289332
2019/20,2019,2019-11-30,Liverpool,Brighton,M Atkinson,2,1,3,10,0,0,1,0,full,0,0,,0,0,0.0,7,-1,1,9,1787.916851599605,1393.1456188828588,394.7712327167462
2019/20,2019,2019-11-30,Tottenham,Bournemouth,L Mason,3,2,10,12,0,2,0,0,full,0,0,,0,2,0.1666666666666666,2,0,1,9,1577.8129977925491,1437.8157516856802,139.99724610686894
2019/20,2019,2019-11-30,Southampton,Watford,M Oliver,2,1,6,10,1,0,0,0,full,0,0,,0,-1,-0.1666666666666666,4,0,1,9,1410.0727243802485,1401.8969902862036,8.175734094044856
2019/20,2019,2019-12-01,Norwich,Arsenal,P Tierney,2,2,8,10,2,1,0,0,full,0,0,,0,-1,-0.15,2,0,1,9,1331.1932728642678,1561.5468840357134,-230.35361117144566
2019/20,2019,2019-12-01,Wolves,Sheffield United,D Coote,1,1,12,18,1,4,0,0,full,0,0,,0,3,0.1388888888888889,6,0,1,9,1512.8840795226233,1397.8390492810224,115.0450302416009
2019/20,2019,2019-12-01,Leicester,Everton,G Scott,2,1,7,9,0,1,0,0,full,0,0,,0,1,0.1111111111111111,2,0,1,9,1553.6914592626872,1467.366525414603,86.32493384808413
2019/20,2019,2019-12-01,Man United,Aston Villa,C Pawson,2,2,16,8,4,1,0,0,full,0,0,,0,-3,-0.125,-8,0,1,9,1572.4738335227596,1360.0446722154766,212.42916130728304
2019/20,2019,2019-12-03,Crystal Palace,Bournemouth,A Taylor,1,0,6,15,3,3,1,0,full,0,0,,0,0,-0.3,9,-1,1,9,1491.9111046885478,1433.0106323461096,58.900472342438206
2019/20,2019,2019-12-03,Burnley,Man City,J Moss,1,4,9,6,1,1,0,0,full,0,0,,0,0,0.0555555555555555,-3,0,1,9,1439.8626250732625,1763.2335279888914,-323.3709029156289
2019/20,2019,2019-12-04,Chelsea,Aston Villa,C Kavanagh,2,1,18,10,2,1,0,0,full,0,0,,0,-1,-0.0111111111111111,-8,0,1,9,1617.5846776480967,1366.5952900908921,250.9893875572045
2019/20,2019,2019-12-04,Leicester,Watford,C Pawson,2,0,13,16,3,2,0,0,full,0,0,,0,-1,-0.1057692307692307,3,0,1,9,1559.7124121982997,1393.8344423983708,165.8779697999289
2019/20,2019,2019-12-04,Man United,Tottenham,P Tierney,2,1,9,9,0,1,0,0,full,0,0,,0,1,0.1111111111111111,0,0,1,9,1565.923215647344,1582.6181171321198,-16.694901484775755
2019/20,2019,2019-12-04,Southampton,Norwich,K Friend,2,1,12,7,1,1,0,0,full,0,0,,0,0,0.0595238095238095,-5,0,1,9,1418.1352722680813,1335.73795366716,82.39731860092138
2019/20,2019,2019-12-04,Wolves,West Ham,A Marriner,2,0,8,9,1,2,0,0,full,0,0,,0,1,0.0972222222222222,1,0,1,9,1508.232917975487,1464.0460796223254,44.18683835316165
2019/20,2019,2019-12-04,Liverpool,Everton,M Dean,5,2,13,17,1,2,0,0,full,0,0,,0,1,0.0407239819004524,4,0,1,9,1789.276790071126,1461.3455724789906,327.93121759213545
2019/20,2019,2019-12-05,Sheffield United,Newcastle,S Attwell,0,2,10,6,2,0,0,0,full,0,0,,0,-2,-0.2,-4,0,1,9,1402.4902108281588,1457.6612742325779,-55.1710634044191
2019/20,2019,2019-12-05,Arsenal,Brighton,G Scott,1,2,10,11,3,1,0,0,full,0,0,,0,-2,-0.209090909090909,1,0,1,9,1557.0022032328213,1391.7856804113378,165.21652282148352
2019/20,2019,2019-12-07,Everton,Chelsea,C Pawson,3,1,14,9,3,0,0,0,full,0,0,,0,-3,-0.2142857142857142,-5,0,1,9,1459.4092482272267,1620.445644634851,-161.03639640762435
2019/20,2019,2019-12-07,Bournemouth,Liverpool,C Kavanagh,0,3,5,6,0,1,0,0,full,0,0,,0,1,0.1666666666666666,1,0,1,9,1426.3052384619298,1791.2131143228899,-364.9078758609601
2019/20,2019,2019-12-07,Tottenham,Burnley,K Friend,5,0,12,8,1,1,0,0,full,0,0,,0,0,0.0416666666666666,-4,0,1,9,1573.8581232673716,1436.2618495120216,137.59627375535
2019/20,2019,2019-12-07,Watford,Crystal Palace,M Atkinson,0,0,15,16,4,2,0,0,full,0,0,,0,-2,-0.1416666666666666,1,0,1,9,1389.5520108025762,1498.6164985727276,-109.06448777015135
2019/20,2019,2019-12-07,Man City,Man United,A Taylor,1,2,10,10,3,2,0,0,full,0,0,,0,-1,-0.0999999999999999,0,0,1,9,1766.8343035501323,1574.6832095120922,192.15109403804013
2019/20,2019,2019-12-08,Aston Villa,Leicester,M Oliver,1,4,21,15,6,2,0,0,full,0,0,,0,-4,-0.1523809523809523,-6,0,1,9,1363.7343231041377,1563.9948437940943,-200.2605206899566
2019/20,2019,2019-12-08,Newcastle,Southampton,D Coote,2,1,11,17,1,3,0,0,full,0,0,,0,2,0.0855614973262032,6,0,1,9,1467.8002532512805,1424.251798547979,43.54845470330156
2019/20,2019,2019-12-08,Norwich,Sheffield United,S Hooper,1,2,6,12,0,4,0,0,full,0,0,,0,4,0.3333333333333333,6,0,1,9,1329.6214273872622,1392.351231809456,-62.729804422193865
2019/20,2019,2019-12-08,Brighton,Wolves,J Moss,2,2,10,7,3,0,0,0,full,0,0,,0,-3,-0.3,-3,0,1,9,1407.4904205187809,1515.3209465574234,-107.83052603864257
2019/20,2019,2019-12-09,West Ham,Arsenal,M Dean,1,3,12,6,2,0,0,0,full,0,0,,0,-2,-0.1666666666666666,-6,0,1,9,1456.958051040389,1541.2974631253783,-84.33941208498936
2019/20,2019,2019-12-14,Liverpool,Watford,A Marriner,2,0,8,6,2,1,0,0,full,0,0,,0,-1,-0.0833333333333333,-2,0,1,9,1794.16098789871,1390.954886899515,403.20610099919486
2019/20,2019,2019-12-14,Burnley,Newcastle,T Robinson,1,0,15,12,0,2,0,0,full,0,0,,0,2,0.1666666666666666,-3,0,1,9,1431.406093017706,1474.9051069239858,-43.49901390627974
2019/20,2019,2019-12-14,Chelsea,Bournemouth,G Scott,0,1,9,14,1,2,0,0,full,0,0,,0,1,0.0317460317460317,5,0,1,9,1607.616878620271,1423.3573648861097,184.25951373416137
2019/20,2019,2019-12-14,Leicester,Norwich,A Madley,1,1,11,15,0,4,0,0,full,0,0,,0,4,0.2666666666666666,4,0,1,9,1570.163721096356,1319.6999958576405,250.4637252387156
2019/20,2019,2019-12-14,Sheffield United,Aston Villa,P Bankes,2,0,10,9,2,2,0,0,full,0,0,,0,0,0.0222222222222222,-1,0,1,9,1402.2726633390778,1357.565445801876,44.707217537201814
2019/20,2019,2019-12-14,Southampton,West Ham,M Atkinson,0,1,9,14,1,3,0,0,full,0,0,,0,2,0.1031746031746031,5,0,1,9,1417.1469448752737,1447.6574518746665,-30.510506999392874
2019/20,2019,2019-12-15,Man United,Everton,M Oliver,1,1,10,12,1,2,0,0,full,0,0,,0,1,0.0666666666666666,2,0,1,9,1590.8877880794212,1472.2380142418065,118.6497738376147
2019/20,2019,2019-12-15,Wolves,Tottenham,S Attwell,1,2,14,10,4,4,0,0,full,0,0,,0,0,0.1142857142857143,-4,0,1,9,1513.9529049618352,1578.7138797616872,-64.76097479985197
2019/20,2019,2019-12-15,Arsenal,Man City,P Tierney,0,3,9,24,1,4,0,0,full,0,0,,0,3,0.0555555555555555,15,0,1,9,1550.5980622911006,1750.6297249828033,-200.03166269170265
2019/20,2019,2019-12-16,Crystal Palace,Brighton,C Pawson,1,1,7,12,1,1,0,0,full,0,0,,0,0,-0.0595238095238095,5,0,1,9,1497.2136224757887,1408.858462114369,88.35516036141962
2019/20,2019,2019-12-21,Everton,Arsenal,K Friend,0,0,10,11,2,3,0,0,full,0,0,,0,1,0.0727272727272727,1,0,1,9,1476.9700901056258,1544.423563324488,-67.4534732188622
2019/20,2019,2019-12-21,Aston Villa,Southampton,C Pawson,1,3,16,15,2,1,0,0,full,0,0,,0,-1,-0.0583333333333333,-1,0,1,9,1350.4911189035283,1406.3002014329593,-55.80908252943095
2019/20,2019,2019-12-21,Bournemouth,Burnley,M Atkinson,0,1,13,21,2,4,0,0,full,0,0,,0,2,0.0366300366300366,8,0,1,9,1439.4202741651297,1440.931513234778,-1.5112390696483544
2019/20,2019,2019-12-21,Brighton,Sheffield United,R Jones,0,1,6,11,1,3,0,0,full,0,0,,0,2,0.106060606060606,5,0,1,9,1412.886577301266,1409.3469902374254,3.5395870638405995
2019/20,2019,2019-12-21,Newcastle,Crystal Palace,S Hooper,1,0,12,11,2,0,0,0,full,0,0,,0,-2,-0.1666666666666666,-1,0,1,9,1465.3796867069138,1493.1855072888918,-27.80582058197797
2019/20,2019,2019-12-21,Norwich,Wolves,P Bankes,1,2,7,14,2,4,0,0,full,0,0,,0,2,0.0,7,0,1,9,1326.83160208811,1504.0899282553478,-177.25832616723778
2019/20,2019,2019-12-21,Man City,Leicester,M Dean,3,1,14,9,2,2,0,0,full,0,0,,0,0,0.0793650793650793,-5,0,1,9,1756.804223949416,1563.0321148658866,193.77210908352936
2019/20,2019,2019-12-22,Watford,Man United,L Mason,2,0,16,11,3,1,0,0,full,0,0,,0,-2,-0.096590909090909,-5,0,1,9,1389.6552143149822,1586.1557122156019,-196.50049790061962
2019/20,2019,2019-12-22,Tottenham,Chelsea,A Taylor,0,2,9,11,4,3,1,0,full,0,0,,0,-1,-0.1717171717171717,2,-1,1,9,1588.5768564681746,1591.553969341251,-2.9771128730765213
2019/20,2019,2019-12-26,Tottenham,Brighton,G Scott,2,1,10,9,4,2,0,0,full,0,0,,0,-2,-0.1777777777777778,-1,0,1,9,1576.950185580221,1401.0778805298055,175.87230505041543
2019/20,2019,2019-12-26,Aston Villa,Norwich,C Kavanagh,1,0,15,12,2,3,0,0,full,0,0,,0,1,0.1166666666666666,-3,0,1,9,1340.3705004523845,1320.0840083595076,20.28649209287687
2019/20,2019,2019-12-26,Bournemouth,Arsenal,S Attwell,1,1,5,13,4,4,0,0,full,0,0,,0,0,-0.4923076923076923,8,0,1,9,1427.7525568565538,1544.2090680246781,-116.45651116812428
2019/20,2019,2019-12-26,Chelsea,Southampton,J Moss,0,2,10,9,3,2,0,0,full,0,0,,0,-1,-0.0777777777777777,-1,0,1,9,1603.1806402292048,1416.4208198841031,186.75982034510162
2019/20,2019,2019-12-26,Crystal Palace,West Ham,A Marriner,2,1,5,10,0,2,0,0,full,0,0,,0,2,0.2,5,0,1,9,1484.1094872481094,1458.504195316981,25.605291931128477
2019/20,2019,2019-12-26,Everton,Burnley,A Taylor,1,0,15,14,0,0,0,0,full,0,0,,0,0,0.0,-1,0,1,9,1477.1845854054357,1452.599230543354,24.585354862081658
2019/20,2019,2019-12-26,Sheffield United,Watford,D Coote,1,1,11,8,1,3,0,0,full,0,0,,0,2,0.284090909090909,-3,0,1,9,1421.155687008886,1403.3936183622195,17.76206864666642
2019/20,2019,2019-12-26,Man United,Newcastle,K Friend,4,1,10,7,2,2,0,0,full,0,0,,0,0,0.0857142857142856,-3,0,1,9,1572.4173081683646,1474.4557067476962,97.96160142066833
2019/20,2019,2019-12-26,Leicester,Liverpool,M Oliver,0,4,5,7,1,1,0,0,full,0,0,,0,0,-0.0571428571428571,2,0,1,9,1559.2653056794345,1795.4606604832427,-236.1953548038082
2019/20,2019,2019-12-27,Wolves,Man City,M Atkinson,3,2,7,13,0,1,0,1,full,0,0,,0,1,0.0769230769230769,6,1,1,9,1510.8375219839502,1760.571033135868,-249.7335111519178
2019/20,2019,2019-12-28,Brighton,Bournemouth,P Tierney,2,0,8,11,0,2,0,0,full,0,0,,0,2,0.1818181818181818,3,0,1,9,1396.9858865654344,1429.363353288684,-32.377466723249654
2019/20,2019,2019-12-28,Newcastle,Everton,L Mason,1,2,13,13,2,2,0,0,full,0,0,,0,0,0.0,0,0,1,9,1468.712845036318,1484.7970091341836,-16.084164097865596
2019/20,2019,2019-12-28,Southampton,Crystal Palace,A Madley,1,1,13,7,1,2,0,0,full,0,0,,0,1,0.2087912087912087,-6,0,1,9,1432.5290419074238,1491.6942477501102,-59.16520584268642
2019/20,2019,2019-12-28,Watford,Aston Villa,S Hooper,3,0,16,9,3,1,1,0,full,0,0,,0,-2,-0.0763888888888889,-7,-1,1,9,1405.5951514882993,1348.09994179369,57.49520969460923
2019/20,2019,2019-12-28,Norwich,Tottenham,K Friend,2,2,12,10,3,3,0,0,full,0,0,,0,0,0.0499999999999999,-2,0,1,9,1312.354567018202,1581.042179544592,-268.68761252639
2019/20,2019,2019-12-28,West Ham,Leicester,D Coote,1,2,16,4,4,1,0,0,full,0,0,,0,-3,0.0,-12,0,1,9,1450.9194348149801,1553.9423736685178,-103.02293885353765
2019/20,2019,2019-12-28,Burnley,Man United,M Dean,0,2,17,10,4,3,0,0,full,0,0,,0,-1,0.0647058823529411,-7,0,1,9,1444.986806814606,1578.1601698797429,-133.17336306513675
2019/20,2019,2019-12-29,Arsenal,Chelsea,C Pawson,1,2,13,19,5,4,0,0,full,0,0,,0,-1,-0.1740890688259109,6,0,1,9,1542.598271592548,1587.072418205884,-44.47414661333619
2019/20,2019,2019-12-29,Liverpool,Wolves,A Taylor,1,0,7,3,1,0,0,0,full,0,0,,0,-1,-0.1428571428571428,-4,0,1,9,1800.7835924941594,1525.8134143738048,274.9701781203546
2019/20,2019,2019-12-29,Man City,Sheffield United,C Kavanagh,2,0,5,6,1,1,0,0,full,0,0,,0,0,-0.0333333333333333,1,0,1,9,1745.5951407460134,1418.9541538828062,326.6409868632072
2019/20,2019,2020-01-01,Brighton,Chelsea,S Attwell,1,1,8,15,2,3,0,0,full,0,0,,0,1,-0.0499999999999999,7,0,1,9,1406.1925170457225,1597.518990969645,-191.32647392392255
2019/20,2019,2020-01-01,Burnley,Aston Villa,M Oliver,1,2,12,10,1,1,0,0,full,0,0,,0,0,0.0166666666666666,-2,0,1,9,1437.0623085238453,1341.358443544497,95.70386497934828
2019/20,2019,2020-01-01,Newcastle,Leicester,M Atkinson,0,3,8,12,1,1,0,0,full,0,0,,0,0,-0.0416666666666666,4,0,1,9,1457.45553454444,1562.7103646718049,-105.25483012736481
2019/20,2019,2020-01-01,Southampton,Tottenham,M Dean,1,0,21,8,3,4,0,0,full,0,0,,0,1,0.3571428571428571,-13,0,1,9,1432.5050146463818,1575.6670514724742,-143.1620368260924
2019/20,2019,2020-01-01,Watford,Wolves,A Madley,2,1,12,6,3,1,1,0,full,0,0,,0,-2,-0.0833333333333333,-6,-1,1,9,1412.3366497374923,1523.2745115224438,-110.93786178495156
2019/20,2019,2020-01-01,Man City,Everton,A Marriner,2,1,11,11,0,4,0,0,full,0,0,,0,4,0.3636363636363636,0,0,1,9,1747.5444929976454,1496.0543196260614,251.49017337158398
2019/20,2019,2020-01-01,Norwich,Crystal Palace,J Moss,1,1,12,9,5,0,0,0,full,0,0,,0,-5,-0.4166666666666667,-3,0,1,9,1317.7296950903199,1491.7182750111522,-173.9885799208323
2019/20,2019,2020-01-01,West Ham,Bournemouth,G Scott,4,0,3,12,1,2,0,0,full,0,0,,0,1,-0.1666666666666666,9,0,1,9,1442.151443811693,1420.156722808396,21.994721003297173
2019/20,2019,2020-01-01,Arsenal,Man United,C Kavanagh,2,0,11,15,2,0,0,0,full,0,0,,0,-2,-0.1818181818181818,4,0,1,9,1532.151698828787,1586.0846681705036,-53.93296934171667
2019/20,2019,2020-01-02,Liverpool,Sheffield United,P Tierney,2,0,5,8,0,0,0,0,full,0,0,,0,0,0.0,3,0,1,9,1803.3224953455203,1417.0048016311741,386.3176937143462
2019/20,2019,2020-01-10,Sheffield United,West Ham,M Oliver,1,0,11,6,1,0,0,0,full,0,0,,0,-1,-0.0909090909090909,-5,0,1,9,1415.5818733127142,1449.8343055099012,-34.25243219718709
2019/20,2019,2020-01-11,Crystal Palace,Arsenal,P Tierney,1,1,14,22,2,3,0,1,full,0,0,,0,1,-0.0064935064935064,8,1,1,9,1488.5502802974484,1541.9770933966463,-53.42681309919794
2019/20,2019,2020-01-11,Chelsea,Burnley,K Friend,3,0,7,4,0,3,0,0,full,0,0,,0,3,0.75,-3,0,1,9,1593.9094023145813,1422.8585229640512,171.05087935053007
2019/20,2019,2020-01-11,Everton,Brighton,D Coote,1,0,7,7,2,1,0,0,full,0,0,,0,-1,-0.1428571428571428,0,0,1,9,1493.2004130492876,1409.8021057007863,83.39830734850125
2019/20,2019,2020-01-11,Leicester,Southampton,L Mason,1,2,9,17,0,3,0,0,full,0,0,,0,3,0.1764705882352941,8,0,1,9,1571.4151426277463,1444.8539222230256,126.56122040472064
2019/20,2019,2020-01-11,Man United,Norwich,A Taylor,4,0,18,7,0,0,0,0,full,0,0,,0,0,0.0,-11,0,1,9,1576.2592736026443,1320.8976898040237,255.3615837986206
2019/20,2019,2020-01-11,Wolves,Newcastle,P Bankes,1,1,13,12,0,3,0,0,full,0,0,,0,3,0.25,-1,0,1,9,1511.8188170318003,1448.7507565884987,63.06806044330165
2019/20,2019,2020-01-11,Tottenham,Liverpool,M Atkinson,0,1,4,8,0,2,0,0,full,0,0,,0,2,0.25,4,0,1,9,1563.3181438958304,1804.7454236639803,-241.4272797681499
2019/20,2019,2020-01-12,Bournemouth,Watford,M Dean,0,3,3,13,1,1,0,0,full,0,0,,0,0,-0.2564102564102564,10,0,1,9,1412.4738611101877,1423.7923442281358,-11.318483117948062
2019/20,2019,2020-01-12,Aston Villa,Man City,J Moss,1,6,5,12,2,1,0,0,full,0,0,,0,-1,-0.3166666666666667,7,0,1,9,1355.5622291042912,1750.3983995744193,-394.8361704701281
2019/20,2019,2020-01-18,Watford,Tottenham,M Oliver,0,0,13,13,2,3,0,0,full,0,0,,0,1,0.0769230769230769,0,0,1,9,1435.1844128052287,1558.1120263971611,-122.92761359193241
2019/20,2019,2020-01-18,Arsenal,Sheffield United,M Dean,1,1,9,13,1,2,0,0,full,0,0,,0,1,0.0427350427350427,4,0,1,9,1542.1662623543036,1424.8421524061341,117.32410994816951
2019/20,2019,2020-01-18,Brighton,Aston Villa,A Madley,1,1,11,13,3,3,0,0,full,0,0,,0,0,-0.0419580419580419,2,0,1,9,1403.7100177237635,1353.021615852163,50.68840187160049
2019/20,2019,2020-01-18,Man City,Crystal Palace,G Scott,2,2,9,7,1,2,0,0,full,0,0,,0,1,0.1746031746031746,-2,0,1,9,1752.9390128265475,1488.361111339791,264.57790148675645
2019/20,2019,2020-01-18,Norwich,Bournemouth,P Tierney,1,0,10,10,2,2,1,1,full,0,0,,0,0,0.0,0,0,1,9,1318.0978757873686,1401.0817925330948,-82.98391674572622
2019/20,2019,2020-01-18,Southampton,Wolves,D England,2,3,13,12,2,1,0,0,full,0,0,,0,-1,-0.0705128205128205,-1,0,1,9,1459.7608040095454,1508.4177043026687,-48.65690029312327
2019/20,2019,2020-01-18,West Ham,Everton,A Marriner,1,1,11,13,1,0,0,0,full,0,0,,0,-1,-0.0909090909090909,2,0,1,9,1440.5740264164813,1499.2925010263104,-58.71847460982917
2019/20,2019,2020-01-18,Newcastle,Chelsea,C Kavanagh,1,0,9,14,1,1,0,0,full,0,0,,0,0,-0.0396825396825396,5,0,1,9,1452.1518693176304,1598.0924712637195,-145.94060194608915
2019/20,2019,2020-01-19,Burnley,Leicester,A Taylor,2,1,14,8,1,0,0,0,full,0,0,,0,-1,-0.0714285714285714,-6,0,1,9,1418.675454014913,1556.5082608412265,-137.83280682631357
2019/20,2019,2020-01-19,Liverpool,Man United,C Pawson,2,0,7,10,1,3,0,0,full,0,0,,0,2,0.1571428571428571,3,0,1,9,1809.9515411626496,1579.0590876192994,230.89245354335026
2019/20,2019,2020-01-21,Aston Villa,Watford,M Atkinson,2,1,11,18,2,2,0,0,full,0,0,,0,0,-0.0707070707070707,7,0,1,9,1356.1039015223998,1436.9760663741865,-80.87216485178669
2019/20,2019,2020-01-21,Bournemouth,Brighton,K Friend,3,1,9,12,1,1,0,0,full,0,0,,0,0,-0.0277777777777777,3,0,1,9,1390.4212255473494,1400.6277320535266,-10.20650650617722
2019/20,2019,2020-01-21,Crystal Palace,Southampton,A Marriner,0,2,12,13,1,2,0,0,full,0,0,,0,1,0.0705128205128205,1,0,1,9,1495.6866197638496,1449.4344393046022,46.252180459247484
2019/20,2019,2020-01-21,Everton,Newcastle,S Hooper,2,2,13,10,1,1,0,0,full,0,0,,0,0,0.023076923076923,-3,0,1,9,1499.32938612478,1464.576194713393,34.75319141138698
2019/20,2019,2020-01-21,Sheffield United,Man City,L Mason,0,1,13,13,4,3,0,0,full,0,0,,0,-1,-0.0769230769230769,0,0,1,9,1429.5445632034055,1745.6135044024888,-316.0689411990834
2019/20,2019,2020-01-21,Chelsea,Arsenal,S Attwell,2,2,11,6,2,1,0,1,full,0,0,,0,-1,-0.0151515151515151,-5,1,1,9,1585.6681458679568,1537.4638515570323,48.204294310924524
2019/20,2019,2020-01-22,Leicester,West Ham,D Coote,4,1,10,19,1,1,0,0,full,0,0,,0,0,-0.0473684210526315,9,0,1,9,1544.3047904737348,1440.5371413180117,103.76764915572312
2019/20,2019,2020-01-22,Tottenham,Norwich,C Kavanagh,2,1,12,7,0,1,0,0,full,0,0,,0,1,0.1428571428571428,-5,0,1,9,1556.3203728282033,1328.758442773114,227.5619300550893
2019/20,2019,2020-01-22,Man United,Burnley,J Moss,0,2,11,7,0,2,0,0,full,0,0,,0,2,0.2857142857142857,-4,0,1,9,1575.9026156940658,1430.8789243824046,145.0236913116612
2019/20,2019,2020-01-23,Wolves,Liverpool,M Oliver,1,2,6,11,0,1,0,0,full,0,0,,0,1,0.0909090909090909,5,0,1,9,1518.7440690076119,1813.1080130878831,-294.36394408027127
2019/20,2019,2020-01-29,West Ham,Liverpool,J Moss,0,2,6,6,2,0,0,0,full,0,0,,0,-2,-0.3333333333333333,0,0,1,9,1434.930126021071,1817.2283401683194,-382.2982141472485
2019/20,2019,2020-02-01,Leicester,Chelsea,L Mason,2,2,16,14,2,2,0,0,full,0,0,,0,0,0.0178571428571428,-2,0,1,9,1549.9118057706755,1582.6507076743032,-32.73890190362772
2019/20,2019,2020-02-01,Bournemouth,Aston Villa,A Taylor,2,1,10,15,1,3,1,0,full,0,0,,0,2,0.1,5,-1,1,9,1398.9977860101112,1366.703929059272,32.2938569508392
2019/20,2019,2020-02-01,Crystal Palace,Sheffield United,A Madley,0,1,9,15,3,2,0,0,full,0,0,,0,-1,-0.1999999999999999,6,0,1,9,1482.720338385778,1425.8180109115563,56.90232747422169
2019/20,2019,2020-02-01,Liverpool,Southampton,K Friend,4,0,9,15,0,2,0,0,full,0,0,,0,2,0.1333333333333333,6,0,1,9,1819.9333819729356,1462.4007206826739,357.5326612902618
2019/20,2019,2020-02-01,Newcastle,Norwich,M Atkinson,0,0,10,15,2,1,0,0,full,0,0,,0,-1,-0.1333333333333333,5,0,1,9,1467.2377494601394,1325.550670742094,141.6870787180453
2019/20,2019,2020-02-01,Watford,Everton,C Pawson,2,3,17,14,2,2,0,1,full,0,0,,0,0,0.0252100840336134,-3,1,1,9,1426.3760388373144,1496.6678313780337,-70.29179254071937
2019/20,2019,2020-02-01,West Ham,Brighton,M Oliver,3,3,8,9,1,1,0,0,full,0,0,,0,0,-0.0138888888888888,1,0,1,9,1432.2250842164547,1392.0511715907649,40.17391262568981
2019/20,2019,2020-02-01,Man United,Wolves,P Tierney,0,0,14,15,3,2,0,0,full,0,0,,0,-1,-0.0809523809523809,1,0,1,9,1560.6029000370913,1514.6237419271756,45.979158109915716
2019/20,2019,2020-02-02,Burnley,Arsenal,C Kavanagh,0,0,8,11,1,3,0,0,full,0,0,,0,2,0.1477272727272727,3,0,1,9,1446.1786400393792,1540.4812897506858,-94.30264971130669
2019/20,2019,2020-02-02,Tottenham,Man City,M Dean,2,0,8,14,2,3,0,1,full,0,0,,0,1,-0.0357142857142857,6,1,1,9,1559.5281448592232,1749.340056694338,-189.81191183511487
2019/20,2019,2020-02-08,Everton,Crystal Palace,D Coote,3,1,11,12,0,1,0,0,full,0,0,,0,1,0.0833333333333333,1,0,1,9,1506.3716963886686,1469.4770977455316,36.89459864313699
2019/20,2019,2020-02-08,Brighton,Watford,K Friend,1,1,9,12,2,2,0,0,full,0,0,,0,0,-0.0555555555555555,3,0,1,9,1394.857083743315,1416.6721738266795,-21.815090083364566
2019/20,2019,2020-02-09,Sheffield United,Bournemouth,J Moss,2,1,10,8,2,2,0,0,full,0,0,,0,0,0.0499999999999999,-2,0,1,9,1439.0612515518026,1406.402125298625,32.65912625317765
2019/20,2019,2020-02-14,Wolves,Leicester,M Dean,0,0,13,10,2,2,0,1,full,0,0,,0,0,0.0461538461538461,-3,1,1,9,1517.5828548514776,1549.128774561454,-31.545919709976488
2019/20,2019,2020-02-15,Southampton,Burnley,S Hooper,1,2,8,11,2,2,0,0,full,0,0,,0,0,-0.0681818181818181,3,0,1,9,1460.7426138590906,1447.162754088962,13.579859770128678
2019/20,2019,2020-02-15,Norwich,Liverpool,S Attwell,0,1,5,11,1,2,0,0,full,0,0,,0,1,-0.0181818181818181,6,0,1,9,1330.7809732752876,1821.591488796519,-490.8105155212313
2019/20,2019,2020-02-16,Aston Villa,Tottenham,M Atkinson,2,3,12,10,2,0,0,0,full,0,0,,0,-2,-0.1666666666666666,-2,0,1,9,1359.2995897707583,1573.0997611404516,-213.80017136969332
2019/20,2019,2020-02-16,Arsenal,Newcastle,L Mason,4,0,15,9,2,0,0,0,full,0,0,,0,-2,-0.1333333333333333,-6,0,1,9,1539.497175701103,1462.007446926946,77.48972877415713
2019/20,2019,2020-02-17,Chelsea,Man United,A Taylor,0,2,11,11,4,3,0,0,full,0,0,,0,-1,-0.0909090909090909,0,0,1,9,1583.4337388835247,1557.6437871127894,25.789951770735343
2019/20,2019,2020-02-19,Man City,West Ham,K Friend,2,0,5,7,0,1,0,0,full,0,0,,0,1,0.1428571428571428,2,0,1,9,1735.7684404131096,1429.4191720639046,306.349268349205
2019/20,2019,2020-02-22,Chelsea,Tottenham,M Oliver,2,1,14,14,1,2,0,0,full,0,0,,0,1,0.0714285714285714,0,0,1,9,1571.013495131555,1578.941189113511,-7.927693981956054
2019/20,2019,2020-02-22,Burnley,Bournemouth,M Dean,3,0,9,9,4,3,0,0,full,0,0,,0,-1,-0.1111111111111111,0,0,1,9,1459.249448992568,1399.0075882986769,60.24186069389111
2019/20,2019,2020-02-22,Crystal Palace,Newcastle,P Bankes,1,0,15,11,2,6,0,1,full,0,0,,0,4,0.4121212121212121,-4,1,1,9,1462.195826511299,1455.770318017687,6.425508493611915
2019/20,2019,2020-02-22,Sheffield United,Brighton,G Scott,1,1,3,6,0,2,0,0,full,0,0,,0,2,0.3333333333333333,3,0,1,9,1446.4557885517506,1393.762437594291,52.69335095745964
2019/20,2019,2020-02-22,Southampton,Aston Villa,C Pawson,2,0,13,17,1,4,0,0,full,0,0,,0,3,0.1583710407239819,4,0,1,9,1448.6559189554846,1353.458161797699,95.19775715778565
2019/20,2019,2020-02-22,Leicester,Man City,P Tierney,0,1,14,10,0,0,0,0,full,0,0,,0,0,0.0,-4,0,1,9,1549.9459227194877,1737.933182777106,-187.9872600576182
2019/20,2019,2020-02-23,Man United,Watford,M Atkinson,3,0,6,15,0,1,0,0,full,0,0,,0,1,0.0666666666666666,9,0,1,9,1570.0640308647592,1417.7668199757034,152.2972108890558
2019/20,2019,2020-02-23,Wolves,Norwich,C Kavanagh,3,0,11,6,2,3,0,0,full,0,0,,0,1,0.3181818181818182,-5,0,1,9,1516.765706693444,1329.235450339288,187.53025635415588
2019/20,2019,2020-02-23,Arsenal,Everton,S Attwell,3,2,12,12,0,4,0,0,full,0,0,,0,4,0.3333333333333333,0,0,1,9,1545.734304610362,1513.6529676229013,32.081336987460645
2019/20,2019,2020-02-24,Liverpool,West Ham,J Moss,3,2,4,10,0,3,0,0,full,0,0,,0,3,0.3,6,0,1,9,1823.1370117325184,1427.2544296999083,395.8825820326101
2019/20,2019,2020-02-28,Norwich,Leicester,C Pawson,1,0,13,16,1,2,0,0,full,0,0,,0,1,0.048076923076923,3,0,1,9,1325.3575549167383,1543.471635009797,-218.11408009305865
2019/20,2019,2020-02-29,Brighton,Crystal Palace,M Atkinson,0,1,8,9,1,1,0,0,full,0,0,,0,0,-0.0138888888888888,1,0,1,9,1396.896854581678,1470.3069059405493,-73.41005135887121
2019/20,2019,2020-02-29,Bournemouth,Chelsea,A Marriner,2,2,8,5,2,2,0,0,full,0,0,,0,0,0.15,-3,0,1,9,1392.3365680746488,1579.5258559179674,-187.18928784331865
2019/20,2019,2020-02-29,Newcastle,Burnley,A Madley,0,0,11,9,4,3,0,0,full,0,0,,0,-1,-0.0303030303030303,-2,0,1,9,1447.6592385884367,1465.920469216596,-18.26123062815941
2019/20,2019,2020-02-29,West Ham,Southampton,A Taylor,3,1,8,11,1,1,0,0,full,0,0,,0,0,-0.034090909090909,3,0,1,9,1425.9025773971707,1454.4641334447747,-28.561556047603972
2019/20,2019,2020-02-29,Watford,Liverpool,M Oliver,3,0,4,8,0,0,0,0,full,0,0,,0,0,0.0,4,0,1,9,1413.2154111032296,1824.488864035256,-411.27345293202643
2019/20,2019,2020-03-01,Everton,Man United,C Kavanagh,1,1,11,11,3,4,0,0,full,0,0,,0,1,0.0909090909090909,0,0,1,9,1506.242922730678,1574.615439737233,-68.37251700655497
2019/20,2019,2020-03-01,Tottenham,Wolves,S Attwell,2,3,12,14,3,2,0,0,full,0,0,,0,-1,-0.1071428571428571,2,0,1,9,1570.4288283270985,1520.6436021159936,49.78522621110483
2019/20,2019,2020-03-07,Liverpool,Bournemouth,P Tierney,2,1,10,12,0,1,0,0,full,0,0,,0,1,0.0833333333333333,2,0,1,9,1806.8269198552514,1395.8421516213984,410.98476823385295
2019/20,2019,2020-03-07,Arsenal,West Ham,M Atkinson,1,0,11,9,1,2,0,0,full,0,0,,0,1,0.1313131313131313,-2,0,1,9,1553.1443495025853,1435.0001678507026,118.14418165188272
2019/20,2019,2020-03-07,Crystal Palace,Watford,A Taylor,1,0,12,19,4,4,0,0,full,0,0,,0,0,-0.1228070175438596,7,0,1,9,1479.9211251888883,1430.8773552832342,49.04376990565402
2019/20,2019,2020-03-07,Sheffield United,Norwich,S Hooper,1,0,12,8,0,0,0,0,full,0,0,,0,0,0.0,-4,0,1,9,1443.3213715643635,1339.6182858508425,103.70308571352098
2019/20,2019,2020-03-07,Southampton,Newcastle,G Scott,0,1,14,15,0,3,1,0,full,0,0,,0,3,0.2,1,-1,1,9,1445.3665429912428,1446.4636463609957,-1.0971033697528583
2019/20,2019,2020-03-07,Wolves,Brighton,A Marriner,0,0,4,7,1,3,0,0,full,0,0,,0,2,0.1785714285714285,3,0,1,9,1533.7023431860373,1387.2826353333392,146.41970785269814
2019/20,2019,2020-03-07,Burnley,Tottenham,J Moss,1,1,16,11,5,4,0,0,full,0,0,,0,-1,0.0511363636363636,-5,0,1,9,1467.116061444037,1557.3700872570548,-90.25402581301773
2019/20,2019,2020-03-08,Chelsea,Everton,K Friend,4,0,8,10,1,2,0,0,full,0,0,,0,1,0.075,2,0,1,9,1576.0202723712177,1506.483856505111,69.53641586610684
2019/20,2019,2020-03-08,Man United,Man City,M Dean,2,0,11,9,2,4,0,0,full,0,0,,0,2,0.2626262626262626,-2,0,1,9,1574.3745059628,1744.4074704867967,-170.03296452399672
2019/20,2019,2020-03-09,Leicester,Aston Villa,M Oliver,4,0,15,12,2,1,0,0,full,0,0,,0,-1,-0.05,-3,0,1,9,1529.2109040756927,1347.6499473084089,181.56095676728387
2019/20,2019,2020-06-17,Aston Villa,Sheffield United,M Oliver,0,0,11,14,1,1,0,0,ghost,1,0,,0,0,-0.0194805194805194,3,0,1,9,1343.663505342196,1448.9298866512331,-105.26638130903711
2019/20,2019,2020-06-17,Man City,Arsenal,A Taylor,3,0,9,7,1,1,0,1,ghost,1,0,,0,0,0.0317460317460317,-2,1,1,9,1731.3422674659216,1558.423574937946,172.91869252797574
2019/20,2019,2020-06-19,Norwich,Southampton,K Friend,0,3,9,15,1,1,0,0,ghost,1,0,,0,0,-0.0444444444444444,6,0,1,9,1334.009770763973,1433.6872397303719,-99.67746896639892
2019/20,2019,2020-06-19,Tottenham,Man United,J Moss,1,1,17,18,0,1,0,0,ghost,1,0,,0,1,0.0555555555555555,1,0,1,9,1556.5015006671288,1587.439708983675,-30.938208316546252
2019/20,2019,2020-06-20,Watford,Leicester,C Pawson,1,1,15,12,0,1,0,0,ghost,1,0,,0,1,0.0833333333333333,-3,0,1,9,1423.916739545218,1533.1973460419056,-109.2806064966876
2019/20,2019,2020-06-20,Brighton,Arsenal,M Atkinson,2,1,13,8,2,1,0,0,ghost,1,0,,0,-1,-0.0288461538461538,-5,0,1,9,1392.6111845058078,1554.2759641501648,-161.66477964435694
2019/20,2019,2020-06-20,West Ham,Wolves,A Taylor,0,2,8,7,1,1,0,0,ghost,1,0,,0,0,0.0178571428571428,-1,0,1,9,1429.720942415342,1528.3737940135686,-98.65285159822656
2019/20,2019,2020-06-20,Bournemouth,Crystal Palace,S Attwell,0,2,13,15,3,2,0,0,ghost,1,0,,0,-1,-0.0974358974358974,2,0,1,9,1394.5958450319936,1486.8817409269045,-92.28589589491094
2019/20,2019,2020-06-21,Newcastle,Sheffield United,D Coote,3,0,9,10,2,0,0,1,ghost,1,0,,0,-2,-0.2222222222222222,1,1,1,9,1458.1429496218666,1447.634337716361,10.508611905505632
2019/20,2019,2020-06-21,Aston Villa,Chelsea,P Tierney,1,2,9,17,2,1,0,0,ghost,1,0,,0,-1,-0.1633986928104575,8,0,1,9,1344.9590542770682,1582.4555759488587,-237.49652167179056
2019/20,2019,2020-06-21,Everton,Liverpool,M Dean,0,0,15,12,2,2,0,0,ghost,1,0,,0,0,0.0333333333333333,-3,0,1,9,1500.04855292747,1808.0732264446563,-308.02467351718633
2019/20,2019,2020-06-22,Man City,Burnley,A Marriner,5,0,8,7,1,1,0,0,ghost,1,0,,0,0,0.0178571428571428,-1,0,1,9,1735.4898782537027,1467.9846480339631,267.5052302197396
2019/20,2019,2020-06-23,Leicester,Brighton,L Mason,0,0,10,13,2,2,0,0,ghost,1,0,,0,0,-0.0461538461538461,3,0,1,9,1531.7883725020959,1405.4565810645404,126.33179143755547
2019/20,2019,2020-06-23,Tottenham,West Ham,C Pawson,2,0,12,7,2,2,0,0,ghost,1,0,,0,0,0.119047619047619,-5,0,1,9,1555.6669804649773,1420.8288936533236,134.83808681165374
2019/20,2019,2020-06-24,Man United,Sheffield United,A Taylor,3,0,10,6,1,0,0,0,ghost,1,0,,0,-1,-0.1,-4,0,1,9,1588.2742291858265,1439.636330059129,148.63789912669745
2019/20,2019,2020-06-24,Newcastle,Aston Villa,C Kavanagh,1,1,15,13,2,2,0,0,ghost,1,0,,0,0,0.0205128205128205,-2,0,1,9,1466.1409572790985,1339.6653292597725,126.475628019326
2019/20,2019,2020-06-24,Norwich,Everton,A Madley,0,1,8,13,0,1,0,0,ghost,1,0,,0,1,0.0769230769230769,5,0,1,9,1325.1468412446775,1506.1795466210417,-181.03270537636422
2019/20,2019,2020-06-24,Wolves,Bournemouth,M Oliver,1,0,11,11,3,3,0,0,ghost,1,0,,0,0,0.0,0,0,1,9,1537.265842775587,1385.522442202612,151.74340057297513
2019/20,2019,2020-06-24,Liverpool,Crystal Palace,M Atkinson,4,0,7,5,0,0,0,0,ghost,1,0,,0,0,0.0,-2,0,1,9,1801.9422327510845,1495.9551437562861,305.98708899479834
2019/20,2019,2020-06-25,Burnley,Watford,M Dean,1,0,13,15,1,0,0,0,ghost,1,0,,0,-1,-0.0769230769230769,2,0,1,9,1465.3489573690686,1425.3257130850277,40.02324428404086
2019/20,2019,2020-06-25,Southampton,Arsenal,G Scott,0,2,10,14,0,2,1,0,ghost,1,0,,0,2,0.1428571428571428,4,-1,1,9,1442.5501692496673,1541.4305675914322,-98.88039834176493
2019/20,2019,2020-06-25,Chelsea,Man City,S Attwell,2,1,13,3,1,1,0,1,ghost,1,0,,0,0,0.2564102564102564,-10,1,1,9,1587.7493009661544,1738.1255689185973,-150.37626795244296
2019/20,2019,2020-06-27,Aston Villa,Wolves,C Pawson,0,1,16,16,1,1,0,0,ghost,1,0,,0,0,0.0,0,0,1,9,1344.5703404335475,1541.8284692094592,-197.2581287759117
2019/20,2019,2020-06-28,Watford,Southampton,M Oliver,1,3,18,9,3,0,0,0,ghost,1,0,,0,-3,-0.1666666666666666,-9,0,1,9,1418.1276295935852,1433.6645889425085,-15.536959348923347
2019/20,2019,2020-06-29,Crystal Palace,Burnley,S Hooper,0,1,12,13,1,1,0,0,ghost,1,0,,0,0,-0.0064102564102564,1,0,1,9,1493.7863733900429,1472.547040860511,21.239332529531794
2019/20,2019,2020-06-30,Brighton,Man United,A Marriner,0,3,10,9,0,1,0,0,ghost,1,0,,0,1,0.1111111111111111,-1,0,1,9,1410.3584476863841,1592.9001186526027,-182.5416709662186
2019/20,2019,2020-07-01,Arsenal,Norwich,P Bankes,4,0,10,10,1,4,0,0,ghost,1,0,,0,3,0.3,0,0,1,9,1550.316147898591,1318.4960454535967,231.8201024449943
2019/20,2019,2020-07-01,Bournemouth,Newcastle,K Friend,1,4,11,10,2,0,0,0,ghost,1,0,,0,-2,-0.1818181818181818,-1,0,1,9,1380.9598157687399,1461.2359461053236,-80.27613033658372
2019/20,2019,2020-07-01,Everton,Leicester,D Coote,2,1,13,10,1,1,0,0,ghost,1,0,,0,0,0.023076923076923,-3,0,1,9,1512.8303424121225,1526.8865058802521,-14.056163468129625
2019/20,2019,2020-07-01,West Ham,Chelsea,M Atkinson,3,2,10,9,2,1,0,0,ghost,1,0,,0,-1,-0.0888888888888889,-1,0,1,9,1415.9145203796822,1600.2934142850834,-184.37889390540113
2019/20,2019,2020-07-02,Sheffield United,Tottenham,C Kavanagh,3,1,13,13,2,0,0,0,ghost,1,0,,0,-2,-0.1538461538461538,0,0,1,9,1435.0104405923528,1560.5813537386186,-125.57091314626587
2019/20,2019,2020-07-02,Man City,Liverpool,A Taylor,4,0,8,7,2,2,0,0,ghost,1,0,,0,0,0.0357142857142857,-1,0,1,9,1725.5814555996683,1804.1110031173278,-78.52954751765947
2019/20,2019,2020-07-04,Norwich,Brighton,S Attwell,0,1,11,13,2,2,0,0,ghost,1,0,,0,0,-0.0279720279720279,2,0,1,9,1315.3537428962795,1403.7461553795265,-88.39241248324697
2019/20,2019,2020-07-04,Leicester,Crystal Palace,J Moss,3,0,18,8,2,1,0,0,ghost,1,0,,0,-1,0.0138888888888888,-10,0,1,9,1518.2012214019358,1481.4898199072047,36.711401494731035
2019/20,2019,2020-07-04,Man United,Bournemouth,M Dean,5,2,13,12,0,1,0,0,ghost,1,0,,0,1,0.0833333333333333,-1,0,1,9,1599.5124109594603,1371.5427480748713,227.96966288458907
2019/20,2019,2020-07-04,Wolves,Arsenal,M Oliver,0,2,6,11,2,4,0,0,ghost,1,0,,0,2,0.0303030303030303,5,0,1,9,1548.07132168742,1553.4584504559082,-5.387128768488083
2019/20,2019,2020-07-04,Chelsea,Watford,K Friend,3,0,9,12,0,2,0,0,ghost,1,0,,0,2,0.1666666666666666,3,0,1,9,1586.8589799592726,1406.8548213425381,180.00415861673446
2019/20,2019,2020-07-05,Burnley,Sheffield United,P Bankes,1,1,8,14,0,0,0,0,ghost,1,0,,0,0,0.0,6,0,1,9,1484.8435943433492,1446.875630588229,37.96796375512031
2019/20,2019,2020-07-05,Newcastle,West Ham,C Pawson,2,2,9,11,0,0,0,0,ghost,1,0,,0,0,0.0,2,0,1,9,1470.6530137991922,1429.348954705493,41.30405909369915
2019/20,2019,2020-07-05,Liverpool,Aston Villa,P Tierney,2,0,18,8,1,1,0,0,ghost,1,0,,0,0,0.0694444444444444,-10,0,1,9,1793.578184944345,1338.3274879555865,455.25069698875836
2019/20,2019,2020-07-05,Southampton,Man City,A Marriner,1,0,6,7,1,2,0,0,ghost,1,0,,0,1,0.119047619047619,1,0,1,9,1444.9373971935556,1736.1142737726511,-291.1768765790955
2019/20,2019,2020-07-06,Tottenham,Everton,G Scott,1,0,14,18,3,2,0,0,ghost,1,0,,0,-1,-0.1031746031746031,4,0,1,9,1548.7161637427425,1521.5156268904389,27.200536852303685
2019/20,2019,2020-07-07,Crystal Palace,Chelsea,D Coote,2,3,11,10,1,0,0,0,ghost,1,0,,0,-1,-0.0909090909090909,-1,0,1,9,1474.203664876597,1590.8741033154847,-116.67043843888769
2019/20,2019,2020-07-07,Watford,Norwich,A Taylor,2,1,11,15,2,4,0,0,ghost,1,0,,0,2,0.0848484848484848,4,0,1,9,1402.839697986326,1306.1691279384431,96.67057004788285
2019/20,2019,2020-07-07,Arsenal,Leicester,C Kavanagh,1,1,10,14,1,0,1,0,ghost,1,0,,0,-1,-0.1,4,-1,1,9,1565.0175157720357,1525.4873764325434,39.53013933949228
2019/20,2019,2020-07-08,Man City,Newcastle,A Madley,5,0,12,7,0,0,0,0,ghost,1,0,,0,0,0.0,-5,0,1,9,1720.294943820849,1467.8171618426527,252.4777819781964
2019/20,2019,2020-07-08,Sheffield United,Wolves,M Atkinson,1,0,5,6,2,0,0,0,ghost,1,0,,0,-2,-0.4,1,0,1,9,1449.6229456634617,1536.5122563712926,-86.88931070783087
2019/20,2019,2020-07-08,West Ham,Burnley,M Oliver,0,1,7,7,1,1,0,0,ghost,1,0,,0,0,0.0,0,0,1,9,1432.1848066620325,1482.0962792681164,-49.91147260608386
2019/20,2019,2020-07-08,Brighton,Liverpool,C Pawson,1,3,7,15,1,4,0,0,ghost,1,0,,0,3,0.1238095238095238,8,0,1,9,1412.930770337363,1794.557879606961,-381.6271092695981
2019/20,2019,2020-07-09,Bournemouth,Tottenham,P Tierney,0,0,11,14,3,2,0,0,ghost,1,0,,0,-1,-0.1298701298701298,3,0,1,9,1368.3412924051308,1556.2577359902239,-187.91644358509302
2019/20,2019,2020-07-09,Everton,Southampton,L Mason,1,1,13,14,3,3,0,0,ghost,1,0,,0,0,-0.0164835164835165,1,0,1,9,1513.9740546429575,1460.7567271453577,53.217327497599854
2019/20,2019,2020-07-09,Aston Villa,Man United,J Moss,0,3,7,13,2,3,0,0,ghost,1,0,,0,1,-0.0549450549450549,6,0,1,9,1337.3477932929704,1602.7138666292008,-265.36607333623033
2019/20,2019,2020-07-11,Norwich,West Ham,K Friend,0,4,9,8,1,0,0,0,ghost,1,0,,0,-1,-0.1111111111111111,-1,0,1,9,1300.3957936788643,1421.8945170838863,-121.49872340502202
2019/20,2019,2020-07-11,Watford,Newcastle,C Pawson,2,1,23,15,1,4,0,0,ghost,1,0,,0,3,0.2231884057971014,-8,0,1,9,1408.6130322459048,1464.977136658572,-56.364104412667075
2019/20,2019,2020-07-11,Liverpool,Burnley,D Coote,1,1,7,4,1,2,0,0,ghost,1,0,,0,1,0.3571428571428571,-3,0,1,9,1797.2719708461777,1492.3865688462627,304.8854019999151
2019/20,2019,2020-07-11,Sheffield United,Chelsea,A Marriner,3,0,8,6,1,0,0,0,ghost,1,0,,0,-1,-0.125,-2,0,1,9,1460.3953406955686,1599.2573099189776,-138.861969223409
2019/20,2019,2020-07-11,Brighton,Man City,G Scott,0,5,7,3,1,0,0,0,ghost,1,0,,0,-1,-0.1428571428571428,-4,0,1,9,1410.2166790981462,1723.1349690049299,-312.9182899067837
2019/20,2019,2020-07-12,Wolves,Everton,A Taylor,3,0,9,9,0,2,0,0,ghost,1,0,,0,2,0.2222222222222222,0,0,1,9,1525.7398613391856,1510.8260445029991,14.91381683618647
2019/20,2019,2020-07-12,Aston Villa,Crystal Palace,M Atkinson,2,0,21,21,2,4,0,1,ghost,1,0,,0,2,0.0952380952380952,0,1,1,9,1332.654591950096,1465.8204582731041,-133.16586632300823
2019/20,2019,2020-07-12,Tottenham,Arsenal,M Oliver,2,1,16,11,5,3,0,0,ghost,1,0,,0,-2,-0.0397727272727272,-5,0,1,9,1552.7338087209441,1562.2286829273073,-9.494874206363193
2019/20,2019,2020-07-12,Bournemouth,Leicester,S Attwell,4,1,11,12,2,1,0,1,ghost,1,0,,0,-1,-0.0984848484848485,1,1,1,9,1371.8652196744106,1528.2762092772718,-156.41098960286126
2019/20,2019,2020-07-13,Man United,Southampton,C Kavanagh,2,2,14,15,1,3,0,0,ghost,1,0,,0,2,0.1285714285714286,1,0,1,9,1607.4070679720753,1463.904737285316,143.50233068675925
2019/20,2019,2020-07-14,Chelsea,Norwich,J Moss,1,0,10,9,2,2,0,0,ghost,1,0,,0,0,0.0222222222222222,-1,0,1,9,1587.0256745581175,1292.147611532387,294.8780630257306
2019/20,2019,2020-07-15,Burnley,Wolves,M Dean,1,1,10,8,0,0,0,0,ghost,1,0,,0,0,0.0,-2,0,1,9,1500.2055055017074,1533.6164734470394,-33.410967945332004
2019/20,2019,2020-07-15,Man City,Bournemouth,L Mason,2,1,10,10,1,1,0,0,ghost,1,0,,0,0,0.0,0,0,1,9,1726.9168281050163,1384.5710530309664,342.3457750740499
2019/20,2019,2020-07-15,Newcastle,Tottenham,D Coote,1,3,6,13,2,3,0,0,ghost,1,0,,0,1,-0.1025641025641025,7,0,1,9,1455.0817823257428,1561.2903076475384,-106.2085253217956
2019/20,2019,2020-07-15,Arsenal,Liverpool,P Tierney,2,1,14,10,3,1,0,0,ghost,1,0,,0,-2,-0.1142857142857142,-4,0,1,9,1553.672184000713,1789.453034190733,-235.78085019001992
2019/20,2019,2020-07-16,Everton,Aston Villa,A Taylor,1,1,15,13,2,1,0,0,ghost,1,0,,0,-1,-0.0564102564102564,-2,0,1,9,1502.9494323951453,1344.7298871797216,158.21954521542375
2019/20,2019,2020-07-16,Leicester,Sheffield United,M Oliver,2,0,12,10,1,2,0,0,ghost,1,0,,0,1,0.1166666666666666,-2,0,1,9,1515.570375920716,1472.6269760564287,42.94339986428736
2019/20,2019,2020-07-16,Crystal Palace,Man United,G Scott,0,2,10,15,1,2,0,0,ghost,1,0,,0,1,0.0333333333333333,5,0,1,9,1453.7451630434784,1602.13891483003,-148.39375178655155
2019/20,2019,2020-07-16,Southampton,Brighton,A Marriner,1,1,6,10,1,0,0,0,ghost,1,0,,0,-1,-0.1666666666666666,4,0,1,9,1469.1728904273614,1406.4348199980598,62.738070429301615
2019/20,2019,2020-07-17,West Ham,Watford,M Atkinson,3,1,11,11,0,2,0,0,ghost,1,0,,0,2,0.1818181818181818,0,0,1,9,1430.1426992303636,1418.508386578734,11.63431265162967
2019/20,2019,2020-07-18,Norwich,Burnley,K Friend,0,2,9,16,0,0,2,0,ghost,1,0,,0,0,0.0,7,-2,1,9,1289.8520590739654,1499.4417021934682,-209.58964311950285
2019/20,2019,2020-07-19,Bournemouth,Southampton,C Pawson,0,2,12,11,2,2,0,0,ghost,1,0,,0,0,0.0151515151515151,-1,0,1,9,1382.7750678733642,1465.7801796126355,-83.00511173927134
2019/20,2019,2020-07-19,Tottenham,Leicester,A Taylor,3,0,15,10,2,1,0,0,ghost,1,0,,0,-1,-0.0333333333333333,-5,0,1,9,1569.9681062028362,1522.6911928110364,47.27691339179978
2019/20,2019,2020-07-20,Brighton,Newcastle,S Hooper,0,0,13,12,4,2,0,0,ghost,1,0,,0,-2,-0.141025641025641,-1,0,1,9,1409.8275308127857,1446.403983770445,-36.576452957659285
2019/20,2019,2020-07-20,Sheffield United,Everton,S Attwell,0,1,11,19,1,3,0,0,ghost,1,0,,0,2,0.0669856459330143,8,0,1,9,1465.5061591661083,1497.382101348623,-31.87594218251479
2019/20,2019,2020-07-20,Wolves,Crystal Palace,P Bankes,2,0,11,15,2,1,0,0,ghost,1,0,,0,-1,-0.1151515151515151,4,0,1,9,1534.3802767552786,1446.235831260153,88.14444549512564
2019/20,2019,2020-07-21,Watford,Man City,M Oliver,0,4,14,11,2,0,0,0,ghost,1,0,,0,-2,-0.1428571428571428,-3,0,1,9,1410.5414603294575,1728.7128132626185,-318.17135293316096
2019/20,2019,2020-07-21,Aston Villa,Arsenal,C Kavanagh,1,0,13,19,2,4,0,0,ghost,1,0,,0,2,0.0566801619433198,6,0,1,9,1350.2972182262438,1568.3399261598815,-218.04270793363776
2019/20,2019,2020-07-22,Man United,West Ham,P Tierney,1,1,10,9,3,1,0,0,ghost,1,0,,0,-2,-0.1888888888888888,-1,0,1,9,1609.6482466133555,1438.10962547964,171.53862113371542
2019/20,2019,2020-07-22,Liverpool,Chelsea,A Marriner,5,3,8,11,1,0,0,0,ghost,1,0,,0,-1,-0.125,3,0,1,9,1774.7852920315645,1589.321227016539,185.46406501502543
2019/20,2019,2020-07-26,Arsenal,Watford,M Dean,3,2,9,12,3,3,0,0,ghost,1,0,,0,0,-0.0833333333333333,3,0,1,9,1554.0808767027256,1406.8514657856501,147.22941091707548
2019/20,2019,2020-07-26,Burnley,Brighton,J Moss,1,2,11,11,3,0,0,0,ghost,1,0,,0,-3,-0.2727272727272727,0,0,1,9,1505.3838636045546,1409.1543665233455,96.22949708120905
2019/20,2019,2020-07-26,Chelsea,Wolves,S Attwell,2,0,10,16,2,3,0,0,ghost,1,0,,0,1,-0.0125,6,0,1,9,1585.4060157737536,1540.3572436037355,45.04877217001808
2019/20,2019,2020-07-26,Crystal Palace,Tottenham,A Marriner,1,1,11,13,3,2,0,0,ghost,1,0,,0,-1,-0.1188811188811188,2,0,1,9,1440.258864411696,1576.974949372578,-136.71608496088197
2019/20,2019,2020-07-26,Everton,Bournemouth,C Kavanagh,1,3,11,9,1,0,0,0,ghost,1,0,,0,-1,-0.0909090909090909,-2,0,1,9,1508.1898133932614,1373.4362422357076,134.75357115755378
2019/20,2019,2020-07-26,Leicester,Man United,M Atkinson,0,2,12,11,1,4,1,0,ghost,1,0,,0,3,0.2803030303030303,-1,-1,1,9,1515.6843496412946,1603.8220349183043,-88.13768527700972
2019/20,2019,2020-07-26,Man City,Norwich,C Pawson,5,0,7,4,1,1,0,0,ghost,1,0,,0,0,0.1071428571428571,-3,0,1,9,1732.402807806426,1283.909897662879,448.49291014354685
2019/20,2019,2020-07-26,Newcastle,Liverpool,A Taylor,1,3,11,5,1,0,0,0,ghost,1,0,,0,-1,-0.0909090909090909,-6,0,1,9,1447.077148059885,1778.70050327435,-331.62335521446494
2019/20,2019,2020-07-26,Southampton,Sheffield United,P Bankes,3,1,9,16,0,1,0,0,ghost,1,0,,0,1,0.0625,7,0,1,9,1475.119005250292,1454.69844712147,20.420558128821995
2019/20,2019,2020-07-26,West Ham,Aston Villa,M Oliver,1,1,16,13,2,1,0,0,ghost,1,0,,0,-1,-0.048076923076923,-3,0,1,9,1443.9358371746912,1364.5562676833997,79.37956949129148
2020/21,2020,2020-09-12,Fulham,Arsenal,C Kavanagh,0,3,12,12,2,2,0,0,ghost,1,0,,0,0,0.0,0,0,1,10,1357.8700212821057,1558.735660257247,-200.86563897514134
2020/21,2020,2020-09-12,Crystal Palace,Southampton,J Moss,1,0,14,11,2,1,0,0,ghost,1,0,,0,-1,-0.0519480519480519,-3,0,1,10,1442.43173194836,1482.8447871161206,-40.413055167760604
2020/21,2020,2020-09-12,Liverpool,Leeds,M Oliver,4,3,9,6,1,0,0,0,ghost,1,0,,0,-1,-0.1111111111111111,-3,0,1,10,1782.163146247222,1357.8700212821057,424.29312496511625
2020/21,2020,2020-09-12,West Ham,Newcastle,S Attwell,0,2,13,7,2,2,0,0,ghost,1,0,,0,0,0.1318681318681318,-6,0,1,10,1440.1263696805536,1443.6145050870132,-3.4881354064596053
2020/21,2020,2020-09-13,West Brom,Leicester,A Taylor,0,3,12,9,1,1,0,0,ghost,1,0,,0,0,0.0277777777777777,-3,0,1,10,1357.8700212821057,1506.4924513556102,-148.62243007350457
2020/21,2020,2020-09-13,Tottenham,Everton,M Atkinson,0,1,15,7,1,0,0,0,ghost,1,0,,0,-1,-0.0666666666666666,-8,0,1,10,1574.8020818359141,1493.1059902995105,81.69609153640363
2020/21,2020,2020-09-14,Brighton,Chelsea,C Pawson,1,3,8,13,1,0,0,0,ghost,1,0,,0,-1,-0.125,5,0,1,10,1423.3705995129278,1592.4713559948834,-169.1007564819556
2020/21,2020,2020-09-14,Sheffield United,Wolves,M Dean,0,2,13,7,2,1,0,0,ghost,1,0,,0,-1,-0.010989010989011,-6,0,1,10,1446.9726652556415,1533.2919033826056,-86.31923812696414
2020/21,2020,2020-09-19,Everton,West Brom,M Dean,5,2,9,11,1,0,0,1,ghost,1,0,,0,-1,-0.1111111111111111,2,1,1,10,1506.9723115245515,1350.3668620733533,156.60544945119818
2020/21,2020,2020-09-19,Leeds,Fulham,A Taylor,4,3,13,18,1,2,0,0,ghost,1,0,,0,1,0.0341880341880341,5,0,1,10,1356.7102977764637,1351.7159944231103,4.994303353353416
2020/21,2020,2020-09-19,Man United,Crystal Palace,M Atkinson,1,3,13,10,2,1,0,0,ghost,1,0,,0,-1,-0.0538461538461538,-3,0,1,10,1613.0139332039887,1451.868570849922,161.14536235406672
2020/21,2020,2020-09-19,Arsenal,West Ham,M Oliver,2,1,11,13,0,1,0,0,ghost,1,0,,0,1,0.0769230769230769,2,0,1,10,1564.8896871162424,1428.5140214268047,136.3756656894377
2020/21,2020,2020-09-20,Southampton,Tottenham,D Coote,2,5,16,18,4,3,0,0,ghost,1,0,,0,-1,-0.0833333333333333,2,0,1,10,1473.4079482145587,1560.935760610873,-87.5278123963144
2020/21,2020,2020-09-20,Newcastle,Brighton,K Friend,0,3,16,15,3,0,0,1,ghost,1,0,,0,-3,-0.1875,-1,1,1,10,1455.226853340762,1416.4114723863665,38.81538095439555
2020/21,2020,2020-09-20,Chelsea,Liverpool,P Tierney,0,2,10,6,0,0,1,0,ghost,1,0,,0,0,0.0,-4,-1,1,10,1599.4304831214447,1783.3228697528639,-183.89238663141919
2020/21,2020,2020-09-20,Leicester,Burnley,L Mason,4,2,11,13,1,2,0,0,ghost,1,0,,0,1,0.0629370629370629,2,0,1,10,1513.9956105643626,1491.1676306149723,22.827979949390283
2020/21,2020,2020-09-21,Aston Villa,Sheffield United,G Scott,1,0,12,13,3,1,0,1,ghost,1,0,,0,-2,-0.173076923076923,1,1,1,10,1368.3657351775373,1437.7287481164412,-69.36301293890392
2020/21,2020,2020-09-21,Wolves,Man City,A Marriner,1,3,6,8,0,3,0,0,ghost,1,0,,0,3,0.375,2,0,1,10,1542.5358205218058,1733.4193891835755,-190.8835686617697
2020/21,2020,2020-09-26,Brighton,Man United,C Kavanagh,2,3,18,16,4,2,0,0,ghost,1,0,,0,-2,-0.0972222222222222,-2,0,1,10,1429.1813220032454,1597.388764491838,-168.2074424885925
2020/21,2020,2020-09-26,Crystal Palace,Everton,K Friend,1,2,16,15,3,1,0,0,ghost,1,0,,0,-2,-0.1208333333333333,-1,0,1,10,1467.4937395620727,1511.437121231731,-43.943381669658265
2020/21,2020,2020-09-26,West Brom,Chelsea,J Moss,3,3,8,16,1,3,0,0,ghost,1,0,,0,2,0.0625,8,0,1,10,1345.9020523661738,1592.8525603859844,-246.9505080198105
2020/21,2020,2020-09-26,Burnley,Southampton,A Marriner,0,1,8,10,1,0,0,0,ghost,1,0,,0,-1,-0.125,2,0,1,10,1483.5074517034097,1464.1986085498525,19.30884315355729
2020/21,2020,2020-09-27,Sheffield United,Leeds,P Tierney,0,1,18,4,2,1,0,0,ghost,1,0,,0,-1,0.1388888888888889,-14,0,1,10,1427.4593241605753,1364.861131520402,62.59819264017324
2020/21,2020,2020-09-27,Tottenham,Newcastle,P Bankes,1,1,15,9,1,4,0,0,ghost,1,0,,0,3,0.3777777777777777,-6,0,1,10,1570.1451002755794,1442.4570037238832,127.68809655169616
2020/21,2020,2020-09-27,Man City,Leicester,M Oliver,2,5,13,8,1,3,0,0,ghost,1,0,,0,2,0.2980769230769231,-5,0,1,10,1739.8208925321646,1521.655789475925,218.16510305623956
2020/21,2020,2020-09-27,West Ham,Wolves,M Atkinson,4,0,7,11,0,1,0,0,ghost,1,0,,0,1,0.0909090909090909,4,0,1,10,1423.6323833856288,1536.1343171732167,-112.50193378758786
2020/21,2020,2020-09-28,Fulham,Aston Villa,S Attwell,0,3,18,14,6,3,0,0,ghost,1,0,,0,-3,-0.119047619047619,-4,0,1,10,1343.5651606791719,1378.6351591334032,-35.06999845423138
2020/21,2020,2020-09-28,Liverpool,Arsenal,C Pawson,3,1,11,7,2,2,0,0,ghost,1,0,,0,0,0.1038961038961038,-4,0,1,10,1789.9007924883242,1569.7713251574182,220.12946733090598
2020/21,2020,2020-10-03,Chelsea,Crystal Palace,M Oliver,4,0,17,13,2,0,0,0,ghost,1,0,,0,-2,-0.1176470588235294,-4,0,1,10,1587.9371764651173,1457.0319216729106,130.90525479220673
2020/21,2020,2020-10-03,Everton,Brighton,S Hooper,4,2,13,14,0,1,0,0,ghost,1,0,,0,1,0.0714285714285714,1,0,1,10,1521.8989391208931,1422.1988425583638,99.70009656252932
2020/21,2020,2020-10-03,Leeds,Man City,M Dean,1,1,11,12,2,1,0,0,ghost,1,0,,0,-1,-0.0984848484848485,1,0,1,10,1378.2502792551657,1723.177040426074,-344.9267611709083
2020/21,2020,2020-10-03,Newcastle,Burnley,D Coote,3,1,13,17,2,3,0,0,ghost,1,0,,0,1,0.0226244343891402,4,0,1,10,1447.3884710814293,1471.2635983467744,-23.8751272653451
2020/21,2020,2020-10-04,Leicester,West Ham,A Madley,0,3,11,8,2,2,0,0,ghost,1,0,,0,0,0.0681818181818181,-3,0,1,10,1538.2996415820157,1435.1321123890427,103.167529192973
2020/21,2020,2020-10-04,Southampton,West Brom,C Kavanagh,2,0,19,10,2,1,0,0,ghost,1,0,,0,-1,-0.0052631578947368,-9,0,1,10,1476.4424619064878,1350.817436287041,125.62502561944689
2020/21,2020,2020-10-04,Arsenal,Sheffield United,L Mason,2,1,3,9,0,1,0,0,ghost,1,0,,0,1,0.1111111111111111,6,0,1,10,1566.446640960084,1414.0701764258117,152.37646453427237
2020/21,2020,2020-10-04,Wolves,Fulham,D England,1,0,15,8,1,1,0,0,ghost,1,0,,0,0,0.0583333333333333,-7,0,1,10,1524.6345881698028,1332.8488464911457,191.78574167865713
2020/21,2020,2020-10-04,Man United,Tottenham,A Taylor,1,6,14,10,2,1,1,0,ghost,1,0,,0,-1,-0.0428571428571428,-4,-1,1,10,1604.3712439367196,1565.2136329180332,39.15761101868634
2020/21,2020,2020-10-04,Aston Villa,Liverpool,M Atkinson,7,2,7,10,2,1,0,0,ghost,1,0,,0,-1,-0.1857142857142857,3,0,1,10,1389.3514733214295,1793.2254766856584,-403.8740033642289
2020/21,2020,2020-10-17,Everton,Liverpool,M Oliver,2,2,15,9,3,2,1,0,ghost,1,0,,0,-1,0.0222222222222222,-6,-1,1,10,1527.6009188313137,1775.6529241619596,-248.0520053306459
2020/21,2020,2020-10-17,Chelsea,Southampton,P Bankes,3,3,11,9,1,1,0,0,ghost,1,0,,0,0,0.0202020202020201,-2,0,1,10,1592.935951455259,1481.556065123136,111.37988633212308
2020/21,2020,2020-10-17,Man City,Arsenal,C Kavanagh,1,0,15,10,4,1,0,0,ghost,1,0,,0,-3,-0.1666666666666666,-5,0,1,10,1716.4258782978648,1570.9964461230752,145.42943217478955
2020/21,2020,2020-10-17,Newcastle,Man United,C Pawson,1,4,9,12,1,1,0,0,ghost,1,0,,0,0,-0.0277777777777777,3,0,1,10,1456.3524444543427,1591.5923023422022,-135.23985788785944
2020/21,2020,2020-10-18,Sheffield United,Fulham,A Marriner,1,1,5,9,0,2,0,0,ghost,1,0,,0,2,0.2222222222222222,4,0,1,10,1409.5203712628206,1329.0469533543478,80.47341790847281
2020/21,2020,2020-10-18,Crystal Palace,Brighton,S Attwell,1,1,13,12,3,2,0,1,ghost,1,0,,0,-1,-0.0641025641025641,-1,1,1,10,1452.0331466827688,1416.4968628479432,35.536283834825554
2020/21,2020,2020-10-18,Tottenham,West Ham,P Tierney,3,3,13,12,0,5,0,0,ghost,1,0,,0,5,0.4166666666666667,-1,0,1,10,1577.9925745125506,1449.5111470469694,128.4814274655812
2020/21,2020,2020-10-18,Leicester,Aston Villa,J Moss,0,1,18,18,4,3,0,0,ghost,1,0,,0,-1,-0.0555555555555555,0,0,1,10,1523.920606924089,1406.9240258451282,116.99658107896084
2020/21,2020,2020-10-19,West Brom,Burnley,A Taylor,0,0,15,17,2,2,0,0,ghost,1,0,,0,0,-0.0156862745098039,2,0,1,10,1345.7038330703926,1462.299624973861,-116.59579190346835
2020/21,2020,2020-10-19,Leeds,Wolves,D Coote,0,1,13,12,2,1,0,0,ghost,1,0,,0,-1,-0.0705128205128205,-1,0,1,10,1385.0014413833749,1528.4364813066006,-143.43503992322576
2020/21,2020,2020-10-23,Aston Villa,Leeds,P Tierney,0,3,14,17,2,2,0,0,ghost,1,0,,0,0,-0.0252100840336134,3,0,1,10,1421.6190909192762,1377.357771713285,44.261319205991185
2020/21,2020,2020-10-24,West Ham,Man City,A Taylor,1,1,14,6,2,0,0,0,ghost,1,0,,0,-2,-0.1428571428571428,-8,0,1,10,1454.459875776114,1721.117769721764,-266.65789394565013
2020/21,2020,2020-10-24,Fulham,Crystal Palace,G Scott,1,2,11,11,0,1,1,0,ghost,1,0,,0,1,0.0909090909090909,0,-1,1,10,1332.8833031093588,1449.3506619647471,-116.46735885538828
2020/21,2020,2020-10-24,Man United,Chelsea,M Atkinson,0,0,8,6,3,1,0,0,ghost,1,0,,0,-2,-0.2083333333333333,-2,0,1,10,1599.459955135416,1588.36786450157,11.092090633846055
2020/21,2020,2020-10-24,Liverpool,Sheffield United,M Dean,2,1,7,15,0,3,0,0,ghost,1,0,,0,3,0.2,8,0,1,10,1770.7135340071125,1405.6840215078096,365.0295124993029
2020/21,2020,2020-10-25,Southampton,Everton,K Friend,2,0,11,11,1,2,0,1,ghost,1,0,,0,1,0.0909090909090909,0,1,1,10,1486.124152076825,1532.5403089861609,-46.41615690933577
2020/21,2020,2020-10-25,Wolves,Newcastle,L Mason,1,1,10,10,0,1,0,0,ghost,1,0,,0,1,0.1,0,0,1,10,1536.0801509766904,1448.4847916611288,87.59535931556161
2020/21,2020,2020-10-25,Arsenal,Leicester,C Pawson,0,1,13,9,3,5,0,0,ghost,1,0,,0,2,0.3247863247863248,-4,0,1,10,1566.304554699176,1509.225541849941,57.079012849234914
2020/21,2020,2020-10-26,Brighton,West Brom,J Moss,1,1,14,7,2,0,0,0,ghost,1,0,,0,-2,-0.1428571428571428,-7,0,1,10,1419.179347565965,1347.3185340564905,71.86081350947438
2020/21,2020,2020-10-26,Burnley,Tottenham,M Oliver,0,1,9,7,2,0,0,0,ghost,1,0,,0,-2,-0.2222222222222222,-2,0,1,10,1460.684923987763,1573.0438457834061,-112.35892179564303
2020/21,2020,2020-10-30,Wolves,Crystal Palace,M Atkinson,2,0,13,4,0,2,0,1,ghost,1,0,,0,2,0.5,-9,1,1,10,1532.0703723716192,1457.7395614137126,74.33081095790658
2020/21,2020,2020-10-31,Sheffield United,Man City,M Oliver,0,1,14,6,0,0,0,0,ghost,1,0,,0,0,0.0,-8,0,1,10,1404.0903683075344,1715.784313321166,-311.6939450136317
2020/21,2020,2020-10-31,Burnley,Chelsea,D Coote,0,3,10,15,1,0,0,0,ghost,1,0,,0,-1,-0.1,5,0,1,10,1452.1806291083908,1590.385972185049,-138.2053430766582
2020/21,2020,2020-10-31,Liverpool,West Ham,K Friend,2,1,13,14,0,1,0,0,ghost,1,0,,0,1,0.0714285714285714,1,0,1,10,1772.3071872073876,1459.7933321767118,312.5138550306758
2020/21,2020,2020-11-01,Aston Villa,Southampton,D England,3,4,12,17,1,2,0,0,ghost,1,0,,0,1,0.034313725490196,5,0,1,10,1408.7051576717968,1495.7333767383327,-87.02821906653594
2020/21,2020,2020-11-01,Newcastle,Everton,S Attwell,2,1,9,10,2,4,0,0,ghost,1,0,,0,2,0.1777777777777778,1,0,1,10,1452.4945702662,1522.9310843246533,-70.43651405845321
2020/21,2020,2020-11-01,Man United,Arsenal,M Dean,0,1,12,12,3,3,0,0,ghost,1,0,,0,0,0.0,0,0,1,10,1597.441847451937,1553.0567643106842,44.385083141252835
2020/21,2020,2020-11-01,Tottenham,Brighton,G Scott,2,1,14,13,2,1,0,0,ghost,1,0,,0,-1,-0.0659340659340659,-1,0,1,10,1581.5481406627785,1415.5563906320626,165.99175003071582
2020/21,2020,2020-11-02,Fulham,West Brom,S Hooper,2,0,13,11,3,2,0,0,ghost,1,0,,0,-1,-0.0489510489510489,-2,0,1,10,1324.4944036603933,1350.9414909903928,-26.447087329999476
2020/21,2020,2020-11-02,Leeds,Leicester,A Marriner,1,4,9,5,1,1,0,0,ghost,1,0,,0,0,0.0888888888888889,-4,0,1,10,1390.2717049607645,1522.4733322384327,-132.2016272776682
2020/21,2020,2020-11-06,Brighton,Burnley,M Dean,0,0,11,5,1,0,0,0,ghost,1,0,,0,-1,-0.0909090909090909,-6,0,1,10,1411.2761629113752,1444.3942989119992,-33.11813600062396
2020/21,2020,2020-11-06,Southampton,Newcastle,P Bankes,2,0,12,11,1,2,0,0,ghost,1,0,,0,1,0.0984848484848485,-1,0,1,10,1504.9570075776644,1462.7948669712018,42.16214060646257
2020/21,2020,2020-11-07,Everton,Man United,P Tierney,1,3,12,19,4,2,0,0,ghost,1,0,,0,-2,-0.2280701754385964,7,0,1,10,1512.6307876196515,1584.5246547982222,-71.89386717857064
2020/21,2020,2020-11-07,Crystal Palace,Leeds,C Kavanagh,4,1,9,1,0,2,0,0,ghost,1,0,,1,2,,-8,0,1,10,1451.4241194513277,1382.3204272045414,69.1036922467863
2020/21,2020,2020-11-07,Chelsea,Sheffield United,J Moss,4,1,5,14,0,2,0,0,ghost,1,0,,0,2,0.1428571428571428,9,0,1,10,1598.1723023814407,1400.2868477948107,197.88545458662998
2020/21,2020,2020-11-07,West Ham,Fulham,R Jones,1,0,10,9,2,2,0,0,ghost,1,0,,0,0,0.0222222222222222,-1,0,1,10,1457.6961474208765,1333.5316642935113,124.1644831273652
2020/21,2020,2020-11-08,West Brom,Tottenham,A Madley,0,1,17,12,1,0,0,0,ghost,1,0,,0,-1,-0.0588235294117647,-5,0,1,10,1341.9042303572749,1585.8283683834659,-243.92413802619103
2020/21,2020,2020-11-08,Leicester,Wolves,A Taylor,1,0,12,8,2,3,0,0,ghost,1,0,,0,1,0.2083333333333333,-4,0,1,10,1530.4246099946558,1538.3858143340042,-7.961204339348342
2020/21,2020,2020-11-08,Man City,Liverpool,C Pawson,1,1,19,11,3,1,0,0,ghost,1,0,,0,-2,-0.0669856459330143,-8,0,1,10,1719.5878338338898,1774.404371963223,-54.81653812933314
2020/21,2020,2020-11-08,Arsenal,Aston Villa,M Atkinson,0,3,11,13,0,0,0,0,ghost,1,0,,0,0,0.0,2,0,1,10,1565.9739569643991,1399.481526832465,166.49243013193404
2020/21,2020,2020-11-21,Newcastle,Chelsea,C Pawson,0,2,11,12,2,0,0,0,ghost,1,0,,0,-2,-0.1818181818181818,1,0,1,10,1455.6534143646763,1601.8672519136092,-146.21383754893282
2020/21,2020,2020-11-21,Aston Villa,Brighton,M Oliver,1,2,5,18,2,1,0,1,ghost,1,0,,0,-1,-0.3444444444444444,13,1,1,10,1415.2109872657848,1410.5039809344185,4.707006331366301
2020/21,2020,2020-11-21,Tottenham,Man City,M Dean,2,0,13,19,2,2,0,0,ghost,1,0,,0,0,-0.048582995951417,6,0,1,10,1590.9793271041144,1719.4386528766688,-128.4593257725544
2020/21,2020,2020-11-21,Man United,West Brom,D Coote,1,0,12,17,1,1,0,0,ghost,1,0,,0,0,-0.0245098039215686,5,0,1,10,1594.1824554486193,1336.7532716366263,257.42918381199297
2020/21,2020,2020-11-22,Fulham,Everton,A Madley,2,3,14,10,2,0,0,0,ghost,1,0,,0,-2,-0.1428571428571428,-4,0,1,10,1328.3859949159153,1502.9729869692544,-174.58699205333915
2020/21,2020,2020-11-22,Sheffield United,West Ham,M Atkinson,0,1,7,6,0,0,0,0,ghost,1,0,,0,0,0.0,-1,0,1,10,1396.5918982626422,1462.8418167984726,-66.24991853583037
2020/21,2020,2020-11-22,Leeds,Arsenal,A Taylor,0,0,9,8,3,0,0,1,ghost,1,0,,0,-3,-0.3333333333333333,-1,1,1,10,1375.8742466537983,1550.2444965310794,-174.37024987728114
2020/21,2020,2020-11-22,Liverpool,Leicester,C Kavanagh,3,0,15,6,0,2,0,0,ghost,1,0,,0,2,0.3333333333333333,-9,0,1,10,1774.553552920444,1538.9379139550272,235.6156389654168
2020/21,2020,2020-11-23,Burnley,Crystal Palace,K Friend,1,0,13,9,2,0,0,0,ghost,1,0,,0,-2,-0.1538461538461538,-4,0,1,10,1445.166480888956,1457.8703000020707,-12.703819113114832
2020/21,2020,2020-11-23,Wolves,Southampton,A Marriner,1,1,14,13,2,0,0,0,ghost,1,0,,0,-2,-0.1428571428571428,-1,0,1,10,1529.8725103736328,1512.09846018419,17.77405018944296
2020/21,2020,2020-11-27,Crystal Palace,Newcastle,G Scott,0,2,9,10,2,2,0,0,ghost,1,0,,0,0,-0.0222222222222222,1,0,1,10,1449.2232465805073,1448.0851404849086,1.1381060955986868
2020/21,2020,2020-11-28,Brighton,Liverpool,S Attwell,1,1,9,13,2,1,0,0,ghost,1,0,,0,-1,-0.1452991452991452,4,0,1,10,1422.345159651926,1777.638419168007,-355.293259516081
2020/21,2020,2020-11-28,Man City,Burnley,L Mason,5,0,12,4,0,0,0,0,ghost,1,0,,0,0,0.0,-8,0,1,10,1707.4933459784054,1453.8135343105193,253.67981166788604
2020/21,2020,2020-11-28,Everton,Leeds,C Kavanagh,0,1,8,14,1,2,0,0,ghost,1,0,,0,1,0.0178571428571428,6,0,1,10,1509.7895056372788,1379.0521207596603,130.73738487761852
2020/21,2020,2020-11-28,West Brom,Sheffield United,M Dean,1,0,10,9,2,3,0,0,ghost,1,0,,0,1,0.1333333333333333,-1,0,1,10,1333.981993583207,1386.771765977368,-52.78977239416099
2020/21,2020,2020-11-29,Southampton,Man United,J Moss,2,3,12,12,1,0,0,0,ghost,1,0,,0,-1,-0.0833333333333333,0,0,1,10,1514.3003214499738,1596.9537335020386,-82.65341205206482
2020/21,2020,2020-11-29,Chelsea,Tottenham,P Tierney,0,0,20,9,4,2,0,0,ghost,1,0,,0,-2,0.0222222222222222,-11,0,1,10,1609.4355257933769,1602.9246340023778,6.51089179099904
2020/21,2020,2020-11-29,Arsenal,Wolves,M Oliver,1,2,13,13,3,4,0,0,ghost,1,0,,0,1,0.0769230769230769,0,0,1,10,1547.0666224252175,1527.670649107849,19.395973317368544
2020/21,2020,2020-11-30,Leicester,Fulham,S Hooper,1,2,9,21,0,2,0,0,ghost,1,0,,0,2,0.0952380952380952,12,0,1,10,1535.8530477074642,1321.5694762478909,214.2835714595733
2020/21,2020,2020-11-30,West Ham,Aston Villa,P Bankes,2,1,20,7,1,1,0,0,ghost,1,0,,0,0,0.0928571428571428,-13,0,1,10,1472.6619490837468,1403.3698085482772,69.29214053546957
2020/21,2020,2020-12-05,Burnley,Everton,A Taylor,1,1,6,9,0,0,0,0,ghost,1,0,,0,0,0.0,3,0,1,10,1450.9903282562593,1494.791904674309,-43.80157641804976
2020/21,2020,2020-12-05,Man City,Fulham,J Moss,2,0,7,6,0,0,0,0,ghost,1,0,,0,0,0.0,-1,0,1,10,1710.3165520326654,1338.1504586918973,372.16609334076816
2020/21,2020,2020-12-05,West Ham,Man United,A Marriner,1,3,9,10,0,0,0,0,partial,0,1,2000.0,0,0,0.0,1,0,1,10,1479.1033915989633,1606.3026382898781,-127.19924669091483
2020/21,2020,2020-12-05,Chelsea,Leeds,K Friend,3,1,12,9,0,2,0,0,partial,0,1,2000.0,0,2,0.2222222222222222,-3,0,1,10,1607.5442354889763,1394.04972172263,213.49451376634624
2020/21,2020,2020-12-06,West Brom,Crystal Palace,P Tierney,1,5,10,16,2,2,1,0,ghost,1,0,,0,0,-0.075,6,-1,1,10,1343.7744963377604,1437.4814914236933,-93.70699508593293
2020/21,2020,2020-12-06,Sheffield United,Leicester,S Attwell,1,2,13,6,1,3,0,0,ghost,1,0,,0,2,0.4230769230769231,-7,0,1,10,1376.9792632228146,1519.2720652634578,-142.2928020406432
2020/21,2020,2020-12-06,Tottenham,Arsenal,M Atkinson,2,0,16,12,1,2,0,0,partial,0,1,2000.0,0,1,0.1041666666666666,-4,0,1,10,1604.8159243067785,1534.820387659989,69.99553664678956
2020/21,2020,2020-12-06,Liverpool,Wolves,C Pawson,4,0,8,14,1,1,0,0,partial,0,1,2000.0,0,0,-0.0535714285714285,6,0,1,10,1770.7281303003444,1539.9168838730775,230.81124642726695
2020/21,2020,2020-12-07,Brighton,Southampton,D Coote,1,2,12,12,3,3,0,0,partial,0,1,2000.0,0,0,0.0,0,0,1,10,1429.2554485195885,1504.9514166621343,-75.69596814254578
2020/21,2020,2020-12-11,Leeds,West Ham,M Oliver,1,2,12,10,1,2,0,0,ghost,1,0,,0,1,0.1166666666666666,-2,0,1,10,1390.6178099522986,1471.013778482263,-80.39596852996442
2020/21,2020,2020-12-12,Wolves,Aston Villa,M Dean,0,1,23,15,2,5,0,0,ghost,1,0,,0,3,0.2463768115942028,-8,0,1,10,1536.7591690820072,1396.9283660330607,139.83080304894656
2020/21,2020,2020-12-12,Newcastle,West Brom,D England,2,1,9,12,2,3,0,0,ghost,1,0,,0,1,0.0277777777777777,3,0,1,10,1459.8268956417226,1334.7416292600417,125.08526638168087
2020/21,2020,2020-12-12,Man United,Man City,C Kavanagh,0,0,13,6,1,1,0,0,ghost,1,0,,0,0,0.0897435897435897,-7,0,1,10,1614.3922514065785,1711.8509833500725,-97.45873194349406
2020/21,2020,2020-12-12,Everton,Chelsea,J Moss,1,0,10,11,2,3,0,0,partial,0,1,2000.0,0,1,0.0727272727272727,1,0,1,10,1495.2577952648949,1610.9761472593077,-115.71835199441284
2020/21,2020,2020-12-13,Southampton,Sheffield United,A Madley,3,0,8,14,0,1,0,0,partial,0,1,2000.0,0,1,0.0714285714285714,6,0,1,10,1514.4999574738938,1369.3045187283888,145.19543874550504
2020/21,2020,2020-12-13,Crystal Palace,Tottenham,K Friend,1,1,15,11,1,1,0,0,partial,0,1,2000.0,0,0,0.0242424242424242,-4,0,1,10,1446.514358501412,1611.2396979460236,-164.72533944461156
2020/21,2020,2020-12-13,Fulham,Liverpool,A Marriner,1,1,9,5,3,1,0,0,partial,0,1,2000.0,0,-2,-0.1333333333333333,-4,0,1,10,1336.6160273744902,1773.8858450914147,-437.26981771692454
2020/21,2020,2020-12-13,Arsenal,Burnley,G Scott,0,1,5,11,2,1,1,0,partial,0,1,2000.0,0,-1,-0.3090909090909091,6,-1,1,10,1528.3966140207438,1450.5244376656735,77.87217635507022
2020/21,2020,2020-12-13,Leicester,Brighton,M Atkinson,3,0,9,11,2,1,0,0,ghost,1,0,,0,-1,-0.1313131313131313,2,0,1,10,1526.9468097578833,1419.706907707829,107.2399020500543
2020/21,2020,2020-12-15,Wolves,Chelsea,S Attwell,2,1,12,12,2,2,0,0,ghost,1,0,,0,0,0.0,0,0,1,10,1521.5677870749844,1599.386052548911,-77.81826547392666
2020/21,2020,2020-12-15,Man City,West Brom,P Bankes,1,1,5,8,2,3,0,0,ghost,1,0,,0,1,-0.025,3,0,1,10,1710.7769925317039,1329.6161909452733,381.1608015864306
2020/21,2020,2020-12-16,Arsenal,Southampton,P Tierney,1,1,13,13,1,3,1,0,ghost,1,0,,0,2,0.1538461538461538,0,-1,1,10,1514.6242977256954,1519.1966878805126,-4.572390154817185
2020/21,2020,2020-12-16,Leeds,Newcastle,S Hooper,5,2,10,13,3,1,0,0,ghost,1,0,,0,-2,-0.223076923076923,3,0,1,10,1381.2041796888504,1464.952333956491,-83.74815426764053
2020/21,2020,2020-12-16,Leicester,Everton,L Mason,0,2,12,9,2,3,0,0,ghost,1,0,,0,1,0.1666666666666666,-3,0,1,10,1532.473527422696,1506.8478899752915,25.625637447404415
2020/21,2020,2020-12-16,Fulham,Brighton,R Jones,0,0,15,11,1,0,0,0,ghost,1,0,,0,-1,-0.0666666666666666,-4,0,1,10,1344.569684588804,1414.1801900430164,-69.61050545421244
2020/21,2020,2020-12-16,Liverpool,Tottenham,A Taylor,2,1,8,9,0,2,0,0,partial,0,1,2000.0,0,2,0.2222222222222222,1,0,1,10,1765.932187877101,1608.313547907088,157.61863997001296
2020/21,2020,2020-12-16,West Ham,Crystal Palace,D Coote,1,1,8,12,0,1,0,1,ghost,1,0,,0,1,0.0833333333333333,4,1,1,10,1480.427408745711,1449.4405085403478,30.986900205363327
2020/21,2020,2020-12-17,Aston Villa,Burnley,C Pawson,0,0,17,19,1,1,0,0,ghost,1,0,,0,0,-0.0061919504643962,2,0,1,10,1412.1197480400836,1464.2967539607218,-52.177005920638294
2020/21,2020,2020-12-17,Sheffield United,Man United,M Oliver,2,3,17,8,3,2,0,0,ghost,1,0,,0,-1,0.0735294117647058,-9,0,1,10,1364.60778832177,1615.466242224947,-250.85845390317718
2020/21,2020,2020-12-19,Crystal Palace,Liverpool,J Moss,0,7,5,11,1,0,0,0,ghost,1,0,,0,-1,-0.2,6,0,1,10,1452.0010523341396,1770.3768030119345,-318.37575067779494
2020/21,2020,2020-12-19,Southampton,Man City,M Dean,0,1,9,11,2,2,0,0,partial,0,1,2000.0,0,0,-0.0404040404040403,2,0,1,10,1520.7786248580594,1702.2396588588074,-181.461034000748
2020/21,2020,2020-12-19,Everton,Arsenal,A Marriner,2,1,9,9,1,3,0,0,partial,0,1,2000.0,0,2,0.2222222222222222,0,0,1,10,1519.2636808967613,1513.0423607481487,6.221320148612676
2020/21,2020,2020-12-19,Newcastle,Fulham,G Scott,1,1,7,17,1,2,0,1,ghost,1,0,,0,1,-0.0252100840336134,10,1,1,10,1454.26986964527,1344.8462266432298,109.42364300204031
2020/21,2020,2020-12-20,Brighton,Sheffield United,P Bankes,1,1,9,11,1,5,0,1,partial,0,1,2000.0,0,4,0.3434343434343434,2,1,1,10,1413.9036479885906,1359.6080031502129,54.29564483837771
2020/21,2020,2020-12-20,Tottenham,Leicester,C Pawson,0,2,15,14,2,2,0,0,ghost,1,0,,0,0,0.0095238095238095,-1,0,1,10,1603.8689327722543,1520.0577365012261,83.81119627102817
2020/21,2020,2020-12-20,Man United,Leeds,A Taylor,6,2,6,6,1,0,0,0,ghost,1,0,,0,-1,-0.1666666666666666,0,0,1,10,1620.4660273965042,1391.8866440000713,228.57938339643283
2020/21,2020,2020-12-20,West Brom,Aston Villa,M Atkinson,0,3,14,8,1,2,1,0,ghost,1,0,,0,1,0.1785714285714285,-6,-1,1,10,1338.1535246181697,1411.8946222147663,-73.74109759659655
2020/21,2020,2020-12-21,Burnley,Wolves,L Mason,2,1,11,15,2,1,0,0,ghost,1,0,,0,-1,-0.1151515151515151,4,0,1,10,1464.521879786039,1532.0801888265742,-67.55830904053505
2020/21,2020,2020-12-21,Chelsea,West Ham,C Kavanagh,3,0,11,6,0,0,0,0,ghost,1,0,,0,0,0.0,-5,0,1,10,1588.8736507973213,1477.8668649519193,111.00678584540196
2020/21,2020,2020-12-26,Leicester,Man United,M Dean,2,2,10,17,2,1,0,0,ghost,1,0,,0,-1,-0.1411764705882353,7,0,1,10,1533.975712861539,1623.6580564166984,-89.68234355515938
2020/21,2020,2020-12-26,Aston Villa,Crystal Palace,A Taylor,3,0,18,16,1,4,1,0,ghost,1,0,,0,3,0.1944444444444444,-2,-1,1,10,1421.49932771967,1448.3145971149136,-26.815269395243604
2020/21,2020,2020-12-26,Fulham,Southampton,D England,0,0,15,12,2,0,0,0,ghost,1,0,,0,-2,-0.1333333333333333,-3,0,1,10,1349.369643408534,1514.1387699477975,-164.76912653926343
2020/21,2020,2020-12-26,Arsenal,Chelsea,M Oliver,3,1,13,10,2,1,0,0,ghost,1,0,,0,-1,-0.0538461538461538,-3,0,1,10,1504.9256133704012,1594.3140658178013,-89.38845244740014
2020/21,2020,2020-12-26,Man City,Newcastle,A Marriner,2,0,5,12,2,2,0,0,ghost,1,0,,0,0,-0.2333333333333333,7,0,1,10,1708.8795137690693,1449.7464528799658,259.1330608891035
2020/21,2020,2020-12-26,Sheffield United,Everton,D Coote,0,1,11,10,2,4,0,0,ghost,1,0,,0,2,0.2181818181818182,-1,0,1,10,1362.7839466726346,1527.3804282745089,-164.5964816018743
2020/21,2020,2020-12-27,Leeds,Burnley,R Jones,1,0,8,14,0,3,0,0,ghost,1,0,,0,3,0.2142857142857142,6,0,1,10,1388.694614979877,1474.739391095479,-86.04477611560196
2020/21,2020,2020-12-27,West Ham,Brighton,S Hooper,2,2,6,8,0,0,0,0,ghost,1,0,,0,0,0.0,2,0,1,10,1472.4264499314393,1410.727704466169,61.69874546527035
2020/21,2020,2020-12-27,Liverpool,West Brom,K Friend,1,1,8,5,0,1,0,0,partial,0,1,2000.0,0,1,0.2,-3,0,1,10,1774.0632582311605,1328.548819113266,445.5144391178944
2020/21,2020,2020-12-27,Wolves,Tottenham,P Tierney,1,1,20,13,4,1,0,0,ghost,1,0,,0,-3,-0.123076923076923,-7,0,1,10,1521.8626775171342,1589.9509564119414,-68.08827889480722
2020/21,2020,2020-12-28,Crystal Palace,Leicester,G Scott,1,1,10,7,0,1,0,0,ghost,1,0,,0,1,0.1428571428571428,-3,0,1,10,1439.2668365041286,1534.827966932444,-95.56113042831544
2020/21,2020,2020-12-28,Chelsea,Aston Villa,S Attwell,1,1,16,3,3,1,0,0,ghost,1,0,,0,-2,0.1458333333333333,-13,0,1,10,1583.4702097764882,1430.547088330455,152.9231214460333
2020/21,2020,2020-12-29,Brighton,Arsenal,M Atkinson,0,1,11,4,2,0,0,0,ghost,1,0,,0,-2,-0.1818181818181818,-7,0,1,10,1414.0939175576116,1515.7694694117142,-101.67555185410265
2020/21,2020,2020-12-29,Burnley,Sheffield United,C Kavanagh,1,0,13,17,1,2,0,0,ghost,1,0,,0,1,0.0407239819004524,4,0,1,10,1463.991163194654,1355.7067050796843,108.28445811496977
2020/21,2020,2020-12-29,Southampton,West Ham,A Madley,0,0,16,15,3,1,0,0,ghost,1,0,,0,-2,-0.1208333333333333,-1,0,1,10,1511.2114675682967,1469.0602368399966,42.151230728300106
2020/21,2020,2020-12-29,West Brom,Leeds,L Mason,0,5,7,10,0,1,0,0,ghost,1,0,,0,1,0.1,3,0,1,10,1337.5155659363252,1399.442842880702,-61.9272769443769
2020/21,2020,2020-12-29,Man United,Wolves,J Moss,1,0,11,7,1,1,0,0,ghost,1,0,,0,0,0.0519480519480519,-4,0,1,10,1622.8058023457934,1522.0954348507528,100.7103674950406
2020/21,2020,2020-12-30,Newcastle,Liverpool,P Tierney,0,0,9,13,2,3,0,0,ghost,1,0,,0,1,0.0085470085470085,4,0,1,10,1446.9985070846994,1765.0965114081014,-318.09800432340194
2020/21,2020,2021-01-01,Everton,West Ham,K Friend,0,1,9,7,2,0,0,0,ghost,1,0,,0,-2,-0.2222222222222222,-2,0,1,10,1534.4576698674591,1471.918495878151,62.53917398930821
2020/21,2020,2021-01-01,Man United,Aston Villa,M Oliver,2,1,22,10,4,0,0,0,ghost,1,0,,0,-4,-0.1818181818181818,-12,0,1,10,1628.4841053392922,1436.0083339919972,192.475771347295
2020/21,2020,2021-01-02,Tottenham,Leeds,D Coote,3,0,15,13,2,1,1,0,ghost,1,0,,0,-1,-0.0564102564102564,-2,-1,1,10,1589.7181990783229,1409.387371960136,180.3308271181868
2020/21,2020,2021-01-02,Crystal Palace,Sheffield United,S Attwell,2,0,8,18,1,3,0,0,ghost,1,0,,0,2,0.0416666666666666,10,0,1,10,1440.286808798525,1350.2040037525464,90.0828050459786
2020/21,2020,2021-01-02,Brighton,Wolves,A Madley,3,3,13,8,2,1,0,0,ghost,1,0,,0,-1,-0.0288461538461538,-5,0,1,10,1405.2877162089683,1516.417131857254,-111.12941564828566
2020/21,2020,2021-01-02,West Brom,Arsenal,M Atkinson,0,4,7,4,1,2,0,0,ghost,1,0,,0,1,0.3571428571428571,-3,0,1,10,1327.5710368568912,1524.5756707603575,-197.00463390346636
2020/21,2020,2021-01-03,Newcastle,Leicester,R Jones,1,2,10,11,0,2,0,0,ghost,1,0,,0,2,0.1818181818181818,1,0,1,10,1453.3072418050788,1533.8079946380476,-80.50075283296883
2020/21,2020,2021-01-03,Chelsea,Man City,A Taylor,1,3,11,10,3,1,0,0,ghost,1,0,,0,-2,-0.1727272727272727,-1,0,1,10,1578.008964114946,1711.6274595643356,-133.61849544938968
2020/21,2020,2021-01-04,Southampton,Liverpool,A Marriner,1,0,5,12,1,3,0,0,ghost,1,0,,0,2,0.0499999999999999,7,0,1,10,1508.3532085301424,1758.787776687722,-250.43456815757963
2020/21,2020,2021-01-12,Sheffield United,Newcastle,A Madley,1,0,13,12,2,3,0,1,ghost,1,0,,0,1,0.0961538461538461,-1,1,1,10,1344.2736926013042,1443.8966170533922,-99.622924452088
2020/21,2020,2021-01-12,Burnley,Man United,K Friend,0,1,15,13,1,2,0,0,ghost,1,0,,0,1,0.0871794871794871,-2,0,1,10,1469.493864521792,1632.2737826517239,-162.77991812993196
2020/21,2020,2021-01-12,Wolves,Everton,M Atkinson,1,2,6,11,2,2,0,0,ghost,1,0,,0,0,-0.1515151515151515,5,0,1,10,1514.956041267589,1521.070025795179,-6.113984527589992
2020/21,2020,2021-01-13,Man City,Brighton,D England,1,0,4,12,0,2,0,0,ghost,1,0,,0,2,0.1666666666666666,8,0,1,10,1719.5397010819975,1406.7488067986333,312.7908942833642
2020/21,2020,2021-01-13,Tottenham,Fulham,P Tierney,1,1,13,15,1,2,0,0,ghost,1,0,,0,1,0.0564102564102564,2,0,1,10,1593.7272913321567,1352.296945788035,241.4303455441218
2020/21,2020,2021-01-14,Arsenal,Crystal Palace,A Marriner,0,0,10,11,1,1,0,0,ghost,1,0,,0,0,-0.009090909090909,1,0,1,10,1530.8247911856577,1446.2171199497673,84.6076712358904
2020/21,2020,2021-01-16,Wolves,West Brom,M Oliver,2,3,10,14,2,1,0,0,ghost,1,0,,0,-1,-0.1285714285714286,4,0,1,10,1503.417394658417,1321.321916431591,182.0954782268259
2020/21,2020,2021-01-16,Leeds,Brighton,K Friend,0,1,8,9,1,1,0,0,ghost,1,0,,0,0,-0.0138888888888888,1,0,1,10,1405.3782797063022,1404.6546139722661,0.7236657340361035
2020/21,2020,2021-01-16,West Ham,Burnley,C Kavanagh,1,0,12,9,2,1,0,0,ghost,1,0,,0,-1,-0.0555555555555555,-3,0,1,10,1485.306139950431,1462.36873172641,22.937408224021056
2020/21,2020,2021-01-16,Fulham,Chelsea,P Bankes,0,1,11,10,2,3,1,0,ghost,1,0,,0,1,0.1181818181818181,-1,-1,1,10,1359.2984028092578,1570.096722597284,-210.79831978802622
2020/21,2020,2021-01-16,Leicester,Southampton,S Attwell,2,0,10,11,2,2,0,0,ghost,1,0,,0,0,-0.0181818181818181,1,0,1,10,1543.2186193897342,1523.344267730506,19.87435165922807
2020/21,2020,2021-01-17,Sheffield United,Tottenham,A Marriner,1,3,13,4,4,0,0,0,ghost,1,0,,0,-4,-0.3076923076923077,-9,0,1,10,1355.4092134349598,1586.7258343109338,-231.31662087597397
2020/21,2020,2021-01-17,Liverpool,Man United,P Tierney,0,0,15,6,2,1,0,0,ghost,1,0,,0,-1,0.0333333333333333,-9,0,1,10,1743.7967174873584,1639.3989154471058,104.3978020402526
2020/21,2020,2021-01-17,Man City,Crystal Palace,L Mason,4,0,9,8,0,0,0,0,ghost,1,0,,0,0,0.0,-1,0,1,10,1721.6338939083646,1450.154484236962,271.47940967140266
2020/21,2020,2021-01-18,Arsenal,Newcastle,D Coote,3,0,9,8,0,0,0,0,ghost,1,0,,0,0,0.0,-1,0,1,10,1526.887426898463,1432.7610962197366,94.12633067872639
2020/21,2020,2021-01-19,West Ham,West Brom,G Scott,2,1,10,10,0,1,0,0,ghost,1,0,,0,1,0.1,0,0,1,10,1492.9633419156219,1337.345286570173,155.61805534544897
2020/21,2020,2021-01-19,Leicester,Chelsea,C Pawson,2,0,7,16,1,3,0,0,ghost,1,0,,0,2,0.0446428571428571,9,0,1,10,1550.959314555914,1576.009864874655,-25.05055031874099
2020/21,2020,2021-01-20,Man City,Aston Villa,J Moss,2,0,10,9,0,2,0,0,ghost,1,0,,0,2,0.2222222222222222,-1,0,1,10,1724.2176731086718,1432.2186566795656,291.9990164291062
2020/21,2020,2021-01-20,Fulham,Man United,M Atkinson,1,2,6,10,3,1,0,0,ghost,1,0,,0,-2,-0.4,4,0,1,10,1353.3852605318868,1643.8065255539623,-290.42126502207543
2020/21,2020,2021-01-21,Liverpool,Burnley,M Dean,0,1,11,8,2,1,0,0,ghost,1,0,,0,-1,-0.0568181818181818,-3,0,1,10,1739.3891073805019,1454.7115297612193,284.6775776192826
2020/21,2020,2021-01-23,Aston Villa,Newcastle,S Hooper,2,0,9,18,0,3,0,0,ghost,1,0,,0,3,0.1666666666666666,9,0,1,10,1429.8892107878157,1426.9274293653039,2.9617814225118764
2020/21,2020,2021-01-26,Crystal Palace,West Ham,S Attwell,2,3,9,8,0,0,0,0,ghost,1,0,,0,0,0.0,-1,0,1,10,1447.5707050366548,1497.4478948574342,-49.87718982077945
2020/21,2020,2021-01-26,Newcastle,Leeds,A Taylor,1,2,10,15,1,3,0,0,ghost,1,0,,0,2,0.1,5,0,1,10,1418.720034778405,1393.648093622332,25.07194115607308
2020/21,2020,2021-01-26,Southampton,Arsenal,K Friend,1,3,11,6,1,2,0,0,ghost,1,0,,0,1,0.2424242424242424,-5,0,1,10,1515.6035725643262,1532.7210937528957,-17.117521188569526
2020/21,2020,2021-01-26,West Brom,Man City,C Kavanagh,0,5,8,8,2,0,0,0,ghost,1,0,,0,-2,-0.25,0,0,1,10,1332.8607336283605,1726.5471190004216,-393.68638537206107
2020/21,2020,2021-01-27,Burnley,Aston Villa,P Tierney,3,2,16,7,1,0,0,0,ghost,1,0,,0,-1,-0.0625,-9,0,1,10,1472.2939309112824,1438.0966053747145,34.19732553656786
2020/21,2020,2021-01-27,Chelsea,Wolves,A Madley,0,0,14,7,1,1,0,0,ghost,1,0,,0,0,0.0714285714285714,-7,0,1,10,1567.0124116293694,1487.394024519835,79.6183871095343
2020/21,2020,2021-01-27,Brighton,Fulham,C Pawson,0,0,10,14,2,1,0,0,ghost,1,0,,0,-1,-0.1285714285714286,4,0,1,10,1416.3848000562364,1349.190188988701,67.19461106753533
2020/21,2020,2021-01-27,Everton,Leicester,M Dean,1,1,12,10,1,1,0,0,ghost,1,0,,0,0,0.0166666666666666,-2,0,1,10,1532.608672404351,1559.9567678011997,-27.34809539684875
2020/21,2020,2021-01-27,Man United,Sheffield United,P Bankes,1,2,10,12,1,1,0,0,ghost,1,0,,0,0,-0.0166666666666666,2,0,1,10,1648.001597097148,1349.9758593228817,298.0257377742664
2020/21,2020,2021-01-28,Tottenham,Liverpool,M Atkinson,1,3,9,11,1,2,0,0,ghost,1,0,,0,1,0.0707070707070707,2,0,1,10,1592.159188423012,1721.8067062304387,-129.64751780742677
2020/21,2020,2021-01-30,Everton,Newcastle,S Attwell,0,2,13,6,3,4,0,0,ghost,1,0,,0,1,0.4358974358974358,-7,0,1,10,1531.671632127555,1406.319256213468,125.35237591408713
2020/21,2020,2021-01-30,Crystal Palace,Wolves,S Hooper,1,0,7,10,1,2,0,0,ghost,1,0,,0,1,0.0571428571428571,3,0,1,10,1437.2794295549606,1491.2093666806534,-53.92993712569273
2020/21,2020,2021-01-30,Man City,Sheffield United,D Coote,1,0,7,10,0,3,0,0,ghost,1,0,,0,3,0.3,3,0,1,10,1729.1024479802902,1367.7168707631645,361.38557721712573
2020/21,2020,2021-01-30,West Brom,Fulham,A Taylor,2,2,9,10,1,0,0,0,ghost,1,0,,0,-1,-0.1111111111111111,1,0,1,10,1330.305404648492,1352.6959069207046,-22.390502272212643
2020/21,2020,2021-01-30,Arsenal,Man United,M Oliver,0,0,9,16,1,3,0,0,ghost,1,0,,0,2,0.0763888888888889,7,0,1,10,1543.9491211494776,1630.2605856568653,-86.31146450738765
2020/21,2020,2021-01-30,Southampton,Aston Villa,L Mason,0,1,12,11,1,0,0,0,ghost,1,0,,0,-1,-0.0833333333333333,-1,0,1,10,1504.3755451677443,1430.743288051743,73.63225711600126
2020/21,2020,2021-01-31,Chelsea,Burnley,G Scott,2,0,7,9,0,1,0,0,ghost,1,0,,0,1,0.1111111111111111,2,0,1,10,1563.197069468551,1479.6472482342538,83.54982123429727
2020/21,2020,2021-01-31,Leicester,Leeds,C Kavanagh,1,3,17,16,0,3,0,0,ghost,1,0,,0,3,0.1875,-1,0,1,10,1560.8938080779956,1406.0488721872691,154.84493589072645
2020/21,2020,2021-01-31,West Ham,Liverpool,J Moss,1,3,7,8,2,0,0,0,ghost,1,0,,0,-2,-0.2857142857142857,1,0,1,10,1507.7391703391283,1729.8285165824122,-222.0893462432839
2020/21,2020,2021-01-31,Brighton,Tottenham,P Bankes,1,0,11,11,2,1,0,0,ghost,1,0,,0,-1,-0.0909090909090909,0,0,1,10,1412.8790821242328,1584.1373780710385,-171.25829594680567
2020/21,2020,2021-02-02,Sheffield United,West Brom,P Tierney,2,1,11,9,2,1,0,0,ghost,1,0,,0,-1,-0.0707070707070707,-2,0,1,10,1366.0921799927837,1329.2271246951373,36.86505529764645
2020/21,2020,2021-02-02,Wolves,Arsenal,C Pawson,2,1,11,8,3,2,0,2,ghost,1,0,,0,-1,-0.0227272727272727,-3,2,1,10,1481.384059360366,1544.704981546195,-63.32092218582898
2020/21,2020,2021-02-02,Man United,Southampton,M Dean,9,0,11,6,2,3,0,2,ghost,1,0,,0,1,0.3181818181818182,-5,2,1,10,1629.5047252601478,1490.7083764012134,138.79634885893438
2020/21,2020,2021-02-02,Newcastle,Crystal Palace,D England,1,2,14,11,1,3,0,0,ghost,1,0,,0,2,0.2012987012987012,-3,0,1,10,1421.1996769522405,1447.104736875248,-25.905059923007457
2020/21,2020,2021-02-03,Burnley,Man City,M Atkinson,0,2,8,5,2,1,0,0,ghost,1,0,,0,-1,-0.0499999999999999,-3,0,1,10,1473.558854557617,1730.727138750671,-257.168284193054
2020/21,2020,2021-02-03,Fulham,Leicester,R Jones,0,2,17,10,3,1,0,0,ghost,1,0,,0,-2,-0.0764705882352941,-7,0,1,10,1353.7741868740593,1545.3938630427363,-191.61967616867696
2020/21,2020,2021-02-03,Leeds,Everton,M Oliver,1,2,12,12,2,3,0,0,ghost,1,0,,0,1,0.0833333333333333,0,0,1,10,1421.5488172225284,1516.7912113887826,-95.24239416625414
2020/21,2020,2021-02-03,Aston Villa,West Ham,A Madley,1,3,11,15,1,1,0,0,ghost,1,0,,0,0,-0.0242424242424242,4,0,1,10,1444.410456818274,1502.093089141322,-57.68263232304798
2020/21,2020,2021-02-03,Liverpool,Brighton,K Friend,0,1,12,6,1,0,0,0,ghost,1,0,,0,-1,-0.0833333333333333,-6,0,1,10,1735.4745977802186,1425.97620479765,309.4983929825685
2020/21,2020,2021-02-04,Tottenham,Chelsea,A Marriner,0,1,20,14,2,3,0,0,ghost,1,0,,0,1,0.1142857142857142,-6,0,1,10,1571.0402553976212,1569.2854631451878,1.7547922524333899
2020/21,2020,2021-02-06,Aston Villa,Arsenal,C Kavanagh,1,0,12,12,3,2,0,0,ghost,1,0,,0,-1,-0.0833333333333333,0,0,1,10,1434.3437586040084,1534.6094006330188,-100.26564202901045
2020/21,2020,2021-02-06,Burnley,Brighton,A Taylor,1,1,8,10,2,0,0,0,ghost,1,0,,0,-2,-0.25,2,0,1,10,1468.6940336762677,1443.846209326141,24.847824350126757
2020/21,2020,2021-02-06,Newcastle,Southampton,C Pawson,3,2,11,14,2,1,1,0,ghost,1,0,,0,-1,-0.1103896103896104,3,-1,1,10,1410.2214837148565,1485.8779750395743,-75.65649132471776
2020/21,2020,2021-02-06,Fulham,West Ham,M Dean,0,0,11,10,1,2,0,1,ghost,1,0,,0,1,0.1090909090909091,-1,1,1,10,1347.3911127979366,1512.1597873555877,-164.76867455765114
2020/21,2020,2021-02-06,Man United,Everton,J Moss,3,3,14,10,2,1,0,0,ghost,1,0,,0,-1,-0.0428571428571428,-4,0,1,10,1634.335126621787,1525.7803184677152,108.55480815407168
2020/21,2020,2021-02-07,Tottenham,West Brom,S Attwell,2,0,16,12,1,2,0,0,ghost,1,0,,0,1,0.1041666666666666,-4,0,1,10,1559.281294396983,1321.9450659685808,237.33622842840214
2020/21,2020,2021-02-07,Wolves,Leicester,M Atkinson,0,0,11,15,1,3,0,0,ghost,1,0,,0,2,0.1090909090909091,4,0,1,10,1491.4796402735424,1551.776937118859,-60.29729684531662
2020/21,2020,2021-02-07,Liverpool,Man City,M Oliver,1,4,13,8,2,1,0,0,ghost,1,0,,0,-1,-0.0288461538461538,-5,0,1,10,1717.6045932517277,1735.5919596320202,-17.987366380292542
2020/21,2020,2021-02-07,Sheffield United,Chelsea,K Friend,1,2,8,8,1,0,0,0,ghost,1,0,,0,-1,-0.125,0,0,1,10,1373.3742387193402,1581.044424145826,-207.6701854264859
2020/21,2020,2021-02-08,Leeds,Crystal Palace,A Marriner,2,0,7,8,0,2,0,0,ghost,1,0,,0,2,0.25,1,0,1,10,1412.5597101435958,1458.0829301126319,-45.52321996903606
2020/21,2020,2021-02-13,Leicester,Liverpool,A Taylor,3,1,9,6,1,2,0,0,ghost,1,0,,0,1,0.2222222222222222,-3,0,1,10,1551.7683802298948,1706.4012319862886,-154.63285175639385
2020/21,2020,2021-02-13,Crystal Palace,Burnley,M Oliver,0,3,15,14,0,0,0,0,ghost,1,0,,0,0,0.0,-1,0,1,10,1448.4993643622543,1466.2993348565535,-17.79997049429926
2020/21,2020,2021-02-13,Man City,Tottenham,P Tierney,3,0,12,13,1,3,0,0,ghost,1,0,,0,2,0.1474358974358974,1,0,1,10,1746.7953208974593,1562.3404077247687,184.45491317269057
2020/21,2020,2021-02-13,Brighton,Aston Villa,D England,0,0,16,12,2,3,0,0,ghost,1,0,,0,1,0.125,-4,0,1,10,1446.2409081458552,1445.4975359545897,0.7433721912655074
2020/21,2020,2021-02-14,Southampton,Wolves,G Scott,1,2,10,9,2,2,0,0,ghost,1,0,,0,0,0.0222222222222222,-1,0,1,10,1475.4276497754786,1491.4881971625066,-16.06054738702801
2020/21,2020,2021-02-14,West Brom,Man United,C Pawson,1,1,13,10,5,0,0,0,ghost,1,0,,0,-5,-0.3846153846153846,-3,0,1,10,1318.885952640795,1629.8316226440454,-310.94567000325037
2020/21,2020,2021-02-14,Arsenal,Leeds,S Attwell,4,2,8,17,0,2,0,0,ghost,1,0,,0,2,0.1176470588235294,9,0,1,10,1523.4556232824375,1422.1432758939734,101.3123473884641
2020/21,2020,2021-02-14,Everton,Fulham,A Madley,0,2,7,16,1,1,0,0,ghost,1,0,,0,0,-0.0803571428571428,9,0,1,10,1530.2838224454567,1350.318403283117,179.96541916233969
2020/21,2020,2021-02-15,West Ham,Sheffield United,S Hooper,3,0,11,12,0,2,0,0,ghost,1,0,,0,2,0.1666666666666666,1,0,1,10,1509.2324968704072,1367.3858245630854,141.8466723073218
2020/21,2020,2021-02-15,Chelsea,Newcastle,P Bankes,2,0,9,13,0,0,0,0,ghost,1,0,,0,0,0.0,4,0,1,10,1587.0328383020808,1420.6718089789522,166.3610293231286
2020/21,2020,2021-02-17,Burnley,Fulham,J Moss,1,1,7,13,1,1,0,0,ghost,1,0,,0,0,-0.0659340659340659,6,0,1,10,1477.508011358843,1366.3025642510527,111.2054471077904
2020/21,2020,2021-02-17,Everton,Man City,A Marriner,1,3,8,8,2,1,0,0,ghost,1,0,,0,-1,-0.125,0,0,1,10,1514.299661477521,1750.7288561196488,-236.42919464212764
2020/21,2020,2021-02-19,Wolves,Leeds,D Coote,1,0,13,8,1,0,0,0,ghost,1,0,,0,-1,-0.0769230769230769,-5,0,1,10,1502.7461766466567,1416.479052659508,86.2671239871488
2020/21,2020,2021-02-20,Southampton,Chelsea,A Taylor,1,1,10,10,1,1,0,0,ghost,1,0,,0,0,0.0,0,0,1,10,1464.1696702913284,1591.305918925789,-127.13624863446057
2020/21,2020,2021-02-20,Burnley,West Brom,M Dean,0,0,16,10,3,0,0,1,ghost,1,0,,0,-3,-0.1875,-6,1,1,10,1472.943898376802,1325.0691467893992,147.8747515874029
2020/21,2020,2021-02-20,Liverpool,Everton,C Kavanagh,0,2,10,10,2,1,0,0,ghost,1,0,,0,-1,-0.1,0,0,1,10,1693.7428958289697,1508.9819859787738,184.76090985019596
2020/21,2020,2021-02-20,Fulham,Sheffield United,M Atkinson,1,0,11,14,1,2,0,0,ghost,1,0,,0,1,0.0519480519480519,3,0,1,10,1370.8666772330937,1362.6194631739172,8.247214059176486
2020/21,2020,2021-02-21,West Ham,Tottenham,C Pawson,2,1,14,7,4,3,0,0,ghost,1,0,,0,-1,0.1428571428571428,-7,0,1,10,1513.9988582595754,1558.4068725025793,-44.40801424300389
2020/21,2020,2021-02-21,Aston Villa,Leicester,M Oliver,1,2,11,12,2,1,0,0,ghost,1,0,,0,-1,-0.0984848484848485,1,0,1,10,1447.228272251289,1564.4267163872137,-117.19844413592477
2020/21,2020,2021-02-21,Arsenal,Man City,J Moss,0,1,11,9,2,2,0,0,ghost,1,0,,0,0,0.0404040404040403,-2,0,1,10,1529.119846516903,1756.046531618396,-226.92668510149315
2020/21,2020,2021-02-21,Man United,Newcastle,P Tierney,3,1,9,11,1,2,0,0,ghost,1,0,,0,1,0.0707070707070707,2,0,1,10,1623.6484284954413,1416.398728355244,207.24970014019732
2020/21,2020,2021-02-22,Brighton,Crystal Palace,K Friend,1,2,11,6,2,0,0,0,ghost,1,0,,0,-2,-0.1818181818181818,-5,0,1,10,1444.510171849156,1437.2906878599647,7.219483989191303
2020/21,2020,2021-02-23,Leeds,Southampton,A Marriner,3,0,11,13,1,2,0,0,ghost,1,0,,0,1,0.0629370629370629,2,0,1,10,1410.4566991720944,1466.078310059544,-55.621610887449606
2020/21,2020,2021-02-27,Man City,West Ham,M Oliver,2,1,8,11,1,1,0,0,ghost,1,0,,0,0,-0.034090909090909,3,0,1,10,1761.5804633527619,1523.5503858653417,238.03007748742016
2020/21,2020,2021-02-27,West Brom,Brighton,L Mason,1,0,11,12,0,0,0,0,ghost,1,0,,0,0,0.0,1,0,1,10,1330.4276175037608,1432.5992237537612,-102.17160625000042
2020/21,2020,2021-02-27,Leeds,Aston Villa,P Bankes,0,1,14,14,3,2,0,0,ghost,1,0,,0,-1,-0.0714285714285714,0,0,1,10,1420.3306856740196,1438.8598619677712,-18.52917629375156
2020/21,2020,2021-02-27,Newcastle,Wolves,M Dean,1,1,11,13,2,0,0,0,ghost,1,0,,0,-2,-0.1818181818181818,2,0,1,10,1412.8634062517274,1508.7685301340703,-95.90512388234288
2020/21,2020,2021-02-28,Crystal Palace,Fulham,A Taylor,0,0,10,14,1,1,0,0,ghost,1,0,,0,0,-0.0285714285714285,4,0,1,10,1449.2016359553595,1378.927245068605,70.27439088675442
2020/21,2020,2021-02-28,Leicester,Arsenal,P Tierney,1,3,15,3,2,1,0,0,ghost,1,0,,0,-1,0.1999999999999999,-12,0,1,10,1572.7951266707314,1523.5859147825372,49.209211888194204
2020/21,2020,2021-02-28,Tottenham,Burnley,K Friend,4,0,6,10,0,0,0,0,ghost,1,0,,0,0,0.0,4,0,1,10,1548.855344896813,1467.5854276624405,81.26991723437254
2020/21,2020,2021-02-28,Chelsea,Man United,S Attwell,0,0,11,12,1,2,0,0,ghost,1,0,,0,1,0.0757575757575757,1,0,1,10,1589.3972791575734,1627.1837505989579,-37.78647144138449
2020/21,2020,2021-02-28,Sheffield United,Liverpool,J Moss,0,2,9,9,0,0,0,0,ghost,1,0,,0,0,0.0,0,0,1,10,1354.5588953384058,1677.6708679918222,-323.1119726534164
2020/21,2020,2021-03-01,Everton,Southampton,M Atkinson,1,0,13,9,0,2,0,0,ghost,1,0,,0,2,0.2222222222222222,-4,0,1,10,1525.0540138159213,1456.2043235576189,68.84969025830242
2020/21,2020,2021-03-02,Man City,Wolves,C Kavanagh,4,1,9,5,0,1,0,0,ghost,1,0,,0,1,0.2,-4,0,1,10,1764.6292414478783,1507.7387609083971,256.89048053948113
2020/21,2020,2021-03-03,Burnley,Leicester,A Madley,1,1,6,12,0,2,0,0,ghost,1,0,,0,2,0.1666666666666666,6,0,1,10,1461.441311278051,1559.751421119998,-98.310109841947
2020/21,2020,2021-03-03,Sheffield United,Aston Villa,R Jones,1,0,13,6,1,0,1,0,ghost,1,0,,0,-1,-0.0769230769230769,-7,-1,1,10,1350.9537169162859,1450.04785163938,-99.09413472309416
2020/21,2020,2021-03-03,Crystal Palace,Man United,A Marriner,0,0,4,13,1,0,0,0,ghost,1,0,,0,-1,-0.25,9,0,1,10,1445.6184120202429,1627.8222375863893,-182.2038255661464
2020/21,2020,2021-03-04,Fulham,Tottenham,D Coote,0,1,13,9,2,1,0,0,ghost,1,0,,0,-1,-0.0427350427350427,-4,0,1,10,1382.5104690037217,1554.9994612812025,-172.48899227748075
2020/21,2020,2021-03-04,West Brom,Everton,D England,0,1,9,7,3,1,0,0,ghost,1,0,,0,-2,-0.1904761904761904,-2,0,1,10,1341.635487862445,1531.5065834676375,-189.87109560519252
2020/21,2020,2021-03-04,Liverpool,Chelsea,M Atkinson,0,1,9,8,0,0,0,0,ghost,1,0,,0,0,0.0,-1,0,1,10,1681.2760464139421,1588.758792170142,92.51725424380015
2020/21,2020,2021-03-06,Burnley,Arsenal,A Marriner,1,1,5,12,1,1,0,0,ghost,1,0,,0,0,-0.1166666666666666,7,0,1,10,1462.5395176505376,1536.6296203332706,-74.090102682733
2020/21,2020,2021-03-06,Sheffield United,Southampton,P Tierney,0,2,17,11,4,3,0,0,ghost,1,0,,0,-1,0.0374331550802138,-6,0,1,10,1362.0742116179747,1449.7517539059027,-87.67754228792796
2020/21,2020,2021-03-06,Aston Villa,Wolves,A Madley,0,0,13,13,1,0,0,0,ghost,1,0,,0,-1,-0.0769230769230769,0,0,1,10,1438.9273569376912,1504.9600715416964,-66.03271460400515
2020/21,2020,2021-03-06,Brighton,Leicester,M Oliver,1,2,14,8,0,1,0,0,ghost,1,0,,0,1,0.125,-6,0,1,10,1421.391353395077,1558.6532147475114,-137.26186135243438
2020/21,2020,2021-03-07,West Brom,Newcastle,M Atkinson,0,0,11,10,0,0,0,0,ghost,1,0,,0,0,0.0,-1,0,1,10,1335.208590199986,1413.8931754774005,-78.6845852774145
2020/21,2020,2021-03-07,Liverpool,Fulham,K Friend,0,1,10,8,2,3,0,0,ghost,1,0,,0,1,0.175,-2,0,1,10,1667.148060776062,1375.6395809709497,291.5084798051123
2020/21,2020,2021-03-07,Man City,Man United,A Taylor,0,2,9,12,0,3,0,0,ghost,1,0,,0,3,0.25,3,0,1,10,1767.407930814579,1624.4431407215397,142.96479009303926
2020/21,2020,2021-03-07,Tottenham,Crystal Palace,S Attwell,4,1,8,17,2,3,0,0,ghost,1,0,,0,1,-0.0735294117647058,9,0,1,10,1561.8703493139744,1448.9975088850924,112.872840428882
2020/21,2020,2021-03-08,Chelsea,Everton,D Coote,2,0,11,12,0,3,0,0,ghost,1,0,,0,3,0.25,1,0,1,10,1602.886777808022,1537.9334811300964,64.95329667792566
2020/21,2020,2021-03-08,West Ham,Leeds,M Dean,2,0,9,9,1,1,0,0,ghost,1,0,,0,0,0.0,0,0,1,10,1520.5016077702253,1409.1426960024107,111.35891176781456
2020/21,2020,2021-03-10,Man City,Southampton,J Moss,5,2,6,4,1,0,0,0,ghost,1,0,,0,-1,-0.1666666666666666,-2,0,1,10,1752.1509645256194,1458.956811085116,293.19415344050344
2020/21,2020,2021-03-12,Newcastle,Aston Villa,P Tierney,1,1,10,10,2,3,0,0,ghost,1,0,,0,1,0.0999999999999999,0,0,1,10,1413.3559077334608,1439.1009749738137,-25.74506724035291
2020/21,2020,2021-03-13,Leeds,Chelsea,K Friend,0,0,16,6,3,0,0,0,ghost,1,0,,0,-3,-0.1875,-10,0,1,10,1403.7103052223092,1609.4377692110797,-205.72746398877052
2020/21,2020,2021-03-13,Crystal Palace,West Brom,S Hooper,1,0,16,15,3,1,0,0,ghost,1,0,,0,-2,-0.1208333333333333,-1,0,1,10,1443.5995328166734,1335.7458579439258,107.85367487274766
2020/21,2020,2021-03-13,Everton,Burnley,J Moss,1,2,9,6,0,4,0,0,ghost,1,0,,0,4,0.6666666666666666,-3,0,1,10,1531.3824897270388,1462.9448412215233,68.43764850551543
2020/21,2020,2021-03-13,Fulham,Man City,A Marriner,0,3,14,13,0,0,0,0,ghost,1,0,,0,0,0.0,-1,0,1,10,1393.3043171258207,1754.4662882916523,-361.1619711658316
2020/21,2020,2021-03-14,Southampton,Brighton,S Attwell,1,2,11,10,0,0,0,0,ghost,1,0,,0,0,0.0,-1,0,1,10,1456.6414873190831,1413.5791828562055,43.06230446287759
2020/21,2020,2021-03-14,Leicester,Sheffield United,P Bankes,5,0,10,9,0,2,0,0,ghost,1,0,,0,2,0.2222222222222222,-1,0,1,10,1566.4653852863828,1352.8691544387614,213.59623084762143
2020/21,2020,2021-03-14,Arsenal,Tottenham,M Oliver,2,1,12,14,1,2,0,1,ghost,1,0,,0,1,0.0595238095238095,2,1,1,10,1536.224296762285,1567.2683253823934,-31.04402862010852
2020/21,2020,2021-03-14,Man United,West Ham,M Atkinson,1,0,12,2,4,0,0,0,ghost,1,0,,1,-4,,-10,0,1,10,1639.7001070104993,1525.9339985503268,113.76610846017252
2020/21,2020,2021-03-15,Wolves,Liverpool,C Pawson,0,1,17,10,2,1,0,0,ghost,1,0,,0,-1,-0.0176470588235294,-7,0,1,10,1504.786453505574,1649.483324621191,-144.6968711156171
2020/21,2020,2021-03-19,Fulham,Leeds,D Coote,1,2,13,12,2,2,0,0,ghost,1,0,,0,0,0.0128205128205128,-1,0,1,10,1390.3018341306702,1407.6748685258287,-17.373034395158584
2020/21,2020,2021-03-20,Brighton,Newcastle,A Taylor,3,0,12,5,0,1,0,0,ghost,1,0,,0,1,0.2,-7,0,1,10,1426.4615043036324,1412.3731538053703,14.088350498262116
2020/21,2020,2021-03-21,West Ham,Arsenal,J Moss,3,3,18,8,3,1,0,0,ghost,1,0,,0,-2,-0.0416666666666666,-10,0,1,10,1520.5562637164292,1545.3928011787318,-24.83653746230266
2020/21,2020,2021-03-21,Aston Villa,Tottenham,M Dean,0,2,18,13,3,2,0,0,ghost,1,0,,0,-1,-0.0128205128205128,-5,0,1,10,1440.0837289019041,1558.0998209659465,-118.01609206404237
2020/21,2020,2021-04-03,Chelsea,West Brom,D Coote,2,5,11,6,1,1,1,0,ghost,1,0,,0,0,0.0757575757575757,-5,-1,1,10,1605.4732059075602,1330.2332599364086,275.23994597115166
2020/21,2020,2021-04-03,Leeds,Sheffield United,G Scott,2,1,12,13,1,2,0,0,ghost,1,0,,0,1,0.0705128205128205,1,0,1,10,1418.895651914268,1349.438907018157,69.4567448961111
2020/21,2020,2021-04-03,Leicester,Man City,A Taylor,0,2,13,12,2,3,0,0,ghost,1,0,,0,1,0.0961538461538461,-1,0,1,10,1569.8956327069873,1757.4687712868028,-187.57313857981558
2020/21,2020,2021-04-03,Arsenal,Liverpool,S Attwell,0,3,10,10,1,1,0,0,ghost,1,0,,0,0,0.0,0,0,1,10,1546.4014454292872,1657.0927218555523,-110.69127642626518
2020/21,2020,2021-04-04,Southampton,Burnley,A Marriner,3,2,11,10,0,0,0,0,ghost,1,0,,0,0,0.0,-1,0,1,10,1443.7591658716563,1476.4819001287951,-32.72273425713888
2020/21,2020,2021-04-04,Newcastle,Tottenham,C Pawson,2,2,13,14,3,2,0,0,ghost,1,0,,0,-1,-0.0879120879120879,1,0,1,10,1404.4738426902063,1566.4453327747856,-161.97149008457927
2020/21,2020,2021-04-04,Aston Villa,Fulham,A Madley,3,1,14,20,1,2,0,0,ghost,1,0,,0,1,0.0285714285714285,6,0,1,10,1431.738217093065,1379.081050742231,52.65716635083413
2020/21,2020,2021-04-04,Man United,Brighton,M Dean,2,1,14,7,2,2,0,0,ghost,1,0,,0,0,0.1428571428571428,-7,0,1,10,1645.077841844397,1434.3608154187964,210.71702642560058
2020/21,2020,2021-04-05,Everton,Crystal Palace,K Friend,1,1,10,10,2,0,0,0,ghost,1,0,,0,-2,-0.2,0,0,1,10,1517.845430819767,1449.1121308241907,68.73329999557632
2020/21,2020,2021-04-05,Wolves,West Ham,M Oliver,2,3,9,9,1,4,0,0,ghost,1,0,,0,3,0.3333333333333333,0,0,1,10,1497.1770562712127,1519.5476194658738,-22.370563194661145
2020/21,2020,2021-04-09,Fulham,Wolves,J Moss,0,1,11,8,0,0,0,0,ghost,1,0,,0,0,0.0,-3,0,1,10,1372.2145285428703,1486.098209101165,-113.8836805582946
2020/21,2020,2021-04-10,Man City,Leeds,A Marriner,1,2,12,15,3,1,0,1,ghost,1,0,,0,-2,-0.1833333333333333,3,1,1,10,1763.9535010986774,1425.3329573828687,338.6205437158087
2020/21,2020,2021-04-10,Liverpool,Aston Villa,P Tierney,2,1,16,11,2,4,0,0,ghost,1,0,,0,2,0.2386363636363636,-5,0,1,10,1665.6439749836504,1438.6047392924256,227.0392356912248
2020/21,2020,2021-04-10,Crystal Palace,Chelsea,M Oliver,1,4,7,12,1,0,0,0,ghost,1,0,,0,-1,-0.1428571428571428,5,0,1,10,1452.6566324138812,1588.0086685731458,-135.35203615926457
2020/21,2020,2021-04-11,Burnley,Newcastle,A Taylor,1,2,11,12,1,0,0,0,ghost,1,0,,0,-1,-0.0909090909090909,1,0,1,10,1467.2653938254139,1407.3273503190637,59.93804350635014
2020/21,2020,2021-04-11,West Ham,Leicester,M Dean,3,2,7,13,3,3,0,0,ghost,1,0,,0,0,-0.1978021978021977,6,0,1,10,1530.6264666359216,1563.4109028951127,-32.784436259191125
2020/21,2020,2021-04-11,Tottenham,Man United,C Kavanagh,1,3,11,15,1,5,0,0,ghost,1,0,,0,4,0.2424242424242424,4,0,1,10,1563.5918251459282,1648.5554480545825,-84.96362290865432
2020/21,2020,2021-04-11,Sheffield United,Arsenal,P Bankes,0,3,9,6,1,1,0,0,ghost,1,0,,0,0,0.0555555555555555,-3,0,1,10,1343.0016015495562,1537.850192301189,-194.84859075163286
2020/21,2020,2021-04-12,West Brom,Southampton,S Hooper,3,0,12,11,0,1,0,0,ghost,1,0,,0,1,0.0909090909090909,-1,0,1,10,1347.697797270823,1452.9756721750375,-105.27787490421451
2020/21,2020,2021-04-12,Brighton,Everton,D England,0,0,12,7,1,2,0,0,ghost,1,0,,0,1,0.2023809523809523,-5,0,1,10,1430.8832092086109,1514.3009292300765,-83.41772002146558
2020/21,2020,2021-04-16,Everton,Tottenham,M Oliver,2,2,8,8,1,1,0,0,ghost,1,0,,0,0,0.0,0,0,1,10,1513.6279318959657,1554.3091020625604,-40.68117016659471
2020/21,2020,2021-04-17,Newcastle,West Ham,K Friend,3,2,9,7,2,0,0,1,ghost,1,0,,0,-2,-0.2222222222222222,-2,1,1,10,1420.648552352908,1539.8447379884765,-119.19618563556855
2020/21,2020,2021-04-17,Wolves,Sheffield United,R Jones,1,0,8,15,1,2,0,0,ghost,1,0,,0,1,0.0083333333333333,7,0,1,10,1494.5596281052758,1336.6990321966616,157.8605959086142
2020/21,2020,2021-04-18,Arsenal,Fulham,C Pawson,1,1,9,11,0,3,0,0,ghost,1,0,,0,3,0.2727272727272727,2,0,1,10,1544.1527616540836,1363.7531095387594,180.39965211532422
2020/21,2020,2021-04-18,Man United,Burnley,J Moss,3,1,9,12,1,2,0,0,ghost,1,0,,0,1,0.0555555555555555,3,0,1,10,1657.8381711379502,1453.9441917915697,203.89397934638055
2020/21,2020,2021-04-19,Leeds,Liverpool,A Taylor,1,1,17,15,2,1,0,0,ghost,1,0,,0,-1,-0.0509803921568627,-2,0,1,10,1443.5016075870826,1668.8598590347715,-225.35825144768887
2020/21,2020,2021-04-20,Chelsea,Brighton,S Attwell,0,0,8,9,2,0,0,1,ghost,1,0,,0,-2,-0.25,1,1,1,10,1595.873239636636,1431.5562065427216,164.31703309391446
2020/21,2020,2021-04-21,Tottenham,Southampton,D Coote,2,1,10,14,2,1,0,0,ghost,1,0,,0,-1,-0.1285714285714286,4,0,1,10,1554.8645703326122,1441.6797979818066,113.18477235080559
2020/21,2020,2021-04-21,Aston Villa,Man City,P Bankes,1,2,12,7,0,1,1,1,ghost,1,0,,0,1,0.1428571428571428,-5,0,1,10,1435.3888552413046,1745.7848508944635,-310.39599565315893
2020/21,2020,2021-04-22,Leicester,West Brom,A Madley,3,0,13,12,0,2,0,0,ghost,1,0,,0,2,0.1666666666666666,-1,0,1,10,1554.1926315425578,1358.993671464054,195.1989600785039
2020/21,2020,2021-04-23,Arsenal,Everton,J Moss,0,1,13,10,1,3,0,0,ghost,1,0,,0,2,0.223076923076923,-3,0,1,10,1538.160584095621,1513.072463625914,25.088120469707064
2020/21,2020,2021-04-24,Liverpool,Newcastle,A Marriner,1,1,9,7,2,1,0,0,ghost,1,0,,0,-1,-0.0793650793650793,-2,0,1,10,1664.4300025331052,1432.3360579288865,232.09394460421868
2020/21,2020,2021-04-24,West Ham,Chelsea,C Kavanagh,0,1,9,11,0,4,1,0,ghost,1,0,,0,4,0.3636363636363636,2,-1,1,10,1528.157232412498,1590.1859892562502,-62.02875684375226
2020/21,2020,2021-04-24,Sheffield United,Brighton,K Friend,1,0,13,7,3,0,0,0,ghost,1,0,,0,-3,-0.2307692307692307,-6,0,1,10,1332.2592299841417,1437.2434569231075,-104.98422693896578
2020/21,2020,2021-04-25,Wolves,Burnley,D England,0,4,8,9,1,2,0,0,ghost,1,0,,0,1,0.0972222222222222,1,0,1,10,1498.9994303177957,1450.3522978399103,48.64713247788541
2020/21,2020,2021-04-25,Leeds,Man United,C Pawson,0,0,21,11,4,1,0,0,ghost,1,0,,0,-3,-0.0995670995670995,-10,0,1,10,1447.931464088749,1661.4300650896096,-213.49860100086062
2020/21,2020,2021-04-25,Aston Villa,West Brom,S Attwell,2,2,14,9,0,2,0,0,ghost,1,0,,0,2,0.2222222222222222,-5,0,1,10,1431.5622675584611,1355.2519100492027,76.31035750925844
2020/21,2020,2021-04-26,Leicester,Crystal Palace,G Scott,2,1,13,12,0,1,0,0,ghost,1,0,,0,1,0.0833333333333333,-1,0,1,10,1557.934392957409,1444.792061350391,113.14233160701815
2020/21,2020,2021-04-30,Southampton,Leicester,R Jones,1,1,9,13,1,0,1,0,ghost,1,0,,0,-1,-0.1111111111111111,4,-1,1,10,1436.2888956683908,1563.3262573659047,-127.03736169751392
2020/21,2020,2021-05-01,Crystal Palace,Man City,D Coote,0,2,9,10,2,0,0,0,ghost,1,0,,0,-2,-0.2222222222222222,1,0,1,10,1439.4001969418953,1749.611438577307,-310.2112416354116
2020/21,2020,2021-05-01,Brighton,Leeds,C Kavanagh,2,0,17,6,1,1,0,0,ghost,1,0,,0,0,0.1078431372549019,-11,0,1,10,1425.9558935746247,1452.082854708844,-26.1269611342193
2020/21,2020,2021-05-01,Chelsea,Fulham,K Friend,2,0,15,8,1,1,0,0,ghost,1,0,,0,0,0.0583333333333333,-7,0,1,10,1600.1275976040797,1369.745287097222,230.38231050685772
2020/21,2020,2021-05-01,Everton,Aston Villa,S Hooper,1,2,10,13,0,2,0,0,ghost,1,0,,0,2,0.1538461538461538,3,0,1,10,1525.4736810235615,1427.8285723110482,97.64510871251332
2020/21,2020,2021-05-02,Newcastle,Arsenal,M Dean,0,2,10,9,2,1,1,0,ghost,1,0,,0,-1,-0.0888888888888889,-1,-1,1,10,1439.197928266971,1525.7593666979735,-86.56143843100244
2020/21,2020,2021-05-02,Tottenham,Sheffield United,A Marriner,4,0,8,9,1,1,0,0,ghost,1,0,,0,0,-0.0138888888888888,1,0,1,10,1560.255472646028,1343.5467933326245,216.70867931340354
2020/21,2020,2021-05-03,West Brom,Wolves,P Tierney,1,1,17,11,2,0,0,0,ghost,1,0,,0,-2,-0.1176470588235294,-6,0,1,10,1358.9856052966156,1485.9704111837452,-126.9848058871296
2020/21,2020,2021-05-03,Burnley,West Ham,A Taylor,1,2,4,8,2,1,0,0,ghost,1,0,,0,-1,-0.375,4,0,1,10,1463.3813169739608,1518.2156240646684,-54.834307090707625
2020/21,2020,2021-05-07,Leicester,Newcastle,D England,2,4,12,9,1,1,0,0,ghost,1,0,,0,0,0.0277777777777777,-3,0,1,10,1561.4203602572468,1429.9609419954663,131.45941826178046
2020/21,2020,2021-05-08,Leeds,Tottenham,M Oliver,3,1,12,10,1,2,0,0,ghost,1,0,,0,1,0.1166666666666666,-2,0,1,10,1443.0547218347501,1563.6351015654272,-120.58037973067712
2020/21,2020,2021-05-08,Sheffield United,Crystal Palace,S Hooper,0,2,11,8,1,1,0,0,ghost,1,0,,0,0,0.034090909090909,-3,0,1,10,1340.1671644132252,1435.5703171404427,-95.4031527272175
2020/21,2020,2021-05-08,Man City,Chelsea,A Taylor,1,2,12,10,2,0,0,0,ghost,1,0,,0,-2,-0.1666666666666666,-2,0,1,10,1753.4413183787594,1603.291883809237,150.14943456952233
2020/21,2020,2021-05-08,Liverpool,Southampton,K Friend,2,0,10,6,0,1,0,0,ghost,1,0,,0,1,0.1666666666666666,-4,0,1,10,1657.5681321950206,1438.1947927770486,219.37333941797192
2020/21,2020,2021-05-09,Wolves,Brighton,J Moss,2,1,12,7,2,2,0,2,ghost,1,0,,0,0,0.119047619047619,-5,2,1,10,1484.0659718477516,1434.9840264487186,49.081945399032975
2020/21,2020,2021-05-09,Aston Villa,Man United,C Kavanagh,1,3,13,18,1,1,1,0,ghost,1,0,,0,0,-0.0213675213675213,5,-1,1,10,1442.0782492316303,1657.2786744695145,-215.20042523788425
2020/21,2020,2021-05-09,West Ham,Everton,S Attwell,0,1,8,10,2,1,0,0,ghost,1,0,,0,-1,-0.15,2,0,1,10,1528.364293703499,1511.2240041029795,17.14028960051951
2020/21,2020,2021-05-09,Arsenal,West Brom,P Bankes,3,1,7,9,1,2,0,0,ghost,1,0,,0,1,0.0793650793650793,2,0,1,10,1534.9963529694783,1360.8900446326093,174.106308336869
2020/21,2020,2021-05-10,Fulham,Burnley,D Coote,0,2,11,10,2,0,0,0,ghost,1,0,,0,-2,-0.1818181818181818,-1,0,1,10,1366.5810008920646,1453.2326473351302,-86.6516464430656
2020/21,2020,2021-05-11,Man United,Leicester,C Pawson,1,2,9,12,0,0,0,0,ghost,1,0,,0,0,0.0,3,0,1,10,1663.0868256589297,1546.4071841649525,116.67964149397721
2020/21,2020,2021-05-11,Southampton,Crystal Palace,A Madley,3,1,20,13,2,3,0,0,ghost,1,0,,0,1,0.1307692307692307,-7,0,1,10,1434.858025541887,1444.5548447141337,-9.696819172246705
2020/21,2020,2021-05-12,Chelsea,Arsenal,A Marriner,0,1,7,6,0,1,0,0,ghost,1,0,,0,1,0.1666666666666666,-1,0,1,10,1618.696862616276,1539.121533989603,79.5753286266729
2020/21,2020,2021-05-13,Aston Villa,Everton,M Atkinson,0,0,9,12,2,0,0,0,ghost,1,0,,0,-2,-0.2222222222222222,3,0,1,10,1436.270098042215,1523.4085016814986,-87.13840363928352
2020/21,2020,2021-05-13,Man United,Liverpool,A Taylor,2,4,10,12,3,0,0,0,ghost,1,0,,0,-3,-0.3,2,0,1,10,1648.3988750078406,1660.9048994301822,-12.506024422341625
2020/21,2020,2021-05-14,Newcastle,Man City,K Friend,3,4,11,10,2,2,0,0,ghost,1,0,,0,0,0.0181818181818181,-1,0,1,10,1444.9741180877606,1738.0363395717206,-293.06222148396
2020/21,2020,2021-05-15,Burnley,Leeds,G Scott,0,4,10,10,1,1,0,0,ghost,1,0,,0,0,0.0,0,0,1,10,1462.4670523784837,1454.780906987594,7.686145390889578
2020/21,2020,2021-05-15,Southampton,Fulham,C Pawson,3,1,9,15,0,1,0,0,ghost,1,0,,0,1,0.0666666666666666,6,0,1,10,1443.420216275137,1357.346595848711,86.0736204264258
2020/21,2020,2021-05-15,Brighton,West Ham,A Marriner,1,1,7,5,1,1,0,0,ghost,1,0,,0,0,0.0571428571428571,-2,0,1,10,1428.0244079527872,1516.17979612498,-88.15538817219272
2020/21,2020,2021-05-16,Crystal Palace,Aston Villa,D Coote,3,2,23,13,3,2,0,0,ghost,1,0,,0,-1,0.0234113712374582,-10,0,1,10,1435.9926539808837,1437.049619376715,-1.056965395831412
2020/21,2020,2021-05-16,Tottenham,Wolves,M Atkinson,2,0,8,11,1,0,0,0,ghost,1,0,,0,-1,-0.125,3,0,1,10,1551.9089164125833,1491.025590343683,60.88332606890026
2020/21,2020,2021-05-16,West Brom,Liverpool,M Dean,1,2,7,14,0,0,0,0,ghost,1,0,,0,0,0.0,7,0,1,10,1356.7648636124845,1672.2634343582774,-315.4985707457929
2020/21,2020,2021-05-16,Everton,Sheffield United,J Moss,0,1,8,12,1,3,0,0,ghost,1,0,,0,2,0.125,4,0,1,10,1522.6289803469986,1331.1826368395343,191.44634350746423
2020/21,2020,2021-05-18,Man United,Fulham,L Mason,1,1,10,15,2,3,0,0,partial,0,1,9347.0,0,1,0.0,5,0,1,10,1637.0403400797454,1351.319553027629,285.7207870521165
2020/21,2020,2021-05-18,Southampton,Leeds,P Bankes,0,2,10,12,0,3,0,0,partial,0,1,7291.0,0,3,0.25,2,0,1,10,1449.447259096219,1466.7047928647082,-17.25753376848911
2020/21,2020,2021-05-18,Brighton,Man City,S Attwell,3,2,13,11,3,3,0,1,partial,0,1,7945.0,0,0,0.0419580419580419,-2,1,1,10,1428.8330158679225,1742.1812348399178,-313.34821897199527
2020/21,2020,2021-05-18,Chelsea,Leicester,M Dean,2,1,15,16,2,4,0,0,partial,0,1,7195.0,0,2,0.1166666666666666,1,0,1,10,1604.8825794221052,1561.0951348160415,43.78744460606367
2020/21,2020,2021-05-19,Everton,Wolves,A Madley,1,0,11,11,0,2,0,0,partial,0,1,6068.0,0,2,0.1818181818181818,0,0,1,10,1506.4368930093112,1484.3709768011693,22.06591620814197
2020/21,2020,2021-05-19,Newcastle,Sheffield United,R Jones,1,0,7,7,0,2,0,0,partial,0,1,10000.0,0,2,0.2857142857142857,0,0,1,10,1440.8292228195635,1347.3747241772217,93.45449864234183
2020/21,2020,2021-05-19,Tottenham,Aston Villa,C Pawson,1,2,14,13,1,1,0,0,partial,0,1,10000.0,0,0,0.0054945054945055,-1,0,1,10,1558.563529955097,1428.7300453004316,129.83348465466543
2020/21,2020,2021-05-19,Crystal Palace,Arsenal,A Taylor,1,3,7,7,2,1,0,0,partial,0,1,6500.0,0,-1,-0.1428571428571428,0,0,1,10,1444.3122280571672,1552.9358171837737,-108.62358912660648
2020/21,2020,2021-05-19,Burnley,Liverpool,C Kavanagh,0,3,10,7,0,0,0,0,partial,0,1,3387.0,0,0,0.0,-3,0,1,10,1450.5431665013696,1675.999952552479,-225.45678605110948
2020/21,2020,2021-05-19,West Brom,West Ham,M Oliver,1,3,8,11,2,2,0,0,partial,0,1,5371.0,0,0,-0.0681818181818181,3,0,1,10,1353.028345418283,1515.3711882098446,-162.34284279156168
2020/21,2020,2021-05-23,Arsenal,Brighton,J Moss,2,0,10,8,0,0,0,0,partial,0,1,10000.0,0,0,0.0,-2,0,1,10,1561.5453836296865,1445.0587407038254,116.48664292586113
2020/21,2020,2021-05-23,Aston Villa,Chelsea,S Attwell,2,1,11,12,3,3,0,1,partial,0,1,10000.0,0,0,-0.0227272727272727,1,1,1,10,1443.7081024019853,1611.9811322306318,-168.2730298286465
2020/21,2020,2021-05-23,Fulham,Newcastle,C Kavanagh,0,2,12,6,1,0,0,0,partial,0,1,2000.0,0,-1,-0.0833333333333333,-6,0,1,10,1358.9146883493388,1446.6788828593187,-87.76419450997992
2020/21,2020,2021-05-23,Leeds,West Brom,D Coote,3,1,12,12,2,1,0,0,partial,0,1,8000.0,0,-1,-0.0833333333333333,0,0,1,10,1477.9288509518271,1345.8916681371688,132.0371828146583
2020/21,2020,2021-05-23,Leicester,Tottenham,A Taylor,2,4,9,8,0,2,0,0,partial,0,1,8000.0,0,2,0.25,-1,0,1,10,1553.996582007515,1543.5854728535433,10.411109153971665
2020/21,2020,2021-05-23,Liverpool,Crystal Palace,C Pawson,2,0,10,8,2,2,0,0,partial,0,1,9901.0,0,0,0.0499999999999999,-2,0,1,10,1681.567816820036,1435.7026616112544,245.86515520878152
2020/21,2020,2021-05-23,Man City,Everton,M Oliver,5,0,8,10,2,2,0,0,partial,0,1,10000.0,0,0,-0.0499999999999999,2,0,1,10,1725.955510004015,1514.1178156591077,211.83769434490728
2020/21,2020,2021-05-23,Sheffield United,Burnley,K Friend,1,0,11,1,3,1,0,0,partial,0,1,5096.0,1,-2,,-10,0,1,10,1341.5250641374664,1444.9753022338127,-103.45023809634631
2020/21,2020,2021-05-23,West Ham,Southampton,M Atkinson,3,0,5,9,0,3,0,0,partial,0,1,10000.0,0,3,0.3333333333333333,4,0,1,10,1522.5078654909587,1438.2232010091002,84.2846644818585
2020/21,2020,2021-05-23,Wolves,Man United,M Dean,1,2,14,3,4,1,0,0,partial,0,1,4500.0,0,-3,0.0476190476190476,-11,0,1,10,1476.6900541513728,1629.4452047580355,-152.7551506066627
2021/22,2021,2021-08-13,Brentford,Arsenal,M Oliver,2,0,12,8,0,0,0,0,full,0,0,,0,0,0.0,-4,0,1,11,1347.799525549609,1566.861768248696,-219.06224269908716
2021/22,2021,2021-08-14,Man United,Leeds,P Tierney,5,1,11,9,1,2,0,0,full,0,0,,0,1,0.1313131313131313,-2,0,1,11,1636.8371657595271,1482.9032351310018,153.93393062852533
2021/22,2021,2021-08-14,Burnley,Brighton,D Coote,1,2,10,7,2,1,0,0,full,0,0,,0,-1,-0.0571428571428571,-3,0,1,11,1433.73118309206,1439.7423560848158,-6.011172992755746
2021/22,2021,2021-08-14,Chelsea,Crystal Palace,J Moss,3,0,15,11,0,0,0,0,full,0,0,,0,0,0.0,-4,0,1,11,1598.961895906128,1432.7686112056033,166.1932847005246
2021/22,2021,2021-08-14,Everton,Southampton,A Madley,3,1,13,15,2,0,0,0,full,0,0,,0,-2,-0.1538461538461538,2,0,1,11,1510.6587039146634,1432.1527068207047,78.50599709395874
2021/22,2021,2021-08-14,Leicester,Wolves,C Pawson,1,0,6,10,1,2,0,0,full,0,0,,0,1,0.0333333333333333,4,0,1,11,1541.997283692861,1469.2980931498812,72.69919054297975
2021/22,2021,2021-08-14,Watford,Aston Villa,M Dean,3,2,18,13,3,1,0,0,full,0,0,,0,-2,-0.0897435897435897,-5,0,1,11,1347.799525549609,1456.7273387264893,-108.92781317688036
2021/22,2021,2021-08-14,Norwich,Liverpool,A Marriner,0,3,4,14,1,1,0,0,full,0,0,,0,0,-0.1785714285714285,10,0,1,11,1347.799525549609,1684.501867225687,-336.70234167607805
2021/22,2021,2021-08-15,Newcastle,West Ham,M Atkinson,2,4,4,3,1,0,0,0,full,0,0,,0,-1,-0.25,-1,0,1,11,1455.8814617970443,1528.5783596793542,-72.69689788230994
2021/22,2021,2021-08-15,Tottenham,Man City,A Taylor,1,0,11,8,2,1,0,0,full,0,0,,0,-1,-0.0568181818181818,-3,0,1,11,1555.5847711681972,1729.4146217484592,-173.82985058026202
2021/22,2021,2021-08-21,Liverpool,Burnley,M Dean,2,0,6,12,0,0,0,0,full,0,0,,0,0,0.0,6,0,1,11,1687.8815986083212,1422.189647516662,265.6919510916591
2021/22,2021,2021-08-21,Aston Villa,Newcastle,D Coote,2,0,8,18,3,4,0,0,full,0,0,,0,1,-0.1527777777777778,10,0,1,11,1445.3283192333831,1446.2467452958363,-0.9184260624531362
2021/22,2021,2021-08-21,Crystal Palace,Brentford,M Atkinson,0,0,12,9,3,1,0,0,full,0,0,,0,-2,-0.1388888888888889,-3,0,1,11,1428.4922851005185,1362.082566563832,66.40971853668657
2021/22,2021,2021-08-21,Leeds,Everton,D England,2,2,6,13,2,4,0,0,full,0,0,,0,2,-0.0256410256410256,7,0,1,11,1478.3848646008992,1516.8707515918722,-38.485886990973086
2021/22,2021,2021-08-21,Man City,Norwich,G Scott,5,0,13,7,1,0,0,0,full,0,0,,0,-1,-0.0769230769230769,-6,0,1,11,1716.2507377139225,1344.4197941669747,371.83094354694776
2021/22,2021,2021-08-21,Brighton,Watford,A Taylor,2,0,11,6,4,0,0,0,full,0,0,,0,-4,-0.3636363636363636,-5,0,1,11,1451.2838916602138,1359.198545042715,92.08534661749877
2021/22,2021,2021-08-22,Southampton,Man United,C Pawson,1,1,12,10,2,3,0,0,full,0,0,,0,1,0.1333333333333333,-2,0,1,11,1425.9406591434959,1641.3555362896298,-215.4148771461339
2021/22,2021,2021-08-22,Wolves,Tottenham,S Attwell,0,1,9,7,1,4,0,0,full,0,0,,0,3,0.4603174603174603,-2,0,1,11,1462.941994847062,1568.748655202734,-105.80666035567197
2021/22,2021,2021-08-22,Arsenal,Chelsea,P Tierney,0,2,10,4,3,0,0,0,full,0,0,,0,-3,-0.3,-6,0,1,11,1552.578727234473,1603.2382220112127,-50.65949477673962
2021/22,2021,2021-08-23,West Ham,Leicester,M Oliver,4,1,8,8,0,1,0,1,full,0,0,,0,1,0.125,0,1,1,11,1538.2130761805622,1548.3533819956801,-10.140305815117927
2021/22,2021,2021-08-28,Man City,Arsenal,M Atkinson,5,0,5,7,1,2,0,1,full,0,0,,0,1,0.0857142857142856,2,1,1,11,1717.7879044856286,1542.3099506336166,175.47795385201198
2021/22,2021,2021-08-28,Aston Villa,Brentford,P Bankes,1,1,15,14,3,3,0,0,full,0,0,,0,0,0.0142857142857142,-1,0,1,11,1453.6440186867296,1365.5684542513284,88.07556443540125
2021/22,2021,2021-08-28,Brighton,Everton,J Moss,0,2,7,9,1,2,0,0,full,0,0,,0,1,0.0793650793650793,2,0,1,11,1457.1662242860884,1517.4891872977632,-60.3229630116748
2021/22,2021,2021-08-28,Newcastle,Southampton,P Tierney,2,2,11,6,3,3,0,0,full,0,0,,0,0,0.2272727272727273,-5,0,1,11,1437.9310458424898,1430.1375944663457,7.7934513761440485
2021/22,2021,2021-08-28,Norwich,Leicester,R Jones,1,2,8,9,2,1,0,0,full,0,0,,0,-1,-0.1388888888888889,1,0,1,11,1342.8826273952686,1539.7786882843004,-196.8960608890318
2021/22,2021,2021-08-28,West Ham,Crystal Palace,S Attwell,2,2,10,7,1,0,0,0,full,0,0,,0,-1,-0.1,-3,0,1,11,1546.787769891942,1425.0063974130221,121.78137247891982
2021/22,2021,2021-08-28,Liverpool,Chelsea,A Taylor,1,1,13,4,0,2,0,1,full,0,0,,0,2,0.5,-9,1,1,11,1690.5412671524114,1613.506998612069,77.03426854034228
2021/22,2021,2021-08-29,Burnley,Leeds,M Oliver,1,1,13,9,4,3,0,0,full,0,0,,0,-1,0.0256410256410256,-4,0,1,11,1419.5299789725718,1477.7664288950082,-58.23644992243635
2021/22,2021,2021-08-29,Tottenham,Watford,A Marriner,1,0,8,14,3,3,0,0,full,0,0,,0,0,-0.1607142857142857,6,0,1,11,1577.4378198854433,1353.3162124168405,224.12160746860286
2021/22,2021,2021-08-29,Wolves,Man United,M Dean,0,1,7,9,3,4,0,0,full,0,0,,0,1,0.0158730158730158,2,0,1,11,1454.2528301643526,1637.1586009667799,-182.90577080242724
2021/22,2021,2021-09-11,Crystal Palace,Tottenham,J Moss,3,0,13,15,2,1,0,1,full,0,0,,0,-1,-0.0871794871794871,2,1,1,11,1429.8081255210977,1580.6992893087001,-150.8911637876024
2021/22,2021,2021-09-11,Arsenal,Norwich,M Oliver,1,0,9,11,1,2,0,0,full,0,0,,0,1,0.0707070707070707,2,0,1,11,1538.210563157997,1336.630821329549,201.57974182844805
2021/22,2021,2021-09-11,Brentford,Brighton,G Scott,0,1,9,12,3,2,0,0,full,0,0,,0,-1,-0.1666666666666666,3,0,1,11,1369.5898255867644,1447.1755199061145,-77.58569431935007
2021/22,2021,2021-09-11,Leicester,Man City,P Tierney,0,1,4,11,1,2,0,0,full,0,0,,0,1,-0.0681818181818181,7,0,1,11,1546.03049435002,1721.8872919612481,-175.8567976112281
2021/22,2021,2021-09-11,Man United,Newcastle,A Taylor,4,1,9,2,1,0,0,0,full,0,0,,1,-1,,-7,0,1,11,1643.7616196356992,1436.0041859439864,207.75743369171278
2021/22,2021,2021-09-11,Southampton,West Ham,D Coote,0,0,10,12,3,1,0,1,full,0,0,,0,-2,-0.2166666666666666,2,1,1,11,1432.064454364849,1541.9860417838663,-109.92158741901721
2021/22,2021,2021-09-11,Watford,Wolves,P Bankes,0,2,15,13,3,3,0,0,full,0,0,,0,0,0.0307692307692307,-2,0,1,11,1350.0547429935837,1447.6498114954334,-97.59506850184971
2021/22,2021,2021-09-11,Chelsea,Aston Villa,S Attwell,3,0,11,11,1,4,0,0,full,0,0,,0,3,0.2727272727272727,0,0,1,11,1617.2586111138842,1449.6226473512936,167.63596376259056
2021/22,2021,2021-09-12,Leeds,Liverpool,C Pawson,0,3,9,8,2,1,1,0,full,0,0,,0,-1,-0.0972222222222222,-1,-1,1,11,1477.817187510572,1686.7896546505963,-208.97246714002426
2021/22,2021,2021-09-13,Everton,Burnley,M Atkinson,3,1,3,6,1,1,0,0,full,0,0,,0,0,-0.1666666666666666,3,0,1,11,1527.4798916777372,1419.479220357008,108.00067132072923
2021/22,2021,2021-09-17,Newcastle,Leeds,M Dean,1,1,9,11,2,2,0,0,full,0,0,,0,0,-0.0404040404040403,2,0,1,11,1432.4773621664376,1471.8601766477336,-39.38281448129601
2021/22,2021,2021-09-18,Wolves,Brentford,D England,0,2,10,7,4,2,0,1,full,0,0,,0,-2,-0.1142857142857143,-3,1,1,11,1456.571942021706,1360.0955507497263,96.47639127197976
2021/22,2021,2021-09-18,Burnley,Arsenal,A Taylor,0,1,9,8,2,1,0,0,full,0,0,,0,-1,-0.0972222222222222,-1,0,1,11,1413.9700006393143,1541.8418816686533,-127.87188102933897
2021/22,2021,2021-09-18,Liverpool,Crystal Palace,A Madley,3,0,17,11,3,1,0,0,full,0,0,,0,-2,-0.0855614973262032,-6,0,1,11,1692.7466655134347,1442.3660942798635,250.38057123357112
2021/22,2021,2021-09-18,Man City,Southampton,J Moss,0,0,5,12,0,2,0,0,full,0,0,,0,2,0.1666666666666666,7,0,1,11,1728.6710049734425,1433.4915058498925,295.17949912354993
2021/22,2021,2021-09-18,Norwich,Watford,R Jones,1,3,10,14,1,1,0,0,full,0,0,,0,0,-0.0285714285714285,4,0,1,11,1332.9995028188928,1341.132612467311,-8.133109648418213
2021/22,2021,2021-09-18,Aston Villa,Everton,C Pawson,3,0,7,10,1,1,0,0,full,0,0,,0,0,-0.0428571428571428,3,0,1,11,1445.3741751987568,1532.9891113954309,-87.61493619667408
2021/22,2021,2021-09-19,Brighton,Leicester,S Attwell,2,1,8,10,2,1,0,0,full,0,0,,0,-1,-0.15,2,0,1,11,1456.6697947431526,1539.2467813378257,-82.57698659467314
2021/22,2021,2021-09-19,West Ham,Man United,M Atkinson,1,2,5,8,0,0,0,0,full,0,0,,0,0,0.0,3,0,1,11,1540.558990298823,1647.288443413248,-106.72945311442504
2021/22,2021,2021-09-19,Tottenham,Chelsea,P Tierney,0,3,4,15,0,1,0,0,full,0,0,,0,1,0.0666666666666666,11,0,1,11,1568.1413205499343,1621.507083266421,-53.36576271648664
2021/22,2021,2021-09-25,Chelsea,Man City,M Oliver,0,1,12,10,3,2,0,0,full,0,0,,0,-1,-0.0499999999999999,-2,0,1,11,1631.698008760684,1720.9630337211236,-89.26502496043963
2021/22,2021,2021-09-25,Man United,Aston Villa,M Dean,0,1,9,13,2,2,0,0,full,0,0,,0,0,-0.0683760683760683,4,0,1,11,1655.9515135112827,1456.1673274328828,199.7841860783999
2021/22,2021,2021-09-25,Everton,Norwich,D Coote,2,0,12,9,2,3,0,0,full,0,0,,0,1,0.1666666666666666,-3,0,1,11,1522.195959161305,1321.5176456071192,200.6783135541857
2021/22,2021,2021-09-25,Leeds,West Ham,K Friend,1,2,10,6,3,2,0,0,full,0,0,,0,-1,0.0333333333333333,-4,0,1,11,1472.4528913912025,1531.8959202007882,-59.44302880958571
2021/22,2021,2021-09-25,Leicester,Burnley,C Kavanagh,2,2,10,8,2,4,0,0,full,0,0,,0,2,0.3,-2,0,1,11,1528.5978765334037,1405.899034018107,122.69884251529675
2021/22,2021,2021-09-25,Watford,Newcastle,J Gillett,1,1,19,12,4,3,0,0,full,0,0,,0,-1,0.0394736842105263,-7,0,1,11,1352.6144696790846,1431.8846474229688,-79.27017774388423
2021/22,2021,2021-09-25,Brentford,Liverpool,S Attwell,3,3,8,7,1,1,0,0,full,0,0,,0,0,0.0178571428571428,-1,0,1,11,1374.3176249345322,1695.616235587723,-321.29861065319074
2021/22,2021,2021-09-26,Southampton,Wolves,A Madley,0,1,12,8,0,0,0,0,full,0,0,,0,0,0.0,-4,0,1,11,1441.1994771022114,1442.3498678369,-1.150390734688699
2021/22,2021,2021-09-26,Arsenal,Tottenham,C Pawson,3,1,12,13,2,1,0,0,full,0,0,,0,-1,-0.0897435897435897,1,0,1,11,1549.9128482898607,1557.9503950556714,-8.037546765810703
2021/22,2021,2021-09-27,Crystal Palace,Brighton,A Marriner,1,1,12,10,2,3,0,0,full,0,0,,0,1,0.1333333333333333,-2,0,1,11,1439.4965242055753,1467.3186995475746,-27.822175341999355
2021/22,2021,2021-10-02,Man United,Everton,M Oliver,1,1,10,9,1,1,0,0,full,0,0,,0,0,0.0111111111111111,-1,0,1,11,1639.6136518726669,1525.8427249566457,113.77092691602115
2021/22,2021,2021-10-02,Burnley,Norwich,K Friend,0,0,13,3,5,2,0,0,full,0,0,,0,-3,0.282051282051282,-10,0,1,11,1410.721054724805,1317.8708798117784,92.85017491302665
2021/22,2021,2021-10-02,Chelsea,Southampton,M Atkinson,3,1,11,13,1,3,0,1,full,0,0,,0,2,0.1398601398601398,2,1,1,11,1622.5383374650664,1429.5216643611698,193.01667310389666
2021/22,2021,2021-10-02,Leeds,Watford,S Hooper,1,0,10,16,0,3,0,0,full,0,0,,0,3,0.1875,6,0,1,11,1462.4368604854317,1353.1685419392022,109.26831854622947
2021/22,2021,2021-10-02,Wolves,Newcastle,G Scott,2,1,15,5,0,2,0,0,full,0,0,,0,2,0.4,-10,0,1,11,1454.0276805779417,1431.3305751628511,22.69710541509062
2021/22,2021,2021-10-02,Brighton,Arsenal,J Moss,0,0,8,5,2,1,0,0,full,0,0,,0,-1,-0.0499999999999999,-3,0,1,11,1468.2422127957168,1558.4283010656445,-90.18608826992772
2021/22,2021,2021-10-03,Crystal Palace,Leicester,A Taylor,2,2,15,11,2,3,0,0,full,0,0,,0,1,0.1393939393939393,-4,0,1,11,1438.573010957433,1523.7758558267055,-85.20284486927244
2021/22,2021,2021-10-03,Tottenham,Aston Villa,C Kavanagh,2,1,11,14,2,1,0,0,full,0,0,,0,-1,-0.1103896103896104,3,0,1,11,1549.4349422798875,1472.5051890714985,76.929753208389
2021/22,2021,2021-10-03,West Ham,Brentford,P Bankes,1,2,16,13,2,3,0,0,full,0,0,,0,1,0.1057692307692307,-3,0,1,11,1541.911951106559,1380.681494303103,161.23045680345604
2021/22,2021,2021-10-03,Liverpool,Man City,P Tierney,2,2,10,12,3,3,0,0,full,0,0,,0,0,-0.0499999999999999,2,0,1,11,1689.2523662191522,1730.122705016741,-40.87033879758883
2021/22,2021,2021-10-16,Watford,Liverpool,J Moss,0,5,4,10,0,0,0,0,full,0,0,,0,0,0.0,6,0,1,11,1347.688402130585,1688.702326024218,-341.0139238936331
2021/22,2021,2021-10-16,Aston Villa,Wolves,M Oliver,2,3,8,17,2,3,0,0,full,0,0,,0,1,-0.0735294117647058,9,0,1,11,1466.2542164796141,1461.6914204477898,4.562796031824291
2021/22,2021,2021-10-16,Leicester,Man United,C Pawson,4,2,5,17,0,3,0,0,full,0,0,,0,3,0.1764705882352941,12,0,1,11,1523.0517293121652,1634.9912776517506,-111.93954833958537
2021/22,2021,2021-10-16,Man City,Burnley,M Atkinson,2,0,11,5,1,0,0,0,full,0,0,,0,-1,-0.0909090909090909,-6,0,1,11,1730.6727452116752,1406.5851228423273,324.08762236934786
2021/22,2021,2021-10-16,Norwich,Brighton,P Bankes,0,0,5,14,3,5,0,0,full,0,0,,0,2,-0.2428571428571428,9,0,1,11,1322.0068116942562,1469.1088587054012,-147.10204701114503
2021/22,2021,2021-10-16,Southampton,Leeds,D Coote,1,0,16,14,2,3,0,0,full,0,0,,0,1,0.0892857142857142,-2,0,1,11,1425.7415417682173,1467.9170002940489,-42.17545852583157
2021/22,2021,2021-10-16,Brentford,Chelsea,A Taylor,0,1,13,8,1,1,0,0,full,0,0,,0,0,0.048076923076923,-5,0,1,11,1396.3083370062607,1626.318460058019,-230.01012305175823
2021/22,2021,2021-10-17,Everton,West Ham,S Attwell,0,1,3,3,0,2,0,0,full,0,0,,0,2,0.6666666666666666,0,0,1,11,1530.465099177562,1526.2851084034012,4.179990774160842
2021/22,2021,2021-10-17,Newcastle,Tottenham,A Marriner,2,3,13,4,4,1,1,0,full,0,0,,0,-3,-0.0576923076923077,-9,-1,1,11,1423.666835293003,1555.685914871772,-132.01907957876892
2021/22,2021,2021-10-18,Arsenal,Crystal Palace,M Dean,2,2,7,4,1,1,0,0,full,0,0,,0,0,0.1071428571428571,-3,0,1,11,1557.5616551559601,1439.2971374719734,118.2645176839867
2021/22,2021,2021-10-22,Arsenal,Aston Villa,C Pawson,3,1,17,10,2,5,0,0,full,0,0,,0,3,0.3823529411764705,-7,0,1,11,1552.838189358707,1454.4170480680193,98.42114129068773
2021/22,2021,2021-10-23,Chelsea,Norwich,A Madley,7,0,14,16,0,2,0,1,full,0,0,,0,2,0.125,2,1,1,11,1631.7816272157713,1324.462575825173,307.31905139059836
2021/22,2021,2021-10-23,Crystal Palace,Newcastle,D England,1,1,13,9,3,4,0,0,full,0,0,,0,1,0.2136752136752136,-4,0,1,11,1444.0206032692265,1415.7105233805048,28.310079888721702
2021/22,2021,2021-10-23,Everton,Watford,G Scott,2,5,9,13,4,3,0,0,full,0,0,,0,-1,-0.2136752136752136,4,0,1,11,1518.638579059182,1344.3778071990898,174.26077186009206
2021/22,2021,2021-10-23,Leeds,Wolves,R Jones,1,1,15,14,2,3,0,0,full,0,0,,0,1,0.0809523809523809,-1,0,1,11,1458.4295822090048,1473.5285888593846,-15.099006650379806
2021/22,2021,2021-10-23,Southampton,Burnley,C Kavanagh,2,2,10,11,1,3,0,0,full,0,0,,0,2,0.1727272727272727,1,0,1,11,1435.2289598532614,1404.609757561526,30.61920229173529
2021/22,2021,2021-10-23,Brighton,Man City,K Friend,1,4,10,6,2,3,0,0,full,0,0,,0,1,0.3,-4,0,1,11,1466.6530945744844,1732.6481104924765,-265.9950159179921
2021/22,2021,2021-10-24,Brentford,Leicester,S Hooper,1,2,13,7,1,1,0,0,full,0,0,,0,0,0.0659340659340659,-6,0,1,11,1390.8451698485082,1534.5356318034226,-143.69046195491433
2021/22,2021,2021-10-24,West Ham,Tottenham,P Tierney,1,0,11,4,2,1,0,0,full,0,0,,0,-1,0.0681818181818181,-7,0,1,11,1538.1116285217813,1563.6422267842702,-25.530598262488866
2021/22,2021,2021-10-24,Man United,Liverpool,A Taylor,0,5,10,8,6,0,1,0,full,0,0,,0,-6,-0.6,-2,-1,1,11,1623.5073751604932,1692.0129209557133,-68.50554579522009
2021/22,2021,2021-10-30,Leicester,Arsenal,M Oliver,0,2,8,11,2,0,0,0,full,0,0,,0,-2,-0.25,3,0,1,11,1542.1723592247292,1558.5702276405377,-16.39786841580849
2021/22,2021,2021-10-30,Burnley,Brentford,J Moss,3,1,7,10,1,1,0,0,full,0,0,,0,0,-0.0428571428571428,3,0,1,11,1407.16040935679,1383.2084424272016,23.95196692958848
2021/22,2021,2021-10-30,Liverpool,Brighton,M Dean,2,2,8,5,2,2,0,0,full,0,0,,0,0,0.15,-3,0,1,11,1701.7681605630742,1461.972885134749,239.7952754283251
2021/22,2021,2021-10-30,Man City,Crystal Palace,A Marriner,0,2,11,11,2,3,1,0,full,0,0,,0,1,0.0909090909090908,0,-1,1,11,1737.3283199322118,1441.532194063467,295.79612586874487
2021/22,2021,2021-10-30,Newcastle,Chelsea,P Tierney,0,3,14,12,3,2,0,0,full,0,0,,0,-1,-0.0476190476190476,-2,0,1,11,1418.1989325862644,1633.9356164226897,-215.7366838364253
2021/22,2021,2021-10-30,Watford,Southampton,P Bankes,0,1,16,6,2,2,0,0,full,0,0,,0,0,0.2083333333333333,-10,0,1,11,1360.2555368289718,1432.6783080579974,-72.42277122902556
2021/22,2021,2021-10-30,Tottenham,Man United,S Attwell,0,3,12,14,2,3,0,0,full,0,0,,0,1,0.0476190476190476,2,0,1,11,1554.6310936358145,1613.7521355531323,-59.121041917317825
2021/22,2021,2021-10-31,Norwich,Leeds,A Taylor,1,2,14,23,1,4,0,0,full,0,0,,0,3,0.1024844720496894,9,0,1,11,1322.3085866182546,1457.144374872788,-134.83578825453333
2021/22,2021,2021-10-31,Aston Villa,West Ham,C Kavanagh,1,4,7,13,1,2,1,0,full,0,0,,0,1,0.010989010989011,6,-1,1,11,1448.6850097861886,1547.122761670237,-98.43775188404834
2021/22,2021,2021-11-01,Wolves,Everton,M Atkinson,2,1,10,8,1,1,0,0,full,0,0,,0,0,0.0249999999999999,-2,0,1,11,1474.8137961956015,1502.7608494293,-27.947053233698398
2021/22,2021,2021-11-05,Southampton,Aston Villa,A Madley,1,0,12,12,2,2,0,0,full,0,0,,0,0,0.0,0,0,1,11,1442.3209042562014,1439.78684553684,2.534058719361383
2021/22,2021,2021-11-06,Man United,Man City,M Oliver,0,2,9,12,1,2,0,0,full,0,0,,0,1,0.0555555555555555,3,0,1,11,1623.7774339463933,1719.6131551382668,-95.83572119187352
2021/22,2021,2021-11-06,Brentford,Norwich,J Gillett,1,2,12,13,2,3,0,0,full,0,0,,0,1,0.0641025641025641,1,0,1,11,1375.5788200874058,1314.4298298250878,61.148990262317966
2021/22,2021,2021-11-06,Chelsea,Burnley,A Marriner,1,1,6,9,1,4,0,0,full,0,0,,0,3,0.2777777777777778,3,0,1,11,1639.731053219551,1414.7900316965859,224.94102152296523
2021/22,2021,2021-11-06,Crystal Palace,Wolves,G Scott,2,0,14,13,2,1,0,0,full,0,0,,0,-1,-0.0659340659340659,-1,0,1,11,1459.2473588574119,1483.8938466855159,-24.646487828104
2021/22,2021,2021-11-06,Brighton,Newcastle,D Coote,1,1,16,10,3,4,1,0,full,0,0,,0,1,0.2125,-6,-1,1,11,1468.9502714608157,1412.403495789403,56.54677567141266
2021/22,2021,2021-11-07,Arsenal,Watford,K Friend,1,0,6,19,4,2,0,1,full,0,0,,0,-2,-0.5614035087719298,13,1,1,11,1569.8186507250803,1350.6129406307678,219.2057100943125
2021/22,2021,2021-11-07,Everton,Tottenham,C Kavanagh,0,0,13,17,2,4,1,0,full,0,0,,0,2,0.0814479638009049,4,-1,1,11,1493.6807989393856,1544.6057952425535,-50.92499630316797
2021/22,2021,2021-11-07,Leeds,Leicester,D England,1,1,12,5,1,1,0,0,full,0,0,,0,0,0.1166666666666666,-7,0,1,11,1465.0231316659547,1530.9239361401867,-65.90080447423202
2021/22,2021,2021-11-07,West Ham,Liverpool,C Pawson,3,2,11,6,1,1,0,0,full,0,0,,0,0,0.0757575757575757,-5,0,1,11,1556.0209259195856,1694.7907742370076,-138.76984831742197
2021/22,2021,2021-11-20,Leicester,Chelsea,P Tierney,0,3,15,8,3,1,0,0,full,0,0,,0,-2,-0.075,-7,0,1,11,1530.7541136631903,1632.9796677254299,-102.22555406223955
2021/22,2021,2021-11-20,Aston Villa,Brighton,A Taylor,2,0,7,13,3,3,0,0,full,0,0,,0,0,-0.1978021978021977,6,0,1,11,1431.5675330778927,1465.7161910283328,-34.14865795044011
2021/22,2021,2021-11-20,Burnley,Crystal Palace,S Hooper,3,3,14,15,2,3,0,0,full,0,0,,0,1,0.0571428571428571,1,0,1,11,1421.541417190707,1468.2333004883917,-46.691883297684626
2021/22,2021,2021-11-20,Newcastle,Brentford,R Jones,3,3,13,11,2,2,0,0,full,0,0,,0,0,0.0279720279720279,-2,0,1,11,1415.6375762218859,1362.2266446964086,53.41093152547728
2021/22,2021,2021-11-20,Norwich,Southampton,M Atkinson,2,1,8,9,3,2,0,0,full,0,0,,0,-1,-0.1527777777777778,1,0,1,11,1327.782005216085,1450.5402167151487,-122.75821149906369
2021/22,2021,2021-11-20,Watford,Man United,J Moss,4,1,7,5,2,1,0,1,full,0,0,,0,-1,-0.0857142857142856,-2,1,1,11,1347.273489902551,1614.8052267441558,-267.5317368416047
2021/22,2021,2021-11-20,Wolves,West Ham,M Dean,1,0,6,9,1,1,0,0,full,0,0,,0,0,-0.0555555555555555,3,0,1,11,1474.907905054536,1568.2500417261667,-93.34213667163067
2021/22,2021,2021-11-20,Liverpool,Arsenal,M Oliver,4,0,15,12,2,0,0,0,full,0,0,,0,-2,-0.1333333333333333,-3,0,1,11,1682.5616584304264,1573.158101453297,109.40355697712948
2021/22,2021,2021-11-21,Man City,Everton,S Attwell,3,0,5,7,1,1,0,0,full,0,0,,0,0,-0.0571428571428571,2,0,1,11,1728.5853623405044,1493.419658721635,235.16570361886943
2021/22,2021,2021-11-21,Tottenham,Leeds,A Marriner,2,1,11,12,1,4,0,0,full,0,0,,0,3,0.2424242424242424,1,0,1,11,1544.8669354603041,1465.192954142951,79.67398131735308
2021/22,2021,2021-11-27,Arsenal,Newcastle,S Attwell,2,0,6,12,1,3,0,0,full,0,0,,0,2,0.0833333333333333,6,0,1,11,1567.6810583756346,1412.484546811324,155.19651156431064
2021/22,2021,2021-11-27,Crystal Palace,Aston Villa,M Salisbury,1,2,12,10,3,3,0,0,full,0,0,,0,0,0.0499999999999999,-2,0,1,11,1468.6161516581722,1440.824841717838,27.79130994033426
2021/22,2021,2021-11-27,Liverpool,Southampton,A Marriner,4,0,7,14,0,1,0,0,full,0,0,,0,1,0.0714285714285714,7,0,1,11,1688.0387015080887,1438.7532828285175,249.2854186795712
2021/22,2021,2021-11-27,Norwich,Wolves,S Hooper,0,0,11,10,2,2,0,0,full,0,0,,0,0,0.0181818181818181,-1,0,1,11,1339.5689391027163,1485.8646336797085,-146.29569457699222
2021/22,2021,2021-11-27,Brighton,Leeds,C Pawson,0,0,12,14,1,3,0,0,full,0,0,,0,2,0.1309523809523809,2,0,1,11,1456.4588823883876,1459.0096634219356,-2.5507810335479917
2021/22,2021,2021-11-28,Brentford,Everton,D England,1,0,8,11,4,3,0,0,full,0,0,,0,-1,-0.2272727272727273,3,0,1,11,1365.3796741069705,1490.3280288970398,-124.94835479006929
2021/22,2021,2021-11-28,Leicester,Watford,A Madley,4,2,5,19,0,0,0,0,full,0,0,,0,0,0.0,14,0,1,11,1521.9635140822647,1362.6249189215164,159.33859516074835
2021/22,2021,2021-11-28,Man City,West Ham,M Oliver,2,1,7,6,2,0,0,0,full,0,0,,0,-2,-0.2857142857142857,-1,0,1,11,1731.6769921650996,1557.2933131009943,174.3836790641053
2021/22,2021,2021-11-28,Chelsea,Man United,A Taylor,1,1,13,14,2,5,0,0,full,0,0,,0,3,0.2032967032967033,1,0,1,11,1641.7702673063554,1599.4537977251905,42.31646958116494
2021/22,2021,2021-11-30,Newcastle,Norwich,A Madley,1,1,8,11,0,0,0,1,full,0,0,,0,0,0.0,3,1,1,11,1407.9915460943432,1342.0028818113642,65.98866428297902
2021/22,2021,2021-11-30,Leeds,Crystal Palace,K Friend,1,0,15,15,5,3,0,0,full,0,0,,0,-2,-0.1333333333333333,0,0,1,11,1460.648278043636,1456.1417544684157,4.506523575220399
2021/22,2021,2021-12-01,Southampton,Leicester,R Jones,2,2,14,11,1,3,0,0,full,0,0,,0,2,0.2012987012987012,-3,0,1,11,1435.8681831213235,1526.3739972372505,-90.50581411592702
2021/22,2021,2021-12-01,Watford,Chelsea,D Coote,1,2,18,16,4,3,0,0,full,0,0,,0,-1,-0.0347222222222222,-2,0,1,11,1358.2144357665306,1638.9076414504016,-280.69320568387093
2021/22,2021,2021-12-01,West Ham,Brighton,C Kavanagh,1,1,10,8,1,1,0,0,full,0,0,,0,0,0.0249999999999999,-2,0,1,11,1553.173357659502,1454.820267766687,98.35308989281498
2021/22,2021,2021-12-01,Wolves,Burnley,J Brooks,0,0,5,7,2,3,0,0,full,0,0,,0,1,0.0285714285714285,2,0,1,11,1483.4306909710606,1421.1585660209266,62.27212495013396
2021/22,2021,2021-12-01,Aston Villa,Man City,M Dean,1,2,8,12,0,0,0,0,full,0,0,,0,0,0.0,4,0,1,11,1453.2992389075944,1735.7969476065919,-282.4977086989975
2021/22,2021,2021-12-01,Everton,Liverpool,P Tierney,1,4,8,16,4,3,0,0,full,0,0,,0,-1,-0.3125,8,0,1,11,1478.4801399561902,1690.9238012152828,-212.44366125909255
2021/22,2021,2021-12-02,Tottenham,Brentford,J Moss,2,0,13,11,0,0,0,0,full,0,0,,0,0,0.0,-2,0,1,11,1551.0502261813197,1377.22756304782,173.82266313349965
2021/22,2021,2021-12-02,Man United,Arsenal,M Atkinson,3,2,9,10,1,0,0,0,full,0,0,,0,-1,-0.1111111111111111,1,0,1,11,1602.3164235811444,1572.1740590926154,30.142364488528983
2021/22,2021,2021-12-04,West Ham,Chelsea,A Marriner,3,2,10,10,1,3,0,0,full,0,0,,0,2,0.1999999999999999,0,0,1,11,1548.9069979692174,1643.2913753712744,-94.384377402057
2021/22,2021,2021-12-04,Newcastle,Burnley,P Tierney,1,0,11,9,1,1,0,0,full,0,0,,0,0,0.0202020202020201,-2,0,1,11,1404.5163091971951,1424.5394041218947,-20.023094924699535
2021/22,2021,2021-12-04,Southampton,Brighton,A Taylor,1,1,15,12,4,2,0,0,full,0,0,,0,-2,-0.1,-3,0,1,11,1436.7439616323556,1459.0866274569717,-22.342665824616006
2021/22,2021,2021-12-04,Wolves,Liverpool,C Kavanagh,0,1,4,7,2,2,0,0,full,0,0,,0,0,-0.2142857142857143,3,0,1,11,1480.0498528700925,1696.7975729645327,-216.74772009444018
2021/22,2021,2021-12-04,Watford,Man City,S Hooper,1,3,10,7,3,0,0,0,full,0,0,,0,-3,-0.3,-3,0,1,11,1353.8307018456578,1740.145229928399,-386.31452808274116
2021/22,2021,2021-12-05,Leeds,Brentford,D Coote,2,2,11,9,5,3,0,0,full,0,0,,0,-2,-0.1212121212121212,-2,0,1,11,1468.8126746638136,1373.0970331682352,95.71564149557844
2021/22,2021,2021-12-05,Man United,Crystal Palace,C Pawson,1,0,16,9,2,2,0,0,full,0,0,,0,0,0.0972222222222222,-7,0,1,11,1609.7786078749093,1447.9773578482382,161.80125002667114
2021/22,2021,2021-12-05,Tottenham,Norwich,J Gillett,3,0,11,4,1,2,0,0,full,0,0,,0,1,0.409090909090909,-7,0,1,11,1555.1807560609045,1345.4781187085123,209.70263735239223
2021/22,2021,2021-12-05,Aston Villa,Leicester,M Oliver,2,1,8,25,1,1,0,0,full,0,0,,0,0,-0.0849999999999999,17,0,1,11,1448.9509565857873,1525.4982187262183,-76.54726214043103
2021/22,2021,2021-12-06,Everton,Arsenal,M Dean,2,1,8,12,2,2,0,0,full,0,0,,0,0,-0.0833333333333333,4,0,1,11,1472.6063682069403,1564.7118747988504,-92.10550659191017
2021/22,2021,2021-12-10,Brentford,Watford,M Oliver,2,1,12,18,4,0,0,0,full,0,0,,0,-4,-0.3333333333333333,6,0,1,11,1377.3010977798754,1351.1792866912435,26.12181108863183
2021/22,2021,2021-12-11,Man City,Wolves,J Moss,1,0,12,5,3,2,0,1,full,0,0,,0,-1,0.15,-7,1,1,11,1742.7966450828133,1474.2783423002688,268.5183027825444
2021/22,2021,2021-12-11,Arsenal,Southampton,J Gillett,3,0,5,9,2,0,0,0,full,0,0,,0,-2,-0.4,4,0,1,11,1553.7904253191423,1435.6643208639643,118.12610445517794
2021/22,2021,2021-12-11,Chelsea,Leeds,C Kavanagh,3,2,9,15,2,5,0,0,full,0,0,,0,3,0.1111111111111111,6,0,1,11,1632.304931845313,1464.6086100521734,167.69632179313953
2021/22,2021,2021-12-11,Liverpool,Aston Villa,S Attwell,1,0,13,6,1,2,0,0,full,0,0,,0,1,0.2564102564102564,-7,0,1,11,1702.5690835343564,1459.4268652921426,243.14221824221386
2021/22,2021,2021-12-11,Norwich,Man United,D England,0,1,6,17,1,1,0,0,full,0,0,,0,0,-0.1078431372549019,11,0,1,11,1341.9837047236097,1614.140548366648,-272.1568436430384
2021/22,2021,2021-12-12,Burnley,West Ham,G Scott,0,0,13,11,2,1,0,0,full,0,0,,0,-1,-0.0629370629370629,-2,0,1,11,1415.6849808002664,1559.8934414951789,-144.20846069491245
2021/22,2021,2021-12-12,Leicester,Newcastle,P Bankes,4,0,9,16,2,3,0,0,full,0,0,,0,1,-0.0347222222222222,7,0,1,11,1515.022310019863,1413.3707325188234,101.65157750103958
2021/22,2021,2021-12-12,Crystal Palace,Everton,A Madley,3,1,15,14,0,2,0,0,full,0,0,,0,2,0.1428571428571428,-1,0,1,11,1443.6154173564994,1483.5278176866484,-39.91240033014901
2021/22,2021,2021-12-14,Norwich,Aston Villa,D Coote,0,2,12,9,3,1,0,0,full,0,0,,0,-2,-0.1388888888888889,-3,0,1,11,1337.429454520336,1456.4533542506947,-119.02389973035861
2021/22,2021,2021-12-14,Man City,Leeds,P Tierney,7,0,5,9,1,1,0,0,full,0,0,,0,0,-0.0888888888888889,4,0,1,11,1745.4190193914137,1460.3613003457438,285.05771904566996
2021/22,2021,2021-12-15,Brighton,Wolves,T Harrington,0,1,11,14,2,0,0,0,full,0,0,,0,-2,-0.1818181818181818,3,0,1,11,1460.166268225363,1471.6559679916684,-11.48969976630542
2021/22,2021,2021-12-15,Crystal Palace,Southampton,S Hooper,2,2,16,20,2,4,0,0,full,0,0,,0,2,0.075,4,0,1,11,1453.0378931304106,1430.3846910684786,22.653202061932006
2021/22,2021,2021-12-15,Arsenal,West Ham,A Taylor,2,0,8,9,2,0,0,1,full,0,0,,0,-2,-0.25,1,1,1,11,1559.070055114628,1557.5160973702243,1.5539577444037604
2021/22,2021,2021-12-16,Chelsea,Everton,M Oliver,1,1,11,11,2,3,0,0,full,0,0,,0,1,0.0909090909090908,0,0,1,11,1636.5522415517426,1474.1053419127372,162.44689963900532
2021/22,2021,2021-12-16,Liverpool,Newcastle,M Dean,3,1,9,4,1,3,0,0,full,0,0,,0,2,0.6388888888888888,-5,0,1,11,1705.5425945758043,1407.714434256361,297.8281603194432
2021/22,2021,2021-12-18,Leeds,Arsenal,A Marriner,1,4,11,7,3,1,0,0,full,0,0,,0,-2,-0.1298701298701298,-4,0,1,11,1457.948348499361,1567.3166963199242,-109.36834782056326
2021/22,2021,2021-12-19,Newcastle,Man City,M Atkinson,0,4,9,6,1,2,0,0,full,0,0,,0,1,0.2222222222222222,-3,0,1,11,1405.453165634562,1747.8319712377966,-342.37880560323447
2021/22,2021,2021-12-19,Wolves,Chelsea,D Coote,0,0,9,7,0,2,0,0,full,0,0,,0,2,0.2857142857142857,-2,0,1,11,1483.043203724045,1630.9015192388454,-147.85831551480032
2021/22,2021,2021-12-19,Tottenham,Liverpool,P Tierney,2,2,12,11,4,4,0,1,full,0,0,,0,0,0.0303030303030303,-1,1,1,11,1558.6751700458071,1707.8038631976033,-149.12869315179614
2021/22,2021,2021-12-26,Man City,Leicester,C Kavanagh,6,3,11,9,1,2,0,0,full,0,0,,0,1,0.1313131313131313,-2,0,1,11,1751.1209177792082,1520.6786082823253,230.4423094968829
2021/22,2021,2021-12-26,Norwich,Arsenal,G Scott,0,5,13,7,1,2,0,0,full,0,0,,0,1,0.2087912087912087,-6,0,1,11,1329.1121421167186,1575.9052476043041,-246.79310548758554
2021/22,2021,2021-12-26,Tottenham,Crystal Palace,J Moss,3,0,16,10,1,1,0,1,full,0,0,,0,0,0.0375,-6,1,1,11,1561.1856688673017,1450.7028277047204,110.48284116258128
2021/22,2021,2021-12-26,West Ham,Southampton,K Friend,2,3,10,9,2,3,0,0,full,0,0,,0,1,0.1333333333333333,-1,0,1,11,1549.2694561649282,1432.7197564941687,116.54969967075954
2021/22,2021,2021-12-26,Aston Villa,Chelsea,M Atkinson,1,3,8,11,3,1,0,0,full,0,0,,0,-2,-0.284090909090909,3,0,1,11,1464.7706666543122,1628.4253116398045,-163.65464498549227
2021/22,2021,2021-12-26,Brighton,Brentford,D England,2,0,8,10,1,3,0,0,full,0,0,,0,2,0.175,2,0,1,11,1448.7790324929863,1384.8718639271572,63.907168565829124
2021/22,2021,2021-12-27,Newcastle,Man United,C Pawson,1,1,11,8,3,3,0,0,full,0,0,,0,0,0.1022727272727272,-3,0,1,11,1402.1642190931505,1618.6947985699217,-216.5305794767712
2021/22,2021,2021-12-28,Crystal Palace,Norwich,P Tierney,3,0,9,13,1,2,0,0,full,0,0,,0,1,0.0427350427350427,4,0,1,11,1445.2504593088045,1324.0240894555752,121.22636985322924
2021/22,2021,2021-12-28,Southampton,Tottenham,A Taylor,1,1,15,5,2,2,1,0,full,0,0,,0,0,0.2666666666666667,-10,-1,1,11,1447.4047885485047,1566.6380372632177,-119.233248714713
2021/22,2021,2021-12-28,Watford,West Ham,D England,1,4,12,12,0,1,0,0,full,0,0,,0,1,0.0833333333333333,0,0,1,11,1343.6085205439617,1534.5844241105922,-190.97590356663045
2021/22,2021,2021-12-28,Leicester,Liverpool,M Oliver,1,0,8,11,0,1,0,0,full,0,0,,0,1,0.0909090909090909,3,0,1,11,1517.5152419454946,1705.2933643761087,-187.77812243061408
2021/22,2021,2021-12-29,Chelsea,Brighton,M Dean,1,1,14,7,4,1,0,0,full,0,0,,0,-3,-0.1428571428571428,-7,0,1,11,1635.527365342061,1455.356579599414,180.170785742647
2021/22,2021,2021-12-29,Brentford,Man City,D Coote,0,1,12,10,0,0,0,0,full,0,0,,0,0,0.0,-2,0,1,11,1378.2943168207294,1754.2842841160389,-375.9899672953095
2021/22,2021,2021-12-30,Man United,Burnley,J Moss,3,1,5,10,0,0,0,0,full,0,0,,0,0,0.0,5,0,1,11,1614.4714428315438,1418.062324925221,196.40911790632276
2021/22,2021,2022-01-01,Arsenal,Man City,S Attwell,1,2,13,5,3,2,1,0,full,0,0,,0,-1,0.1692307692307692,-8,-1,1,11,1580.9933002654475,1757.0753995772925,-176.082099311845
2021/22,2021,2022-01-01,Watford,Tottenham,R Jones,0,1,6,9,0,1,0,0,full,0,0,,0,1,0.1111111111111111,3,0,1,11,1337.2093304473485,1564.949495322622,-227.74016487527342
2021/22,2021,2022-01-01,Crystal Palace,West Ham,D England,2,3,6,16,0,2,0,0,full,0,0,,0,2,0.125,10,0,1,11,1450.4610317649478,1540.9836142072054,-90.52258244225754
2021/22,2021,2022-01-02,Brentford,Aston Villa,C Pawson,2,1,17,11,2,2,0,0,full,0,0,,0,0,0.0641711229946524,-6,0,1,11,1375.5032013594757,1457.6686129520556,-82.16541159257986
2021/22,2021,2022-01-02,Everton,Brighton,J Brooks,2,3,5,12,1,1,0,0,full,0,0,,0,0,-0.1166666666666666,7,0,1,11,1479.7560642256344,1461.3445334374792,18.411530788155233
2021/22,2021,2022-01-02,Leeds,Burnley,P Tierney,3,1,11,7,2,1,0,0,full,0,0,,0,-1,-0.0389610389610389,-4,0,1,11,1449.359797214981,1414.3417066703773,35.01809054460364
2021/22,2021,2022-01-02,Chelsea,Liverpool,A Taylor,2,2,5,13,1,2,0,0,full,0,0,,0,1,-0.0461538461538461,8,0,1,11,1629.539411503996,1691.7729244104548,-62.23351290645883
2021/22,2021,2022-01-03,Man United,Wolves,M Dean,0,1,9,8,3,1,0,0,full,0,0,,0,-2,-0.2083333333333333,-1,0,1,11,1618.1920610863874,1485.519411323086,132.67264976330148
2021/22,2021,2022-01-11,Southampton,Brentford,S Attwell,4,1,9,8,0,1,0,0,full,0,0,,0,1,0.125,-1,0,1,11,1449.0933304891005,1386.140309062944,62.95302142615651
2021/22,2021,2022-01-12,West Ham,Norwich,S Hooper,2,0,9,8,0,0,0,0,full,0,0,,0,0,0.0,-1,0,1,11,1550.1073567686933,1318.8135169994318,231.29383976926147
2021/22,2021,2022-01-14,Brighton,Crystal Palace,R Jones,1,1,11,7,0,2,0,0,full,0,0,,0,2,0.2857142857142857,-4,0,1,11,1473.5638462452494,1441.33728920346,32.22655704178942
2021/22,2021,2022-01-15,Man City,Chelsea,C Pawson,1,0,11,6,0,2,0,0,full,0,0,,0,2,0.3333333333333333,-5,0,1,11,1763.8532999087738,1629.6036962874869,134.24960362128695
2021/22,2021,2022-01-15,Newcastle,Watford,P Tierney,1,1,13,13,3,2,0,0,full,0,0,,0,-1,-0.0769230769230769,0,0,1,11,1406.3875748315284,1331.6941228616636,74.69345196986478
2021/22,2021,2022-01-15,Norwich,Everton,A Madley,2,1,12,14,3,1,0,0,full,0,0,,0,-2,-0.1785714285714285,2,0,1,11,1315.6631824079739,1467.5367514178643,-151.8735690098904
2021/22,2021,2022-01-15,Wolves,Southampton,M Salisbury,3,1,13,14,2,3,0,0,full,0,0,,0,1,0.0604395604395604,1,0,1,11,1500.558685259093,1455.6951461662425,44.86353909285049
2021/22,2021,2022-01-15,Aston Villa,Man United,D Coote,2,2,8,13,1,2,0,0,full,0,0,,0,1,0.0288461538461538,5,0,1,11,1447.0315052485873,1603.1527871503804,-156.12128190179305
2021/22,2021,2022-01-16,Liverpool,Brentford,J Moss,3,0,6,6,0,1,0,0,full,0,0,,0,1,0.1666666666666666,0,0,1,11,1691.708639626964,1379.538493385802,312.170146241162
2021/22,2021,2022-01-16,West Ham,Leeds,M Dean,2,3,6,9,3,2,0,0,full,0,0,,0,-1,-0.2777777777777778,3,0,1,11,1553.2576913601513,1456.6911596005455,96.56653175960582
2021/22,2021,2022-01-18,Brighton,Chelsea,K Friend,1,1,8,5,1,2,0,0,full,0,0,,0,1,0.275,-3,0,1,11,1470.969992164001,1624.6767550446395,-153.7067628806385
2021/22,2021,2022-01-19,Leicester,Tottenham,J Moss,2,3,6,12,1,2,0,0,full,0,0,,0,1,0.0,6,0,1,11,1531.0356819111485,1570.464702908307,-39.42902099715843
2021/22,2021,2022-01-19,Brentford,Man United,A Marriner,1,3,7,9,0,0,0,0,full,0,0,,0,0,0.0,2,0,1,11,1377.4375914474451,1600.4546834909222,-223.01709204347708
2021/22,2021,2022-01-21,Watford,Norwich,M Dean,0,3,16,11,0,1,1,0,full,0,0,,0,1,0.0909090909090909,-5,-1,1,11,1335.3876980638677,1328.2475577424837,7.140140321384024
2021/22,2021,2022-01-22,Everton,Aston Villa,C Pawson,0,1,14,16,5,3,0,0,full,0,0,,0,-2,-0.1696428571428571,2,0,1,11,1454.9523760833545,1449.7296089080455,5.222767175308945
2021/22,2021,2022-01-22,Brentford,Wolves,P Bankes,1,2,6,7,2,3,0,0,full,0,0,,0,1,0.0952380952380952,1,0,1,11,1371.8131258175072,1507.6288985232525,-135.8157727057453
2021/22,2021,2022-01-22,Leeds,Newcastle,C Kavanagh,0,1,9,9,4,2,0,0,full,0,0,,0,-2,-0.2222222222222222,0,0,1,11,1470.915365518931,1402.6939996293243,68.22136588960666
2021/22,2021,2022-01-22,Man United,West Ham,J Moss,1,0,9,8,1,1,0,0,full,0,0,,0,0,0.0138888888888888,-1,0,1,11,1606.0791491208602,1539.0334854417658,67.04566367909433
2021/22,2021,2022-01-22,Southampton,Man City,S Hooper,1,1,13,5,3,0,0,0,full,0,0,,0,-3,-0.2307692307692307,-8,0,1,11,1448.624932902083,1768.780241151621,-320.15530824953817
2021/22,2021,2022-01-23,Arsenal,Burnley,D Coote,0,0,9,13,0,2,0,0,full,0,0,,0,2,0.1538461538461538,4,0,1,11,1574.2153999339662,1407.0103442848128,167.20505564915334
2021/22,2021,2022-01-23,Crystal Palace,Liverpool,K Friend,1,3,12,10,4,1,0,0,full,0,0,,0,-3,-0.2333333333333333,-2,0,1,11,1443.9311432847082,1693.8095415653208,-249.8783982806126
2021/22,2021,2022-01-23,Leicester,Brighton,M Atkinson,1,1,6,8,0,1,0,0,full,0,0,,0,1,0.125,2,0,1,11,1520.4442924363625,1473.6035394758053,46.84075296055721
2021/22,2021,2022-01-23,Chelsea,Tottenham,P Tierney,2,0,17,14,2,1,0,0,full,0,0,,0,-1,-0.0462184873949579,-3,0,1,11,1622.0432077328353,1581.0560923830928,40.98711534974245
2021/22,2021,2022-02-05,Burnley,Watford,C Pawson,0,0,16,9,1,2,0,0,full,0,0,,0,1,0.1597222222222222,-7,0,1,11,1412.753566446063,1323.4789503646118,89.27461608145109
2021/22,2021,2022-02-08,Newcastle,Everton,A Taylor,3,1,13,13,2,3,0,0,full,0,0,,0,1,0.0769230769230769,0,0,1,11,1416.22561103443,1443.0968597340916,-26.87124869966169
2021/22,2021,2022-02-08,West Ham,Watford,M Atkinson,1,0,1,6,1,0,0,0,full,0,0,,1,-1,,5,0,1,11,1532.535442639335,1327.5292119719675,205.00623066736762
2021/22,2021,2022-02-08,Burnley,Man United,M Dean,1,1,11,10,2,1,0,0,full,0,0,,0,-1,-0.0818181818181818,-1,0,1,11,1408.7033048387073,1612.577191923291,-203.87388708458366
2021/22,2021,2022-02-09,Man City,Brentford,D England,2,0,7,13,0,0,0,0,full,0,0,,0,0,0.0,6,0,1,11,1762.4359927840794,1363.9612898778666,398.47470290621277
2021/22,2021,2022-02-09,Norwich,Crystal Palace,P Tierney,1,1,11,15,1,2,0,0,full,0,0,,0,1,0.0424242424242424,4,0,1,11,1340.1563054417395,1438.9101726926126,-98.7538672508731
2021/22,2021,2022-02-09,Tottenham,Southampton,D Coote,2,3,7,13,2,3,0,0,full,0,0,,0,1,-0.0549450549450549,6,0,1,11,1573.8835534234781,1454.9691812696246,118.91437215385349
2021/22,2021,2022-02-09,Aston Villa,Leeds,J Gillett,3,3,11,9,1,3,1,0,full,0,0,,0,2,0.2424242424242424,-2,-1,1,11,1461.5851252573084,1457.3837541138253,4.201371143483129
2021/22,2021,2022-02-10,Liverpool,Leicester,C Kavanagh,2,0,11,7,1,0,0,0,full,0,0,,0,-1,-0.0909090909090909,-4,0,1,11,1698.8305121574165,1517.4625689175077,181.36794323990875
2021/22,2021,2022-02-10,Wolves,Arsenal,M Oliver,0,1,12,13,2,3,0,1,full,0,0,,0,1,0.0641025641025641,1,1,1,11,1515.480734462893,1568.4721777727161,-52.991443309823126
2021/22,2021,2022-02-12,Man United,Southampton,S Attwell,1,1,12,13,4,0,0,0,full,0,0,,0,-4,-0.3333333333333333,1,0,1,11,1608.6576882673817,1469.7071653943926,138.95052287298904
2021/22,2021,2022-02-12,Brentford,Crystal Palace,S Hooper,0,0,10,10,1,0,0,0,full,0,0,,0,-1,-0.1,0,0,1,11,1362.6281247978145,1437.7993497737684,-75.17122497595392
2021/22,2021,2022-02-12,Everton,Leeds,G Scott,3,0,8,9,1,1,0,0,full,0,0,,0,0,-0.0138888888888888,1,0,1,11,1434.0475024947664,1459.2108690719733,-25.163366577206943
2021/22,2021,2022-02-12,Watford,Brighton,J Moss,0,2,16,9,3,2,0,0,full,0,0,,0,-1,0.0347222222222222,-7,0,1,11,1323.9561466665605,1476.58526299466,-152.6291163280996
2021/22,2021,2022-02-12,Norwich,Man City,A Marriner,0,4,7,8,0,2,0,0,full,0,0,,0,2,0.25,1,0,1,11,1341.2671283605837,1763.7691578641316,-422.5020295035479
2021/22,2021,2022-02-13,Burnley,Liverpool,M Atkinson,0,1,7,6,0,1,0,0,full,0,0,,0,1,0.1666666666666666,-1,0,1,11,1412.6228084946165,1702.820501700382,-290.1976932057655
2021/22,2021,2022-02-13,Newcastle,Aston Villa,C Pawson,1,0,22,15,3,4,0,0,full,0,0,,0,1,0.1303030303030303,-7,0,1,11,1425.2749682737551,1459.7580102991603,-34.48304202540521
2021/22,2021,2022-02-13,Tottenham,Wolves,K Friend,0,2,13,13,3,1,0,0,full,0,0,,0,-2,-0.1538461538461538,0,0,1,11,1559.1455692987101,1505.279039343071,53.86652995563918
2021/22,2021,2022-02-13,Leicester,West Ham,M Oliver,2,2,10,9,1,2,0,0,full,0,0,,0,1,0.1222222222222222,-1,0,1,11,1513.4725793745422,1536.108507944742,-22.635928570199894
2021/22,2021,2022-02-15,Man United,Brighton,P Bankes,2,0,8,10,3,1,0,1,full,0,0,,0,-2,-0.275,2,1,1,11,1603.4848387968757,1483.9806051323292,119.50423366454652
2021/22,2021,2022-02-19,West Ham,Newcastle,C Kavanagh,1,1,3,7,3,3,0,0,full,0,0,,0,0,-0.5714285714285714,4,0,1,11,1537.179805562251,1434.5418488552875,102.63795670696345
2021/22,2021,2022-02-19,Arsenal,Brentford,J Moss,2,1,10,5,1,1,0,0,full,0,0,,0,0,0.1,-5,0,1,11,1578.6738728925382,1363.0645104302046,215.6093624623336
2021/22,2021,2022-02-19,Aston Villa,Watford,R Jones,0,1,12,7,1,2,0,0,full,0,0,,0,1,0.2023809523809523,-5,0,1,11,1450.491129717628,1316.5608045288914,133.93032518873656
2021/22,2021,2022-02-19,Brighton,Burnley,K Friend,0,3,12,12,1,4,0,0,full,0,0,,0,3,0.25,0,0,1,11,1478.7317450303035,1408.4234688290808,70.30827620122272
2021/22,2021,2022-02-19,Crystal Palace,Chelsea,D Coote,0,1,4,20,1,3,0,0,full,0,0,,0,2,-0.1,16,0,1,11,1437.3629641413784,1629.21574669245,-191.85278255107164
2021/22,2021,2022-02-19,Liverpool,Norwich,M Dean,3,1,7,8,0,1,0,0,full,0,0,,0,1,0.125,1,0,1,11,1707.0198413659177,1339.0592612055561,367.9605801603616
2021/22,2021,2022-02-19,Southampton,Everton,A Madley,2,0,6,9,0,2,0,0,full,0,0,,0,2,0.2222222222222222,3,0,1,11,1474.8800148648986,1443.0481703207913,31.831844544107298
2021/22,2021,2022-02-19,Man City,Tottenham,A Taylor,2,3,5,7,0,3,0,0,full,0,0,,0,3,0.4285714285714285,2,0,1,11,1765.977025019159,1545.9807352576343,219.99628976152485
2021/22,2021,2022-02-20,Leeds,Man United,P Tierney,2,4,13,19,6,3,0,0,full,0,0,,0,-3,-0.3036437246963563,6,0,1,11,1450.2102012459484,1608.7336988989014,-158.52349765295298
2021/22,2021,2022-02-20,Wolves,Leicester,C Pawson,2,1,12,9,4,4,0,0,full,0,0,,0,0,0.1111111111111111,-3,0,1,11,1518.4438733841469,1512.4012817570333,6.042591627113552
2021/22,2021,2022-02-23,Burnley,Tottenham,G Scott,1,0,8,8,0,0,0,0,full,0,0,,0,0,0.0,0,0,1,11,1422.007542808944,1562.653925407296,-140.64638259835192
2021/22,2021,2022-02-23,Watford,Crystal Palace,A Marriner,1,4,12,9,2,1,0,0,full,0,0,,0,-1,-0.0555555555555555,-3,0,1,11,1331.6270355543077,1430.985720264304,-99.3586847099964
2021/22,2021,2022-02-23,Liverpool,Leeds,M Oliver,6,0,5,11,0,3,0,0,full,0,0,,0,3,0.2727272727272727,6,0,1,11,1708.588922953661,1442.9722925188,265.616630434861
2021/22,2021,2022-02-24,Arsenal,Wolves,M Atkinson,2,1,8,9,1,1,0,0,full,0,0,,0,0,-0.0138888888888888,1,0,1,11,1582.0713119611542,1526.5655830155595,55.50572894559468
2021/22,2021,2022-02-25,Southampton,Norwich,S Hooper,2,0,12,9,1,2,0,0,full,0,0,,0,1,0.1388888888888889,-3,0,1,11,1482.296760281987,1337.4901796178128,144.80658066417413
2021/22,2021,2022-02-26,Leeds,Tottenham,C Pawson,0,4,16,11,4,2,0,0,full,0,0,,0,-2,-0.0681818181818181,-5,0,1,11,1440.3116239889391,1550.3735446057688,-110.06192061682964
2021/22,2021,2022-02-26,Brentford,Newcastle,M Dean,0,2,9,7,3,1,1,0,full,0,0,,0,-2,-0.1904761904761904,-2,-1,1,11,1359.6670713615886,1438.9085558321447,-79.24148447055609
2021/22,2021,2022-02-26,Crystal Palace,Burnley,J Moss,1,1,5,17,0,2,0,0,full,0,0,,0,2,0.1176470588235294,12,0,1,11,1439.857707443737,1434.2879236104711,5.569783833265774
2021/22,2021,2022-02-26,Man United,Watford,K Friend,0,0,2,7,0,0,0,0,full,0,0,,1,0,,5,0,1,11,1615.9716076260497,1322.7550483748748,293.2165592511749
2021/22,2021,2022-02-26,Brighton,Aston Villa,J Brooks,0,2,17,11,4,5,0,0,full,0,0,,0,1,0.2192513368983957,-6,0,1,11,1465.1476710504403,1435.4248986922116,29.722772358228667
2021/22,2021,2022-02-26,Everton,Man City,P Tierney,0,1,7,14,3,2,0,0,full,0,0,,0,-1,-0.2857142857142857,7,0,1,11,1435.631424903703,1749.3038348694975,-313.6724099657945
2021/22,2021,2022-02-27,West Ham,Wolves,A Taylor,1,0,8,2,1,0,0,0,full,0,0,,1,-1,,-6,0,1,11,1532.8130985853938,1519.7728077601266,13.04029082526722
2021/22,2021,2022-03-01,Burnley,Leicester,C Kavanagh,0,2,10,13,1,1,0,0,full,0,0,,0,0,-0.023076923076923,3,0,1,11,1436.1530822328882,1504.2795721256207,-68.12648989273248
2021/22,2021,2022-03-05,Leicester,Leeds,D Coote,1,0,9,12,1,2,0,0,full,0,0,,0,1,0.0555555555555555,3,0,1,11,1514.0457155897207,1431.7426321042358,82.30308348548488
2021/22,2021,2022-03-05,Aston Villa,Southampton,P Bankes,4,0,10,8,1,1,0,0,full,0,0,,0,0,0.0249999999999999,-2,0,1,11,1447.9514119169833,1487.001539919115,-39.050128002131714
2021/22,2021,2022-03-05,Burnley,Chelsea,A Marriner,0,4,12,7,2,0,0,0,full,0,0,,0,-2,-0.1666666666666666,-5,0,1,11,1426.3869387687882,1635.5929905695243,-209.20605180073608
2021/22,2021,2022-03-05,Newcastle,Brighton,M Atkinson,2,1,8,10,1,1,0,0,full,0,0,,0,0,-0.0249999999999999,2,0,1,11,1448.3553068992314,1452.6211578256687,-4.265850926437224
2021/22,2021,2022-03-05,Norwich,Brentford,A Taylor,1,3,13,18,2,5,0,0,full,0,0,,0,3,0.1239316239316239,5,0,1,11,1332.7853999806848,1350.2203202945018,-17.434920313816974
2021/22,2021,2022-03-05,Wolves,Crystal Palace,A Madley,0,2,13,8,0,3,0,0,full,0,0,,0,3,0.375,-5,0,1,11,1511.8446440418766,1437.9925488213198,73.85209522055675
2021/22,2021,2022-03-05,Liverpool,West Ham,J Moss,1,0,7,7,2,1,0,0,full,0,0,,0,-1,-0.1428571428571428,0,0,1,11,1711.249591483522,1540.741262303644,170.50832917987805
2021/22,2021,2022-03-06,Watford,Arsenal,C Pawson,2,3,5,11,1,2,0,0,full,0,0,,0,1,-0.0181818181818181,6,0,1,11,1330.4399886512495,1588.864087216587,-258.42409856533754
2021/22,2021,2022-03-06,Man City,Man United,M Oliver,4,1,10,14,0,1,0,0,full,0,0,,0,1,0.0714285714285714,4,0,1,11,1753.072399036092,1608.286667349675,144.78573168641697
2021/22,2021,2022-03-07,Tottenham,Everton,S Attwell,5,0,15,10,2,0,0,0,full,0,0,,0,-2,-0.1333333333333333,-5,0,1,11,1558.942536490472,1431.8628607371083,127.07967575336374
2021/22,2021,2022-03-10,Norwich,Chelsea,M Atkinson,1,3,8,15,0,2,0,0,full,0,0,,0,2,0.1333333333333333,7,0,1,11,1321.5663713045694,1641.5443787975605,-319.9780074929911
2021/22,2021,2022-03-10,Southampton,Newcastle,K Friend,1,2,6,7,1,1,0,0,full,0,0,,0,0,-0.0238095238095238,1,0,1,11,1477.603795965027,1456.7647690115978,20.83902695342931
2021/22,2021,2022-03-10,Wolves,Watford,D England,4,0,11,10,2,2,0,0,full,0,0,,0,0,0.0181818181818181,-1,0,1,11,1498.1720000206647,1325.6017320668122,172.5702679538524
2021/22,2021,2022-03-10,Leeds,Aston Villa,S Hooper,0,3,17,11,5,3,0,0,full,0,0,,0,-2,-0.0213903743315508,-6,0,1,11,1425.6238023297624,1457.3491558710712,-31.725353541308777
2021/22,2021,2022-03-12,Brighton,Liverpool,M Dean,0,2,12,15,3,1,0,0,full,0,0,,0,-2,-0.1833333333333333,3,0,1,11,1444.2116957133023,1715.4430017811546,-271.2313060678523
2021/22,2021,2022-03-12,Brentford,Burnley,P Tierney,2,0,6,10,1,1,0,1,full,0,0,,0,0,-0.0666666666666666,4,1,1,11,1361.4393489706172,1420.435550540752,-58.99620157013487
2021/22,2021,2022-03-12,Man United,Tottenham,J Moss,3,2,8,7,2,1,0,0,full,0,0,,0,-1,-0.1071428571428571,-1,0,1,11,1603.5814558761015,1564.0243335832893,39.55712229281221
2021/22,2021,2022-03-13,Chelsea,Newcastle,D Coote,1,0,17,16,4,3,0,0,full,0,0,,0,-1,-0.0477941176470588,-1,0,1,11,1645.203180561188,1469.0504055637075,176.1527749974805
2021/22,2021,2022-03-13,Everton,Wolves,M Oliver,0,1,13,11,2,1,1,0,full,0,0,,0,-1,-0.0629370629370629,-2,-1,1,11,1426.7810636442912,1502.3262083482696,-75.5451447039784
2021/22,2021,2022-03-13,Leeds,Norwich,S Attwell,2,1,18,8,3,1,0,0,full,0,0,,0,-2,-0.0416666666666666,-10,0,1,11,1414.8117844234812,1317.907569540942,96.90421488253924
2021/22,2021,2022-03-13,Southampton,Watford,G Scott,1,2,8,12,3,2,0,0,full,0,0,,0,-1,-0.2083333333333333,4,0,1,11,1465.3181594129173,1321.4475237392073,143.87063567371
2021/22,2021,2022-03-13,West Ham,Aston Villa,J Gillett,2,1,9,3,1,0,0,0,full,0,0,,0,-1,-0.1111111111111111,-6,0,1,11,1536.5478520060112,1468.1611737773524,68.38667822865887
2021/22,2021,2022-03-13,Arsenal,Leicester,A Taylor,2,0,8,10,0,3,0,0,full,0,0,,0,3,0.3,2,0,1,11,1593.7023438010242,1520.164545364194,73.53779843683014
2021/22,2021,2022-03-14,Crystal Palace,Man City,M Atkinson,0,0,6,11,3,1,0,0,full,0,0,,0,-2,-0.409090909090909,5,0,1,11,1451.6651928425317,1757.7776105096657,-306.11241766713397
2021/22,2021,2022-03-16,Brighton,Tottenham,R Jones,0,2,11,9,2,2,0,0,full,0,0,,0,0,0.0404040404040403,-2,0,1,11,1439.6386793637175,1556.8138826411011,-117.17520327738362
2021/22,2021,2022-03-16,Arsenal,Liverpool,A Marriner,0,2,9,9,0,1,0,0,full,0,0,,0,1,0.1111111111111111,0,0,1,11,1600.0375283888868,1720.0160181307394,-119.97848974185263
2021/22,2021,2022-03-17,Everton,Newcastle,C Pawson,1,0,13,11,2,1,1,0,full,0,0,,0,-1,-0.0629370629370629,-2,-1,1,11,1417.228190548106,1464.9636639727407,-47.73547342463462
2021/22,2021,2022-03-18,Wolves,Leeds,K Friend,2,3,13,14,1,4,1,0,full,0,0,,0,3,0.2087912087912087,1,-1,1,11,1511.8790814444546,1420.5795967870185,91.2994846574361
2021/22,2021,2022-03-19,Aston Villa,Arsenal,A Madley,0,1,13,14,3,3,0,0,full,0,0,,0,0,-0.0164835164835165,1,0,1,11,1461.6969491140758,1591.746900943946,-130.04995182987022
2021/22,2021,2022-03-20,Leicester,Brentford,D England,2,1,10,10,1,2,0,0,full,0,0,,0,1,0.1,0,0,1,11,1513.8293607763314,1371.4104574097435,142.41890336658798
2021/22,2021,2022-03-20,Tottenham,West Ham,A Taylor,3,1,7,7,0,1,0,0,full,0,0,,0,1,0.1428571428571428,0,0,1,11,1565.1829440500344,1543.0120766692878,22.170867380746586
2021/22,2021,2022-04-02,Liverpool,Watford,S Attwell,2,0,9,8,1,1,0,0,full,0,0,,0,0,0.0138888888888888,-1,0,1,11,1728.3066455756802,1336.7233312231724,391.58331435250784
2021/22,2021,2022-04-02,Brighton,Norwich,S Hooper,0,0,12,11,1,1,0,0,full,0,0,,0,0,0.0075757575757575,-1,0,1,11,1431.2696179547843,1312.1397571774046,119.12986077737969
2021/22,2021,2022-04-02,Burnley,Man City,C Pawson,0,2,11,6,1,0,0,0,full,0,0,,0,-1,-0.0909090909090909,-5,0,1,11,1410.4644421016258,1751.6810832094764,-341.2166411078506
2021/22,2021,2022-04-02,Chelsea,Brentford,A Madley,1,4,11,7,0,0,0,0,full,0,0,,0,0,0.0,-4,0,1,11,1649.2899221521548,1366.656044514227,282.63387763792775
2021/22,2021,2022-04-02,Leeds,Southampton,A Taylor,1,1,14,7,1,1,0,0,full,0,0,,0,0,0.0714285714285714,-7,0,1,11,1434.678462837311,1450.0423519289523,-15.36388909164134
2021/22,2021,2022-04-02,Wolves,Aston Villa,D England,2,1,15,8,4,3,0,0,full,0,0,,0,-1,0.1083333333333333,-7,0,1,11,1497.7802153941623,1453.6862659205524,44.09394947360988
2021/22,2021,2022-04-02,Man United,Leicester,A Marriner,1,1,13,6,2,2,0,0,full,0,0,,0,0,0.1794871794871794,-7,0,1,11,1610.7919068182896,1518.583773671848,92.2081331464417
2021/22,2021,2022-04-03,West Ham,Everton,M Oliver,2,1,9,12,1,1,0,1,full,0,0,,0,0,-0.0277777777777777,3,1,1,11,1535.3340120978721,1426.8753356493103,108.45867644856185
2021/22,2021,2022-04-03,Tottenham,Newcastle,M Atkinson,5,1,10,7,2,3,0,0,full,0,0,,0,1,0.2285714285714285,-3,0,1,11,1572.86100862145,1455.3165188715366,117.54448974991351
2021/22,2021,2022-04-04,Crystal Palace,Arsenal,P Tierney,3,0,11,15,0,2,0,0,full,0,0,,0,2,0.1333333333333333,4,0,1,11,1457.761720142721,1599.7575841374694,-141.99586399474833
2021/22,2021,2022-04-06,Burnley,Everton,M Dean,3,2,11,16,2,2,0,0,full,0,0,,0,0,-0.0568181818181818,5,0,1,11,1407.1570696759409,1421.376633628038,-14.219563952097133
2021/22,2021,2022-04-08,Newcastle,Wolves,P Bankes,1,0,6,13,1,1,0,0,full,0,0,,0,0,-0.0897435897435897,7,0,1,11,1450.0238686200942,1504.8706910170897,-54.84682239699555
2021/22,2021,2022-04-09,Everton,Man United,J Moss,1,0,4,10,2,2,0,0,full,0,0,,0,0,-0.3,6,0,1,11,1412.686727111321,1606.6713050007759,-193.98457788945484
2021/22,2021,2022-04-09,Arsenal,Brighton,D Coote,1,2,12,19,3,4,0,0,full,0,0,,0,1,-0.0394736842105263,7,0,1,11,1587.440414704096,1426.5268252967217,160.91358940737427
2021/22,2021,2022-04-09,Southampton,Chelsea,K Friend,0,6,11,10,1,0,0,0,full,0,0,,0,-1,-0.0909090909090909,-1,0,1,11,1451.3200605312209,1631.7326364881746,-180.4125759569538
2021/22,2021,2022-04-09,Watford,Leeds,A Marriner,0,3,8,12,2,0,0,0,full,0,0,,0,-2,-0.25,4,0,1,11,1335.3399480934288,1433.4007542350423,-98.06080614161351
2021/22,2021,2022-04-09,Aston Villa,Tottenham,G Scott,0,4,12,14,2,3,0,0,full,0,0,,0,1,0.0476190476190476,2,0,1,11,1446.595790297625,1578.1536588728925,-131.55786857526755
2021/22,2021,2022-04-10,Brentford,West Ham,M Atkinson,2,0,2,6,0,1,0,0,full,0,0,,1,1,,4,0,1,11,1384.2133301782071,1540.8327141191444,-156.61938394093727
2021/22,2021,2022-04-10,Leicester,Crystal Palace,R Jones,2,1,11,12,1,1,0,0,full,0,0,,0,0,-0.0075757575757575,1,0,1,11,1522.7043754893616,1470.0788895760945,52.625485913267084
2021/22,2021,2022-04-10,Norwich,Burnley,M Oliver,2,0,12,10,1,1,0,0,full,0,0,,0,0,0.0166666666666666,-2,0,1,11,1316.8825498354672,1415.8469761926578,-98.96442635719063
2021/22,2021,2022-04-10,Man City,Liverpool,A Taylor,2,2,9,11,1,4,0,0,full,0,0,,0,3,0.2525252525252525,2,0,1,11,1754.9884556351612,1729.6900287054239,25.29842692973739
2021/22,2021,2022-04-16,Tottenham,Brighton,C Pawson,0,1,14,10,3,3,0,0,full,0,0,,0,0,0.0857142857142857,-4,0,1,11,1586.1226945095093,1442.147432196643,143.97526231286633
2021/22,2021,2022-04-16,Man United,Norwich,A Madley,3,2,7,6,0,0,0,0,full,0,0,,0,0,0.0,-1,0,1,11,1592.9953626146003,1327.9993579482202,264.99600466638003
2021/22,2021,2022-04-16,Southampton,Arsenal,P Bankes,1,0,6,6,2,1,0,0,full,0,0,,0,-1,-0.1666666666666666,0,0,1,11,1444.6534086443628,1571.8198078041746,-127.16639915981182
2021/22,2021,2022-04-16,Watford,Brentford,S Hooper,1,2,11,9,2,1,0,0,full,0,0,,0,-1,-0.0707070707070707,-2,0,1,11,1326.4310649122465,1396.9247215524144,-70.49365664016796
2021/22,2021,2022-04-17,Newcastle,Leicester,J Gillett,2,1,10,10,2,2,0,0,full,0,0,,0,0,0.0,0,0,1,11,1459.8755591213094,1529.5717200181905,-69.69616089688111
2021/22,2021,2022-04-17,West Ham,Burnley,P Tierney,1,1,9,10,2,2,0,0,full,0,0,,0,0,-0.0222222222222222,1,0,1,11,1528.121322744937,1404.7301680799048,123.39115466503222
2021/22,2021,2022-04-19,Liverpool,Man United,M Atkinson,4,0,3,6,1,2,0,0,full,0,0,,0,1,0.0,3,0,1,11,1732.0969493671753,1595.6642829295843,136.43266643759102
2021/22,2021,2022-04-20,Chelsea,Arsenal,J Moss,2,4,7,6,3,1,0,0,full,0,0,,0,-2,-0.2619047619047618,-1,0,1,11,1638.3992883750327,1559.9103318611378,78.48895651389489
2021/22,2021,2022-04-20,Everton,Leicester,D Coote,1,1,8,17,3,1,0,0,full,0,0,,0,-2,-0.3161764705882353,9,0,1,11,1426.3626694974967,1519.29271450419,-92.93004500669326
2021/22,2021,2022-04-20,Newcastle,Crystal Palace,T Harrington,1,0,12,12,1,1,0,0,full,0,0,,0,0,0.0,0,0,1,11,1470.15456463531,1463.2115450472656,6.943019588044308
2021/22,2021,2022-04-20,Man City,Brighton,M Dean,3,0,12,7,0,3,0,0,full,0,0,,0,3,0.4285714285714285,-5,0,1,11,1752.5815349734098,1457.4254125355496,295.1561224378602
2021/22,2021,2022-04-21,Burnley,Southampton,S Attwell,2,0,7,7,2,2,0,0,full,0,0,,0,0,0.0,0,0,1,11,1409.567467180876,1456.5628845873996,-46.99541740652353
2021/22,2021,2022-04-23,Arsenal,Man United,C Pawson,3,1,9,12,3,4,0,0,full,0,0,,0,1,0.0,3,0,1,11,1573.6978640839136,1590.7838555983262,-17.085991514412626
2021/22,2021,2022-04-23,Leicester,Aston Villa,A Madley,0,0,15,16,3,2,0,0,full,0,0,,0,-1,-0.075,1,0,1,11,1518.3477395920333,1438.6267546610081,79.72098493102521
2021/22,2021,2022-04-23,Man City,Watford,K Friend,5,1,9,7,1,0,0,0,full,0,0,,0,-1,-0.1111111111111111,-2,0,1,11,1754.8738368200416,1316.7330048216725,438.1408319983691
2021/22,2021,2022-04-23,Norwich,Newcastle,C Kavanagh,0,3,11,10,0,2,0,0,full,0,0,,0,2,0.2,-1,0,1,11,1325.3304376332362,1478.2512844113999,-152.92084677816365
2021/22,2021,2022-04-23,Brentford,Tottenham,M Atkinson,0,0,8,7,2,1,0,0,full,0,0,,0,-1,-0.1071428571428571,-1,0,1,11,1406.6227816429885,1570.8447141706026,-164.22193252761417
2021/22,2021,2022-04-24,Brighton,Southampton,R Jones,2,2,12,7,1,0,0,0,full,0,0,,0,-1,-0.0833333333333333,-5,0,1,11,1455.133110688918,1446.9370118590798,8.196098829838093
2021/22,2021,2022-04-24,Burnley,Wolves,A Taylor,1,0,8,7,3,1,0,0,full,0,0,,0,-2,-0.2321428571428571,-1,0,1,11,1419.1933399091959,1495.0190005158745,-75.82566060667864
2021/22,2021,2022-04-24,Chelsea,West Ham,M Oliver,1,0,11,9,1,0,0,1,full,0,0,,0,-1,-0.0909090909090909,-2,1,1,11,1624.611756152257,1523.2840236439658,101.32773250829109
2021/22,2021,2022-04-24,Liverpool,Everton,S Attwell,2,0,8,8,2,5,0,0,full,0,0,,0,3,0.375,0,0,1,11,1736.9773766984333,1427.3076444096532,309.6697322887801
2021/22,2021,2022-04-25,Crystal Palace,Leeds,D England,0,0,12,13,2,2,0,0,full,0,0,,0,0,-0.0128205128205128,1,0,1,11,1455.1148252711757,1442.3096374162246,12.8051878549511
2021/22,2021,2022-04-28,Man United,Chelsea,M Dean,1,1,9,12,0,1,0,0,full,0,0,,0,1,0.0833333333333333,3,0,1,11,1582.0127767963963,1630.2756198197137,-48.26284302331737
2021/22,2021,2022-04-30,Newcastle,Liverpool,A Marriner,0,1,11,11,1,3,0,0,full,0,0,,0,2,0.1818181818181818,0,0,1,11,1485.6388012359803,1739.1054958042196,-253.4666945682393
2021/22,2021,2022-04-30,Aston Villa,Norwich,J Brooks,2,0,16,8,4,1,0,0,full,0,0,,0,-3,-0.125,-8,0,1,11,1442.4446196764382,1317.9429208086558,124.50169886778235
2021/22,2021,2022-04-30,Southampton,Crystal Palace,J Gillett,1,2,13,11,1,3,0,0,full,0,0,,0,2,0.1958041958041957,-2,0,1,11,1448.8750281068365,1453.0494662383771,-4.174438131540683
2021/22,2021,2022-04-30,Watford,Burnley,C Pawson,1,2,13,9,1,2,0,0,full,0,0,,0,1,0.1452991452991452,-4,0,1,11,1315.6573597196273,1429.6485242755464,-113.99116455591911
2021/22,2021,2022-04-30,Wolves,Brighton,S Hooper,0,3,6,4,2,1,0,0,full,0,0,,0,-1,-0.0833333333333333,-2,0,1,11,1484.563816149524,1453.1950944411612,31.368721708362727
2021/22,2021,2022-04-30,Leeds,Man City,P Tierney,0,4,13,3,1,2,0,0,full,0,0,,0,1,0.5897435897435896,-10,0,1,11,1444.3749964490232,1755.9494819220868,-311.57448547306353
2021/22,2021,2022-05-01,Everton,Chelsea,K Friend,1,0,9,12,3,5,0,0,full,0,0,,0,2,0.0833333333333333,3,0,1,11,1425.179525303867,1630.6133138996915,-205.43378859582458
2021/22,2021,2022-05-01,Tottenham,Leicester,J Moss,3,1,13,8,2,3,0,0,full,0,0,,0,1,0.2211538461538461,-5,0,1,11,1567.9318183396908,1514.5298745766033,53.4019437630875
2021/22,2021,2022-05-01,West Ham,Arsenal,M Dean,1,2,8,9,2,2,0,0,full,0,0,,0,0,-0.0277777777777777,1,0,1,11,1517.620159976509,1582.4689428858435,-64.84878290933443
2021/22,2021,2022-05-02,Man United,Brentford,C Kavanagh,3,0,4,6,1,0,0,0,full,0,0,,0,-1,-0.25,2,0,1,11,1581.6750827164185,1409.5356774739003,172.13940524251825
2021/22,2021,2022-05-07,Brentford,Southampton,M Salisbury,3,0,12,9,0,1,0,0,full,0,0,,0,1,0.1111111111111111,-3,0,1,11,1405.3732999081096,1437.2819258159782,-31.908625907868554
2021/22,2021,2022-05-07,Burnley,Aston Villa,D Coote,1,3,13,11,1,2,0,0,full,0,0,,0,1,0.1048951048951049,-2,0,1,11,1438.1069230189548,1447.5828738381997,-9.475950819244872
2021/22,2021,2022-05-07,Chelsea,Wolves,P Bankes,2,2,7,11,1,3,0,0,full,0,0,,0,2,0.1298701298701298,4,0,1,11,1616.6558770713402,1471.9930060698973,144.6628710014429
2021/22,2021,2022-05-07,Crystal Palace,Watford,G Scott,1,0,11,18,2,1,0,1,full,0,0,,0,-1,-0.1262626262626262,7,1,1,11,1464.6425685292354,1307.1989609762188,157.4436075530166
2021/22,2021,2022-05-07,Brighton,Man United,A Madley,4,0,13,9,0,2,0,0,full,0,0,,0,2,0.2222222222222222,-4,0,1,11,1465.765904520788,1585.8374602822091,-120.07155576142122
2021/22,2021,2022-05-07,Liverpool,Tottenham,M Oliver,1,1,12,8,3,2,0,0,full,0,0,,0,-1,0.0,-4,0,1,11,1744.0491907884743,1574.779021901854,169.27016888662024
2021/22,2021,2022-05-08,Arsenal,Leeds,C Kavanagh,2,1,13,15,2,2,0,1,full,0,0,,0,0,-0.0205128205128205,2,1,1,11,1592.3293927551,1440.5693573534547,151.76003540164515
2021/22,2021,2022-05-08,Leicester,Everton,C Pawson,1,2,11,6,3,0,0,0,full,0,0,,0,-3,-0.2727272727272727,-5,0,1,11,1507.68267101444,1439.1369621322183,68.54570888222179
2021/22,2021,2022-05-08,Norwich,West Ham,R Jones,0,4,7,7,1,1,0,0,full,0,0,,0,0,0.0,0,0,1,11,1312.8046666468942,1507.7597101072527,-194.9550434603584
2021/22,2021,2022-05-08,Man City,Newcastle,S Attwell,5,0,6,11,1,3,0,0,full,0,0,,0,2,0.106060606060606,5,0,1,11,1759.7551210176553,1480.6951062517255,279.06001476592974
2021/22,2021,2022-05-10,Aston Villa,Liverpool,J Moss,1,2,10,12,0,0,0,0,full,0,0,,0,0,0.0,2,0,1,11,1459.0269082172442,1738.2662715018942,-279.2393632846499
2021/22,2021,2022-05-11,Leeds,Chelsea,A Taylor,0,3,10,14,1,0,1,0,full,0,0,,0,-1,-0.1,4,-1,1,11,1436.0070681455845,1611.3636338659253,-175.35656572034077
2021/22,2021,2022-05-11,Leicester,Norwich,S Hooper,3,0,10,5,0,0,0,0,full,0,0,,0,0,0.0,-5,0,1,11,1494.1428912928347,1306.5047420764283,187.63814921640642
2021/22,2021,2022-05-11,Watford,Everton,M Dean,0,0,5,12,1,2,0,0,full,0,0,,0,1,-0.0333333333333333,7,0,1,11,1302.7508618213806,1452.6767418538236,-149.92588003244305
2021/22,2021,2022-05-11,Wolves,Man City,M Atkinson,1,5,2,10,0,1,0,0,full,0,0,,1,1,,8,0,1,11,1477.2852492753123,1762.242295151601,-284.9570458762887
2021/22,2021,2022-05-12,Tottenham,Arsenal,P Tierney,3,0,8,15,1,3,0,1,full,0,0,,0,2,0.075,7,1,1,11,1580.5619411884343,1596.89168196297,-16.32974077453582
2021/22,2021,2022-05-15,Tottenham,Burnley,K Friend,1,0,12,8,3,2,0,0,full,0,0,,0,-1,0.0,-4,0,1,11,1589.3115878413862,1426.6628886399103,162.6486992014759
2021/22,2021,2022-05-15,Aston Villa,Crystal Palace,C Kavanagh,1,1,11,15,1,3,0,0,full,0,0,,0,2,0.1090909090909091,4,0,1,11,1454.6144609556661,1469.0906676840737,-14.476206728407533
2021/22,2021,2022-05-15,Leeds,Brighton,M Dean,1,1,16,8,3,2,0,0,full,0,0,,0,-1,0.0625,-8,0,1,11,1429.210440714708,1477.477877342998,-48.26743662828994
2021/22,2021,2022-05-15,Watford,Leicester,J Gillett,1,5,4,6,0,1,0,0,full,0,0,,0,1,0.1666666666666666,2,0,1,11,1305.2828469860349,1498.018845589635,-192.73599860360014
2021/22,2021,2022-05-15,West Ham,Man City,A Taylor,2,2,9,5,3,1,0,0,full,0,0,,0,-2,-0.1333333333333333,-4,0,1,11,1514.0596346777186,1766.5425950340834,-252.48296035636486
2021/22,2021,2022-05-15,Wolves,Norwich,T Harrington,1,1,5,10,0,3,0,0,full,0,0,,0,3,0.3,5,0,1,11,1472.9849493928298,1302.628787779628,170.35616161320172
2021/22,2021,2022-05-15,Everton,Brentford,M Oliver,2,3,8,8,0,3,2,0,full,0,0,,0,3,0.375,0,-2,1,11,1450.1447566891693,1414.5665224466034,35.57823424256594
2021/22,2021,2022-05-16,Newcastle,Arsenal,D England,2,0,11,8,0,3,0,0,full,0,0,,0,3,0.375,-3,0,1,11,1478.2079321177798,1588.1420353100182,-109.93410319223835
2021/22,2021,2022-05-17,Southampton,Liverpool,M Atkinson,1,2,6,6,2,0,0,0,full,0,0,,0,-2,-0.3333333333333333,0,0,1,11,1428.0887032774845,1742.6787187634723,-314.5900154859878
2021/22,2021,2022-05-19,Everton,Crystal Palace,A Taylor,3,2,9,13,2,3,0,0,full,0,0,,0,1,0.0085470085470085,4,0,1,11,1437.46115146097,1470.393500475649,-32.93234901467895
2021/22,2021,2022-05-19,Aston Villa,Burnley,P Tierney,1,1,11,20,0,1,0,1,full,0,0,,0,1,0.05,9,1,1,11,1453.3116281640907,1422.3175632981083,30.99406486598241
2021/22,2021,2022-05-19,Chelsea,Leicester,S Attwell,1,1,13,7,4,1,0,0,full,0,0,,0,-3,-0.1648351648351648,-6,0,1,11,1618.1602612968018,1504.3740251769252,113.78623611987655
2021/22,2021,2022-05-22,Arsenal,Everton,A Marriner,5,1,8,9,0,1,0,0,full,0,0,,0,1,0.1111111111111111,1,0,1,11,1576.7146309299349,1446.6836542092433,130.03097672069157
2021/22,2021,2022-05-22,Brentford,Leeds,P Tierney,1,2,11,13,2,1,1,0,full,0,0,,0,-1,-0.1048951048951049,2,-1,1,11,1427.2501276748026,1428.8728786985944,-1.6227510237918068
2021/22,2021,2022-05-22,Brighton,West Ham,K Friend,3,1,9,9,1,1,0,0,full,0,0,,0,0,0.0,0,0,1,11,1477.8154393591117,1519.094834244749,-41.27939488563743
2021/22,2021,2022-05-22,Burnley,Newcastle,C Pawson,1,2,8,9,1,0,0,0,full,0,0,,0,-1,-0.125,1,0,1,11,1424.8782997861101,1489.6353364978631,-64.75703671175302
2021/22,2021,2022-05-22,Chelsea,Watford,M Dean,2,1,9,9,0,0,0,0,full,0,0,,0,0,0.0,0,0,1,11,1613.537540596075,1298.9276673987447,314.6098731973302
2021/22,2021,2022-05-22,Crystal Palace,Man United,M Atkinson,1,0,12,22,2,4,0,0,full,0,0,,0,2,0.0151515151515151,10,0,1,11,1461.1709977273758,1574.125487459999,-112.95448973262319
2021/22,2021,2022-05-22,Leicester,Southampton,J Moss,4,1,10,5,0,1,0,0,full,0,0,,0,1,0.2,-5,0,1,11,1508.996745877652,1424.3362678123115,84.66047806534061
2021/22,2021,2022-05-22,Liverpool,Wolves,A Taylor,3,1,6,3,1,0,0,0,full,0,0,,0,-1,-0.1666666666666666,-3,0,1,11,1746.4311542286453,1467.1812634708542,279.24989075779104
2021/22,2021,2022-05-22,Man City,Aston Villa,M Oliver,3,2,5,11,0,1,0,0,full,0,0,,0,1,0.0909090909090909,6,0,1,11,1761.507395467053,1450.750891676089,310.75650379096396
2021/22,2021,2022-05-22,Norwich,Tottenham,C Kavanagh,0,5,13,7,3,1,0,0,full,0,0,,0,-2,-0.0879120879120879,-6,0,1,11,1308.4324737016036,1593.6569131831882,-285.22443948158457
2022/23,2022,2022-08-05,Crystal Palace,Arsenal,A Taylor,0,2,16,11,1,2,0,0,full,0,0,,0,1,0.1193181818181818,-5,0,1,12,1472.6834568736579,1581.7322993838386,-109.04884251018075
2022/23,2022,2022-08-06,Fulham,Liverpool,A Madley,2,2,7,9,2,0,0,0,full,0,0,,0,-2,-0.2857142857142857,2,0,1,12,1338.6685342366798,1748.9159488946418,-410.24741465796205
2022/23,2022,2022-08-06,Bournemouth,Aston Villa,P Bankes,2,0,18,16,3,3,0,0,full,0,0,,0,0,0.0208333333333333,-2,0,1,12,1338.6685342366798,1448.6346401093688,-109.96610587268901
2022/23,2022,2022-08-06,Leeds,Wolves,R Jones,2,1,13,9,2,0,0,0,full,0,0,,0,-2,-0.1538461538461538,-4,0,1,12,1440.5374755354262,1464.6964688048577,-24.15899326943145
2022/23,2022,2022-08-06,Newcastle,Nott'm Forest,S Hooper,2,0,9,14,0,3,0,0,full,0,0,,0,3,0.2142857142857142,5,0,1,12,1499.4984265303735,1338.6685342366798,160.82989229369377
2022/23,2022,2022-08-06,Tottenham,Southampton,A Marriner,4,1,11,6,3,0,0,0,full,0,0,,0,-3,-0.2727272727272727,-5,0,1,12,1597.9520193727762,1418.2749162973225,179.67710307545372
2022/23,2022,2022-08-06,Everton,Chelsea,C Pawson,0,1,14,11,3,2,0,0,full,0,0,,0,-1,-0.0324675324675324,-3,0,1,12,1441.6659857553395,1615.6121825503953,-173.9461967950558
2022/23,2022,2022-08-07,Leicester,Brentford,J Gillett,2,2,6,5,0,0,0,0,full,0,0,,0,0,0.0,-1,0,1,12,1515.058097392641,1415.5855308379707,99.47256655467027
2022/23,2022,2022-08-07,Man United,Brighton,P Tierney,1,2,7,12,4,1,0,0,full,0,0,,0,-3,-0.4880952380952381,5,0,1,12,1562.613028313717,1487.2771378792906,75.33589043442635
2022/23,2022,2022-08-07,West Ham,Man City,M Oliver,0,2,8,4,0,1,0,0,full,0,0,,0,1,0.25,-4,0,1,12,1509.6331357245701,1763.623647033773,-253.99051130920293
2022/23,2022,2022-08-13,Aston Villa,Everton,M Oliver,2,1,9,7,4,1,0,0,full,0,0,,0,-3,-0.3015873015873015,-2,0,1,12,1437.2063333974513,1434.8328829721393,2.3734504253120576
2022/23,2022,2022-08-13,Arsenal,Leicester,D England,4,2,15,9,1,1,0,0,full,0,0,,0,0,0.0444444444444444,-6,0,1,12,1590.3298647341542,1510.7654176797573,79.56444705439685
2022/23,2022,2022-08-13,Brighton,Newcastle,G Scott,0,0,8,6,2,3,0,0,full,0,0,,0,1,0.25,-2,0,1,12,1500.98667041436,1503.8794678187087,-2.8927974043485847
2022/23,2022,2022-08-13,Man City,Bournemouth,D Coote,4,0,9,9,0,3,0,0,full,0,0,,0,3,0.3333333333333333,0,0,1,12,1768.5561284486812,1350.0968409485972,418.459287500084
2022/23,2022,2022-08-13,Southampton,Leeds,T Harrington,2,2,10,12,1,3,0,0,full,0,0,,0,2,0.15,2,0,1,12,1414.2537478895538,1449.5095322149043,-35.25578432535053
2022/23,2022,2022-08-13,Wolves,Fulham,J Brooks,0,0,7,14,3,3,0,0,full,0,0,,0,0,-0.2142857142857142,7,0,1,12,1455.7244121253796,1346.3182557723176,109.40615635306199
2022/23,2022,2022-08-13,Brentford,Man United,S Attwell,4,0,6,15,0,4,0,0,full,0,0,,0,4,0.2666666666666666,9,0,1,12,1419.8782105508544,1548.9034957786475,-129.02528522779312
2022/23,2022,2022-08-14,Nott'm Forest,West Ham,R Jones,1,0,10,11,4,1,0,0,full,0,0,,0,-3,-0.3090909090909091,1,0,1,12,1334.2874929483446,1504.700654309662,-170.4131613613174
2022/23,2022,2022-08-14,Chelsea,Tottenham,A Taylor,2,2,9,9,3,0,0,0,full,0,0,,0,-3,-0.3333333333333333,0,0,1,12,1622.4452853335956,1601.973187780545,20.472097553050617
2022/23,2022,2022-08-15,Liverpool,Crystal Palace,P Tierney,1,1,7,8,2,4,1,0,full,0,0,,0,2,0.2142857142857143,1,-1,1,12,1741.266227359004,1464.0858915233423,277.1803358356617
2022/23,2022,2022-08-20,Tottenham,Wolves,S Hooper,1,0,10,8,2,2,0,0,full,0,0,,0,0,0.0499999999999999,-2,0,1,12,1604.2488125674315,1451.201395692414,153.04741687501746
2022/23,2022,2022-08-20,Crystal Palace,Aston Villa,A Madley,3,1,16,14,2,1,0,0,full,0,0,,0,-1,-0.0535714285714285,-2,0,1,12,1471.57505621197,1445.4301223247508,26.144933887219167
2022/23,2022,2022-08-20,Everton,Nott'm Forest,A Marriner,1,1,6,9,3,2,0,0,full,0,0,,0,-1,-0.2777777777777778,3,0,1,12,1426.6090940448398,1347.3626074443162,79.24648660052367
2022/23,2022,2022-08-20,Fulham,Brentford,P Bankes,3,2,13,7,3,2,0,0,full,0,0,,0,-1,0.0549450549450549,-6,0,1,12,1350.841272205283,1431.8391856578482,-80.99791345256517
2022/23,2022,2022-08-20,Leicester,Southampton,M Salisbury,1,2,11,15,2,3,0,0,full,0,0,,0,1,0.0181818181818181,4,0,1,12,1504.5794332401474,1413.5427538144572,91.03667942569018
2022/23,2022,2022-08-20,Bournemouth,Arsenal,C Pawson,0,3,12,10,2,1,0,0,full,0,0,,0,-1,-0.0666666666666666,-2,0,1,12,1348.8998803946633,1596.515849173764,-247.61596877910074
2022/23,2022,2022-08-21,Leeds,Chelsea,S Attwell,3,0,16,15,0,1,0,1,full,0,0,,0,1,0.0666666666666666,-1,1,1,12,1450.2205262900009,1620.169660546709,-169.94913425670825
2022/23,2022,2022-08-21,West Ham,Brighton,A Taylor,0,2,10,7,2,0,0,0,full,0,0,,0,-2,-0.2,-3,0,1,12,1491.6255398136905,1499.3576370398348,-7.732097226144333
2022/23,2022,2022-08-21,Newcastle,Man City,J Gillett,3,3,14,7,4,2,0,0,full,0,0,,0,-2,0.0,-7,0,1,12,1505.508501193234,1769.753089002615,-264.2445878093811
2022/23,2022,2022-08-22,Man United,Liverpool,M Oliver,2,1,11,7,3,1,0,0,full,0,0,,0,-2,-0.1298701298701298,-4,0,1,12,1536.9425206716537,1733.7770626703764,-196.83454199872267
2022/23,2022,2022-08-27,Southampton,Man United,A Madley,0,1,4,14,0,3,0,0,full,0,0,,0,3,0.2142857142857142,10,0,1,12,1427.6353246006558,1550.6891926076548,-123.05386800699898
2022/23,2022,2022-08-27,Brentford,Everton,J Brooks,1,1,8,8,2,2,0,0,full,0,0,,0,0,0.0,0,0,1,12,1421.2355518945842,1422.802901587796,-1.5673496932117814
2022/23,2022,2022-08-27,Brighton,Leeds,M Salisbury,1,0,10,14,2,3,0,0,full,0,0,,0,1,0.0142857142857142,4,0,1,12,1510.8507809291739,1463.2835430167954,47.56723791237846
2022/23,2022,2022-08-27,Chelsea,Leicester,P Tierney,2,1,10,7,1,2,1,0,full,0,0,,0,1,0.1857142857142857,-3,-1,1,12,1607.1066438199146,1490.4868624539488,116.61978136596576
2022/23,2022,2022-08-27,Liverpool,Bournemouth,S Attwell,9,0,6,5,0,1,0,0,full,0,0,,0,1,0.2,-1,0,1,12,1720.0303907343753,1343.829776458335,376.20061427604037
2022/23,2022,2022-08-27,Man City,Crystal Palace,D England,4,2,14,8,1,2,0,0,full,0,0,,0,1,0.1785714285714285,-6,0,1,12,1764.4695185689304,1479.1451961157004,285.32432245323
2022/23,2022,2022-08-27,Arsenal,Fulham,J Gillett,2,1,6,12,2,3,0,0,full,0,0,,0,1,-0.0833333333333333,6,0,1,12,1601.5859531100925,1361.4449059685471,240.1410471415454
2022/23,2022,2022-08-28,Aston Villa,West Ham,D Coote,0,1,10,10,2,0,0,0,full,0,0,,0,-2,-0.2,0,0,1,12,1437.8599824210203,1480.1323959243514,-42.27241350333111
2022/23,2022,2022-08-28,Wolves,Newcastle,P Bankes,1,1,10,11,2,1,0,0,full,0,0,,0,-1,-0.1090909090909091,1,0,1,12,1446.665151373805,1510.7920716269186,-64.12692025311367
2022/23,2022,2022-08-28,Nott'm Forest,Tottenham,C Pawson,0,2,11,13,6,1,0,0,full,0,0,,0,-5,-0.4685314685314685,2,0,1,12,1351.16879990136,1608.7850568860406,-257.6162569846806
2022/23,2022,2022-08-30,Crystal Palace,Brentford,S Hooper,1,1,11,8,1,2,0,0,full,0,0,,0,1,0.1590909090909091,-3,0,1,12,1476.7354987384163,1419.569404704341,57.166094034075286
2022/23,2022,2022-08-30,Fulham,Brighton,T Bramall,2,1,9,11,2,1,0,0,full,0,0,,0,-1,-0.1313131313131313,2,0,1,12,1358.4273957817684,1517.8500184235227,-159.4226226417543
2022/23,2022,2022-08-30,Southampton,Chelsea,M Oliver,2,1,15,10,2,1,0,0,full,0,0,,0,-1,-0.0333333333333333,-5,0,1,12,1419.430495185832,1612.4200375478363,-192.98954236200439
2022/23,2022,2022-08-30,Leeds,Everton,D England,1,1,10,9,3,3,0,0,full,0,0,,0,0,0.0333333333333333,-1,0,1,12,1456.2843055224466,1424.4690487780392,31.815256744407407
2022/23,2022,2022-08-31,Arsenal,Aston Villa,R Jones,2,1,10,14,2,3,0,0,full,0,0,,0,1,0.0142857142857142,4,0,1,12,1604.6034632968713,1427.3501838023794,177.25327949449184
2022/23,2022,2022-08-31,Bournemouth,Wolves,A Taylor,0,0,12,12,2,1,0,0,full,0,0,,0,-1,-0.0833333333333333,0,0,1,12,1342.3279258115742,1446.7839281008787,-104.45600228930448
2022/23,2022,2022-08-31,Man City,Nott'm Forest,P Tierney,6,0,9,7,0,1,0,0,full,0,0,,0,1,0.1428571428571428,-2,0,1,12,1766.8792159462146,1346.3134663511803,420.5657495950343
2022/23,2022,2022-08-31,West Ham,Tottenham,P Bankes,1,1,10,9,2,5,0,0,full,0,0,,0,3,0.3555555555555555,-1,0,1,12,1490.6421945429922,1613.6403904362203,-122.99819589322806
2022/23,2022,2022-08-31,Liverpool,Newcastle,A Marriner,2,1,9,10,0,2,0,0,full,0,0,,0,2,0.2,1,0,1,12,1721.532241381136,1510.673294899845,210.858946481291
2022/23,2022,2022-09-01,Leicester,Man United,C Pawson,0,1,7,15,1,3,0,0,full,0,0,,0,2,0.0571428571428571,8,0,1,12,1485.173468726027,1558.8940220224788,-73.72055329645173
2022/23,2022,2022-09-03,Everton,Liverpool,A Taylor,0,0,7,11,2,2,0,0,full,0,0,,0,0,-0.1038961038961038,4,0,1,12,1427.0518577804314,1725.0075011638744,-297.955643383443
2022/23,2022,2022-09-03,Brentford,Leeds,R Jones,5,2,8,9,2,2,0,0,full,0,0,,0,0,-0.0277777777777777,1,0,1,12,1422.8194369298428,1453.7014965200544,-30.88205959021161
2022/23,2022,2022-09-03,Chelsea,West Ham,A Madley,2,1,6,11,4,2,0,0,full,0,0,,0,-2,-0.4848484848484848,5,0,1,12,1598.7688907052266,1492.4358143499796,106.33307635524693
2022/23,2022,2022-09-03,Newcastle,Crystal Palace,M Salisbury,0,0,19,12,2,1,0,0,full,0,0,,0,-1,-0.0219298245614035,-7,0,1,12,1507.1980351171064,1473.4854665129144,33.71256860419203
2022/23,2022,2022-09-03,Nott'm Forest,Bournemouth,M Oliver,2,3,13,10,2,1,0,0,full,0,0,,0,-1,-0.0538461538461538,-3,0,1,12,1345.1300786209385,1343.6005347636556,1.529543857282988
2022/23,2022,2022-09-03,Tottenham,Fulham,S Attwell,2,1,9,6,3,4,0,0,full,0,0,,0,1,0.3333333333333333,-3,0,1,12,1611.8467706292329,1371.213374484599,240.63339614463393
2022/23,2022,2022-09-03,Wolves,Southampton,J Brooks,1,0,10,14,4,2,0,0,full,0,0,,0,-2,-0.2571428571428572,4,0,1,12,1445.5113191487974,1433.0816420284416,12.429677120355791
2022/23,2022,2022-09-03,Aston Villa,Man City,S Hooper,1,1,7,6,2,0,0,0,full,0,0,,0,-2,-0.2857142857142857,-1,0,1,12,1423.2840029959173,1768.0626036764563,-344.77860068053906
2022/23,2022,2022-09-04,Brighton,Leicester,T Harrington,5,2,6,8,1,1,0,0,full,0,0,,0,0,-0.0416666666666666,2,0,1,12,1505.064039720692,1475.5681728312247,29.49586688946738
2022/23,2022,2022-09-04,Man United,Arsenal,P Tierney,3,1,13,9,3,3,0,0,full,0,0,,0,0,0.1025641025641025,-4,0,1,12,1568.4993179172811,1608.6696441033334,-40.17032618605231
2022/23,2022,2022-09-16,Aston Villa,Southampton,T Harrington,1,0,13,13,3,1,0,0,full,0,0,,0,-2,-0.1538461538461538,0,0,1,12,1430.0328436913437,1425.1366517278925,4.8961919634512014
2022/23,2022,2022-09-16,Nott'm Forest,Fulham,J Gillett,2,3,11,10,2,4,0,0,full,0,0,,0,2,0.2181818181818182,-1,0,1,12,1333.3774009202712,1368.2031189912818,-34.82571807101067
2022/23,2022,2022-09-17,Wolves,Man City,A Taylor,0,3,7,9,2,1,1,0,full,0,0,,0,-1,-0.1746031746031746,2,-1,1,12,1453.4563094493465,1761.3137629810299,-307.8574535316834
2022/23,2022,2022-09-17,Newcastle,Bournemouth,C Pawson,1,1,10,11,2,2,0,0,full,0,0,,0,0,-0.0181818181818181,1,0,1,12,1504.5643322933195,1355.353212464323,149.21111982899652
2022/23,2022,2022-09-17,Tottenham,Leicester,S Hooper,6,2,9,9,1,2,0,0,full,0,0,,0,1,0.1111111111111111,0,0,1,12,1614.85702612255,1468.0885710661453,146.76845505640472
2022/23,2022,2022-09-18,Brentford,Arsenal,D Coote,0,3,10,10,0,2,0,0,full,0,0,,0,2,0.2,0,0,1,12,1431.9833119139357,1599.2397690712523,-167.25645715731662
2022/23,2022,2022-09-18,Everton,West Ham,M Oliver,1,0,8,11,3,1,0,0,full,0,0,,0,-2,-0.284090909090909,3,0,1,12,1432.998758945694,1486.888194571653,-53.889435625959095
2022/23,2022,2022-10-01,Arsenal,Tottenham,A Taylor,3,1,10,10,2,1,0,1,full,0,0,,0,-1,-0.1,0,1,1,12,1606.24714827967,1619.5212931060355,-13.2741448263655
2022/23,2022,2022-10-01,Bournemouth,Brentford,T Bramall,0,0,11,10,1,2,0,0,full,0,0,,0,1,0.1090909090909091,-1,0,1,12,1360.7390462340643,1424.975932705518,-64.23688647145377
2022/23,2022,2022-10-01,Crystal Palace,Chelsea,C Kavanagh,1,2,11,13,1,3,0,0,full,0,0,,0,2,0.1398601398601398,2,0,1,12,1476.1191693367014,1604.3165104835532,-128.19734114685184
2022/23,2022,2022-10-01,Fulham,Newcastle,D England,1,4,9,10,2,0,1,0,full,0,0,,0,-2,-0.2222222222222222,1,-1,1,12,1378.9264277042455,1499.1784985235781,-120.25207081933263
2022/23,2022,2022-10-01,Liverpool,Brighton,A Madley,3,3,9,13,1,1,0,0,full,0,0,,0,0,-0.0341880341880341,4,0,1,12,1719.060599998612,1512.5436414857716,206.51695851284035
2022/23,2022,2022-10-01,Southampton,Everton,A Marriner,1,2,11,10,2,2,0,0,full,0,0,,0,0,0.0181818181818181,-1,0,1,12,1416.98309052876,1442.8229008972417,-25.83981036848172
2022/23,2022,2022-10-01,West Ham,Wolves,P Tierney,2,0,8,6,2,2,0,0,full,0,0,,0,0,0.0833333333333333,-2,0,1,12,1477.0640526201053,1449.584298432792,27.479754187313347
2022/23,2022,2022-10-02,Man City,Man United,M Oliver,6,3,3,9,0,3,0,0,full,0,0,,0,3,0.3333333333333333,6,0,1,12,1765.1857739975844,1577.9291929493622,187.2565810482222
2022/23,2022,2022-10-02,Leeds,Aston Villa,S Attwell,0,0,23,12,3,2,1,0,full,0,0,,0,-1,0.036231884057971,-11,-1,1,12,1444.5376215359615,1438.1864048904763,6.351216645485238
2022/23,2022,2022-10-03,Leicester,Nott'm Forest,R Jones,4,0,13,12,2,4,0,0,full,0,0,,0,2,0.1794871794871794,-1,0,1,12,1463.4243040826598,1322.6540922073075,140.7702118753523
2022/23,2022,2022-10-08,Bournemouth,Leicester,M Salisbury,2,1,8,16,1,2,0,0,full,0,0,,0,1,0.0,8,0,1,12,1360.860987584797,1468.2131984083999,-107.35221082360295
2022/23,2022,2022-10-08,Chelsea,Wolves,S Hooper,3,0,8,8,2,0,0,0,full,0,0,,0,-2,-0.25,0,0,1,12,1612.378459822053,1442.0502754964318,170.32818432562112
2022/23,2022,2022-10-08,Man City,Southampton,A Madley,4,0,4,8,0,1,0,0,full,0,0,,0,1,0.125,4,0,1,12,1769.0685964878958,1406.003037262609,363.06555922528673
2022/23,2022,2022-10-08,Newcastle,Brentford,J Brooks,5,1,14,9,0,1,0,0,full,0,0,,0,1,0.1111111111111111,-5,0,1,12,1507.461482785855,1424.8539913547854,82.60749143106955
2022/23,2022,2022-10-08,Brighton,Tottenham,T Harrington,0,1,9,14,1,2,0,0,full,0,0,,0,1,0.0317460317460317,5,0,1,12,1518.9960265863717,1610.8581213017592,-91.86209471538746
2022/23,2022,2022-10-09,Crystal Palace,Leeds,P Tierney,2,1,13,23,3,3,0,0,full,0,0,,0,0,-0.1003344481605351,10,0,1,12,1468.0572199982016,1442.6507630450644,25.406456953137194
2022/23,2022,2022-10-09,West Ham,Fulham,C Kavanagh,3,1,9,7,1,3,0,0,full,0,0,,0,2,0.3174603174603174,-2,0,1,12,1484.5980755564653,1370.6434434419687,113.95463211449669
2022/23,2022,2022-10-09,Arsenal,Liverpool,M Oliver,3,2,11,11,1,2,0,0,full,0,0,,0,1,0.0909090909090909,0,0,1,12,1614.9103200839463,1712.6082148980117,-97.69789481406542
2022/23,2022,2022-10-09,Everton,Man United,D Coote,1,2,7,13,2,1,0,0,full,0,0,,0,-1,-0.2087912087912087,6,0,1,12,1453.8029541633925,1574.0463704590509,-120.24341629565834
2022/23,2022,2022-10-10,Nott'm Forest,Aston Villa,A Taylor,1,1,13,19,3,3,0,0,full,0,0,,0,0,-0.0728744939271255,6,0,1,12,1317.8651978815674,1440.0732633813734,-122.20806549980603
2022/23,2022,2022-10-14,Brentford,Brighton,M Salisbury,2,0,12,15,3,1,0,0,full,0,0,,0,-2,-0.1833333333333333,3,0,1,12,1418.7426008168677,1509.9105291471883,-91.16792833032059
2022/23,2022,2022-10-15,Leicester,Crystal Palace,A Madley,0,0,18,13,2,2,0,0,full,0,0,,0,0,0.0427350427350427,-5,0,1,12,1456.8586687126785,1475.647370334914,-18.78870162223552
2022/23,2022,2022-10-15,Fulham,Bournemouth,G Scott,2,2,9,11,2,0,0,0,full,0,0,,0,-2,-0.2222222222222222,2,0,1,12,1365.269974370216,1372.2155172805183,-6.945542910302265
2022/23,2022,2022-10-15,Wolves,Nott'm Forest,T Bramall,1,0,17,13,2,2,0,0,full,0,0,,0,0,0.0361990950226244,-4,0,1,12,1437.8534273732507,1319.6367985835461,118.2166287897046
2022/23,2022,2022-10-15,Tottenham,Everton,P Tierney,2,0,12,13,1,4,0,0,full,0,0,,0,3,0.2243589743589744,1,0,1,12,1619.9436187409426,1445.519728146609,174.42389059433367
2022/23,2022,2022-10-16,Aston Villa,Chelsea,R Jones,0,2,12,11,0,3,0,0,full,0,0,,0,3,0.2727272727272727,-1,0,1,12,1438.3016626793947,1616.575307945234,-178.27364526583938
2022/23,2022,2022-10-16,Leeds,Arsenal,C Kavanagh,0,1,10,11,0,2,0,0,full,0,0,,0,2,0.1818181818181818,1,0,1,12,1435.060612708352,1625.9911146589795,-190.93050195062756
2022/23,2022,2022-10-16,Man United,Newcastle,C Pawson,0,0,13,11,3,1,0,0,full,0,0,,0,-2,-0.1398601398601398,-2,0,1,12,1582.3295964758345,1513.5728733237727,68.7567231520618
2022/23,2022,2022-10-16,Southampton,West Ham,P Bankes,1,1,7,3,1,1,0,0,full,0,0,,0,0,0.1904761904761904,-4,0,1,12,1404.3927237840096,1489.971544628218,-85.5788208442084
2022/23,2022,2022-10-16,Liverpool,Man City,A Taylor,1,0,10,7,3,1,0,0,full,0,0,,0,-2,-0.1571428571428571,-3,0,1,12,1701.5274203229785,1770.6789099664952,-69.1514896435167
2022/23,2022,2022-10-18,Brighton,Nott'm Forest,D England,0,0,10,14,3,1,0,0,full,0,0,,0,-2,-0.2285714285714285,4,0,1,12,1499.0158428020152,1314.3591934840651,184.65664931795004
2022/23,2022,2022-10-18,Crystal Palace,Wolves,D Coote,2,1,14,18,3,1,0,0,full,0,0,,0,-2,-0.1587301587301587,4,0,1,12,1476.8279950368053,1443.1310324727317,33.6969625640736
2022/23,2022,2022-10-19,Bournemouth,Southampton,J Brooks,0,1,8,13,1,3,0,0,full,0,0,,0,2,0.1057692307692307,5,0,1,12,1373.7307877772155,1405.1276141660067,-31.39682638879117
2022/23,2022,2022-10-19,Brentford,Chelsea,J Gillett,0,0,7,7,0,0,0,0,full,0,0,,0,0,0.0,0,0,1,12,1429.6372871620408,1623.2967946054591,-193.6595074434183
2022/23,2022,2022-10-19,Liverpool,West Ham,S Attwell,1,0,9,8,0,0,0,0,full,0,0,,0,0,0.0,-1,0,1,12,1711.7907604692984,1489.236654246221,222.5541062230775
2022/23,2022,2022-10-19,Newcastle,Everton,T Harrington,1,0,9,12,2,4,0,0,full,0,0,,0,2,0.1111111111111111,3,0,1,12,1517.1179643723915,1441.4005298709023,75.71743450148915
2022/23,2022,2022-10-19,Man United,Tottenham,S Hooper,2,0,7,7,1,0,0,0,full,0,0,,0,-1,-0.1428571428571428,0,0,1,12,1578.7845054272157,1624.0628170166492,-45.27831158943354
2022/23,2022,2022-10-20,Fulham,Aston Villa,M Oliver,3,0,11,11,0,2,0,1,full,0,0,,0,2,0.1818181818181818,0,1,1,12,1363.7547038735188,1431.5801760191696,-67.82547214565079
2022/23,2022,2022-10-20,Leicester,Leeds,P Bankes,2,0,15,11,2,1,0,0,full,0,0,,0,-1,-0.0424242424242424,-4,0,1,12,1455.6780440107873,1428.6602852274405,27.017758783346835
2022/23,2022,2022-10-22,Nott'm Forest,Liverpool,P Tierney,1,0,14,8,2,1,0,0,full,0,0,,0,-1,-0.0178571428571428,-6,0,1,12,1320.429326519167,1715.0769348223987,-394.64760830323166
2022/23,2022,2022-10-22,Everton,Crystal Palace,S Hooper,3,0,16,14,3,4,0,0,full,0,0,,0,1,0.0982142857142857,-2,0,1,12,1435.1195291125482,1484.1947102391687,-49.075181126620464
2022/23,2022,2022-10-22,Man City,Brighton,C Pawson,3,1,11,12,1,3,0,0,full,0,0,,0,2,0.1590909090909091,1,0,1,12,1760.4155698201753,1492.9457097669133,267.469860053262
2022/23,2022,2022-10-22,Chelsea,Man United,S Attwell,1,1,8,10,1,4,0,0,full,0,0,,0,3,0.275,2,0,1,12,1619.628947008336,1588.3610345797651,31.267912428570753
2022/23,2022,2022-10-23,Aston Villa,Brentford,D England,4,0,14,11,1,0,0,0,full,0,0,,0,-1,-0.0714285714285714,-3,0,1,12,1421.354978905531,1433.305134759164,-11.950155853633078
2022/23,2022,2022-10-23,Leeds,Fulham,A Taylor,2,3,12,8,1,1,0,0,full,0,0,,0,0,0.0416666666666666,-4,0,1,12,1421.1137695196423,1373.9799009871574,47.13386853248494
2022/23,2022,2022-10-23,Southampton,Arsenal,R Jones,1,1,11,8,2,1,0,0,full,0,0,,0,-1,-0.0568181818181818,-3,0,1,12,1415.9490247710314,1632.391442139891,-216.44241736885965
2022/23,2022,2022-10-23,Wolves,Leicester,M Oliver,0,4,10,13,2,1,0,0,full,0,0,,0,-1,-0.123076923076923,3,0,1,12,1435.7643172703683,1463.2245597185854,-27.46024244821706
2022/23,2022,2022-10-23,Tottenham,Newcastle,J Gillett,1,2,12,6,4,2,0,0,full,0,0,,0,-2,0.0,-6,0,1,12,1614.4862878640997,1523.3989651307456,91.08732273335409
2022/23,2022,2022-10-24,West Ham,Bournemouth,D Coote,2,0,9,11,0,2,0,0,full,0,0,,0,2,0.1818181818181818,2,0,1,12,1485.9504798931207,1362.9093771721907,123.04110272092998
2022/23,2022,2022-10-29,Leicester,Man City,R Jones,0,1,5,10,0,0,0,0,full,0,0,,0,0,0.0,5,0,1,12,1474.1584003890803,1763.0517264436544,-288.8933260545741
2022/23,2022,2022-10-29,Bournemouth,Tottenham,A Taylor,2,3,10,5,1,2,0,0,full,0,0,,0,1,0.3,-5,0,1,12,1357.7389547748649,1600.3925036594178,-242.65354888455295
2022/23,2022,2022-10-29,Brentford,Wolves,R Madley,1,1,10,17,3,3,0,1,full,0,0,,0,0,-0.1235294117647058,7,1,1,12,1424.679370161119,1424.8304765998735,-0.15110643875436836
2022/23,2022,2022-10-29,Brighton,Chelsea,A Madley,4,1,16,6,1,2,0,0,full,0,0,,0,1,0.2708333333333333,-10,0,1,12,1490.3095531434342,1617.0608468914754,-126.75129374804123
2022/23,2022,2022-10-29,Crystal Palace,Southampton,M Salisbury,1,0,13,12,3,3,0,0,full,0,0,,0,0,0.0192307692307692,-1,0,1,12,1474.5090482105343,1420.170295385354,54.338752825180336
2022/23,2022,2022-10-29,Newcastle,Aston Villa,P Tierney,4,0,11,11,1,1,0,0,full,0,0,,0,0,0.0,0,0,1,12,1537.4927493354276,1429.980743503576,107.51200583185164
2022/23,2022,2022-10-29,Fulham,Everton,J Brooks,0,0,10,8,2,1,0,0,full,0,0,,0,-1,-0.075,-2,0,1,12,1386.969309049689,1444.8051911411826,-57.83588209149366
2022/23,2022,2022-10-29,Liverpool,Leeds,M Oliver,1,2,9,3,0,1,0,0,full,0,0,,0,1,0.3333333333333333,-6,0,1,12,1697.6199564468025,1408.1243614571108,289.49559498969165
2022/23,2022,2022-10-30,Arsenal,Nott'm Forest,S Hooper,5,0,9,8,0,1,0,0,full,0,0,,0,1,0.125,-1,0,1,12,1628.1701715255685,1337.8863048947633,290.2838666308053
2022/23,2022,2022-10-30,Man United,West Ham,C Kavanagh,1,0,12,10,1,3,0,0,full,0,0,,0,2,0.2166666666666666,-2,0,1,12,1590.9291346966256,1491.1209022904466,99.80823240617906
2022/23,2022,2022-11-05,Leeds,Bournemouth,T Harrington,4,3,16,10,2,2,0,0,full,0,0,,0,0,0.075,-6,0,1,12,1425.7650918398772,1352.5599748876393,73.20511695223786
2022/23,2022,2022-11-05,Man City,Fulham,D England,2,1,6,11,2,4,1,0,full,0,0,,0,2,0.0303030303030303,5,-1,1,12,1767.2760308209736,1386.9070215347926,380.3690092861809
2022/23,2022,2022-11-05,Nott'm Forest,Brentford,A Marriner,2,2,10,11,2,2,0,0,full,0,0,,0,0,-0.0181818181818181,1,0,1,12,1335.536461610536,1422.9736189235293,-87.43715731299335
2022/23,2022,2022-11-05,Wolves,Brighton,G Scott,2,3,15,11,2,0,1,0,full,0,0,,0,-2,-0.1333333333333333,-4,-1,1,12,1426.5362278374632,1502.207514395526,-75.67128655806277
2022/23,2022,2022-11-05,Everton,Leicester,D Coote,0,2,9,5,0,0,0,0,full,0,0,,0,0,0.0,-4,0,1,12,1444.867478656079,1469.934096011761,-25.066617355682183
2022/23,2022,2022-11-06,Chelsea,Arsenal,M Oliver,0,1,20,13,5,2,0,0,full,0,0,,0,-3,-0.0961538461538461,-7,0,1,12,1605.1628856393836,1630.5200148097958,-25.357129170412236
2022/23,2022,2022-11-06,Aston Villa,Man United,A Taylor,3,1,6,12,3,3,0,0,full,0,0,,0,0,-0.25,6,0,1,12,1424.4602882615018,1596.6285772996885,-172.16828903818669
2022/23,2022,2022-11-06,Southampton,Newcastle,S Attwell,1,4,7,10,1,0,0,0,full,0,0,,0,-1,-0.1428571428571428,3,0,1,12,1413.3473544619474,1543.0132045775017,-129.66585011555435
2022/23,2022,2022-11-06,West Ham,Crystal Palace,P Tierney,1,2,10,7,1,1,0,0,full,0,0,,0,0,0.0428571428571428,-3,0,1,12,1485.4214596873837,1481.3319891339409,4.0894705534428795
2022/23,2022,2022-11-06,Tottenham,Liverpool,A Madley,1,2,10,8,0,0,0,0,full,0,0,,0,0,0.0,-2,0,1,12,1605.5714835466433,1679.979226064036,-74.40774251739276
2022/23,2022,2022-11-12,Man City,Brentford,P Bankes,1,2,9,7,2,2,0,0,full,0,0,,0,0,0.0634920634920634,-2,0,1,12,1768.7448883440431,1422.1855515930695,346.55933675097367
2022/23,2022,2022-11-12,Bournemouth,Everton,C Pawson,3,0,12,8,2,0,0,0,full,0,0,,0,-2,-0.1666666666666666,-4,0,1,12,1346.2164981016256,1433.865389701934,-87.64889160030839
2022/23,2022,2022-11-12,Liverpool,Southampton,S Hooper,3,1,8,8,0,2,0,0,full,0,0,,0,2,0.25,0,0,1,12,1689.5647754442634,1405.3260511028905,284.238724341373
2022/23,2022,2022-11-12,Nott'm Forest,Crystal Palace,J Brooks,1,0,11,13,1,4,0,0,full,0,0,,0,3,0.2167832167832168,2,0,1,12,1336.3245289409958,1493.1559906712405,-156.83146173024465
2022/23,2022,2022-11-12,Tottenham,Leeds,M Salisbury,4,3,8,7,1,1,0,1,full,0,0,,0,0,0.0178571428571428,-1,1,1,12,1595.985934166416,1432.108568625891,163.87736554052503
2022/23,2022,2022-11-12,West Ham,Leicester,J Gillett,0,2,9,8,3,1,0,0,full,0,0,,0,-2,-0.2083333333333333,-1,0,1,12,1473.597458150084,1480.936184965906,-7.3387268158219285
2022/23,2022,2022-11-12,Newcastle,Chelsea,R Jones,1,0,14,11,3,2,0,0,full,0,0,,0,-1,-0.0324675324675324,-3,0,1,12,1551.0345079365586,1594.1690750134037,-43.13456707684509
2022/23,2022,2022-11-12,Wolves,Arsenal,S Attwell,0,2,5,6,3,2,0,0,full,0,0,,0,-1,-0.2666666666666666,1,0,1,12,1416.9869780782155,1641.5138254357757,-224.5268473575602
2022/23,2022,2022-11-13,Brighton,Aston Villa,C Kavanagh,1,2,14,11,2,7,0,0,full,0,0,,0,5,0.4935064935064935,-3,0,1,12,1511.756764154774,1437.581071041856,74.175693112918
2022/23,2022,2022-11-13,Fulham,Man United,P Tierney,1,2,9,10,1,1,0,0,full,0,0,,0,0,-0.0111111111111111,1,0,1,12,1385.438164011723,1583.5077945193343,-198.06963050761124
2022/23,2022,2022-12-26,Brentford,Tottenham,D Coote,2,2,11,10,3,1,0,0,full,0,0,,0,-2,-0.1727272727272727,-1,0,1,12,1440.4288240800686,1600.3072514738783,-159.87842739380972
2022/23,2022,2022-12-26,Crystal Palace,Fulham,A Madley,0,3,12,15,0,0,2,0,full,0,0,,0,0,0.0,3,-2,1,12,1480.4389448949948,1379.2153537101997,101.22359118479517
2022/23,2022,2022-12-26,Everton,Wolves,C Pawson,1,2,9,22,1,6,0,0,full,0,0,,0,5,0.1616161616161616,13,0,1,12,1423.0712663084573,1411.3975803548296,11.673685953627682
2022/23,2022,2022-12-26,Leicester,Newcastle,J Gillett,0,3,9,6,0,0,0,0,full,0,0,,0,0,0.0,-3,0,1,12,1492.4403966659381,1560.5494626808543,-68.10906601491615
2022/23,2022,2022-12-26,Southampton,Brighton,R Jones,1,3,9,10,1,2,0,0,full,0,0,,0,1,0.0888888888888889,1,0,1,12,1402.9030779346288,1498.0760652826984,-95.17298734806968
2022/23,2022,2022-12-26,Aston Villa,Liverpool,P Tierney,1,3,7,12,0,0,0,0,full,0,0,,0,0,0.0,5,0,1,12,1451.2617699139314,1691.9877486125251,-240.72597869859374
2022/23,2022,2022-12-26,Arsenal,West Ham,M Oliver,3,1,13,17,0,2,0,0,full,0,0,,0,2,0.1176470588235294,4,0,1,12,1647.1032231591616,1462.093246450052,185.00997670910965
2022/23,2022,2022-12-27,Chelsea,Bournemouth,S Hooper,2,0,8,10,0,0,0,0,full,0,0,,0,0,0.0,2,0,1,12,1584.654120269108,1357.0106214951022,227.64349877400582
2022/23,2022,2022-12-27,Man United,Nott'm Forest,A Taylor,3,0,13,4,3,1,0,0,full,0,0,,0,-2,0.0192307692307692,-9,0,1,12,1589.7306048208577,1349.0415747172415,240.68903010361623
2022/23,2022,2022-12-28,Leeds,Man City,S Attwell,1,3,11,14,3,3,0,0,full,0,0,,0,0,-0.0584415584415584,3,0,1,12,1427.7872513184286,1750.501615857044,-322.7143645386154
2022/23,2022,2022-12-30,West Ham,Brentford,D England,0,2,9,5,1,0,0,0,full,0,0,,0,-1,-0.1111111111111111,-4,0,1,12,1458.1697979648145,1443.2268992067086,14.942898758105912
2022/23,2022,2022-12-30,Liverpool,Leicester,C Pawson,2,1,8,15,0,1,0,0,full,0,0,,0,1,0.0666666666666666,7,0,1,12,1697.2094274225053,1482.6737519759986,214.53567544650673
2022/23,2022,2022-12-31,Wolves,Man United,R Jones,0,1,11,11,1,3,0,0,full,0,0,,0,2,0.1818181818181818,0,0,1,12,1423.4317404934213,1592.7400414586873,-169.30830096526597
2022/23,2022,2022-12-31,Bournemouth,Crystal Palace,A Marriner,0,2,17,11,4,1,0,0,full,0,0,,0,-3,-0.1443850267379679,-6,0,1,12,1353.8041138856775,1466.1052427281875,-112.30112884251002
2022/23,2022,2022-12-31,Fulham,Southampton,G Scott,2,1,8,13,0,1,0,0,full,0,0,,0,1,0.0769230769230769,5,0,1,12,1393.549055877007,1393.9119935414521,-0.36293766444509856
2022/23,2022,2022-12-31,Man City,Everton,A Madley,1,1,13,14,3,4,0,0,full,0,0,,0,1,0.0549450549450549,1,0,1,12,1754.11356339825,1411.0371061698656,343.07645722838447
2022/23,2022,2022-12-31,Newcastle,Leeds,S Hooper,0,0,13,19,3,5,0,0,full,0,0,,0,2,0.0323886639676113,6,0,1,12,1570.3161073707938,1424.1753037772226,146.14080359357126
2022/23,2022,2022-12-31,Brighton,Arsenal,A Taylor,2,4,7,11,3,3,0,0,full,0,0,,0,0,-0.1558441558441558,4,0,1,12,1507.067149675875,1651.0266716443991,-143.9595219685241
2022/23,2022,2023-01-01,Tottenham,Aston Villa,J Brooks,0,2,15,10,4,3,0,0,full,0,0,,0,-1,0.0333333333333333,-5,0,1,12,1597.5091763472383,1446.0400911039512,151.46908524328705
2022/23,2022,2023-01-01,Nott'm Forest,Chelsea,P Bankes,1,1,16,14,2,2,0,0,full,0,0,,0,0,0.0178571428571428,-2,0,1,12,1346.0321380794119,1587.8606278785328,-241.82848979912092
2022/23,2022,2023-01-02,Brentford,Liverpool,S Attwell,3,1,5,8,1,3,0,0,full,0,0,,0,2,0.175,3,0,1,12,1455.35108638916,1700.6243333904715,-245.27324700131157
2022/23,2022,2023-01-03,Arsenal,Newcastle,A Madley,0,0,10,16,4,4,0,0,full,0,0,,0,0,-0.15,6,0,1,12,1658.6560887516787,1564.9933088809116,93.66277987076705
2022/23,2022,2023-01-03,Everton,Brighton,A Marriner,1,4,8,10,3,1,0,0,full,0,0,,0,-2,-0.275,2,0,1,12,1419.2479849734182,1499.4377325685955,-80.18974759517732
2022/23,2022,2023-01-03,Leicester,Fulham,D Bond,0,1,12,11,2,6,0,0,full,0,0,,0,4,0.3787878787878788,-1,0,1,12,1479.2588460080324,1401.8492248498374,77.40962115819502
2022/23,2022,2023-01-03,Man United,Bournemouth,M Salisbury,3,0,13,7,0,3,0,0,full,0,0,,0,3,0.4285714285714285,-6,0,1,12,1599.6937483343133,1345.2981927637722,254.3955555705411
2022/23,2022,2023-01-04,Southampton,Nott'm Forest,T Bramall,0,1,14,17,2,2,0,0,full,0,0,,0,0,-0.0252100840336134,3,0,1,12,1385.6118245686218,1350.8349095840822,34.776914984539644
2022/23,2022,2023-01-04,Leeds,West Ham,D Coote,2,2,11,18,3,1,0,0,full,0,0,,0,-2,-0.2171717171717171,7,0,1,12,1429.4981022671045,1446.0456107823632,-16.54750851525864
2022/23,2022,2023-01-04,Aston Villa,Wolves,J Gillett,1,1,6,12,1,3,0,0,full,0,0,,0,2,0.0833333333333333,6,0,1,12,1461.4719011392372,1416.4780336177953,44.99386752144187
2022/23,2022,2023-01-04,Crystal Palace,Tottenham,M Oliver,0,4,11,8,1,2,0,0,full,0,0,,0,1,0.1590909090909091,-3,0,1,12,1474.6111638500927,1582.0773663119523,-107.46620246185967
2022/23,2022,2023-01-05,Chelsea,Man City,P Tierney,0,1,9,9,2,0,0,0,full,0,0,,0,-2,-0.2222222222222222,0,0,1,12,1583.0578563738625,1745.9026845946976,-162.8448282208351
2022/23,2022,2023-01-12,Fulham,Chelsea,D Coote,2,1,12,16,4,3,0,1,full,0,0,,0,-1,-0.1458333333333333,4,1,1,12,1415.6101165525267,1575.9344373396957,-160.32432078716897
2022/23,2022,2023-01-13,Aston Villa,Leeds,M Oliver,2,1,12,8,2,2,0,0,full,0,0,,0,0,0.0833333333333333,-4,0,1,12,1458.5386856125908,1428.2539192715608,30.284766341030036
2022/23,2022,2023-01-14,Man United,Man City,S Attwell,2,1,15,5,3,0,0,0,full,0,0,,0,-3,-0.2,-10,0,1,12,1602.5069790921793,1753.0261036288643,-150.519124536685
2022/23,2022,2023-01-14,Brighton,Liverpool,D England,3,0,8,15,1,3,0,0,full,0,0,,0,2,0.075,7,0,1,12,1508.8572781448029,1685.7456478881031,-176.88836974330025
2022/23,2022,2023-01-14,Everton,Southampton,J Brooks,1,2,7,19,0,3,0,0,full,0,0,,0,3,0.1578947368421052,12,0,1,12,1409.8284393972108,1372.9496353841412,36.87880401306961
2022/23,2022,2023-01-14,Nott'm Forest,Leicester,P Tierney,2,0,11,12,1,2,0,0,full,0,0,,0,1,0.0757575757575757,1,0,1,12,1363.4970987685629,1465.497954305343,-102.00085553678014
2022/23,2022,2023-01-14,Wolves,West Ham,S Hooper,1,0,10,7,0,2,0,0,full,0,0,,0,2,0.2857142857142857,-3,0,1,12,1419.4112491444416,1447.2897937779069,-27.878544633465253
2022/23,2022,2023-01-14,Brentford,Bournemouth,J Gillett,2,0,5,9,1,1,0,0,full,0,0,,0,0,-0.0888888888888889,4,0,1,12,1470.2297718915283,1342.4849620059063,127.74480988562209
2022/23,2022,2023-01-15,Chelsea,Crystal Palace,P Bankes,1,0,10,17,2,5,0,0,full,0,0,,0,3,0.0941176470588235,7,0,1,12,1563.124537412742,1465.9689141485317,97.15562326421036
2022/23,2022,2023-01-15,Newcastle,Fulham,R Jones,1,0,6,14,1,3,0,0,full,0,0,,0,2,0.0476190476190476,8,0,1,12,1569.1486097956117,1428.4200164794804,140.7285933161313
2022/23,2022,2023-01-15,Tottenham,Arsenal,C Pawson,0,2,16,15,4,2,0,0,full,0,0,,0,-2,-0.1166666666666666,-1,0,1,12,1590.7196160135134,1654.5007878369786,-63.78117182346523
2022/23,2022,2023-01-18,Crystal Palace,Man United,R Jones,1,1,9,10,1,2,0,0,full,0,0,,0,1,0.0888888888888889,1,0,1,12,1460.2070399899392,1615.054937618587,-154.84789762864784
2022/23,2022,2023-01-19,Man City,Tottenham,S Hooper,4,2,10,14,1,2,0,0,full,0,0,,0,1,0.0428571428571428,4,0,1,12,1740.4781451024567,1580.8284425904508,159.6497025120059
2022/23,2022,2023-01-21,Liverpool,Chelsea,M Oliver,0,0,16,9,3,1,0,0,full,0,0,,0,-2,-0.0763888888888889,-7,0,1,12,1672.5027667313093,1568.8864115713345,103.61635515997477
2022/23,2022,2023-01-21,Bournemouth,Nott'm Forest,A Madley,1,1,10,7,1,2,0,0,full,0,0,,0,1,0.1857142857142857,-3,0,1,12,1337.4176646299263,1374.7001259411545,-37.28246131122819
2022/23,2022,2023-01-21,Leicester,Brighton,T Bramall,2,2,9,9,0,1,0,0,full,0,0,,0,1,0.1111111111111111,0,0,1,12,1454.2949271327514,1522.1001593015967,-67.80523216884535
2022/23,2022,2023-01-21,Southampton,Aston Villa,M Salisbury,0,1,19,9,1,2,0,0,full,0,0,,0,1,0.1695906432748538,-10,0,1,12,1385.6679431408477,1465.9970356248257,-80.329092483978
2022/23,2022,2023-01-21,West Ham,Everton,S Attwell,2,0,9,6,1,1,0,0,full,0,0,,0,0,0.0555555555555555,-3,0,1,12,1438.211698400734,1397.1101316405043,41.101566760229616
2022/23,2022,2023-01-21,Crystal Palace,Newcastle,C Pawson,0,0,13,7,4,2,0,0,full,0,0,,0,-2,-0.021978021978022,-6,0,1,12,1462.871127320168,1573.9383767629045,-111.06724944273651
2022/23,2022,2023-01-22,Leeds,Brentford,P Bankes,0,0,10,18,2,2,0,0,full,0,0,,0,0,-0.0888888888888889,8,0,1,12,1420.795569259326,1475.2970692675083,-54.50150000818235
2022/23,2022,2023-01-22,Man City,Wolves,D Coote,3,0,10,10,1,2,0,0,full,0,0,,0,1,0.1,0,0,1,12,1744.8824745425761,1428.4893445216146,316.3931300209615
2022/23,2022,2023-01-22,Arsenal,Man United,A Taylor,3,2,8,9,1,2,0,0,full,0,0,,0,1,0.0972222222222222,1,0,1,12,1664.3919612600412,1612.3908502883583,52.00111097168292
2022/23,2022,2023-01-23,Fulham,Tottenham,P Tierney,0,1,10,10,1,3,0,0,full,0,0,,0,2,0.1999999999999999,0,0,1,12,1423.6302495121877,1576.4241131503313,-152.79386363814365
2022/23,2022,2023-02-03,Chelsea,Fulham,S Attwell,0,0,16,12,1,4,0,0,full,0,0,,0,3,0.2708333333333333,-4,0,1,12,1573.275881373704,1416.23932694128,157.03655443242383
2022/23,2022,2023-02-04,Everton,Arsenal,D Coote,1,0,13,8,4,1,0,0,full,0,0,,0,-3,-0.1826923076923077,-5,0,1,12,1389.9406232207907,1671.275522271032,-281.33489905024135
2022/23,2022,2023-02-04,Aston Villa,Leicester,D England,2,4,10,10,0,2,0,0,full,0,0,,0,2,0.2,0,0,1,12,1475.4125841390407,1454.5195419877004,20.893042151340296
2022/23,2022,2023-02-04,Brentford,Southampton,D Bond,3,0,10,9,1,2,0,0,full,0,0,,0,1,0.1222222222222222,-1,0,1,12,1475.4553156076615,1376.2523946266326,99.20292098102891
2022/23,2022,2023-02-04,Brighton,Bournemouth,C Pawson,1,0,14,7,3,1,0,0,full,0,0,,0,-2,-0.0714285714285714,-7,0,1,12,1521.8755444466476,1336.7647315513395,185.11081289530807
2022/23,2022,2023-02-04,Man United,Crystal Palace,A Marriner,2,1,9,9,1,2,1,0,full,0,0,,0,1,0.1111111111111111,0,-1,1,12,1605.5072892773674,1464.330466774292,141.1768225030753
2022/23,2022,2023-02-04,Wolves,Liverpool,P Tierney,3,0,9,7,1,1,0,0,full,0,0,,0,0,0.0317460317460317,-2,0,1,12,1426.4337126391354,1668.11329692894,-241.67958428980455
2022/23,2022,2023-02-04,Newcastle,West Ham,P Bankes,1,1,11,13,2,1,0,0,full,0,0,,0,-1,-0.1048951048951049,2,0,1,12,1572.4790373087803,1445.3812068204475,127.09783048833287
2022/23,2022,2023-02-05,Nott'm Forest,Leeds,R Jones,1,0,15,14,4,2,0,0,full,0,0,,0,-2,-0.1238095238095238,-1,0,1,12,1375.3530590197413,1420.6373229191727,-45.28426389943138
2022/23,2022,2023-02-05,Tottenham,Man City,A Madley,1,0,19,14,2,3,1,0,full,0,0,,0,1,0.1090225563909774,-5,-1,1,12,1583.815035721239,1746.9381064250554,-163.12307070381644
2022/23,2022,2023-02-08,Man United,Leeds,S Hooper,2,2,7,11,1,3,0,0,full,0,0,,0,2,0.1298701298701298,4,0,1,12,1610.2876636837148,1411.060622752472,199.22704093124275
2022/23,2022,2023-02-11,West Ham,Chelsea,C Pawson,1,1,9,11,1,1,0,0,full,0,0,,0,0,-0.0202020202020201,2,0,1,12,1450.2998058581318,1567.7320904586518,-117.43228460052
2022/23,2022,2023-02-11,Arsenal,Brentford,P Bankes,1,1,9,9,0,2,0,0,full,0,0,,0,2,0.2222222222222222,0,0,1,12,1655.6466255946395,1481.1689688953722,174.4776566992673
2022/23,2022,2023-02-11,Crystal Palace,Brighton,M Oliver,1,1,10,11,4,1,0,0,full,0,0,,0,-3,-0.3090909090909091,1,0,1,12,1459.5500923679447,1525.7971626146598,-66.24707024671511
2022/23,2022,2023-02-11,Fulham,Nott'm Forest,A Madley,2,0,9,11,0,1,0,0,full,0,0,,0,1,0.0909090909090909,2,0,1,12,1421.7831178563322,1384.929759186442,36.85335866989021
2022/23,2022,2023-02-11,Leicester,Tottenham,M Salisbury,4,1,14,9,5,2,0,0,full,0,0,,0,-3,-0.1349206349206349,-5,0,1,12,1466.8066519511133,1596.6989607783783,-129.89230882726497
2022/23,2022,2023-02-11,Southampton,Wolves,J Gillett,1,2,12,14,2,2,0,1,full,0,0,,0,0,-0.0238095238095238,2,1,1,12,1370.538741338922,1441.2331862194355,-70.69444488051363
2022/23,2022,2023-02-11,Bournemouth,Newcastle,S Attwell,1,1,8,10,2,3,0,0,full,0,0,,0,1,0.0499999999999999,2,0,1,12,1332.8431133833274,1567.560438271096,-234.71732488776865
2022/23,2022,2023-02-12,Leeds,Man United,P Tierney,0,2,10,13,2,1,0,0,full,0,0,,0,-1,-0.123076923076923,3,0,1,12,1417.388880101274,1603.9594063349127,-186.5705262336387
2022/23,2022,2023-02-12,Man City,Aston Villa,R Jones,3,1,13,14,1,2,0,0,full,0,0,,0,1,0.0659340659340659,1,0,1,12,1734.054181367916,1463.125474175628,270.92870719228813
2022/23,2022,2023-02-13,Liverpool,Everton,S Hooper,2,0,8,16,1,3,0,0,full,0,0,,0,2,0.0625,8,0,1,12,1653.3138233486397,1405.5695198971832,247.74430345145652
2022/23,2022,2023-02-15,Arsenal,Man City,A Taylor,1,3,11,15,2,3,0,0,full,0,0,,0,1,0.0181818181818181,4,0,1,12,1649.7648116387895,1736.6451016253213,-86.8802899865318
2022/23,2022,2023-02-18,Aston Villa,Arsenal,S Hooper,2,4,13,4,2,1,0,0,full,0,0,,0,-1,0.0961538461538461,-9,0,1,12,1460.5345539182226,1640.5369485821293,-180.00239466390667
2022/23,2022,2023-02-18,Brentford,Crystal Palace,P Tierney,1,1,10,8,2,2,0,0,full,0,0,,0,0,0.0499999999999999,-2,0,1,12,1487.0507828512223,1459.7298781288303,27.320904722392015
2022/23,2022,2023-02-18,Brighton,Fulham,D England,0,1,12,14,0,5,0,0,full,0,0,,0,5,0.3571428571428571,2,0,1,12,1525.6173768537742,1429.0654883722816,96.5518884814926
2022/23,2022,2023-02-18,Chelsea,Southampton,D Coote,0,1,16,24,3,6,0,0,full,0,0,,0,3,0.0625,8,0,1,12,1566.0939501637245,1360.84645502835,205.2474951353745
2022/23,2022,2023-02-18,Everton,Leeds,A Madley,1,0,8,6,2,3,0,0,full,0,0,,0,1,0.25,-2,0,1,12,1402.6624483749813,1410.8788331320116,-8.216384757030255
2022/23,2022,2023-02-18,Nott'm Forest,Man City,G Scott,1,1,8,6,1,0,0,0,full,0,0,,0,-1,-0.125,-2,0,1,12,1377.6473886704925,1745.8729646819816,-368.225576011489
2022/23,2022,2023-02-18,Wolves,Bournemouth,M Salisbury,0,1,12,10,3,3,0,0,full,0,0,,0,0,0.0499999999999999,-2,0,1,12,1450.9254725300075,1337.4868800490137,113.43859248099375
2022/23,2022,2023-02-18,Newcastle,Liverpool,A Taylor,0,2,3,8,1,1,1,0,full,0,0,,0,0,-0.2083333333333333,5,-1,1,12,1562.9166716054096,1656.2208948708417,-93.30422326543203
2022/23,2022,2023-02-19,Man United,Leicester,S Attwell,3,0,9,9,0,2,0,0,full,0,0,,0,2,0.2222222222222222,0,0,1,12,1610.4694533041752,1478.7916105936304,131.67784271054484
2022/23,2022,2023-02-19,Tottenham,West Ham,M Oliver,2,0,16,10,2,1,0,0,full,0,0,,0,-1,-0.0249999999999999,-6,0,1,12,1584.7140021358612,1451.937946153059,132.77605598280206
2022/23,2022,2023-02-24,Fulham,Wolves,M Oliver,1,1,12,17,2,0,0,0,full,0,0,,0,-2,-0.1666666666666666,5,0,1,12,1443.2893480233704,1436.3106232214834,6.978724801886983
2022/23,2022,2023-02-25,Everton,Aston Villa,A Taylor,0,2,12,12,2,1,0,0,full,0,0,,0,-1,-0.0833333333333333,0,0,1,12,1411.1829354642691,1453.8574037238698,-42.674468259600644
2022/23,2022,2023-02-25,Leeds,Southampton,P Bankes,1,0,15,13,2,4,0,0,full,0,0,,0,2,0.1743589743589743,-2,0,1,12,1402.3583460427237,1377.277463738679,25.080882304044735
2022/23,2022,2023-02-25,Leicester,Arsenal,C Pawson,0,1,14,9,0,1,0,0,full,0,0,,0,1,0.1111111111111111,-5,0,1,12,1473.8094919786927,1647.2140987764822,-173.40460679778948
2022/23,2022,2023-02-25,West Ham,Nott'm Forest,J Gillett,4,0,8,5,0,0,0,0,full,0,0,,0,0,0.0,-3,0,1,12,1446.9794402238106,1384.7471935655672,62.23224665824341
2022/23,2022,2023-02-25,Bournemouth,Man City,P Tierney,1,4,10,9,2,2,0,0,full,0,0,,0,0,0.0222222222222222,-1,0,1,12,1352.1017293575378,1738.773159786907,-386.67143042936914
2022/23,2022,2023-02-25,Crystal Palace,Liverpool,D England,0,0,11,14,2,5,0,0,full,0,0,,0,3,0.1753246753246753,3,0,1,12,1462.1915606820894,1665.2652475041,-203.0736868220106
2022/23,2022,2023-02-26,Tottenham,Chelsea,S Attwell,2,0,10,10,2,3,0,0,full,0,0,,0,1,0.0999999999999999,0,0,1,12,1589.6725080651097,1549.6629414533954,40.00956661171426
2022/23,2022,2023-03-01,Arsenal,Everton,M Oliver,4,0,5,12,0,2,0,0,full,0,0,,0,2,0.1666666666666666,7,0,1,12,1654.0612333094493,1400.6846795123527,253.37655379709668
2022/23,2022,2023-03-01,Liverpool,Wolves,P Tierney,2,0,13,14,2,3,0,0,full,0,0,,0,1,0.0604395604395604,1,0,1,12,1661.3652548077741,1438.2148938772727,223.1503609305014
2022/23,2022,2023-03-04,Man City,Newcastle,S Hooper,2,0,8,13,2,4,0,0,full,0,0,,0,2,0.0576923076923077,5,0,1,12,1741.4198533431504,1553.8723189721513,187.54753437099907
2022/23,2022,2023-03-04,Arsenal,Bournemouth,C Kavanagh,3,2,6,8,0,2,0,0,full,0,0,,0,2,0.25,2,0,1,12,1656.888674764301,1349.4550358012943,307.4336389630066
2022/23,2022,2023-03-04,Aston Villa,Crystal Palace,C Pawson,1,0,14,17,2,3,0,1,full,0,0,,0,1,0.0336134453781512,3,1,1,12,1464.3556596757862,1466.0915533784153,-1.7358937026290278
2022/23,2022,2023-03-04,Brighton,West Ham,S Attwell,4,0,6,8,0,3,0,0,full,0,0,,0,3,0.375,2,0,1,12,1511.3935172026854,1453.599618758693,57.793898443992475
2022/23,2022,2023-03-04,Chelsea,Leeds,M Oliver,1,0,10,7,2,0,0,0,full,0,0,,0,-2,-0.2,-3,0,1,12,1542.4644951892863,1409.9573249651612,132.50717022412505
2022/23,2022,2023-03-04,Wolves,Tottenham,T Robinson,1,0,11,18,1,1,0,0,full,0,0,,0,0,-0.0353535353535353,7,0,1,12,1434.9381345921554,1596.8709543292189,-161.93281973706348
2022/23,2022,2023-03-04,Southampton,Leicester,R Jones,1,0,12,11,4,2,0,0,full,0,0,,0,-2,-0.1515151515151515,-1,0,1,12,1369.6784848162415,1466.9623574457255,-97.283872629484
2022/23,2022,2023-03-05,Nott'm Forest,Everton,J Brooks,2,2,11,17,3,5,0,0,full,0,0,,0,2,0.0213903743315508,6,0,1,12,1378.1270150306848,1397.857238057501,-19.730223026816248
2022/23,2022,2023-03-05,Liverpool,Man United,A Madley,7,0,13,14,2,3,0,0,full,0,0,,0,1,0.0604395604395604,1,0,1,12,1664.6420140928915,1615.451571919113,49.19044217377859
2022/23,2022,2023-03-06,Brentford,Fulham,A Taylor,3,2,12,17,0,3,0,0,full,0,0,,0,3,0.1764705882352941,5,0,1,12,1484.5891002979631,1441.385077367581,43.20402293038205
2022/23,2022,2023-03-11,Bournemouth,Liverpool,J Brooks,1,0,7,9,2,1,0,0,full,0,0,,0,-1,-0.1746031746031746,2,0,1,12,1347.302314058022,1671.5987987378053,-324.29648467978336
2022/23,2022,2023-03-11,Everton,Brentford,S Hooper,1,0,11,12,2,1,0,0,full,0,0,,0,-1,-0.0984848484848485,1,0,1,12,1399.0111328368741,1491.7030391780381,-92.69190634116399
2022/23,2022,2023-03-11,Leeds,Brighton,P Tierney,2,2,12,9,1,1,0,0,full,0,0,,0,0,0.0277777777777777,-3,0,1,12,1404.9930446645515,1518.127333462667,-113.13428879811545
2022/23,2022,2023-03-11,Leicester,Chelsea,A Marriner,1,3,10,11,1,2,1,0,full,0,0,,0,1,0.0818181818181818,1,-1,1,12,1455.893341699685,1547.428775489896,-91.53543379021107
2022/23,2022,2023-03-11,Tottenham,Nott'm Forest,C Pawson,3,1,13,13,3,1,0,0,full,0,0,,0,-2,-0.1538461538461538,0,0,1,12,1584.0184691270147,1376.9731202513117,207.04534887570298
2022/23,2022,2023-03-11,Crystal Palace,Man City,R Jones,0,1,11,17,2,2,0,0,full,0,0,,0,0,-0.0641711229946524,6,0,1,12,1457.7529837696586,1745.2974378632107,-287.5444540935521
2022/23,2022,2023-03-12,Fulham,Arsenal,D Coote,0,3,10,9,0,1,0,0,full,0,0,,0,1,0.1111111111111111,-1,0,1,12,1434.271138487506,1659.0413965075734,-224.77025802006733
2022/23,2022,2023-03-12,Man United,Southampton,A Taylor,0,0,12,9,2,0,0,0,full,0,0,,0,-2,-0.1666666666666666,-3,0,1,12,1608.494787274199,1380.747500562282,227.747286711917
2022/23,2022,2023-03-12,West Ham,Aston Villa,C Kavanagh,1,1,8,6,1,0,0,0,full,0,0,,0,-1,-0.125,-2,0,1,12,1446.8658024987114,1472.6942292845429,-25.828426785831425
2022/23,2022,2023-03-12,Newcastle,Wolves,A Madley,2,1,11,10,1,2,0,0,full,0,0,,0,1,0.1090909090909091,-1,0,1,12,1549.994734452091,1447.7906197943596,102.20411465773145
2022/23,2022,2023-03-15,Brighton,Crystal Palace,P Bankes,1,0,13,20,1,2,0,0,full,0,0,,0,1,0.023076923076923,7,0,1,12,1516.6098180600643,1453.5027487729155,63.10706928714876
2022/23,2022,2023-03-15,Southampton,Brentford,M Salisbury,0,2,14,10,1,2,0,0,full,0,0,,0,1,0.1285714285714286,-4,0,1,12,1387.5426012183455,1480.7648576802887,-93.22225646194329
2022/23,2022,2023-03-17,Nott'm Forest,Newcastle,P Tierney,1,2,17,9,5,1,0,0,full,0,0,,0,-4,-0.1830065359477124,-8,0,1,12,1373.4343732282573,1555.6381389282242,-182.20376569996688
2022/23,2022,2023-03-18,Aston Villa,Bournemouth,R Jones,3,0,8,13,1,4,0,0,full,0,0,,0,3,0.1826923076923077,5,0,1,12,1473.6746070484453,1363.717242814834,109.95736423361132
2022/23,2022,2023-03-18,Brentford,Leicester,D Bond,1,1,10,11,1,2,1,0,full,0,0,,0,1,0.0818181818181818,1,-1,1,12,1489.8115480148344,1446.7985200351318,43.013027979702656
2022/23,2022,2023-03-18,Southampton,Tottenham,S Hooper,3,3,13,8,1,1,0,0,full,0,0,,0,0,0.048076923076923,-5,0,1,12,1378.4959108837998,1587.557216150069,-209.0613052662693
2022/23,2022,2023-03-18,Wolves,Leeds,M Salisbury,2,4,15,9,3,5,1,0,full,0,0,,0,2,0.3555555555555555,-6,-1,1,12,1442.1472153182265,1406.510560067154,35.6366552510724
2022/23,2022,2023-03-18,Chelsea,Everton,D England,2,2,8,12,2,2,0,0,full,0,0,,0,0,-0.0833333333333333,4,0,1,12,1556.5235971544491,1409.9493143346235,146.5742828198256
2022/23,2022,2023-03-19,Arsenal,Crystal Palace,S Attwell,4,1,8,10,0,1,0,0,full,0,0,,0,1,0.1,2,0,1,12,1664.625152943931,1446.9048543523318,217.7202985915992
2022/23,2022,2023-04-01,Man City,Liverpool,S Hooper,4,1,9,12,1,1,0,0,full,0,0,,0,0,-0.0277777777777777,3,0,1,12,1749.5476728599538,1655.1838699809932,94.36380287896054
2022/23,2022,2023-04-01,Arsenal,Leeds,D England,4,1,11,13,0,2,0,0,full,0,0,,0,2,0.1538461538461538,2,0,1,12,1667.9884583006415,1419.195725620104,248.79273268053748
2022/23,2022,2023-04-01,Bournemouth,Fulham,P Bankes,2,1,15,13,1,4,0,0,full,0,0,,0,3,0.241025641025641,-2,0,1,12,1358.2528696080535,1428.6873820511485,-70.43451244309495
2022/23,2022,2023-04-01,Brighton,Brentford,M Oliver,3,3,16,10,2,1,0,0,full,0,0,,0,-1,-0.0249999999999999,-6,0,1,12,1523.207712480648,1486.93052708329,36.27718539735815
2022/23,2022,2023-04-01,Crystal Palace,Leicester,T Robinson,2,1,12,16,3,4,0,0,full,0,0,,0,1,0.0,4,0,1,12,1443.5415489956213,1449.6795409666763,-6.137991971055044
2022/23,2022,2023-04-01,Nott'm Forest,Wolves,C Kavanagh,1,1,14,13,3,5,0,0,full,0,0,,0,2,0.1703296703296703,-1,0,1,12,1366.813468566767,1429.4620497652766,-62.648581198509646
2022/23,2022,2023-04-01,Chelsea,Aston Villa,A Madley,0,2,14,16,3,3,0,0,full,0,0,,0,0,-0.0267857142857142,2,0,1,12,1551.1918629432068,1479.1389802552258,72.05288268798108
2022/23,2022,2023-04-02,West Ham,Southampton,P Tierney,1,0,10,11,0,2,0,0,full,0,0,,0,2,0.1818181818181818,1,0,1,12,1445.885424734809,1382.5410388109374,63.34438592387164
2022/23,2022,2023-04-02,Newcastle,Man United,S Attwell,2,0,8,12,0,0,0,0,full,0,0,,0,0,0.0,4,0,1,12,1562.2590435897146,1601.6996866181357,-39.440643028421164
2022/23,2022,2023-04-03,Everton,Tottenham,D Coote,1,1,10,14,0,3,1,1,full,0,0,,0,3,0.2142857142857142,4,0,1,12,1415.2810485458658,1583.5120882229314,-168.2310396770656
2022/23,2022,2023-04-04,Bournemouth,Brighton,D Bond,0,2,11,5,1,1,0,0,full,0,0,,0,0,0.1090909090909091,-6,0,1,12,1368.5531087538768,1520.505448723976,-151.95233997009927
2022/23,2022,2023-04-04,Leeds,Nott'm Forest,R Jones,2,1,11,13,1,4,0,0,full,0,0,,0,3,0.2167832167832168,2,0,1,12,1416.3036167003763,1366.8896993849055,49.413917315470826
2022/23,2022,2023-04-04,Leicester,Aston Villa,G Scott,1,2,10,14,2,0,1,0,full,0,0,,0,-2,-0.2,4,-1,1,12,1441.2175129376312,1492.766738801492,-51.549225863860784
2022/23,2022,2023-04-04,Chelsea,Liverpool,A Taylor,0,0,6,17,1,4,0,0,full,0,0,,0,3,0.0686274509803921,11,0,1,12,1537.5641043969404,1649.3558500750878,-111.79174567814744
2022/23,2022,2023-04-05,Man United,Brentford,J Brooks,1,0,8,13,3,2,0,0,full,0,0,,0,-1,-0.2211538461538461,5,0,1,12,1592.2907427532298,1489.632790839962,102.65795191326788
2022/23,2022,2023-04-05,West Ham,Newcastle,C Pawson,1,5,11,12,2,1,0,0,full,0,0,,0,-1,-0.0984848484848485,1,0,1,12,1452.4772806243216,1571.6679874546205,-119.19070683029895
2022/23,2022,2023-04-08,Man United,Everton,M Oliver,2,0,10,9,0,0,0,0,full,0,0,,0,0,0.0,-1,0,1,12,1597.9235700184481,1418.299186427597,179.62438359085104
2022/23,2022,2023-04-08,Aston Villa,Nott'm Forest,A Taylor,2,0,7,17,3,4,0,0,full,0,0,,0,1,-0.1932773109243697,10,0,1,12,1503.0099236774106,1359.9387500386067,143.07117363880388
2022/23,2022,2023-04-08,Brentford,Newcastle,C Kavanagh,1,2,10,15,0,0,0,0,full,0,0,,0,0,0.0,5,0,1,12,1483.9999635747436,1579.980635081166,-95.98067150642237
2022/23,2022,2023-04-08,Fulham,West Ham,J Gillett,0,1,10,12,1,1,0,0,full,0,0,,0,0,-0.0166666666666666,2,0,1,12,1418.3871429053252,1444.1646329977762,-25.77749009245099
2022/23,2022,2023-04-08,Leicester,Bournemouth,D Coote,0,1,10,13,0,3,0,0,full,0,0,,0,3,0.2307692307692307,3,0,1,12,1430.9743280617126,1361.1395997479767,69.83472831373592
2022/23,2022,2023-04-08,Tottenham,Brighton,S Attwell,2,1,15,15,3,1,0,0,full,0,0,,0,-2,-0.1333333333333333,0,0,1,12,1580.4939503412002,1527.9189577298762,52.57499261132398
2022/23,2022,2023-04-08,Wolves,Chelsea,P Bankes,1,0,14,10,2,5,0,0,full,0,0,,0,3,0.3571428571428571,-4,0,1,12,1429.385818947138,1539.043846197154,-109.65802725001595
2022/23,2022,2023-04-08,Southampton,Man City,R Jones,1,4,6,10,0,2,0,0,full,0,0,,0,2,0.2,4,0,1,12,1375.9491829214248,1755.3756927658592,-379.42650984443435
2022/23,2022,2023-04-09,Leeds,Crystal Palace,S Hooper,1,5,11,8,3,1,0,0,full,0,0,,0,-2,-0.1477272727272727,-3,0,1,12,1423.254566046675,1452.0035770246664,-28.749010977991247
2022/23,2022,2023-04-09,Liverpool,Arsenal,P Tierney,2,2,11,11,4,4,0,0,full,0,0,,0,0,0.0,0,0,1,12,1647.8761082748742,1670.8805672203691,-23.00445894549489
2022/23,2022,2023-04-15,Aston Villa,Newcastle,J Brooks,3,0,13,15,1,1,0,0,full,0,0,,0,0,-0.0102564102564102,2,0,1,12,1507.7507419757244,1588.948714526535,-81.19797255081062
2022/23,2022,2023-04-15,Chelsea,Brighton,R Jones,1,2,11,11,2,2,0,0,full,0,0,,0,0,0.0,0,0,1,12,1527.6242269022573,1521.050302448742,6.573924453515247
2022/23,2022,2023-04-15,Everton,Fulham,A Taylor,1,3,10,6,3,2,0,0,full,0,0,,0,-1,0.0333333333333333,-4,0,1,12,1414.277042954896,1407.4053131774665,6.871729777429437
2022/23,2022,2023-04-15,Southampton,Crystal Palace,M Oliver,0,2,6,13,3,1,0,0,full,0,0,,0,-2,-0.4230769230769231,7,0,1,12,1373.2052387955925,1462.9006348614357,-89.69539606584317
2022/23,2022,2023-04-15,Tottenham,Bournemouth,A Madley,2,3,8,9,1,2,0,0,full,0,0,,0,1,0.0972222222222222,1,0,1,12,1587.3626056223343,1374.7117889538415,212.65081666849278
2022/23,2022,2023-04-15,Wolves,Brentford,P Tierney,2,0,12,8,1,1,0,0,full,0,0,,0,0,0.0416666666666666,-4,0,1,12,1440.8054382420346,1475.0318841293745,-34.22644588733988
2022/23,2022,2023-04-15,Man City,Leicester,D England,3,1,8,8,1,1,0,0,full,0,0,,0,0,0.0,0,0,1,12,1758.1196368916915,1417.4021388558479,340.7174980358436
2022/23,2022,2023-04-16,West Ham,Arsenal,D Coote,2,2,11,8,1,2,0,0,full,0,0,,0,1,0.1590909090909091,-3,0,1,12,1455.1464627256348,1671.9413782293852,-216.79491550375042
2022/23,2022,2023-04-16,Nott'm Forest,Man United,S Hooper,0,2,9,9,2,2,0,0,full,0,0,,0,0,0.0,0,0,1,12,1355.197931740293,1601.9457134911493,-246.74778175085635
2022/23,2022,2023-04-17,Leeds,Liverpool,C Pawson,1,6,6,12,0,1,0,0,full,0,0,,0,1,0.0833333333333333,6,0,1,12,1412.3575082099057,1646.8152972658581,-234.4577890559524
2022/23,2022,2023-04-21,Arsenal,Southampton,S Hooper,3,3,10,14,1,5,0,0,full,0,0,,0,4,0.2571428571428571,4,0,1,12,1667.711773352563,1364.0578658180464,303.6539075345165
2022/23,2022,2023-04-22,Fulham,Leeds,P Bankes,2,1,10,15,1,4,0,0,full,0,0,,0,3,0.1666666666666666,5,0,1,12,1419.30661576754,1406.995413684057,12.311202083483067
2022/23,2022,2023-04-22,Brentford,Aston Villa,M Salisbury,1,1,12,8,3,2,0,0,full,0,0,,0,-1,0.0,-4,0,1,12,1465.7723488852944,1518.3601127214285,-52.58776383613417
2022/23,2022,2023-04-22,Crystal Palace,Everton,J Brooks,0,0,12,14,1,1,0,1,full,0,0,,0,0,-0.0119047619047619,2,1,1,12,1472.048007838982,1402.3757403648224,69.67226747415953
2022/23,2022,2023-04-22,Leicester,Wolves,A Madley,2,1,17,16,1,3,0,0,full,0,0,,0,2,0.1286764705882352,-1,0,1,12,1415.5907723731273,1450.0649734861147,-34.47420111298743
2022/23,2022,2023-04-22,Liverpool,Nott'm Forest,M Oliver,3,2,9,12,0,1,0,0,full,0,0,,0,1,0.0833333333333333,3,0,1,12,1652.177391791707,1350.1088892387031,302.0685025530038
2022/23,2022,2023-04-23,Bournemouth,West Ham,A Taylor,0,4,7,8,1,2,0,0,full,0,0,,0,1,0.1071428571428571,1,0,1,12,1391.2660474709933,1459.3760676024572,-68.1100201314639
2022/23,2022,2023-04-23,Newcastle,Tottenham,D Coote,6,1,7,13,0,3,0,0,full,0,0,,0,3,0.2307692307692307,6,0,1,12,1578.3393437808309,1570.8083471051825,7.530996675648339
2022/23,2022,2023-04-25,Wolves,Crystal Palace,R Jones,2,0,13,14,5,4,0,0,full,0,0,,0,-1,-0.0989010989010989,1,0,1,12,1440.798345998383,1468.4798986306641,-27.681552632281182
2022/23,2022,2023-04-25,Aston Villa,Fulham,T Bramall,1,0,6,18,3,2,0,0,full,0,0,,0,-1,-0.3888888888888889,12,0,1,12,1518.573421666443,1427.2548722766094,91.3185493898336
2022/23,2022,2023-04-25,Leeds,Leicester,P Tierney,1,1,14,15,4,2,0,0,full,0,0,,0,-2,-0.1523809523809523,1,0,1,12,1399.0471571749877,1424.857399860859,-25.810242685871344
2022/23,2022,2023-04-26,Nott'm Forest,Brighton,J Gillett,3,1,7,8,2,0,0,0,full,0,0,,0,-2,-0.2857142857142857,1,0,1,12,1347.8961156605772,1532.943342024487,-185.04722636390989
2022/23,2022,2023-04-26,Chelsea,Brentford,A Madley,0,2,5,13,1,2,0,0,full,0,0,,0,1,-0.0461538461538461,8,0,1,12,1515.7311873265123,1465.55903994028,50.17214738623238
2022/23,2022,2023-04-26,West Ham,Liverpool,C Kavanagh,1,2,6,8,0,0,0,0,full,0,0,,0,0,0.0,2,0,1,12,1469.1426848456708,1654.3901653698329,-185.24748052416203
2022/23,2022,2023-04-26,Man City,Arsenal,M Oliver,4,1,13,13,3,1,0,0,full,0,0,,0,-2,-0.1538461538461538,0,0,1,12,1759.931003374412,1659.9066504505017,100.02435292391033
2022/23,2022,2023-04-27,Everton,Newcastle,A Marriner,1,4,8,6,2,1,0,0,full,0,0,,0,-1,-0.0833333333333333,-2,0,1,12,1405.9438495731401,1586.4197585272511,-180.475908954111
2022/23,2022,2023-04-27,Southampton,Bournemouth,D England,0,1,9,11,0,3,0,0,full,0,0,,0,3,0.2727272727272727,2,0,1,12,1371.8629887201075,1381.4994302277796,-9.636441507672089
2022/23,2022,2023-04-27,Tottenham,Man United,A Taylor,2,2,8,7,1,2,0,0,full,0,0,,0,1,0.1607142857142857,-1,0,1,12,1562.7279323587622,1607.034755992739,-44.30682363397682
2022/23,2022,2023-04-29,Crystal Palace,West Ham,C Pawson,4,3,9,17,1,2,0,0,full,0,0,,0,1,0.0065359477124183,8,0,1,12,1459.4074246558012,1462.5991513143267,-3.1917266585255675
2022/23,2022,2023-04-29,Brentford,Nott'm Forest,P Bankes,2,1,6,13,1,2,0,0,full,0,0,,0,1,-0.0128205128205128,7,0,1,12,1478.6278721371625,1361.347505948262,117.28036618890042
2022/23,2022,2023-04-29,Brighton,Wolves,D Coote,6,0,14,11,1,1,0,0,full,0,0,,0,0,0.0194805194805194,-3,0,1,12,1519.491951736802,1449.870819973246,69.62113176355615
2022/23,2022,2023-04-30,Bournemouth,Leeds,C Kavanagh,4,1,12,14,1,0,0,0,full,0,0,,0,-1,-0.0833333333333333,2,0,1,12,1392.938941335225,1398.0662610636987,-5.127319728473594
2022/23,2022,2023-04-30,Fulham,Man City,S Hooper,1,2,9,10,1,3,0,0,full,0,0,,0,2,0.1888888888888888,1,0,1,12,1421.35419485373,1765.6253773446654,-344.2711824909354
2022/23,2022,2023-04-30,Man United,Aston Villa,J Gillett,1,0,16,7,2,0,0,0,full,0,0,,0,-2,-0.125,-9,0,1,12,1607.4861349909363,1524.4740990893224,83.0120359016139
2022/23,2022,2023-04-30,Newcastle,Southampton,A Taylor,3,1,7,10,1,4,0,0,full,0,0,,0,3,0.2571428571428572,3,0,1,12,1593.0847901853153,1360.423477612662,232.6613125726533
2022/23,2022,2023-04-30,Liverpool,Tottenham,P Tierney,4,3,12,6,3,2,0,0,full,0,0,,0,-1,0.0833333333333333,-6,0,1,12,1660.933698901177,1562.276553360565,98.65714554061196
2022/23,2022,2023-05-01,Leicester,Everton,M Oliver,2,2,10,12,4,1,0,0,full,0,0,,0,-3,-0.3166666666666667,2,0,1,12,1425.838295972148,1399.278817915076,26.559478057072056
2022/23,2022,2023-05-02,Arsenal,Chelsea,R Jones,3,1,10,10,0,2,0,0,full,0,0,,0,2,0.2,0,0,1,12,1654.2122764802484,1502.6623551296298,151.54992135061866
2022/23,2022,2023-05-03,Liverpool,Fulham,S Attwell,1,0,10,8,0,0,0,0,full,0,0,,0,0,0.0,-2,0,1,12,1666.6601833785157,1418.0950750060615,248.56510837245423
2022/23,2022,2023-05-03,Man City,West Ham,J Brooks,3,0,8,8,0,1,0,0,full,0,0,,0,1,0.125,0,0,1,12,1768.8844971923338,1454.2198079666057,314.6646892257281
2022/23,2022,2023-05-04,Brighton,Man United,A Marriner,1,0,10,14,4,4,0,0,full,0,0,,0,0,-0.1142857142857143,4,0,1,12,1525.9251270186815,1613.5876469610853,-87.66251994240383
2022/23,2022,2023-05-06,Bournemouth,Chelsea,J Brooks,1,3,9,11,1,3,0,0,full,0,0,,0,2,0.1616161616161616,2,0,1,12,1401.3725807299963,1498.0958051399145,-96.7232244099182
2022/23,2022,2023-05-06,Man City,Leeds,A Madley,2,1,3,16,0,3,0,0,full,0,0,,0,3,0.1875,13,0,1,12,1770.9585524819527,1389.6326216689274,381.32593081302525
2022/23,2022,2023-05-06,Tottenham,Crystal Palace,D England,1,0,15,14,3,5,0,0,full,0,0,,0,2,0.1571428571428571,-1,0,1,12,1556.5500688832262,1467.7867680035222,88.76330087970405
2022/23,2022,2023-05-06,Wolves,Aston Villa,S Attwell,1,0,20,9,3,3,0,0,full,0,0,,0,0,0.1833333333333333,-11,0,1,12,1443.4376446913666,1518.3725871191734,-74.93494242780685
2022/23,2022,2023-05-06,Liverpool,Brentford,A Taylor,1,0,19,10,4,2,0,0,full,0,0,,0,-2,-0.0105263157894736,-9,0,1,12,1669.5555353784373,1483.9264420357629,185.62909334267442
2022/23,2022,2023-05-07,Newcastle,Arsenal,C Kavanagh,0,2,16,12,2,1,0,0,full,0,0,,0,-1,-0.0416666666666666,-4,0,1,12,1596.2142884643772,1658.7788264699636,-62.56453800558643
2022/23,2022,2023-05-07,West Ham,Man United,P Bankes,1,0,4,9,0,2,0,0,full,0,0,,0,2,0.2222222222222222,5,0,1,12,1452.1457526769868,1602.7931337872928,-150.64738111030601
2022/23,2022,2023-05-08,Fulham,Leicester,R Jones,5,3,13,15,0,3,0,0,full,0,0,,0,3,0.2,2,0,1,12,1415.19972300614,1423.3972120592875,-8.197489053147592
2022/23,2022,2023-05-08,Brighton,Everton,S Hooper,1,5,11,13,1,5,0,0,full,0,0,,0,4,0.2937062937062937,2,0,1,12,1536.719640192474,1401.7199018279364,134.9997383645375
2022/23,2022,2023-05-08,Nott'm Forest,Southampton,M Oliver,4,3,16,10,1,0,0,0,full,0,0,,0,-1,-0.0625,-6,0,1,12,1356.0489360496617,1357.2939793336002,-1.2450432839384575
2022/23,2022,2023-05-13,Leeds,Newcastle,S Hooper,2,2,16,14,3,2,1,0,full,0,0,,0,-1,-0.0446428571428571,-2,-1,1,12,1388.171243490412,1586.2881004611315,-198.11685697071948
2022/23,2022,2023-05-13,Aston Villa,Tottenham,P Bankes,2,1,9,14,3,3,0,0,full,0,0,,0,0,-0.119047619047619,5,0,1,12,1507.942989494753,1562.5121171984354,-54.5691277036824
2022/23,2022,2023-05-13,Chelsea,Nott'm Forest,P Tierney,2,2,13,15,3,1,0,0,full,0,0,,0,-2,-0.1641025641025641,2,0,1,12,1507.0427444753059,1364.3737710578375,142.66897341746835
2022/23,2022,2023-05-13,Crystal Palace,Bournemouth,M Salisbury,2,0,5,12,0,2,0,0,full,0,0,,0,2,0.1666666666666666,7,0,1,12,1461.824719688313,1392.425641394605,69.39907829370804
2022/23,2022,2023-05-13,Man United,Wolves,J Brooks,2,0,9,9,3,2,0,0,full,0,0,,0,-1,-0.1111111111111111,0,0,1,12,1590.2417237217162,1453.867242315787,136.37448140592915
2022/23,2022,2023-05-13,Southampton,Fulham,T Bramall,0,2,17,12,2,0,0,0,full,0,0,,0,-2,-0.1176470588235294,-5,0,1,12,1348.9691443254244,1423.7196781425475,-74.75053381712314
2022/23,2022,2023-05-14,Brentford,West Ham,M Oliver,2,0,5,5,1,0,0,0,full,0,0,,0,-1,-0.2,0,0,1,12,1480.0142211925797,1464.6971627425635,15.317058450016248
2022/23,2022,2023-05-14,Everton,Man City,A Taylor,0,3,12,4,1,0,0,0,full,0,0,,0,-1,-0.0833333333333333,-8,0,1,12,1416.8089770866022,1772.419930660468,-355.6109535738658
2022/23,2022,2023-05-14,Arsenal,Brighton,A Madley,0,3,13,17,1,2,0,0,full,0,0,,0,1,0.0407239819004524,4,0,1,12,1668.7050144732093,1521.630564933808,147.07444953940126
2022/23,2022,2023-05-15,Leicester,Liverpool,C Pawson,0,3,11,17,2,1,0,0,full,0,0,,0,-1,-0.1229946524064171,6,0,1,12,1414.87725692288,1673.4677562216204,-258.5904992987405
2022/23,2022,2023-05-18,Newcastle,Brighton,R Jones,4,1,17,16,2,4,0,0,full,0,0,,0,2,0.1323529411764706,-1,0,1,12,1582.509745467278,1536.9725947965308,45.537150670747224
2022/23,2022,2023-05-20,Tottenham,Brentford,J Gillett,1,3,11,9,1,1,0,0,full,0,0,,0,0,0.0202020202020201,-2,0,1,12,1552.668417538511,1487.8797531082341,64.78866443027687
2022/23,2022,2023-05-20,Bournemouth,Man United,C Kavanagh,0,1,6,7,1,0,0,0,full,0,0,,0,-1,-0.1666666666666666,1,0,1,12,1385.9868867342893,1595.1233869195216,-209.1365001852323
2022/23,2022,2023-05-20,Fulham,Crystal Palace,J Smith,2,2,13,12,3,0,0,0,full,0,0,,0,-3,-0.2307692307692307,-1,0,1,12,1433.295378549318,1468.2634743486287,-34.96809579931073
2022/23,2022,2023-05-20,Liverpool,Aston Villa,J Brooks,1,1,16,13,3,5,0,0,full,0,0,,0,2,0.1971153846153846,-3,0,1,12,1678.3025003443995,1517.7866891546773,160.51581118972217
2022/23,2022,2023-05-20,Wolves,Everton,D Coote,1,1,18,10,5,1,0,0,full,0,0,,0,-4,-0.1777777777777777,-8,0,1,12,1448.9855791179816,1413.7240404690608,35.261538648920805
2022/23,2022,2023-05-20,Nott'm Forest,Arsenal,A Taylor,1,0,11,12,3,2,0,0,full,0,0,,0,-1,-0.106060606060606,1,0,1,12,1369.6245732836715,1653.3629846104866,-283.73841132681514
2022/23,2022,2023-05-21,West Ham,Leeds,P Bankes,3,1,6,11,1,3,0,0,full,0,0,,0,2,0.106060606060606,5,0,1,12,1456.831630826909,1391.9495984842656,64.88203234264347
2022/23,2022,2023-05-21,Brighton,Southampton,P Tierney,3,1,8,9,2,5,0,0,full,0,0,,0,3,0.3055555555555556,1,0,1,12,1529.9200953412399,1339.393443918654,190.52665142258593
2022/23,2022,2023-05-21,Man City,Chelsea,M Oliver,1,0,12,9,0,2,0,0,full,0,0,,0,2,0.2222222222222222,-3,0,1,12,1775.5048672780094,1501.791942249472,273.7129250285375
2022/23,2022,2023-05-22,Newcastle,Leicester,A Marriner,0,0,9,5,2,0,0,0,full,0,0,,0,-2,-0.2222222222222222,-4,0,1,12,1589.5622449225689,1410.042512800101,179.51973212246799
2022/23,2022,2023-05-24,Brighton,Man City,S Hooper,1,1,16,11,2,1,0,0,full,0,0,,0,-1,-0.034090909090909,-5,0,1,12,1533.7443561826506,1778.0598557666676,-244.31549958401706
2022/23,2022,2023-05-25,Man United,Chelsea,S Attwell,4,1,12,6,1,1,0,0,full,0,0,,0,0,0.0833333333333333,-6,0,1,12,1601.0764490101758,1499.2369537608138,101.83949524936202
2022/23,2022,2023-05-28,Arsenal,Wolves,A Marriner,5,0,8,11,0,0,0,0,full,0,0,,0,0,0.0,3,0,1,12,1637.6870122454595,1446.3104347339847,191.3765775114748
2022/23,2022,2023-05-28,Aston Villa,Brighton,D Coote,2,1,15,16,4,4,0,0,full,0,0,,0,0,-0.0166666666666666,1,0,1,12,1523.399458909243,1538.602008450616,-15.202549541372946
2022/23,2022,2023-05-28,Brentford,Man City,J Brooks,1,0,12,8,4,0,0,0,full,0,0,,0,-4,-0.3333333333333333,-4,0,1,12,1501.324586201596,1773.2022034987021,-271.8776172971061
2022/23,2022,2023-05-28,Chelsea,Newcastle,J Gillett,1,1,9,11,0,0,0,0,full,0,0,,0,0,0.0,2,0,1,12,1493.5850426736424,1583.5863244841748,-90.00128181053242
2022/23,2022,2023-05-28,Crystal Palace,Nott'm Forest,T Bramall,1,1,9,13,0,2,0,0,full,0,0,,0,2,0.1538461538461538,4,0,1,12,1468.9827064200756,1385.3005456486985,83.68216077137708
2022/23,2022,2023-05-28,Everton,Bournemouth,S Attwell,1,0,11,12,1,3,0,0,full,0,0,,0,2,0.1590909090909091,1,0,1,12,1416.3991848530577,1380.0338246436352,36.36536020942253
2022/23,2022,2023-05-28,Leeds,Tottenham,A Taylor,1,4,7,5,3,0,0,0,full,0,0,,0,-3,-0.4285714285714285,-2,0,1,12,1385.3967997990549,1539.223584445149,-153.8267846460942
2022/23,2022,2023-05-28,Leicester,West Ham,S Hooper,2,1,8,10,1,1,0,0,full,0,0,,0,0,-0.0249999999999999,2,0,1,12,1416.018433238495,1463.3844295121198,-47.36599627362489
2022/23,2022,2023-05-28,Man United,Fulham,R Jones,2,1,14,10,1,2,0,0,full,0,0,,0,1,0.1285714285714286,-4,0,1,12,1606.7283600973471,1432.5761464778711,174.15221361947602
2022/23,2022,2023-05-28,Southampton,Liverpool,D England,4,4,4,10,0,2,0,0,full,0,0,,0,2,0.2,6,0,1,12,1335.5691830772432,1672.6897305898337,-337.1205475125905
